product_code,model,origin,target,horizon,issue_date,period,point,lower50,upper50,lower80,upper80,calibration_n
DSP,baseline_a,2018-12,2019-01,1,2019-01-01,warmup,263.333333,,,,,0
DSP,baseline_b,2018-12,2019-01,1,2019-01-01,warmup,254.000000,,,,,0
DSP,candidate,2018-12,2019-01,1,2019-01-01,warmup,266.150243,,,,,0
DSP,baseline_a,2018-12,2019-03,3,2019-01-01,warmup,263.333333,,,,,0
DSP,baseline_b,2018-12,2019-03,3,2019-01-01,warmup,339.000000,,,,,0
DSP,candidate,2018-12,2019-03,3,2019-01-01,warmup,307.914494,,,,,0
DSP,baseline_a,2019-01,2019-02,1,2019-02-01,warmup,267.333333,,,,,1
DSP,baseline_b,2019-01,2019-02,1,2019-02-01,warmup,256.000000,,,,,1
DSP,candidate,2019-01,2019-02,1,2019-02-01,warmup,260.184493,,,,,1
DSP,baseline_a,2019-01,2019-04,3,2019-02-01,warmup,267.333333,,,,,0
DSP,baseline_b,2019-01,2019-04,3,2019-02-01,warmup,314.000000,,,,,0
DSP,candidate,2019-01,2019-04,3,2019-02-01,warmup,225.619333,,,,,0
DSP,baseline_a,2019-02,2019-03,1,2019-03-01,warmup,260.000000,,,,,2
DSP,baseline_b,2019-02,2019-03,1,2019-03-01,warmup,339.000000,,,,,2
DSP,candidate,2019-02,2019-03,1,2019-03-01,warmup,305.128201,,,,,2
DSP,baseline_a,2019-02,2019-05,3,2019-03-01,warmup,260.000000,,,,,0
DSP,baseline_b,2019-02,2019-05,3,2019-03-01,warmup,281.000000,,,,,0
DSP,candidate,2019-02,2019-05,3,2019-03-01,warmup,257.244423,,,,,0
DSP,baseline_a,2019-03,2019-04,1,2019-04-01,warmup,284.666667,,,,,3
DSP,baseline_b,2019-03,2019-04,1,2019-04-01,warmup,314.000000,,,,,3
DSP,candidate,2019-03,2019-04,1,2019-04-01,warmup,246.289185,,,,,3
DSP,baseline_a,2019-03,2019-06,3,2019-04-01,warmup,284.666667,,,,,1
DSP,baseline_b,2019-03,2019-06,3,2019-04-01,warmup,278.000000,,,,,1
DSP,candidate,2019-03,2019-06,3,2019-04-01,warmup,352.040157,,,,,1
DSP,baseline_a,2019-04,2019-05,1,2019-05-01,warmup,317.000000,,,,,4
DSP,baseline_b,2019-04,2019-05,1,2019-05-01,warmup,281.000000,,,,,4
DSP,candidate,2019-04,2019-05,1,2019-05-01,warmup,420.005409,,,,,4
DSP,baseline_a,2019-04,2019-07,3,2019-05-01,warmup,317.000000,,,,,2
DSP,baseline_b,2019-04,2019-07,3,2019-05-01,warmup,259.000000,,,,,2
DSP,candidate,2019-04,2019-07,3,2019-05-01,warmup,682.052951,,,,,2
DSP,baseline_a,2019-05,2019-06,1,2019-06-01,warmup,325.666667,,,,,5
DSP,baseline_b,2019-05,2019-06,1,2019-06-01,warmup,278.000000,,,,,5
DSP,candidate,2019-05,2019-06,1,2019-06-01,warmup,358.759419,,,,,5
DSP,baseline_a,2019-05,2019-08,3,2019-06-01,warmup,325.666667,,,,,3
DSP,baseline_b,2019-05,2019-08,3,2019-06-01,warmup,322.000000,,,,,3
DSP,candidate,2019-05,2019-08,3,2019-06-01,warmup,585.959820,,,,,3
DSP,baseline_a,2019-06,2019-07,1,2019-07-01,warmup,317.333333,,,,,6
DSP,baseline_b,2019-06,2019-07,1,2019-07-01,warmup,259.000000,,,,,6
DSP,candidate,2019-06,2019-07,1,2019-07-01,warmup,375.738872,,,,,6
DSP,baseline_a,2019-06,2019-09,3,2019-07-01,warmup,317.333333,,,,,4
DSP,baseline_b,2019-06,2019-09,3,2019-07-01,warmup,238.000000,,,,,4
DSP,candidate,2019-06,2019-09,3,2019-07-01,warmup,330.709333,,,,,4
DSP,baseline_a,2019-07,2019-08,1,2019-08-01,warmup,284.333333,,,,,7
DSP,baseline_b,2019-07,2019-08,1,2019-08-01,warmup,322.000000,,,,,7
DSP,candidate,2019-07,2019-08,1,2019-08-01,warmup,339.100155,,,,,7
DSP,baseline_a,2019-07,2019-10,3,2019-08-01,warmup,284.333333,,,,,5
DSP,baseline_b,2019-07,2019-10,3,2019-08-01,warmup,253.000000,,,,,5
DSP,candidate,2019-07,2019-10,3,2019-08-01,warmup,225.949722,,,,,5
DSP,baseline_a,2019-08,2019-09,1,2019-09-01,warmup,305.000000,,,,,8
DSP,baseline_b,2019-08,2019-09,1,2019-09-01,warmup,238.000000,,,,,8
DSP,candidate,2019-08,2019-09,1,2019-09-01,warmup,233.531556,,,,,8
DSP,baseline_a,2019-08,2019-11,3,2019-09-01,warmup,305.000000,,,,,6
DSP,baseline_b,2019-08,2019-11,3,2019-09-01,warmup,283.000000,,,,,6
DSP,candidate,2019-08,2019-11,3,2019-09-01,warmup,250.715132,,,,,6
DSP,baseline_a,2019-09,2019-10,1,2019-10-01,warmup,292.333333,,,,,9
DSP,baseline_b,2019-09,2019-10,1,2019-10-01,warmup,253.000000,,,,,9
DSP,candidate,2019-09,2019-10,1,2019-10-01,warmup,268.862881,,,,,9
DSP,baseline_a,2019-09,2019-12,3,2019-10-01,warmup,292.333333,,,,,7
DSP,baseline_b,2019-09,2019-12,3,2019-10-01,warmup,254.000000,,,,,7
DSP,candidate,2019-09,2019-12,3,2019-10-01,warmup,200.975040,,,,,7
DSP,baseline_a,2019-10,2019-11,1,2019-11-01,warmup,310.333333,,,,,10
DSP,baseline_b,2019-10,2019-11,1,2019-11-01,warmup,283.000000,,,,,10
DSP,candidate,2019-10,2019-11,1,2019-11-01,warmup,339.198909,,,,,10
DSP,baseline_a,2019-10,2020-01,3,2019-11-01,warmup,310.333333,,,,,8
DSP,baseline_b,2019-10,2020-01,3,2019-11-01,warmup,265.000000,,,,,8
DSP,candidate,2019-10,2020-01,3,2019-11-01,warmup,248.959251,,,,,8
DSP,baseline_a,2019-11,2019-12,1,2019-12-01,warmup,277.666667,,,,,11
DSP,baseline_b,2019-11,2019-12,1,2019-12-01,warmup,254.000000,,,,,11
DSP,candidate,2019-11,2019-12,1,2019-12-01,warmup,175.293325,,,,,11
DSP,baseline_a,2019-11,2020-02,3,2019-12-01,warmup,277.666667,,,,,9
DSP,baseline_b,2019-11,2020-02,3,2019-12-01,warmup,261.000000,,,,,9
DSP,candidate,2019-11,2020-02,3,2019-12-01,warmup,174.770483,,,,,9
DSP,baseline_a,2019-12,2020-01,1,2020-01-01,warmup,289.666667,257.166667,324.333333,236.766667,357.333333,12
DSP,baseline_b,2019-12,2020-01,1,2020-01-01,warmup,265.000000,269.750000,297.000000,255.500000,312.900000,12
DSP,candidate,2019-12,2020-01,1,2020-01-01,warmup,307.688939,243.819648,343.324552,197.404064,416.642385,12
DSP,baseline_a,2019-12,2020-03,3,2020-01-01,warmup,289.666667,,,,,10
DSP,baseline_b,2019-12,2020-03,3,2020-01-01,warmup,328.000000,,,,,10
DSP,candidate,2019-12,2020-03,3,2020-01-01,warmup,360.073822,,,,,10
DSP,baseline_a,2020-01,2020-02,1,2020-02-01,warmup,271.666667,241.666667,296.333333,220.200000,339.000000,13
DSP,baseline_b,2020-01,2020-02,1,2020-02-01,warmup,261.000000,265.000000,288.000000,251.800000,308.800000,13
DSP,candidate,2020-01,2020-02,1,2020-02-01,warmup,260.258254,204.498835,291.726698,152.427375,362.454330,13
DSP,baseline_a,2020-01,2020-04,3,2020-02-01,warmup,271.666667,,,,,11
DSP,baseline_b,2020-01,2020-04,3,2020-02-01,warmup,362.000000,,,,,11
DSP,candidate,2020-01,2020-04,3,2020-02-01,warmup,252.118569,,,,,11
DSP,baseline_a,2020-02,2020-03,1,2020-03-01,warmup,281.333333,252.166667,305.666667,231.300000,348.333333,14
DSP,baseline_b,2020-02,2020-03,1,2020-03-01,warmup,328.000000,332.250000,355.000000,319.700000,375.700000,14
DSP,candidate,2020-02,2020-03,1,2020-03-01,warmup,330.608620,277.616821,359.927902,225.231737,426.047326,14
DSP,baseline_a,2020-02,2020-05,3,2020-03-01,warmup,281.333333,232.750000,309.750000,227.500000,342.800000,12
DSP,baseline_b,2020-02,2020-05,3,2020-03-01,warmup,287.000000,289.500000,319.000000,276.900000,334.900000,12
DSP,candidate,2020-02,2020-05,3,2020-03-01,warmup,280.415579,227.208127,373.709527,60.580808,385.124640,12
DSP,baseline_a,2020-03,2020-04,1,2020-04-01,warmup,273.333333,245.000000,297.333333,224.733333,340.000000,15
DSP,baseline_b,2020-03,2020-04,1,2020-04-01,warmup,362.000000,363.000000,389.000000,338.400000,409.600000,15
DSP,candidate,2020-03,2020-04,1,2020-04-01,warmup,228.752681,174.068661,255.922802,125.829794,317.434017,15
DSP,baseline_a,2020-03,2020-06,3,2020-04-01,warmup,273.333333,226.000000,300.333333,219.666667,331.600000,13
DSP,baseline_b,2020-03,2020-06,3,2020-04-01,warmup,303.000000,301.000000,330.000000,275.200000,350.800000,13
DSP,candidate,2020-03,2020-06,3,2020-04-01,warmup,278.930871,213.221538,369.981149,72.748251,383.119477,13
DSP,baseline_a,2020-04,2020-05,1,2020-05-01,warmup,271.666667,244.166667,295.333333,224.500000,338.000000,16
DSP,baseline_b,2020-04,2020-05,1,2020-05-01,warmup,287.000000,282.750000,314.000000,245.500000,334.500000,16
DSP,candidate,2020-04,2020-05,1,2020-05-01,warmup,262.483442,208.337122,292.286042,162.014551,344.407409,16
DSP,baseline_a,2020-04,2020-07,3,2020-05-01,warmup,271.666667,232.750000,297.750000,218.166667,326.733333,14
DSP,baseline_b,2020-04,2020-07,3,2020-05-01,warmup,263.000000,254.250000,290.000000,217.700000,310.700000,14
DSP,candidate,2020-04,2020-07,3,2020-05-01,warmup,359.104975,297.562936,434.831578,168.310955,462.773125,14
DSP,baseline_a,2020-05,2020-06,1,2020-06-01,warmup,234.666667,204.666667,258.000000,178.333333,300.666667,17
DSP,baseline_b,2020-05,2020-06,1,2020-06-01,warmup,303.000000,292.000000,330.000000,230.800000,350.400000,17
DSP,candidate,2020-05,2020-06,1,2020-06-01,warmup,206.412886,150.653467,235.660205,105.227272,281.579483,17
DSP,baseline_a,2020-05,2020-08,3,2020-06-01,warmup,234.666667,184.833333,259.833333,180.666667,286.533333,15
DSP,baseline_b,2020-05,2020-08,3,2020-06-01,warmup,349.000000,327.500000,376.000000,266.200000,396.600000,15
DSP,candidate,2020-05,2020-08,3,2020-06-01,warmup,299.459930,225.068352,359.862858,112.717807,402.607624,15
DSP,baseline_a,2020-06,2020-07,1,2020-07-01,warmup,230.666667,201.500000,255.000000,174.833333,296.333333,18
DSP,baseline_b,2020-06,2020-07,1,2020-07-01,warmup,263.000000,236.250000,289.500000,196.100000,310.300000,18
DSP,candidate,2020-06,2020-07,1,2020-07-01,warmup,291.291877,236.070157,322.205039,192.031806,367.016101,18
DSP,baseline_a,2020-06,2020-09,3,2020-07-01,warmup,230.666667,182.083333,254.916667,176.666667,279.333333,16
DSP,baseline_b,2020-06,2020-09,3,2020-07-01,warmup,265.000000,231.500000,292.000000,187.500000,312.500000,16
DSP,candidate,2020-06,2020-09,3,2020-07-01,warmup,268.160213,198.109758,313.239465,93.972514,370.787452,16
DSP,baseline_a,2020-07,2020-08,1,2020-08-01,warmup,244.333333,216.000000,271.833333,189.000000,312.400000,19
DSP,baseline_b,2020-07,2020-08,1,2020-08-01,warmup,349.000000,327.500000,376.000000,287.400000,396.200000,19
DSP,candidate,2020-07,2020-08,1,2020-08-01,warmup,393.461554,338.777535,423.819436,296.127026,463.473408,19
DSP,baseline_a,2020-07,2020-10,3,2020-08-01,warmup,244.333333,197.000000,271.333333,190.333333,289.800000,17
DSP,baseline_b,2020-07,2020-10,3,2020-08-01,warmup,317.000000,285.000000,344.000000,244.800000,364.400000,17
DSP,candidate,2020-07,2020-10,3,2020-08-01,warmup,293.405910,227.696577,323.161487,131.772635,395.512693,17
DSP,baseline_a,2020-08,2020-09,1,2020-09-01,warmup,283.333333,255.833333,316.500000,228.500000,351.366667,20
DSP,baseline_b,2020-08,2020-09,1,2020-09-01,warmup,265.000000,231.500000,292.000000,197.900000,312.100000,20
DSP,candidate,2020-08,2020-09,1,2020-09-01,warmup,203.806622,139.937331,233.609222,95.817336,268.106106,20
DSP,baseline_a,2020-08,2020-11,3,2020-09-01,warmup,283.333333,244.416667,310.583333,229.333333,338.666667,18
DSP,baseline_b,2020-08,2020-11,3,2020-09-01,warmup,251.000000,214.500000,278.000000,175.700000,298.300000,18
DSP,candidate,2020-08,2020-11,3,2020-09-01,warmup,209.566275,145.258032,236.904334,60.487425,311.152602,18
DSP,baseline_a,2020-09,2020-10,1,2020-10-01,warmup,297.666667,271.000000,328.000000,243.333333,365.666667,21
DSP,baseline_b,2020-09,2020-10,1,2020-10-01,warmup,317.000000,285.000000,344.000000,254.000000,364.000000,21
DSP,candidate,2020-09,2020-10,1,2020-10-01,warmup,328.981287,273.221868,360.449730,221.519733,433.174665,21
DSP,baseline_a,2020-09,2020-12,3,2020-10-01,warmup,297.666667,267.166667,327.666667,243.666667,364.866667,19
DSP,baseline_b,2020-09,2020-12,3,2020-10-01,warmup,301.000000,266.000000,332.500000,229.800000,348.200000,19
DSP,candidate,2020-09,2020-12,3,2020-10-01,warmup,263.624963,200.717809,298.422644,127.100536,364.690834,19
DSP,baseline_a,2020-10,2020-11,1,2020-11-01,warmup,304.666667,279.000000,333.583333,251.766667,372.333333,22
DSP,baseline_b,2020-10,2020-11,1,2020-11-01,warmup,251.000000,224.250000,278.000000,189.200000,297.600000,22
DSP,candidate,2020-10,2020-11,1,2020-11-01,warmup,319.514856,264.293137,350.428018,213.451113,419.147607,22
DSP,baseline_a,2020-10,2021-01,3,2020-11-01,warmup,304.666667,282.583333,342.000000,250.666667,380.500000,20
DSP,baseline_b,2020-10,2021-01,3,2020-11-01,warmup,263.000000,229.500000,292.250000,195.900000,310.100000,20
DSP,candidate,2020-10,2021-01,3,2020-11-01,warmup,260.245054,198.738990,292.521683,136.275052,360.790470,20
DSP,baseline_a,2020-11,2020-12,1,2020-12-01,warmup,321.666667,297.000000,353.000000,270.200000,389.000000,23
DSP,baseline_b,2020-11,2020-12,1,2020-12-01,warmup,301.000000,279.500000,332.500000,240.400000,348.800000,23
DSP,candidate,2020-11,2020-12,1,2020-12-01,warmup,272.588120,217.904101,302.946002,167.922189,367.660245,23
DSP,baseline_a,2020-11,2021-02,3,2020-12-01,warmup,321.666667,308.000000,373.000000,267.666667,397.333333,21
DSP,baseline_b,2020-11,2021-02,3,2020-12-01,warmup,280.000000,248.000000,316.000000,217.000000,328.000000,21
DSP,candidate,2020-11,2021-02,3,2020-12-01,warmup,272.343993,212.239017,312.183779,160.928414,377.573510,21
DSP,baseline_a,2020-12,2021-01,1,2021-01-01,warmup,329.333333,305.666667,360.166667,279.300000,396.333333,24
DSP,baseline_b,2020-12,2021-01,1,2021-01-01,warmup,263.000000,246.750000,294.500000,203.600000,310.700000,24
DSP,candidate,2020-12,2021-01,1,2021-01-01,warmup,327.973396,273.827077,363.609009,224.705276,418.484895,24
DSP,baseline_a,2020-12,2021-03,3,2021-01-01,warmup,329.333333,315.916667,376.166667,275.500000,403.900000,22
DSP,baseline_b,2020-12,2021-03,3,2021-01-01,warmup,277.000000,250.250000,311.500000,215.200000,324.900000,22
DSP,candidate,2020-12,2021-03,3,2021-01-01,warmup,377.774266,320.435496,438.265491,269.192863,482.483328,22
DSP,baseline_a,2021-01,2021-02,1,2021-02-01,warmup,308.666667,282.000000,339.000000,251.333333,375.333333,25
DSP,baseline_b,2021-01,2021-02,1,2021-02-01,warmup,280.000000,269.000000,310.000000,221.800000,327.600000,25
DSP,candidate,2021-01,2021-02,1,2021-02-01,warmup,254.532474,198.773055,286.000917,152.662164,340.483346,25
DSP,baseline_a,2021-01,2021-04,3,2021-02-01,warmup,308.666667,278.500000,351.000000,255.000000,382.133333,23
DSP,baseline_b,2021-01,2021-04,3,2021-02-01,warmup,258.000000,236.500000,291.000000,197.400000,305.800000,23
DSP,candidate,2021-01,2021-04,3,2021-02-01,warmup,241.582235,187.009669,295.189647,135.835008,345.770841,23
DSP,baseline_a,2021-02,2021-03,1,2021-03-01,warmup,327.666667,302.000000,359.500000,270.833333,395.833333,26
DSP,baseline_b,2021-02,2021-03,1,2021-03-01,warmup,277.000000,267.500000,311.500000,220.000000,333.000000,26
DSP,candidate,2021-02,2021-03,1,2021-03-01,warmup,431.333999,376.112280,475.303949,330.861501,541.286096,26
DSP,baseline_a,2021-02,2021-05,3,2021-03-01,warmup,327.666667,305.750000,379.583333,274.166667,402.333333,24
DSP,baseline_b,2021-02,2021-05,3,2021-03-01,warmup,169.000000,152.750000,206.750000,109.600000,228.200000,24
DSP,candidate,2021-02,2021-05,3,2021-03-01,warmup,353.571998,301.765636,426.865845,250.658946,470.300058,24
DSP,baseline_a,2021-03,2021-04,1,2021-04-01,warmup,326.333333,301.666667,357.666667,270.000000,394.466667,27
DSP,baseline_b,2021-03,2021-04,1,2021-04-01,warmup,258.000000,250.000000,297.500000,202.200000,313.600000,27
DSP,candidate,2021-03,2021-04,1,2021-04-01,warmup,273.560953,210.694545,313.363734,167.975932,382.361306,27
DSP,baseline_a,2021-03,2021-06,3,2021-04-01,warmup,326.333333,312.666667,377.666667,273.000000,400.666667,25
DSP,baseline_b,2021-03,2021-06,3,2021-04-01,warmup,265.000000,254.000000,308.000000,206.800000,323.400000,25
DSP,candidate,2021-03,2021-06,3,2021-04-01,warmup,322.397835,271.623568,389.772872,222.318959,437.483246,25
DSP,baseline_a,2021-04,2021-05,1,2021-05-01,warmup,355.333333,331.666667,386.166667,299.500000,423.433333,28
DSP,baseline_b,2021-04,2021-05,1,2021-05-01,warmup,169.000000,162.500000,213.000000,114.400000,239.600000,28
DSP,candidate,2021-04,2021-05,1,2021-05-01,warmup,316.934188,257.621274,367.639997,211.661922,424.582797,28
DSP,baseline_a,2021-04,2021-07,3,2021-05-01,warmup,355.333333,341.916667,402.916667,302.166667,429.333333,26
DSP,baseline_b,2021-04,2021-07,3,2021-05-01,warmup,299.000000,289.500000,345.000000,242.000000,374.000000,26
DSP,candidate,2021-04,2021-07,3,2021-05-01,warmup,462.909356,412.568617,548.040824,365.664656,576.352119,26
DSP,baseline_a,2021-05,2021-06,1,2021-06-01,warmup,329.666667,303.000000,360.000000,274.333333,397.733333,29
DSP,baseline_b,2021-05,2021-06,1,2021-06-01,warmup,265.000000,260.000000,312.000000,211.600000,351.200000,29
DSP,candidate,2021-05,2021-06,1,2021-06-01,warmup,398.826739,343.067321,446.963858,293.867229,505.323605,29
DSP,baseline_a,2021-05,2021-08,3,2021-06-01,warmup,329.666667,316.500000,373.500000,276.666667,403.333333,27
DSP,baseline_b,2021-05,2021-08,3,2021-06-01,warmup,286.000000,278.000000,333.500000,230.200000,372.400000,27
DSP,candidate,2021-05,2021-08,3,2021-06-01,warmup,554.970242,505.063030,634.182899,460.559717,666.770355,27
DSP,baseline_a,2021-06,2021-07,1,2021-07-01,warmup,340.666667,315.000000,371.000000,285.833333,408.700000,30
DSP,baseline_b,2021-06,2021-07,1,2021-07-01,warmup,299.000000,294.750000,346.750000,246.800000,386.800000,30
DSP,candidate,2021-06,2021-07,1,2021-07-01,warmup,417.246296,362.024577,461.216246,312.599541,522.591418,30
DSP,baseline_a,2021-06,2021-09,3,2021-07-01,warmup,340.666667,327.750000,380.750000,287.833333,414.000000,28
DSP,baseline_b,2021-06,2021-09,3,2021-07-01,warmup,308.000000,301.500000,356.500000,253.400000,397.400000,28
DSP,candidate,2021-06,2021-09,3,2021-07-01,warmup,391.489928,342.016243,464.783775,299.913579,501.647392,28
DSP,baseline_a,2021-07,2021-08,1,2021-08-01,warmup,341.333333,316.666667,371.666667,287.000000,409.333333,31
DSP,baseline_b,2021-07,2021-08,1,2021-08-01,warmup,286.000000,282.500000,334.000000,235.000000,373.000000,31
DSP,candidate,2021-07,2021-08,1,2021-08-01,warmup,437.605929,374.739521,477.408710,333.271930,541.799307,31
DSP,baseline_a,2021-07,2021-10,3,2021-08-01,warmup,341.333333,328.666667,377.666667,288.666667,414.333333,29
DSP,baseline_b,2021-07,2021-10,3,2021-08-01,warmup,320.000000,315.000000,368.000000,266.600000,408.600000,29
DSP,candidate,2021-07,2021-10,3,2021-08-01,warmup,344.742880,293.968613,412.117917,232.428545,453.257695,29
DSP,baseline_a,2021-08,2021-09,1,2021-09-01,warmup,380.000000,356.333333,410.833333,327.100000,448.300000,32
DSP,baseline_b,2021-08,2021-09,1,2021-09-01,warmup,308.000000,305.250000,356.500000,258.300000,402.200000,32
DSP,candidate,2021-08,2021-09,1,2021-09-01,warmup,325.943677,266.630764,361.579290,222.694734,426.861622,32
DSP,baseline_a,2021-08,2021-11,3,2021-09-01,warmup,380.000000,367.833333,427.583333,327.500000,455.833333,30
DSP,baseline_b,2021-08,2021-11,3,2021-09-01,warmup,337.000000,332.750000,386.500000,284.800000,433.900000,30
DSP,candidate,2021-08,2021-11,3,2021-09-01,warmup,338.925040,281.152742,399.416265,222.409595,445.797207,30
DSP,baseline_a,2021-09,2021-10,1,2021-10-01,warmup,377.666667,351.000000,408.000000,326.200000,445.933333,33
DSP,baseline_b,2021-09,2021-10,1,2021-10-01,warmup,320.000000,318.000000,368.000000,271.600000,413.400000,33
DSP,candidate,2021-09,2021-10,1,2021-10-01,warmup,373.315849,317.556430,404.784293,271.151961,470.958361,33
DSP,baseline_a,2021-09,2021-12,3,2021-10-01,warmup,377.666667,366.000000,421.500000,325.333333,453.333333,31
DSP,baseline_b,2021-09,2021-12,3,2021-10-01,warmup,331.000000,327.500000,380.000000,280.000000,426.000000,31
DSP,candidate,2021-09,2021-12,3,2021-10-01,warmup,312.396625,256.957005,366.004037,196.487269,417.626142,31
DSP,baseline_a,2021-10,2021-11,1,2021-11-01,warmup,404.333333,378.666667,436.166667,354.300000,472.566667,34
DSP,baseline_b,2021-10,2021-11,1,2021-11-01,warmup,337.000000,336.250000,386.500000,289.900000,440.400000,34
DSP,candidate,2021-10,2021-11,1,2021-11-01,warmup,418.729310,363.507591,462.699260,317.650478,513.096389,34
DSP,baseline_a,2021-10,2022-01,3,2021-11-01,development,404.333333,393.166667,456.250000,352.500000,481.500000,32
DSP,baseline_b,2021-10,2022-01,3,2021-11-01,development,258.000000,255.250000,311.500000,208.300000,363.800000,32
DSP,candidate,2021-10,2022-01,3,2021-11-01,development,335.606655,282.499712,406.702214,220.146677,440.654997,32
DSP,baseline_a,2021-11,2021-12,1,2021-12-01,warmup,389.333333,364.666667,420.666667,340.733333,457.533333,35
DSP,baseline_b,2021-11,2021-12,1,2021-12-01,warmup,331.000000,331.500000,381.500000,285.200000,433.200000,35
DSP,candidate,2021-11,2021-12,1,2021-12-01,warmup,329.313628,274.629609,369.116409,229.319852,420.405274,35
DSP,baseline_a,2021-11,2022-02,3,2021-12-01,development,389.333333,378.666667,440.666667,338.000000,466.333333,33
DSP,baseline_b,2021-11,2022-02,3,2021-12-01,development,394.000000,392.000000,445.000000,345.600000,498.600000,33
DSP,candidate,2021-11,2022-02,3,2021-12-01,development,331.505947,280.731681,398.880985,216.495346,436.373114,33
DSP,baseline_a,2021-12,2022-01,1,2022-01-01,development,403.666667,380.000000,434.500000,356.500000,471.833333,36
DSP,baseline_b,2021-12,2022-01,1,2022-01-01,development,258.000000,259.750000,312.250000,213.500000,359.000000,36
DSP,candidate,2021-12,2022-01,1,2022-01-01,development,372.087410,317.941090,421.611287,273.178689,459.903623,36
DSP,baseline_a,2021-12,2022-03,3,2022-01-01,development,403.666667,393.583333,451.250000,352.833333,480.500000,34
DSP,baseline_b,2021-12,2022-03,3,2022-01-01,development,327.000000,326.250000,387.750000,279.900000,430.400000,34
DSP,candidate,2021-12,2022-03,3,2022-01-01,development,420.941133,370.600394,499.477733,306.379910,525.627124,34
DSP,baseline_a,2022-01,2022-02,1,2022-02-01,development,358.000000,331.250000,388.833333,301.166667,426.166667,36
DSP,baseline_b,2022-01,2022-02,1,2022-02-01,development,394.000000,395.750000,448.250000,349.500000,495.000000,36
DSP,candidate,2022-01,2022-02,1,2022-02-01,development,319.814230,260.501317,369.338107,220.905510,407.630443,36
DSP,baseline_a,2022-01,2022-04,3,2022-02-01,development,358.000000,346.333333,401.833333,304.666667,434.666667,35
DSP,baseline_b,2022-01,2022-04,3,2022-02-01,development,345.000000,345.500000,402.500000,299.200000,447.200000,35
DSP,candidate,2022-01,2022-04,3,2022-02-01,development,295.988665,246.081453,370.804744,181.876819,400.493481,35
DSP,baseline_a,2022-02,2022-03,1,2022-03-01,development,345.333333,318.583333,376.166667,288.500000,413.500000,36
DSP,baseline_b,2022-02,2022-03,1,2022-03-01,development,327.000000,324.250000,381.250000,279.500000,428.000000,36
DSP,candidate,2022-02,2022-03,1,2022-03-01,development,370.165462,310.852548,419.689338,271.256741,457.981674,36
DSP,baseline_a,2022-02,2022-05,3,2022-03-01,development,345.333333,332.416667,385.416667,292.166667,421.833333,36
DSP,baseline_b,2022-02,2022-05,3,2022-03-01,development,317.000000,314.250000,371.250000,269.500000,418.000000,36
DSP,candidate,2022-02,2022-05,3,2022-03-01,development,300.168713,250.695029,371.264272,186.506246,404.492354,36
DSP,baseline_a,2022-03,2022-04,1,2022-04-01,development,356.000000,329.250000,386.833333,299.166667,428.833333,36
DSP,baseline_b,2022-03,2022-04,1,2022-04-01,development,345.000000,346.750000,409.250000,297.500000,449.000000,36
DSP,candidate,2022-03,2022-04,1,2022-04-01,development,371.111975,311.799061,425.833722,272.203254,458.928187,36
DSP,baseline_a,2022-03,2022-06,3,2022-04-01,development,356.000000,343.083333,390.333333,302.833333,432.500000,36
DSP,baseline_b,2022-03,2022-06,3,2022-04-01,development,360.000000,361.750000,424.250000,312.500000,464.000000,36
DSP,candidate,2022-03,2022-06,3,2022-04-01,development,425.773166,376.299481,496.868724,312.110698,530.096807,36
DSP,baseline_a,2022-04,2022-05,1,2022-05-01,development,398.333333,371.583333,429.166667,341.500000,464.833333,36
DSP,baseline_b,2022-04,2022-05,1,2022-05-01,development,317.000000,318.750000,383.750000,269.500000,421.000000,36
DSP,candidate,2022-04,2022-05,1,2022-05-01,development,386.898407,327.585493,436.422283,287.989686,455.961116,36
DSP,baseline_a,2022-04,2022-07,3,2022-05-01,development,398.333333,385.416667,432.666667,345.166667,472.333333,36
DSP,baseline_b,2022-04,2022-07,3,2022-05-01,development,347.000000,348.750000,413.750000,299.500000,451.000000,36
DSP,candidate,2022-04,2022-07,3,2022-05-01,development,523.475001,474.001316,594.570559,409.812533,627.798642,36
DSP,baseline_a,2022-05,2022-06,1,2022-06-01,development,421.333333,397.666667,452.166667,364.500000,487.833333,36
DSP,baseline_b,2022-05,2022-06,1,2022-06-01,development,360.000000,361.750000,435.500000,312.500000,464.500000,36
DSP,candidate,2022-05,2022-06,1,2022-06-01,development,521.292799,467.146479,570.816676,430.451624,590.355509,36
DSP,baseline_a,2022-05,2022-08,3,2022-06-01,development,421.333333,408.416667,461.416667,368.166667,496.000000,36
DSP,baseline_b,2022-05,2022-08,3,2022-06-01,development,433.000000,434.750000,508.500000,385.500000,537.500000,36
DSP,candidate,2022-05,2022-08,3,2022-06-01,development,728.153691,678.680007,810.747375,614.491224,840.184093,36
DSP,baseline_a,2022-06,2022-07,1,2022-07-01,development,416.333333,397.416667,447.166667,359.500000,482.833333,36
DSP,baseline_b,2022-06,2022-07,1,2022-07-01,development,347.000000,348.750000,422.500000,299.500000,451.500000,36
DSP,candidate,2022-06,2022-07,1,2022-07-01,development,474.294610,416.594796,523.818486,375.385889,543.357319,36
DSP,baseline_a,2022-06,2022-09,3,2022-07-01,development,416.333333,403.416667,468.250000,363.166667,491.000000,36
DSP,baseline_b,2022-06,2022-09,3,2022-07-01,development,353.000000,354.750000,428.500000,305.500000,457.500000,36
DSP,candidate,2022-06,2022-09,3,2022-07-01,development,448.265853,401.367295,530.859537,334.603386,560.296255,36
DSP,baseline_a,2022-07,2022-08,1,2022-08-01,development,434.666667,419.083333,469.333333,385.000000,501.166667,36
DSP,baseline_b,2022-07,2022-08,1,2022-08-01,development,433.000000,434.750000,519.250000,385.500000,543.500000,36
DSP,candidate,2022-07,2022-08,1,2022-08-01,development,582.087044,535.168185,631.610921,491.245869,651.149754,36
DSP,baseline_a,2022-07,2022-10,3,2022-08-01,development,434.666667,423.500000,489.166667,384.833333,509.333333,36
DSP,baseline_b,2022-07,2022-10,3,2022-08-01,development,427.000000,428.750000,513.250000,379.500000,537.500000,36
DSP,candidate,2022-07,2022-10,3,2022-08-01,development,480.582781,433.684223,563.176465,383.338080,592.613183,36
DSP,baseline_a,2022-08,2022-09,1,2022-09-01,development,456.000000,440.416667,490.666667,406.333333,520.666667,36
DSP,baseline_b,2022-08,2022-09,1,2022-09-01,development,353.000000,354.750000,439.250000,305.500000,463.500000,36
DSP,candidate,2022-08,2022-09,1,2022-09-01,development,378.667659,320.967845,428.191536,282.382416,447.730369,36
DSP,baseline_a,2022-08,2022-11,3,2022-09-01,development,456.000000,444.833333,513.500000,406.166667,530.666667,36
DSP,baseline_b,2022-08,2022-11,3,2022-09-01,development,388.000000,389.750000,474.250000,340.500000,498.500000,36
DSP,candidate,2022-08,2022-11,3,2022-09-01,development,392.961118,346.062560,475.554802,295.716418,504.991520,36
DSP,baseline_a,2022-09,2022-10,1,2022-10-01,development,451.333333,435.750000,486.000000,393.166667,516.000000,36
DSP,baseline_b,2022-09,2022-10,1,2022-10-01,development,427.000000,428.750000,513.250000,379.500000,537.500000,36
DSP,candidate,2022-09,2022-10,1,2022-10-01,development,430.634345,372.934531,480.158221,334.349102,499.697054,36
DSP,baseline_a,2022-09,2022-12,3,2022-10-01,development,451.333333,440.166667,508.833333,404.333333,526.000000,36
DSP,baseline_b,2022-09,2022-12,3,2022-10-01,development,396.000000,397.750000,482.250000,348.500000,506.500000,36
DSP,candidate,2022-09,2022-12,3,2022-10-01,development,365.104668,318.583213,447.698352,267.859967,477.135070,36
DSP,baseline_a,2022-10,2022-11,1,2022-11-01,development,438.333333,421.500000,473.000000,380.166667,503.000000,36
DSP,baseline_b,2022-10,2022-11,1,2022-11-01,development,388.000000,389.750000,474.250000,340.500000,498.500000,36
DSP,candidate,2022-10,2022-11,1,2022-11-01,development,421.437312,363.737498,469.274368,325.152069,490.500021,36
DSP,baseline_a,2022-10,2023-01,3,2022-11-01,development,438.333333,427.166667,495.833333,391.333333,513.000000,36
DSP,baseline_b,2022-10,2023-01,3,2022-11-01,development,290.000000,291.750000,376.250000,242.500000,400.500000,36
DSP,candidate,2022-10,2023-01,3,2022-11-01,development,327.167577,279.164028,398.263135,229.922877,439.197979,36
DSP,baseline_a,2022-11,2022-12,1,2022-12-01,development,424.333333,408.750000,459.000000,376.666667,489.000000,36
DSP,baseline_b,2022-11,2022-12,1,2022-12-01,development,396.000000,401.250000,482.250000,348.500000,506.500000,36
DSP,candidate,2022-11,2022-12,1,2022-12-01,development,376.715199,329.796340,424.552256,280.429957,445.777909,36
DSP,baseline_a,2022-11,2023-02,3,2022-12-01,development,424.333333,413.166667,481.833333,381.333333,499.000000,36
DSP,baseline_b,2022-11,2023-02,3,2022-12-01,development,350.000000,355.250000,436.250000,302.500000,460.500000,36
DSP,candidate,2022-11,2023-02,3,2022-12-01,development,368.475899,320.472351,439.571458,271.231199,480.506301,36
DSP,baseline_a,2022-12,2023-01,1,2023-01-01,development,480.666667,465.083333,524.000000,433.000000,556.166667,36
DSP,baseline_b,2022-12,2023-01,1,2023-01-01,development,290.000000,295.250000,379.000000,242.500000,409.500000,36
DSP,candidate,2022-12,2023-01,1,2023-01-01,development,490.045060,443.126200,537.882116,393.759817,559.107769,36
DSP,baseline_a,2022-12,2023-03,3,2023-01-01,development,480.666667,469.500000,540.333333,437.666667,557.166667,36
DSP,baseline_b,2022-12,2023-03,3,2023-01-01,development,428.000000,433.250000,517.000000,380.500000,547.500000,36
DSP,candidate,2022-12,2023-03,3,2023-01-01,development,599.075876,551.072327,670.171434,501.831176,718.997187,36
DSP,baseline_a,2023-01,2023-02,1,2023-02-01,development,658.666667,648.583333,707.250000,611.000000,742.666667,36
DSP,baseline_b,2023-01,2023-02,1,2023-02-01,development,350.000000,365.750000,446.500000,302.500000,486.000000,36
DSP,candidate,2023-01,2023-02,1,2023-02-01,development,1017.064007,974.541797,1071.785755,920.778764,1104.880220,36
DSP,baseline_a,2023-01,2023-04,3,2023-02-01,development,658.666667,649.750000,723.000000,630.333333,740.166667,36
DSP,baseline_b,2023-01,2023-04,3,2023-02-01,development,417.000000,432.750000,513.500000,369.500000,553.000000,36
DSP,candidate,2023-01,2023-04,3,2023-02-01,development,1081.415602,1033.412053,1164.009286,984.170901,1202.749273,36
DSP,baseline_a,2023-02,2023-03,1,2023-03-01,development,715.333333,699.750000,763.916667,663.000000,799.333333,36
DSP,baseline_b,2023-02,2023-03,1,2023-03-01,development,428.000000,452.000000,529.250000,380.500000,575.500000,36
DSP,candidate,2023-02,2023-03,1,2023-03-01,development,731.240118,673.540304,785.961866,629.529597,819.056331,36
DSP,baseline_a,2023-02,2023-05,3,2023-03-01,development,715.333333,706.416667,788.000000,687.000000,809.833333,36
DSP,baseline_b,2023-02,2023-05,3,2023-03-01,development,419.000000,443.000000,520.250000,371.500000,566.500000,36
DSP,candidate,2023-02,2023-05,3,2023-03-01,development,612.286447,564.282898,694.880131,515.041747,736.831313,36
DSP,baseline_a,2023-03,2023-04,1,2023-04-01,development,710.000000,693.166667,758.583333,645.833333,794.000000,36
DSP,baseline_b,2023-03,2023-04,1,2023-04-01,development,417.000000,448.500000,520.250000,376.000000,564.500000,36
DSP,candidate,2023-03,2023-04,1,2023-04-01,development,501.552943,431.511322,556.274691,395.655167,589.369156,36
DSP,baseline_a,2023-03,2023-06,3,2023-04-01,development,710.000000,701.666667,782.666667,681.666667,804.500000,36
DSP,baseline_b,2023-03,2023-06,3,2023-04-01,development,413.000000,444.500000,516.250000,372.000000,560.500000,36
DSP,candidate,2023-03,2023-06,3,2023-04-01,development,557.781369,510.578766,640.375053,472.021092,682.326235,36
DSP,baseline_a,2023-04,2023-05,1,2023-05-01,development,556.000000,535.500000,604.583333,469.000000,640.000000,36
DSP,baseline_b,2023-04,2023-05,1,2023-05-01,development,419.000000,454.000000,522.250000,397.500000,566.500000,36
DSP,candidate,2023-04,2023-05,1,2023-05-01,development,471.566073,401.524452,526.287821,365.668297,559.382286,36
DSP,baseline_a,2023-04,2023-07,3,2023-05-01,development,556.000000,547.666667,628.666667,513.000000,650.500000,36
DSP,baseline_b,2023-04,2023-07,3,2023-05-01,development,472.000000,507.000000,575.250000,450.500000,619.500000,36
DSP,candidate,2023-04,2023-07,3,2023-05-01,development,617.322027,569.318478,699.915711,503.659560,741.866893,36
DSP,baseline_a,2023-05,2023-06,1,2023-06-01,development,550.333333,533.500000,598.916667,486.166667,634.333333,36
DSP,baseline_b,2023-05,2023-06,1,2023-06-01,development,413.000000,454.250000,521.750000,412.000000,573.000000,36
DSP,candidate,2023-05,2023-06,1,2023-06-01,development,687.760326,641.146922,745.739200,581.862549,801.073978,36
DSP,baseline_a,2023-05,2023-08,3,2023-06-01,development,550.333333,542.000000,623.000000,507.333333,644.833333,36
DSP,baseline_b,2023-05,2023-08,3,2023-06-01,development,483.000000,524.250000,591.750000,482.000000,643.000000,36
DSP,candidate,2023-05,2023-08,3,2023-06-01,development,910.187029,862.984427,992.780713,822.179864,1034.731895,36
DSP,baseline_a,2023-06,2023-07,1,2023-07-01,development,561.666667,544.833333,610.250000,497.500000,645.666667,36
DSP,baseline_b,2023-06,2023-07,1,2023-07-01,development,472.000000,516.500000,588.500000,476.500000,644.500000,36
DSP,candidate,2023-06,2023-07,1,2023-07-01,development,659.974569,589.932948,714.696317,554.076792,773.288221,36
DSP,baseline_a,2023-06,2023-09,3,2023-07-01,development,561.666667,552.750000,634.333333,481.166667,656.166667,36
DSP,baseline_b,2023-06,2023-09,3,2023-07-01,development,399.000000,443.500000,515.500000,403.500000,571.500000,36
DSP,candidate,2023-06,2023-09,3,2023-07-01,development,609.457790,562.255188,692.051474,521.450624,734.002656,36
DSP,baseline_a,2023-07,2023-08,1,2023-08-01,development,547.666667,527.166667,591.000000,462.666667,631.666667,36
DSP,baseline_b,2023-07,2023-08,1,2023-08-01,development,483.000000,527.500000,599.500000,482.000000,655.500000,36
DSP,candidate,2023-07,2023-08,1,2023-08-01,development,577.082356,503.875782,631.804104,469.205180,690.396009,36
DSP,baseline_a,2023-07,2023-10,3,2023-08-01,development,547.666667,535.916667,620.333333,444.000000,642.166667,36
DSP,baseline_b,2023-07,2023-10,3,2023-08-01,development,433.000000,477.500000,549.500000,432.000000,605.500000,36
DSP,candidate,2023-07,2023-10,3,2023-08-01,development,475.662677,428.460075,558.256362,356.722878,600.207544,36
DSP,baseline_a,2023-08,2023-09,1,2023-09-01,development,538.333333,517.833333,578.916667,453.333333,622.333333,36
DSP,baseline_b,2023-08,2023-09,1,2023-09-01,development,399.000000,444.750000,515.500000,403.500000,571.500000,36
DSP,candidate,2023-08,2023-09,1,2023-09-01,development,436.216111,366.174490,490.937859,329.902712,549.529764,36
DSP,baseline_a,2023-08,2023-11,3,2023-09-01,development,538.333333,526.583333,611.000000,434.666667,632.833333,36
DSP,baseline_b,2023-08,2023-11,3,2023-09-01,development,441.000000,486.750000,557.500000,445.500000,613.500000,36
DSP,candidate,2023-08,2023-11,3,2023-09-01,development,458.799597,410.796048,541.393281,320.653462,583.344463,36
DSP,baseline_a,2023-09,2023-10,1,2023-10-01,development,523.000000,502.500000,563.583333,438.000000,607.000000,36
DSP,baseline_b,2023-09,2023-10,1,2023-10-01,development,433.000000,480.500000,557.250000,437.500000,605.500000,36
DSP,candidate,2023-09,2023-10,1,2023-10-01,development,565.053391,495.011769,619.775138,458.739991,678.162298,36
DSP,baseline_a,2023-09,2023-12,3,2023-10-01,development,523.000000,507.416667,594.583333,419.333333,617.500000,36
DSP,baseline_b,2023-09,2023-12,3,2023-10-01,development,568.000000,615.500000,692.250000,572.500000,740.500000,36
DSP,candidate,2023-09,2023-12,3,2023-10-01,development,506.169872,456.526916,588.763556,368.023738,630.714738,36
DSP,baseline_a,2023-10,2023-11,1,2023-11-01,development,530.333333,500.583333,570.916667,445.333333,614.333333,36
DSP,baseline_b,2023-10,2023-11,1,2023-11-01,development,441.000000,490.500000,565.250000,459.000000,613.500000,36
DSP,candidate,2023-10,2023-11,1,2023-11-01,development,486.231906,413.533836,540.953654,379.918507,599.340814,36
DSP,baseline_a,2023-10,2024-01,3,2023-11-01,unscored,530.333333,511.916667,594.416667,426.666667,624.833333,36
DSP,baseline_b,2023-10,2024-01,3,2023-11-01,unscored,967.000000,1016.500000,1091.250000,985.000000,1139.500000,36
DSP,candidate,2023-10,2024-01,3,2023-11-01,unscored,435.812693,386.169737,518.406377,297.666559,560.357559,36
DSP,baseline_a,2023-11,2023-12,1,2023-12-01,development,530.666667,500.916667,571.250000,445.666667,614.666667,36
DSP,baseline_b,2023-11,2023-12,1,2023-12-01,development,568.000000,617.500000,693.250000,586.000000,740.500000,36
DSP,candidate,2023-11,2023-12,1,2023-12-01,development,505.403225,432.705155,563.382098,399.089826,618.512132,36
DSP,baseline_a,2023-11,2024-02,3,2023-12-01,unscored,530.666667,512.250000,594.750000,427.000000,625.166667,36
DSP,baseline_b,2023-11,2024-02,3,2023-12-01,unscored,611.000000,660.500000,736.250000,629.000000,783.500000,36
DSP,candidate,2023-11,2024-02,3,2023-12-01,unscored,500.424514,450.781558,583.018198,362.278380,621.758186,36
DSP,baseline_a,2023-12,2024-01,1,2024-01-01,locked,532.000000,502.250000,572.583333,447.000000,616.000000,36
DSP,baseline_b,2023-12,2024-01,1,2024-01-01,locked,967.000000,1016.500000,1092.250000,967.500000,1139.500000,36
DSP,candidate,2023-12,2024-01,1,2024-01-01,locked,532.545735,459.847665,587.267483,426.232336,645.654643,36
DSP,baseline_a,2023-12,2024-03,3,2024-01-01,locked,532.000000,513.583333,596.083333,428.333333,626.500000,36
DSP,baseline_b,2023-12,2024-03,3,2024-01-01,locked,552.000000,601.500000,677.250000,552.500000,724.500000,36
DSP,candidate,2023-12,2024-03,3,2024-01-01,locked,566.894536,517.251580,649.488220,428.748402,688.228207,36
DSP,baseline_a,2024-01,2024-02,1,2024-02-01,locked,549.333333,528.833333,589.916667,471.500000,633.333333,36
DSP,baseline_b,2024-01,2024-02,1,2024-02-01,locked,611.000000,660.500000,736.250000,609.500000,783.500000,36
DSP,candidate,2024-01,2024-02,1,2024-02-01,locked,537.947199,465.249130,592.668947,431.633800,651.056107,36
DSP,baseline_a,2024-01,2024-04,3,2024-02-01,locked,549.333333,533.750000,613.416667,445.666667,643.833333,36
DSP,baseline_b,2024-01,2024-04,3,2024-02-01,locked,505.000000,554.500000,630.250000,503.500000,677.500000,36
DSP,candidate,2024-01,2024-04,3,2024-02-01,locked,503.680502,454.037546,591.679860,365.534368,625.014173,36
DSP,baseline_a,2024-02,2024-03,1,2024-03-01,locked,570.000000,549.500000,610.583333,492.166667,651.166667,36
DSP,baseline_b,2024-02,2024-03,1,2024-03-01,locked,552.000000,599.500000,677.250000,550.500000,724.500000,36
DSP,candidate,2024-02,2024-03,1,2024-03-01,locked,655.303557,582.605488,710.025305,548.990158,752.721902,36
DSP,baseline_a,2024-02,2024-05,3,2024-03-01,locked,570.000000,554.416667,634.083333,466.333333,670.833333,36
DSP,baseline_b,2024-02,2024-05,3,2024-03-01,locked,594.000000,641.500000,719.250000,592.500000,766.500000,36
DSP,candidate,2024-02,2024-05,3,2024-03-01,locked,558.166299,508.523343,646.165657,420.020164,682.959709,36
DSP,baseline_a,2024-03,2024-04,1,2024-04-01,locked,583.333333,562.833333,623.916667,505.500000,664.500000,36
DSP,baseline_b,2024-03,2024-04,1,2024-04-01,locked,505.000000,550.750000,630.250000,503.500000,677.500000,36
DSP,candidate,2024-03,2024-04,1,2024-04-01,locked,523.477464,452.966852,578.199211,418.450901,620.895808,36
DSP,baseline_a,2024-03,2024-06,3,2024-04-01,locked,583.333333,567.750000,647.416667,479.666667,684.166667,36
DSP,baseline_b,2024-03,2024-06,3,2024-04-01,locked,586.000000,631.750000,711.250000,584.500000,758.500000,36
DSP,candidate,2024-03,2024-06,3,2024-04-01,locked,585.769365,537.765816,673.768723,447.623231,710.562776,36
DSP,baseline_a,2024-04,2024-05,1,2024-05-01,locked,610.333333,589.833333,650.916667,532.500000,691.500000,36
DSP,baseline_b,2024-04,2024-05,1,2024-05-01,locked,594.000000,639.750000,719.250000,592.500000,766.500000,36
DSP,candidate,2024-04,2024-05,1,2024-05-01,locked,582.421700,511.911089,637.143448,477.395138,681.574913,36
DSP,baseline_a,2024-04,2024-07,3,2024-05-01,locked,610.333333,594.750000,679.666667,506.666667,711.166667,36
DSP,baseline_b,2024-04,2024-07,3,2024-05-01,locked,463.000000,508.750000,588.250000,461.500000,635.500000,36
DSP,candidate,2024-04,2024-07,3,2024-05-01,locked,717.588878,669.585329,805.588236,579.442743,842.382288,36
DSP,baseline_a,2024-05,2024-06,1,2024-06-01,locked,615.666667,598.833333,656.250000,537.833333,696.833333,36
DSP,baseline_b,2024-05,2024-06,1,2024-06-01,locked,586.000000,631.750000,710.250000,584.500000,758.500000,36
DSP,candidate,2024-05,2024-06,1,2024-06-01,locked,742.295424,671.784813,801.315903,637.268862,841.448637,36
DSP,baseline_a,2024-05,2024-08,3,2024-06-01,locked,615.666667,600.083333,687.583333,512.000000,716.500000,36
DSP,baseline_b,2024-05,2024-08,3,2024-06-01,locked,566.000000,611.750000,690.250000,564.500000,738.500000,36
DSP,candidate,2024-05,2024-08,3,2024-06-01,locked,944.004860,896.001311,1034.426963,805.858726,1068.798271,36
DSP,baseline_a,2024-06,2024-07,1,2024-07-01,locked,599.000000,578.500000,639.583333,508.833333,680.166667,36
DSP,baseline_b,2024-06,2024-07,1,2024-07-01,locked,463.000000,504.750000,587.250000,446.500000,635.500000,36
DSP,candidate,2024-06,2024-07,1,2024-07-01,locked,589.588470,516.097454,648.608948,445.822011,688.741682,36
DSP,baseline_a,2024-06,2024-09,3,2024-07-01,locked,599.000000,580.583333,670.916667,495.333333,699.833333,36
DSP,baseline_b,2024-06,2024-09,3,2024-07-01,locked,540.000000,581.750000,664.250000,523.500000,712.500000,36
DSP,candidate,2024-06,2024-09,3,2024-07-01,locked,558.685923,508.867783,649.108026,420.539788,683.479333,36
DSP,baseline_a,2024-07,2024-08,1,2024-08-01,locked,599.666667,579.166667,640.250000,509.500000,680.833333,36
DSP,baseline_b,2024-07,2024-08,1,2024-08-01,locked,566.000000,607.750000,691.250000,549.500000,738.500000,36
DSP,candidate,2024-07,2024-08,1,2024-08-01,locked,736.892068,663.401053,795.912547,593.125610,836.045281,36
DSP,baseline_a,2024-07,2024-10,3,2024-08-01,locked,599.666667,581.250000,671.583333,496.000000,700.500000,36
DSP,baseline_b,2024-07,2024-10,3,2024-08-01,locked,485.000000,526.750000,610.250000,468.500000,657.500000,36
DSP,candidate,2024-07,2024-10,3,2024-08-01,locked,613.070013,563.251873,703.492116,474.923879,737.863424,36
DSP,baseline_a,2024-08,2024-09,1,2024-09-01,locked,598.000000,577.500000,636.583333,507.833333,668.333333,36
DSP,baseline_b,2024-08,2024-09,1,2024-09-01,locked,540.000000,581.750000,664.250000,523.500000,712.500000,36
DSP,candidate,2024-08,2024-09,1,2024-09-01,locked,516.672288,436.110392,575.692766,372.905829,615.825501,36
DSP,baseline_a,2024-08,2024-11,3,2024-09-01,locked,598.000000,579.583333,667.333333,494.333333,690.000000,36
DSP,baseline_b,2024-08,2024-11,3,2024-09-01,locked,567.000000,608.750000,691.250000,550.500000,739.500000,36
DSP,candidate,2024-08,2024-11,3,2024-09-01,locked,543.316528,493.498388,633.738630,343.578669,668.109938,36
DSP,baseline_a,2024-09,2024-10,1,2024-10-01,locked,623.333333,606.500000,661.916667,533.166667,693.666667,36
DSP,baseline_b,2024-09,2024-10,1,2024-10-01,locked,485.000000,527.500000,609.250000,468.500000,657.500000,36
DSP,candidate,2024-09,2024-10,1,2024-10-01,locked,625.261182,544.699286,688.866500,481.494723,724.414395,36
DSP,baseline_a,2024-09,2024-12,3,2024-10-01,locked,623.333333,604.916667,692.666667,519.666667,715.333333,36
DSP,baseline_b,2024-09,2024-12,3,2024-10-01,locked,544.000000,586.500000,668.250000,527.500000,716.500000,36
DSP,candidate,2024-09,2024-12,3,2024-10-01,locked,575.154358,525.336218,665.576461,375.416499,699.947769,36
DSP,baseline_a,2024-10,2024-11,1,2024-11-01,locked,644.666667,627.833333,683.250000,554.500000,715.000000,36
DSP,baseline_b,2024-10,2024-11,1,2024-11-01,locked,567.000000,609.500000,692.250000,550.500000,741.000000,36
DSP,candidate,2024-10,2024-11,1,2024-11-01,locked,679.027842,598.465946,742.633160,535.261383,778.181055,36
DSP,baseline_a,2024-10,2025-01,3,2024-11-01,locked,644.666667,626.250000,714.000000,541.000000,736.000000,36
DSP,baseline_b,2024-10,2025-01,3,2024-11-01,locked,537.000000,579.500000,662.250000,520.500000,711.000000,36
DSP,candidate,2024-10,2025-01,3,2024-11-01,locked,614.237720,564.419580,704.659823,414.499861,739.031130,36
DSP,baseline_a,2024-11,2024-12,1,2024-12-01,locked,615.333333,592.083333,653.916667,519.666667,685.666667,36
DSP,baseline_b,2024-11,2024-12,1,2024-12-01,locked,544.000000,576.000000,669.250000,524.500000,718.000000,36
DSP,candidate,2024-11,2024-12,1,2024-12-01,locked,520.475248,434.686674,584.080566,367.341268,619.628461,36
DSP,baseline_a,2024-11,2025-02,3,2024-12-01,locked,615.333333,589.250000,684.666667,511.666667,706.666667,36
DSP,baseline_b,2024-11,2025-02,3,2024-12-01,locked,629.000000,661.000000,754.250000,609.500000,803.000000,36
DSP,candidate,2024-11,2025-02,3,2024-12-01,locked,521.816893,471.998753,612.238995,322.079034,646.610303,36
DSP,baseline_a,2024-12,2025-01,1,2025-01-01,locked,634.000000,610.750000,676.333333,538.333333,704.333333,36
DSP,baseline_b,2024-12,2025-01,1,2025-01-01,locked,537.000000,569.000000,662.250000,517.500000,711.000000,36
DSP,candidate,2024-12,2025-01,1,2025-01-01,locked,633.292585,547.504010,700.418333,480.158605,746.401493,36
DSP,baseline_a,2024-12,2025-03,3,2025-01-01,locked,634.000000,607.916667,703.333333,530.333333,725.333333,36
DSP,baseline_b,2024-12,2025-03,3,2025-01-01,locked,584.000000,616.000000,709.250000,564.500000,758.000000,36
DSP,candidate,2024-12,2025-03,3,2025-01-01,locked,675.170574,625.352434,768.601632,475.432715,799.963985,36
DSP,baseline_a,2025-01,2025-02,1,2025-02-01,locked,610.333333,591.333333,652.666667,523.166667,680.666667,36
DSP,baseline_b,2025-01,2025-02,1,2025-02-01,locked,629.000000,671.500000,754.250000,609.500000,803.000000,36
DSP,candidate,2025-01,2025-02,1,2025-02-01,locked,628.218637,543.955576,695.344385,475.084657,741.327545,36
DSP,baseline_a,2025-01,2025-04,3,2025-02-01,locked,610.333333,586.166667,679.666667,532.500000,701.666667,36
DSP,baseline_b,2025-01,2025-04,3,2025-02-01,locked,618.000000,660.500000,743.250000,598.500000,792.000000,36
DSP,candidate,2025-01,2025-04,3,2025-02-01,locked,590.224086,540.405946,683.655144,390.486227,715.017496,36
DSP,baseline_a,2025-02,2025-03,1,2025-03-01,locked,613.333333,588.083333,655.666667,526.166667,683.666667,36
DSP,baseline_b,2025-02,2025-03,1,2025-03-01,locked,584.000000,626.500000,709.250000,564.500000,758.000000,36
DSP,candidate,2025-02,2025-03,1,2025-03-01,locked,595.734773,511.471712,662.860521,442.600793,708.843681,36
DSP,baseline_a,2025-02,2025-05,3,2025-03-01,locked,613.333333,589.166667,682.666667,535.500000,704.666667,36
DSP,baseline_b,2025-02,2025-05,3,2025-03-01,locked,645.000000,687.500000,770.250000,625.500000,819.000000,36
DSP,candidate,2025-02,2025-05,3,2025-03-01,locked,518.390776,468.572636,611.821835,318.652917,643.184187,36
DSP,baseline_a,2025-03,2025-04,1,2025-04-01,locked,642.333333,617.083333,684.666667,555.166667,712.666667,36
DSP,baseline_b,2025-03,2025-04,1,2025-04-01,locked,618.000000,660.500000,747.750000,598.500000,792.000000,36
DSP,candidate,2025-03,2025-04,1,2025-04-01,locked,653.118232,568.855172,736.457503,499.984252,787.097571,36
DSP,baseline_a,2025-03,2025-06,3,2025-04-01,locked,642.333333,618.166667,714.250000,564.500000,749.833333,36
DSP,baseline_b,2025-03,2025-06,3,2025-04-01,locked,534.000000,576.500000,663.750000,514.500000,708.000000,36
DSP,candidate,2025-03,2025-06,3,2025-04-01,locked,711.287196,661.469056,804.718254,511.549337,836.080606,36
DSP,baseline_a,2025-04,2025-05,1,2025-05-01,locked,664.000000,638.750000,702.583333,576.833333,734.166667,36
DSP,baseline_b,2025-04,2025-05,1,2025-05-01,locked,645.000000,687.500000,774.750000,625.500000,819.000000,36
DSP,candidate,2025-04,2025-05,1,2025-05-01,locked,656.409320,572.146259,739.748590,503.275340,790.388659,36
DSP,baseline_a,2025-04,2025-07,3,2025-05-01,locked,664.000000,639.833333,735.916667,586.166667,771.500000,36
DSP,baseline_b,2025-04,2025-07,3,2025-05-01,locked,620.000000,662.500000,749.750000,600.500000,794.000000,36
DSP,candidate,2025-04,2025-07,3,2025-05-01,locked,779.807681,729.989541,868.351028,580.069822,903.511068,36
DSP,baseline_a,2025-05,2025-06,1,2025-06-01,locked,643.333333,602.916667,681.916667,547.666667,713.500000,36
DSP,baseline_b,2025-05,2025-06,1,2025-06-01,locked,534.000000,562.500000,663.750000,496.000000,708.000000,36
DSP,candidate,2025-05,2025-06,1,2025-06-01,locked,558.531185,461.090373,641.870456,390.206466,692.510524,36
DSP,baseline_a,2025-05,2025-08,3,2025-06-01,locked,643.333333,608.083333,712.666667,539.666667,750.833333,36
DSP,baseline_b,2025-05,2025-08,3,2025-06-01,locked,640.000000,668.500000,769.750000,602.000000,814.000000,36
DSP,candidate,2025-05,2025-08,3,2025-06-01,locked,702.371080,652.552940,789.440335,502.633221,823.818572,36
DSP,baseline_a,2025-06,2025-07,1,2025-07-01,locked,567.000000,518.916667,605.583333,458.000000,637.166667,36
DSP,baseline_b,2025-06,2025-07,1,2025-07-01,locked,620.000000,635.000000,749.750000,582.000000,794.000000,36
DSP,candidate,2025-06,2025-07,1,2025-07-01,locked,566.071452,481.808391,649.410722,397.746733,700.050791,36
DSP,baseline_a,2025-06,2025-09,3,2025-07-01,locked,567.000000,520.166667,636.333333,450.666667,674.500000,36
DSP,baseline_b,2025-06,2025-09,3,2025-07-01,locked,610.000000,625.000000,739.750000,572.000000,784.000000,36
DSP,candidate,2025-06,2025-09,3,2025-07-01,locked,537.614412,486.065820,624.683667,321.393969,659.061904,36
DSP,baseline_a,2025-07,2025-08,1,2025-08-01,locked,581.333333,533.250000,619.916667,472.333333,691.000000,36
DSP,baseline_b,2025-07,2025-08,1,2025-08-01,locked,640.000000,655.000000,769.750000,602.000000,814.000000,36
DSP,candidate,2025-07,2025-08,1,2025-08-01,locked,817.517177,733.254117,909.138705,649.192458,967.743827,36
DSP,baseline_a,2025-07,2025-10,3,2025-08-01,locked,581.333333,534.500000,649.250000,465.000000,688.833333,36
DSP,baseline_b,2025-07,2025-10,3,2025-08-01,locked,684.000000,699.000000,813.750000,646.000000,858.000000,36
DSP,candidate,2025-07,2025-10,3,2025-08-01,locked,700.190151,646.661207,787.259406,483.969708,821.637643,36
DSP,baseline_a,2025-08,2025-09,1,2025-09-01,locked,584.000000,532.750000,621.000000,475.000000,693.666667,36
DSP,baseline_b,2025-08,2025-09,1,2025-09-01,locked,610.000000,612.250000,739.750000,550.000000,784.000000,36
DSP,candidate,2025-08,2025-09,1,2025-09-01,locked,443.995703,359.732643,535.617232,255.888360,594.222353,36
DSP,baseline_a,2025-08,2025-11,3,2025-09-01,locked,584.000000,533.416667,651.916667,464.166667,691.500000,36
DSP,baseline_b,2025-08,2025-11,3,2025-09-01,locked,552.000000,554.250000,681.750000,492.000000,726.000000,36
DSP,candidate,2025-08,2025-11,3,2025-09-01,locked,455.853567,402.324623,542.922822,264.524429,577.301059,36
DSP,baseline_a,2025-09,2025-10,1,2025-10-01,locked,613.333333,565.250000,650.333333,504.333333,723.000000,36
DSP,baseline_b,2025-09,2025-10,1,2025-10-01,locked,684.000000,683.250000,813.750000,624.000000,858.000000,36
DSP,candidate,2025-09,2025-10,1,2025-10-01,locked,607.533803,523.270743,701.160222,419.426460,763.630691,36
DSP,baseline_a,2025-09,2025-12,3,2025-10-01,locked,613.333333,562.750000,681.250000,493.500000,720.833333,36
DSP,baseline_b,2025-09,2025-12,3,2025-10-01,locked,666.000000,665.250000,795.750000,606.000000,840.000000,36
DSP,candidate,2025-09,2025-12,3,2025-10-01,locked,561.924876,508.395931,648.994130,370.595738,683.372367,36
DSP,baseline_a,2025-10,2025-11,1,2025-11-01,locked,586.333333,538.250000,623.333333,477.333333,696.000000,36
DSP,baseline_b,2025-10,2025-11,1,2025-11-01,locked,552.000000,542.750000,681.750000,492.000000,726.000000,36
DSP,candidate,2025-10,2025-11,1,2025-11-01,locked,621.469888,537.206828,715.096306,433.362545,777.566776,36
DSP,baseline_a,2025-10,2026-01,3,2025-11-01,unscored,586.333333,535.750000,654.250000,466.500000,693.833333,36
DSP,baseline_b,2025-10,2026-01,3,2025-11-01,unscored,613.000000,603.750000,742.750000,553.000000,787.000000,36
DSP,candidate,2025-10,2026-01,3,2025-11-01,unscored,575.139883,515.986584,662.209138,383.810745,696.587375,36
DSP,baseline_a,2025-11,2025-12,1,2025-12-01,locked,620.666667,572.583333,657.666667,511.666667,730.333333,36
DSP,baseline_b,2025-11,2025-12,1,2025-12-01,locked,666.000000,656.750000,795.750000,606.000000,840.000000,36
DSP,candidate,2025-11,2025-12,1,2025-12-01,locked,578.002826,493.739766,671.629244,389.895483,734.099714,36
DSP,baseline_a,2025-11,2026-02,3,2025-12-01,unscored,620.666667,570.083333,688.583333,500.833333,728.166667,36
DSP,baseline_b,2025-11,2026-02,3,2025-12-01,unscored,561.000000,551.750000,690.750000,501.000000,735.000000,36
DSP,candidate,2025-11,2026-02,3,2025-12-01,unscored,570.492667,511.339368,659.036013,379.163529,711.853627,36
DSP,baseline_a,2025-12,2026-01,1,2026-01-01,recent,678.333333,630.250000,715.333333,569.333333,788.000000,36
DSP,baseline_b,2025-12,2026-01,1,2026-01-01,recent,613.000000,603.750000,737.500000,553.000000,787.000000,36
DSP,candidate,2025-12,2026-01,1,2026-01-01,recent,727.316344,643.053284,820.942762,539.209001,883.413232,36
DSP,baseline_a,2025-12,2026-03,3,2026-01-01,recent,678.333333,627.750000,746.250000,558.500000,787.000000,36
DSP,baseline_b,2025-12,2026-03,3,2026-01-01,recent,753.000000,743.750000,877.500000,693.000000,927.000000,36
DSP,candidate,2025-12,2026-03,3,2026-01-01,recent,789.762208,730.608909,878.305555,598.433070,931.123168,36
DSP,baseline_a,2026-01,2026-02,1,2026-02-01,recent,1048.666667,1000.583333,1085.666667,939.666667,1158.333333,36
DSP,baseline_b,2026-01,2026-02,1,2026-02-01,recent,561.000000,551.750000,685.500000,501.000000,735.000000,36
DSP,candidate,2026-01,2026-02,1,2026-02-01,recent,1513.415145,1429.152085,1607.041564,1325.307802,1669.512033,36
DSP,baseline_a,2026-01,2026-04,3,2026-02-01,recent,1048.666667,998.083333,1116.583333,928.833333,1157.333333,36
DSP,baseline_b,2026-01,2026-04,3,2026-02-01,recent,678.000000,668.750000,802.500000,618.000000,852.000000,36
DSP,candidate,2026-01,2026-04,3,2026-02-01,recent,1441.373773,1382.220474,1529.917119,1250.044635,1582.734733,36
DSP,baseline_a,2026-02,2026-03,1,2026-03-01,recent,1054.000000,998.416667,1091.000000,912.666667,1163.666667,36
DSP,baseline_b,2026-02,2026-03,1,2026-03-01,recent,753.000000,743.750000,875.500000,693.000000,924.000000,36
DSP,candidate,2026-02,2026-03,1,2026-03-01,recent,828.567005,744.303944,922.193423,640.459661,984.663893,36
DSP,baseline_a,2026-02,2026-05,3,2026-03-01,recent,1054.000000,1003.416667,1114.916667,934.166667,1145.333333,36
DSP,baseline_b,2026-02,2026-05,3,2026-03-01,recent,499.000000,489.750000,621.500000,439.000000,670.000000,36
DSP,candidate,2026-02,2026-05,3,2026-03-01,recent,703.312331,644.159032,790.381586,511.983193,824.759823,36
DSP,baseline_a,2026-03,2026-04,1,2026-04-01,recent,1022.333333,966.750000,1059.333333,880.166667,1132.000000,36
DSP,baseline_b,2026-03,2026-04,1,2026-04-01,recent,678.000000,666.750000,797.750000,612.500000,849.000000,36
DSP,candidate,2026-03,2026-04,1,2026-04-01,recent,649.211462,564.948401,742.837880,472.019517,805.308350,36
DSP,baseline_a,2026-03,2026-06,3,2026-04-01,recent,1022.333333,971.750000,1079.750000,902.500000,1113.666667,36
DSP,baseline_b,2026-03,2026-06,3,2026-04-01,recent,524.000000,512.750000,643.750000,458.500000,695.000000,36
DSP,candidate,2026-03,2026-06,3,2026-04-01,recent,682.893359,620.386298,769.962613,491.564221,804.340851,36
DSP,baseline_a,2026-04,2026-05,1,2026-05-01,recent,712.000000,656.416667,749.000000,569.833333,821.666667,36
DSP,baseline_b,2026-04,2026-05,1,2026-05-01,recent,499.000000,487.750000,622.000000,433.500000,670.000000,36
DSP,candidate,2026-04,2026-05,1,2026-05-01,recent,728.292069,644.029009,825.129944,551.100125,890.926831,36
DSP,baseline_a,2026-04,2026-07,3,2026-05-01,recent,712.000000,661.416667,769.416667,592.166667,803.333333,36
DSP,baseline_b,2026-04,2026-07,3,2026-05-01,recent,721.000000,709.750000,844.000000,655.500000,892.000000,36
DSP,candidate,2026-04,2026-07,3,2026-05-01,recent,887.867005,825.359944,974.936260,696.537867,1009.314497,36
DSP,baseline_a,2026-05,2026-06,1,2026-06-01,recent,706.000000,629.833333,741.916667,563.833333,815.666667,36
DSP,baseline_b,2026-05,2026-06,1,2026-06-01,recent,524.000000,512.750000,643.750000,458.500000,687.000000,36
DSP,candidate,2026-05,2026-06,1,2026-06-01,recent,710.389468,612.280335,804.015886,533.197524,873.024230,36
DSP,baseline_a,2026-05,2026-08,3,2026-06-01,recent,706.000000,655.416667,763.416667,584.833333,797.333333,36
DSP,baseline_b,2026-05,2026-08,3,2026-06-01,recent,507.000000,495.750000,626.750000,441.500000,670.000000,36
DSP,candidate,2026-05,2026-08,3,2026-06-01,recent,873.802452,797.881027,960.871706,682.473314,995.249944,36
DSP,baseline_a,2026-06,2026-07,1,2026-07-01,recent,678.333333,593.916667,714.250000,536.166667,788.000000,36
DSP,baseline_b,2026-06,2026-07,1,2026-07-01,recent,721.000000,709.750000,835.500000,655.500000,870.500000,36
DSP,candidate,2026-06,2026-07,1,2026-07-01,recent,693.846245,595.329827,787.472663,516.654301,856.481007,36
DSP,baseline_a,2026-06,2026-09,3,2026-10-06,outlook,678.333333,627.750000,735.750000,551.000000,769.666667,36
DSP,baseline_b,2026-06,2026-09,3,2026-10-06,outlook,612.000000,600.750000,726.500000,546.500000,761.500000,36
DSP,candidate,2026-06,2026-09,3,2026-10-06,outlook,658.677783,577.929681,745.747037,467.348645,780.125275,36
DSP,baseline_a,2026-07,2026-08,1,2026-08-01,recent,654.333333,578.166667,691.916667,512.166667,764.000000,36
DSP,baseline_b,2026-07,2026-08,1,2026-08-01,recent,507.000000,495.750000,621.500000,441.500000,656.500000,36
DSP,candidate,2026-07,2026-08,1,2026-08-01,recent,823.096724,738.833664,916.723142,675.108562,985.731486,36
DSP,baseline_a,2026-07,2026-10,3,2026-10-06,outlook,654.333333,607.500000,711.750000,527.000000,745.666667,36
DSP,baseline_b,2026-07,2026-10,3,2026-10-06,outlook,640.000000,628.750000,754.500000,574.500000,789.500000,36
DSP,candidate,2026-07,2026-10,3,2026-10-06,outlook,738.313200,657.565099,825.382455,546.984062,859.760692,36
DSP,baseline_a,2026-08,2026-09,1,2026-10-06,outlook,695.333333,619.166667,738.250000,553.166667,805.000000,36
DSP,baseline_b,2026-08,2026-09,1,2026-10-06,outlook,612.000000,600.750000,731.750000,546.500000,775.000000,36
DSP,candidate,2026-08,2026-09,1,2026-10-06,outlook,638.019186,544.723625,731.645604,490.031024,800.653948,36
DSP,baseline_a,2026-08,2026-11,3,2026-10-06,outlook,695.333333,648.500000,752.750000,568.000000,786.666667,36
DSP,baseline_b,2026-08,2026-11,3,2026-10-06,outlook,610.000000,598.750000,729.750000,544.500000,773.000000,36
DSP,candidate,2026-08,2026-11,3,2026-10-06,outlook,665.469195,584.721093,752.538449,500.424371,786.916687,36
DSQ,baseline_a,2018-12,2019-01,1,2019-01-01,warmup,1396.333333,,,,,0
DSQ,baseline_b,2018-12,2019-01,1,2019-01-01,warmup,873.000000,,,,,0
DSQ,candidate,2018-12,2019-01,1,2019-01-01,warmup,1054.611427,,,,,0
DSQ,baseline_a,2018-12,2019-03,3,2019-01-01,warmup,1396.333333,,,,,0
DSQ,baseline_b,2018-12,2019-03,3,2019-01-01,warmup,813.000000,,,,,0
DSQ,candidate,2018-12,2019-03,3,2019-01-01,warmup,1198.837122,,,,,0
DSQ,baseline_a,2019-01,2019-02,1,2019-02-01,warmup,1365.000000,,,,,1
DSQ,baseline_b,2019-01,2019-02,1,2019-02-01,warmup,807.000000,,,,,1
DSQ,candidate,2019-01,2019-02,1,2019-02-01,warmup,1002.413620,,,,,1
DSQ,baseline_a,2019-01,2019-04,3,2019-02-01,warmup,1365.000000,,,,,0
DSQ,baseline_b,2019-01,2019-04,3,2019-02-01,warmup,833.000000,,,,,0
DSQ,candidate,2019-01,2019-04,3,2019-02-01,warmup,1028.703453,,,,,0
DSQ,baseline_a,2019-02,2019-03,1,2019-03-01,warmup,2237.333333,,,,,2
DSQ,baseline_b,2019-02,2019-03,1,2019-03-01,warmup,813.000000,,,,,2
DSQ,candidate,2019-02,2019-03,1,2019-03-01,warmup,1677.688427,,,,,2
DSQ,baseline_a,2019-02,2019-05,3,2019-03-01,warmup,2237.333333,,,,,0
DSQ,baseline_b,2019-02,2019-05,3,2019-03-01,warmup,869.000000,,,,,0
DSQ,candidate,2019-02,2019-05,3,2019-03-01,warmup,1452.314616,,,,,0
DSQ,baseline_a,2019-03,2019-04,1,2019-04-01,warmup,2183.666667,,,,,3
DSQ,baseline_b,2019-03,2019-04,1,2019-04-01,warmup,833.000000,,,,,3
DSQ,candidate,2019-03,2019-04,1,2019-04-01,warmup,1299.918800,,,,,3
DSQ,baseline_a,2019-03,2019-06,3,2019-04-01,warmup,2183.666667,,,,,1
DSQ,baseline_b,2019-03,2019-06,3,2019-04-01,warmup,977.000000,,,,,1
DSQ,candidate,2019-03,2019-06,3,2019-04-01,warmup,1493.666048,,,,,1
DSQ,baseline_a,2019-04,2019-05,1,2019-05-01,warmup,2533.000000,,,,,4
DSQ,baseline_b,2019-04,2019-05,1,2019-05-01,warmup,869.000000,,,,,4
DSQ,candidate,2019-04,2019-05,1,2019-05-01,warmup,1404.375586,,,,,4
DSQ,baseline_a,2019-04,2019-07,3,2019-05-01,warmup,2533.000000,,,,,2
DSQ,baseline_b,2019-04,2019-07,3,2019-05-01,warmup,1018.000000,,,,,2
DSQ,candidate,2019-04,2019-07,3,2019-05-01,warmup,1846.222837,,,,,2
DSQ,baseline_a,2019-05,2019-06,1,2019-06-01,warmup,1264.333333,,,,,5
DSQ,baseline_b,2019-05,2019-06,1,2019-06-01,warmup,977.000000,,,,,5
DSQ,candidate,2019-05,2019-06,1,2019-06-01,warmup,1253.413061,,,,,5
DSQ,baseline_a,2019-05,2019-08,3,2019-06-01,warmup,1264.333333,,,,,3
DSQ,baseline_b,2019-05,2019-08,3,2019-06-01,warmup,1441.000000,,,,,3
DSQ,candidate,2019-05,2019-08,3,2019-06-01,warmup,1493.765963,,,,,3
DSQ,baseline_a,2019-06,2019-07,1,2019-07-01,warmup,1253.000000,,,,,6
DSQ,baseline_b,2019-06,2019-07,1,2019-07-01,warmup,1018.000000,,,,,6
DSQ,candidate,2019-06,2019-07,1,2019-07-01,warmup,1166.855190,,,,,6
DSQ,baseline_a,2019-06,2019-09,3,2019-07-01,warmup,1253.000000,,,,,4
DSQ,baseline_b,2019-06,2019-09,3,2019-07-01,warmup,840.000000,,,,,4
DSQ,candidate,2019-06,2019-09,3,2019-07-01,warmup,1114.015110,,,,,4
DSQ,baseline_a,2019-07,2019-08,1,2019-08-01,warmup,1169.666667,,,,,7
DSQ,baseline_b,2019-07,2019-08,1,2019-08-01,warmup,1441.000000,,,,,7
DSQ,candidate,2019-07,2019-08,1,2019-08-01,warmup,1492.421619,,,,,7
DSQ,baseline_a,2019-07,2019-10,3,2019-08-01,warmup,1169.666667,,,,,5
DSQ,baseline_b,2019-07,2019-10,3,2019-08-01,warmup,1117.000000,,,,,5
DSQ,candidate,2019-07,2019-10,3,2019-08-01,warmup,1331.115959,,,,,5
DSQ,baseline_a,2019-08,2019-09,1,2019-09-01,warmup,1680.333333,,,,,8
DSQ,baseline_b,2019-08,2019-09,1,2019-09-01,warmup,840.000000,,,,,8
DSQ,candidate,2019-08,2019-09,1,2019-09-01,warmup,1162.615101,,,,,8
DSQ,baseline_a,2019-08,2019-11,3,2019-09-01,warmup,1680.333333,,,,,6
DSQ,baseline_b,2019-08,2019-11,3,2019-09-01,warmup,2060.000000,,,,,6
DSQ,candidate,2019-08,2019-11,3,2019-09-01,warmup,1775.297567,,,,,6
DSQ,baseline_a,2019-09,2019-10,1,2019-10-01,warmup,1948.666667,,,,,9
DSQ,baseline_b,2019-09,2019-10,1,2019-10-01,warmup,1117.000000,,,,,9
DSQ,candidate,2019-09,2019-10,1,2019-10-01,warmup,1650.962575,,,,,9
DSQ,baseline_a,2019-09,2019-12,3,2019-10-01,warmup,1948.666667,,,,,7
DSQ,baseline_b,2019-09,2019-12,3,2019-10-01,warmup,1012.000000,,,,,7
DSQ,candidate,2019-09,2019-12,3,2019-10-01,warmup,1835.306804,,,,,7
DSQ,baseline_a,2019-10,2019-11,1,2019-11-01,warmup,1631.666667,,,,,10
DSQ,baseline_b,2019-10,2019-11,1,2019-11-01,warmup,2060.000000,,,,,10
DSQ,candidate,2019-10,2019-11,1,2019-11-01,warmup,1767.952753,,,,,10
DSQ,baseline_a,2019-10,2020-01,3,2019-11-01,warmup,1631.666667,,,,,8
DSQ,baseline_b,2019-10,2020-01,3,2019-11-01,warmup,1023.000000,,,,,8
DSQ,candidate,2019-10,2020-01,3,2019-11-01,warmup,1455.244373,,,,,8
DSQ,baseline_a,2019-11,2019-12,1,2019-12-01,warmup,1633.333333,,,,,11
DSQ,baseline_b,2019-11,2019-12,1,2019-12-01,warmup,1012.000000,,,,,11
DSQ,candidate,2019-11,2019-12,1,2019-12-01,warmup,1498.007367,,,,,11
DSQ,baseline_a,2019-11,2020-02,3,2019-12-01,warmup,1633.333333,,,,,9
DSQ,baseline_b,2019-11,2020-02,3,2019-12-01,warmup,4677.000000,,,,,9
DSQ,candidate,2019-11,2020-02,3,2019-12-01,warmup,2047.105537,,,,,9
DSQ,baseline_a,2019-12,2020-01,1,2020-01-01,warmup,1353.333333,445.166667,1973.416667,0.000000,2540.966667,12
DSQ,baseline_b,2019-12,2020-01,1,2020-01-01,warmup,1023.000000,984.500000,1865.750000,800.000000,2233.400000,12
DSQ,candidate,2019-12,2020-01,1,2020-01-01,warmup,1434.355056,855.321525,2117.733963,659.888001,2330.983718,12
DSQ,baseline_a,2019-12,2020-03,3,2020-01-01,warmup,1353.333333,,,,,10
DSQ,baseline_b,2019-12,2020-03,3,2020-01-01,warmup,851.000000,,,,,10
DSQ,candidate,2019-12,2020-03,3,2020-01-01,warmup,1432.430134,,,,,10
DSQ,baseline_a,2020-01,2020-02,1,2020-02-01,warmup,1330.666667,479.333333,1898.666667,5.866667,2472.600000,13
DSQ,baseline_b,2020-01,2020-02,1,2020-02-01,warmup,4677.000000,4517.000000,5480.000000,4448.800000,5859.800000,13
DSQ,candidate,2020-01,2020-02,1,2020-02-01,warmup,1591.272505,958.917449,2245.417315,823.300971,2473.951450,13
DSQ,baseline_a,2020-01,2020-04,3,2020-02-01,warmup,1330.666667,,,,,11
DSQ,baseline_b,2020-01,2020-04,3,2020-02-01,warmup,2071.000000,,,,,11
DSQ,candidate,2020-01,2020-04,3,2020-02-01,warmup,1190.810825,,,,,11
DSQ,baseline_a,2020-02,2020-03,1,2020-03-01,warmup,1134.000000,357.666667,1681.833333,0.000000,2230.233333,14
DSQ,baseline_b,2020-02,2020-03,1,2020-03-01,warmup,851.000000,645.250000,1648.750000,609.100000,2006.200000,14
DSQ,candidate,2020-02,2020-03,1,2020-03-01,warmup,1380.394385,772.784197,2031.014805,618.918372,2249.123612,14
DSQ,baseline_a,2020-02,2020-05,3,2020-03-01,warmup,1134.000000,220.083333,1587.250000,0.000000,1859.500000,12
DSQ,baseline_b,2020-02,2020-05,3,2020-03-01,warmup,871.000000,647.750000,1658.250000,625.700000,1817.100000,12
DSQ,candidate,2020-02,2020-05,3,2020-03-01,warmup,1155.173431,555.876376,1694.337707,480.849550,2036.754308,12
DSQ,baseline_a,2020-03,2020-04,1,2020-04-01,warmup,1470.666667,769.333333,2083.666667,207.400000,2521.200000,15
DSQ,baseline_b,2020-03,2020-04,1,2020-04-01,warmup,2071.000000,1880.500000,2943.000000,1830.800000,3198.600000,15
DSQ,candidate,2020-03,2020-04,1,2020-04-01,warmup,1595.224567,1012.359247,2242.320596,840.244075,2450.004076,15
DSQ,baseline_a,2020-03,2020-06,3,2020-04-01,warmup,1470.666667,641.000000,1909.333333,144.266667,2194.000000,13
DSQ,baseline_b,2020-03,2020-06,3,2020-04-01,warmup,817.000000,596.000000,1620.000000,573.400000,1774.800000,13
DSQ,candidate,2020-03,2020-06,3,2020-04-01,warmup,1319.297487,737.982871,1827.282377,647.315774,2173.225203,13
DSQ,baseline_a,2020-04,2020-05,1,2020-05-01,warmup,1492.666667,827.833333,2083.166667,260.166667,2497.500000,16
DSQ,baseline_b,2020-04,2020-05,1,2020-05-01,warmup,871.000000,647.750000,1708.500000,146.000000,1971.000000,16
DSQ,candidate,2020-04,2020-05,1,2020-05-01,warmup,1138.120752,484.852619,1781.692390,384.027181,1978.950543,16
DSQ,baseline_a,2020-04,2020-07,3,2020-05-01,warmup,1492.666667,692.416667,1913.916667,186.233333,2213.833333,14
DSQ,baseline_b,2020-04,2020-07,3,2020-05-01,warmup,1821.000000,1593.250000,2618.750000,904.800000,2776.700000,14
DSQ,candidate,2020-04,2020-07,3,2020-05-01,warmup,1508.859503,957.594552,1979.740638,839.219958,2335.134059,14
DSQ,baseline_a,2020-05,2020-06,1,2020-06-01,warmup,1137.000000,395.333333,1705.000000,0.000000,2096.133333,17
DSQ,baseline_b,2020-05,2020-06,1,2020-06-01,warmup,817.000000,596.000000,1620.000000,187.600000,1889.400000,17
DSQ,candidate,2020-05,2020-06,1,2020-06-01,warmup,970.944759,338.589703,1610.992006,222.224988,1797.824832,17
DSQ,baseline_a,2020-05,2020-08,3,2020-06-01,warmup,1137.000000,366.166667,1540.833333,0.000000,1856.000000,15
DSQ,baseline_b,2020-05,2020-08,3,2020-06-01,warmup,2403.000000,2177.500000,3195.500000,1582.400000,3356.600000,15
DSQ,candidate,2020-05,2020-08,3,2020-06-01,warmup,1339.792109,818.576821,1773.569487,672.494730,2138.413504,15
DSQ,baseline_a,2020-06,2020-07,1,2020-07-01,warmup,852.333333,145.416667,1400.166667,0.000000,1765.766667,18
DSQ,baseline_b,2020-06,2020-07,1,2020-07-01,warmup,1821.000000,1615.250000,2618.750000,1287.200000,2865.800000,18
DSQ,candidate,2020-06,2020-07,1,2020-07-01,warmup,1089.714719,482.104531,1684.596379,346.368749,1902.645074,18
DSQ,baseline_a,2020-06,2020-09,3,2020-07-01,warmup,852.333333,110.916667,1238.750000,0.000000,1569.166667,16
DSQ,baseline_b,2020-06,2020-09,3,2020-07-01,warmup,1622.000000,1398.750000,2409.250000,897.000000,2573.500000,16
DSQ,candidate,2020-06,2020-09,3,2020-07-01,warmup,950.087160,458.921537,1346.760782,285.131949,1721.055395,16
DSQ,baseline_a,2020-07,2020-08,1,2020-08-01,warmup,1172.333333,500.166667,1785.333333,32.133333,2199.533333,19
DSQ,baseline_b,2020-07,2020-08,1,2020-08-01,warmup,2403.000000,2212.500000,3195.500000,1964.800000,3420.200000,19
DSQ,candidate,2020-07,2020-08,1,2020-08-01,warmup,1442.253697,859.388376,2089.349725,704.281528,2241.234333,19
DSQ,baseline_a,2020-07,2020-10,3,2020-08-01,warmup,1172.333333,460.333333,1541.333333,0.000000,1887.000000,17
DSQ,baseline_b,2020-07,2020-10,3,2020-08-01,warmup,870.000000,649.000000,1652.000000,240.600000,1819.400000,17
DSQ,candidate,2020-07,2020-10,3,2020-08-01,warmup,1004.789659,543.673700,1364.359525,342.176616,1748.104733,17
DSQ,baseline_a,2020-08,2020-09,1,2020-09-01,warmup,1195.333333,557.916667,1785.833333,85.900000,2196.766667,20
DSQ,baseline_b,2020-08,2020-09,1,2020-09-01,warmup,1622.000000,1398.750000,2409.250000,381.000000,2611.600000,20
DSQ,candidate,2020-08,2020-09,1,2020-09-01,warmup,967.960215,343.181179,1611.531853,235.361847,1752.991134,20
DSQ,baseline_a,2020-08,2020-11,3,2020-09-01,warmup,1195.333333,525.000000,1555.916667,0.000000,1907.833333,18
DSQ,baseline_b,2020-08,2020-11,3,2020-09-01,warmup,2408.000000,2180.250000,3081.500000,1091.000000,3355.300000,18
DSQ,candidate,2020-08,2020-11,3,2020-09-01,warmup,1361.127613,856.004542,1710.590137,700.856737,2076.789527,18
DSQ,baseline_a,2020-09,2020-10,1,2020-10-01,warmup,1166.333333,563.666667,1734.333333,87.666667,2142.000000,21
DSQ,baseline_b,2020-09,2020-10,1,2020-10-01,warmup,870.000000,640.000000,1652.000000,0.000000,1832.000000,21
DSQ,candidate,2020-09,2020-10,1,2020-10-01,warmup,876.465085,254.211388,1516.512332,149.240518,1647.546286,21
DSQ,baseline_a,2020-09,2020-12,3,2020-10-01,warmup,1166.333333,537.666667,1518.500000,0.000000,1876.666667,19
DSQ,baseline_b,2020-09,2020-12,3,2020-10-01,warmup,782.000000,543.500000,1347.000000,0.000000,1727.200000,19
DSQ,candidate,2020-09,2020-12,3,2020-10-01,warmup,842.372089,351.918055,1181.727271,184.443381,1530.380843,19
DSQ,baseline_a,2020-10,2020-11,1,2020-11-01,warmup,1143.000000,553.166667,1728.750000,87.066667,2098.733333,22
DSQ,baseline_b,2020-10,2020-11,1,2020-11-01,warmup,2408.000000,2180.250000,3205.750000,1248.200000,3367.900000,22
DSQ,candidate,2020-10,2020-11,1,2020-11-01,warmup,1473.985781,873.951612,2124.606201,747.882934,2344.475325,22
DSQ,baseline_a,2020-10,2021-01,3,2020-11-01,warmup,1143.000000,556.000000,1529.416667,0.000000,1851.166667,20
DSQ,baseline_b,2020-10,2021-01,3,2020-11-01,warmup,802.000000,567.750000,1589.250000,0.000000,1745.100000,20
DSQ,candidate,2020-10,2021-01,3,2020-11-01,warmup,889.603246,413.818249,1286.276868,234.016705,1658.415956,20
DSQ,baseline_a,2020-11,2020-12,1,2020-12-01,warmup,1150.000000,573.000000,1729.833333,116.800000,2085.800000,23
DSQ,baseline_b,2020-11,2020-12,1,2020-12-01,warmup,782.000000,543.500000,1574.500000,0.000000,1739.800000,23
DSQ,candidate,2020-11,2020-12,1,2020-12-01,warmup,880.365644,253.061267,1527.461672,155.384516,1739.809815,23
DSQ,baseline_a,2020-11,2021-02,3,2020-12-01,warmup,1150.000000,604.666667,1519.000000,0.000000,1856.000000,21
DSQ,baseline_b,2020-11,2021-02,3,2020-12-01,warmup,1818.000000,1571.000000,2600.000000,251.000000,2759.000000,21
DSQ,candidate,2020-11,2021-02,3,2020-12-01,warmup,1196.847896,677.055788,1556.417763,543.603523,1950.058237,21
DSQ,baseline_a,2020-12,2021-01,1,2021-01-01,warmup,1257.000000,692.833333,1830.916667,246.533333,2172.866667,24
DSQ,baseline_b,2020-12,2021-01,1,2021-01-01,warmup,802.000000,567.750000,1589.250000,0.000000,1757.700000,24
DSQ,candidate,2020-12,2021-01,1,2021-01-01,warmup,827.497481,202.718445,1471.069119,103.638074,1675.896282,24
DSQ,baseline_a,2020-12,2021-03,3,2021-01-01,warmup,1257.000000,714.833333,1617.583333,124.033333,1950.966667,22
DSQ,baseline_b,2020-12,2021-03,3,2021-01-01,warmup,1792.000000,1549.250000,2476.000000,261.400000,2727.700000,22
DSQ,candidate,2020-12,2021-03,3,2021-01-01,warmup,976.488694,471.365623,1328.573071,330.437296,1717.648244,22
DSQ,baseline_a,2021-01,2021-02,1,2021-02-01,warmup,957.000000,405.666667,1525.000000,0.000000,1852.933333,25
DSQ,baseline_b,2021-01,2021-02,1,2021-02-01,warmup,1818.000000,1588.000000,2600.000000,396.600000,2771.600000,25
DSQ,candidate,2021-01,2021-02,1,2021-02-01,warmup,1277.528062,655.274366,1917.575309,554.790375,2114.881491,25
DSQ,baseline_a,2021-01,2021-04,3,2021-02-01,warmup,957.000000,418.000000,1309.166667,0.000000,1638.933333,23
DSQ,baseline_b,2021-01,2021-04,3,2021-02-01,warmup,868.000000,629.500000,1454.000000,0.000000,1798.400000,23
DSQ,candidate,2021-01,2021-04,3,2021-02-01,warmup,947.200947,456.746913,1291.799836,308.342525,1676.309706,23
DSQ,baseline_a,2021-02,2021-03,1,2021-03-01,warmup,1286.000000,760.666667,1871.750000,321.000000,2209.333333,26
DSQ,baseline_b,2021-02,2021-03,1,2021-03-01,warmup,1792.000000,1564.250000,2476.000000,407.000000,2743.500000,26
DSQ,candidate,2021-02,2021-03,1,2021-03-01,warmup,1035.470255,435.436086,1653.123675,313.854288,1861.778313,26
DSQ,baseline_a,2021-02,2021-05,3,2021-03-01,warmup,1286.000000,750.166667,1672.416667,220.433333,1983.600000,24
DSQ,baseline_b,2021-02,2021-05,3,2021-03-01,warmup,751.000000,516.750000,1239.000000,0.000000,1676.100000,24
DSQ,candidate,2021-02,2021-05,3,2021-03-01,warmup,780.188808,304.403812,1176.862431,148.523362,1497.246777,24
DSQ,baseline_a,2021-03,2021-04,1,2021-04-01,warmup,1545.000000,1045.666667,2169.833333,602.733333,2457.866667,27
DSQ,baseline_b,2021-03,2021-04,1,2021-04-01,warmup,868.000000,642.500000,1454.000000,0.000000,1817.400000,27
DSQ,candidate,2021-03,2021-04,1,2021-04-01,warmup,1114.322411,536.507770,1761.418440,393.828164,2007.474713,27
DSQ,baseline_a,2021-03,2021-06,3,2021-04-01,warmup,1545.000000,1012.333333,1983.666667,513.133333,2245.400000,25
DSQ,baseline_b,2021-03,2021-06,3,2021-04-01,warmup,938.000000,708.000000,1328.000000,0.000000,1857.800000,25
DSQ,candidate,2021-03,2021-06,3,2021-04-01,warmup,1053.643486,592.527527,1561.628376,429.171015,1900.468044,25
DSQ,baseline_a,2021-04,2021-05,1,2021-05-01,warmup,1596.333333,1058.750000,2204.583333,676.800000,2498.733333,28
DSQ,baseline_b,2021-04,2021-05,1,2021-05-01,warmup,751.000000,527.750000,1239.000000,0.000000,1698.300000,28
DSQ,candidate,2021-04,2021-05,1,2021-05-01,warmup,869.245526,313.650412,1512.817163,149.872998,1759.493480,28
DSQ,baseline_a,2021-04,2021-07,3,2021-05-01,warmup,1596.333333,1081.166667,2017.583333,598.166667,2295.333333,26
DSQ,baseline_b,2021-04,2021-07,3,2021-05-01,warmup,1828.000000,1600.250000,2207.500000,443.000000,2742.500000,26
DSQ,candidate,2021-04,2021-07,3,2021-05-01,warmup,1372.440600,925.560274,1843.321735,755.161106,2203.662789,26
DSQ,baseline_a,2021-05,2021-06,1,2021-06-01,warmup,1285.333333,734.000000,1877.000000,388.533333,2177.266667,29
DSQ,baseline_b,2021-05,2021-06,1,2021-06-01,warmup,938.000000,717.000000,1328.000000,0.000000,1883.200000,29
DSQ,candidate,2021-05,2021-06,1,2021-06-01,warmup,1036.629138,503.253553,1676.676385,318.378331,1923.972746,29
DSQ,baseline_a,2021-05,2021-08,3,2021-06-01,warmup,1285.333333,787.666667,1689.166667,320.866667,1982.933333,27
DSQ,baseline_b,2021-05,2021-08,3,2021-06-01,warmup,820.000000,594.500000,1189.000000,0.000000,1729.200000,27
DSQ,candidate,2021-05,2021-08,3,2021-06-01,warmup,1445.584824,1012.940129,1879.362202,835.498305,2261.204643,27
DSQ,baseline_a,2021-06,2021-07,1,2021-07-01,warmup,1308.000000,761.250000,1949.416667,433.933333,2189.466667,30
DSQ,baseline_b,2021-06,2021-07,1,2021-07-01,warmup,1828.000000,1622.250000,2512.000000,588.600000,2801.700000,30
DSQ,candidate,2021-06,2021-07,1,2021-07-01,warmup,1556.449220,1047.314265,2207.069639,839.320133,2467.322737,30
DSQ,baseline_a,2021-06,2021-09,3,2021-07-01,warmup,1308.000000,827.833333,1755.000000,377.233333,2004.200000,28
DSQ,baseline_b,2021-06,2021-09,3,2021-07-01,warmup,851.000000,627.750000,1339.000000,0.000000,1798.300000,28
DSQ,candidate,2021-06,2021-09,3,2021-07-01,warmup,1395.455457,977.046394,1934.232151,792.561914,2320.926237,28
DSQ,baseline_a,2021-07,2021-08,1,2021-08-01,warmup,1293.333333,751.166667,1918.166667,442.000000,2164.333333,31
DSQ,baseline_b,2021-07,2021-08,1,2021-08-01,warmup,820.000000,594.500000,1406.000000,0.000000,1782.000000,31
DSQ,candidate,2021-07,2021-08,1,2021-08-01,warmup,1537.038442,976.126039,2184.134471,821.031075,2447.616823,31
DSQ,baseline_a,2021-07,2021-10,3,2021-08-01,warmup,1293.333333,760.666667,1732.000000,396.266667,1988.133333,29
DSQ,baseline_b,2021-07,2021-10,3,2021-08-01,warmup,1758.000000,1528.000000,2148.000000,482.200000,2703.200000,29
DSQ,candidate,2021-07,2021-10,3,2021-08-01,warmup,1397.986200,993.545600,1905.971090,802.285632,2318.044733,29
DSQ,baseline_a,2021-08,2021-09,1,2021-09-01,warmup,1404.000000,866.416667,2012.250000,563.633333,2265.533333,32
DSQ,baseline_b,2021-08,2021-09,1,2021-09-01,warmup,851.000000,627.750000,1351.750000,0.000000,1810.900000,32
DSQ,candidate,2021-08,2021-09,1,2021-09-01,warmup,1190.365856,643.221862,1833.937494,482.660647,2098.039890,32
DSQ,baseline_a,2021-08,2021-11,3,2021-09-01,warmup,1404.000000,888.833333,1825.250000,540.633333,2097.400000,30
DSQ,baseline_b,2021-08,2021-11,3,2021-09-01,warmup,841.000000,613.250000,1243.750000,0.000000,1784.100000,30
DSQ,candidate,2021-08,2021-11,3,2021-09-01,warmup,1652.247907,1247.874099,2123.129041,1063.740315,2566.894192,30
DSQ,baseline_a,2021-09,2021-10,1,2021-10-01,warmup,1054.000000,521.000000,1645.666667,224.600000,1906.066667,33
DSQ,baseline_b,2021-09,2021-10,1,2021-10-01,warmup,1758.000000,1537.000000,2165.000000,623.600000,2715.800000,33
DSQ,candidate,2021-09,2021-10,1,2021-10-01,warmup,1295.061996,761.686410,1935.109243,595.658945,2199.831683,33
DSQ,baseline_a,2021-09,2021-12,3,2021-10-01,warmup,1054.000000,556.333333,1457.833333,224.333333,1746.000000,31
DSQ,baseline_b,2021-09,2021-12,3,2021-10-01,warmup,1172.000000,946.500000,1570.500000,0.000000,2113.000000,31
DSQ,candidate,2021-09,2021-12,3,2021-10-01,warmup,1206.357825,789.909796,1640.135203,625.043209,2115.591862,31
DSQ,baseline_a,2021-10,2021-11,1,2021-11-01,warmup,1396.666667,885.083333,2038.083333,578.233333,2317.366667,34
DSQ,baseline_b,2021-10,2021-11,1,2021-11-01,warmup,841.000000,635.250000,1243.750000,0.000000,1796.700000,34
DSQ,candidate,2021-10,2021-11,1,2021-11-01,warmup,1688.726403,1179.591449,2339.346823,997.625512,2590.591744,34
DSQ,baseline_a,2021-10,2022-01,3,2021-11-01,development,1396.666667,916.500000,1843.666667,578.766667,2098.266667,32
DSQ,baseline_b,2021-10,2022-01,3,2021-11-01,development,858.000000,634.750000,1252.250000,0.000000,1793.700000,32
DSQ,candidate,2021-10,2022-01,3,2021-11-01,development,1161.708247,751.263933,1692.200365,586.512331,2055.339915,32
DSQ,baseline_a,2021-11,2021-12,1,2021-12-01,warmup,1333.000000,842.833333,1957.833333,525.533333,2246.600000,35
DSQ,baseline_b,2021-11,2021-12,1,2021-12-01,warmup,1172.000000,981.500000,1570.500000,106.200000,2125.600000,35
DSQ,candidate,2021-11,2021-12,1,2021-12-01,warmup,1223.039447,662.127044,1870.135476,532.344465,2122.000441,35
DSQ,baseline_a,2021-11,2022-02,3,2021-12-01,development,1333.000000,870.333333,1771.666667,526.866667,2033.533333,33
DSQ,baseline_b,2021-11,2022-02,3,2021-12-01,development,1828.000000,1607.000000,2218.000000,693.600000,2758.400000,33
DSQ,candidate,2021-11,2022-02,3,2021-12-01,development,1722.192113,1293.736656,2230.177004,1112.930865,2600.221411,33
DSQ,baseline_a,2021-12,2022-01,1,2022-01-01,development,1348.333333,879.583333,1956.583333,551.833333,2254.833333,36
DSQ,baseline_b,2021-12,2022-01,1,2022-01-01,development,858.000000,682.750000,1252.250000,0.000000,1809.500000,36
DSQ,candidate,2021-12,2022-01,1,2022-01-01,development,1037.522257,490.378263,1681.093895,353.155372,1933.578905,36
DSQ,baseline_a,2021-12,2022-03,3,2022-01-01,development,1348.333333,903.583333,1769.583333,553.966667,2047.800000,34
DSQ,baseline_b,2021-12,2022-03,3,2022-01-01,development,1949.000000,1743.250000,2328.500000,848.900000,2874.100000,34
DSQ,candidate,2021-12,2022-03,3,2022-01-01,development,1341.471400,919.019657,1812.352534,735.703480,2203.898328,34
DSQ,baseline_a,2022-01,2022-02,1,2022-02-01,development,1036.333333,567.583333,1644.583333,239.833333,1942.833333,36
DSQ,baseline_b,2022-01,2022-02,1,2022-02-01,development,1828.000000,1652.750000,2222.250000,796.500000,2779.500000,36
DSQ,candidate,2022-01,2022-02,1,2022-02-01,development,1671.389889,1124.245895,2314.961527,987.023004,2567.446537,36
DSQ,baseline_a,2022-01,2022-04,3,2022-02-01,development,1036.333333,609.500000,1440.166667,253.733333,1734.733333,35
DSQ,baseline_b,2022-01,2022-04,3,2022-02-01,development,1012.000000,821.500000,1381.000000,0.000000,1931.800000,35
DSQ,candidate,2022-01,2022-04,3,2022-02-01,development,1161.320275,744.872246,1595.097653,559.045684,2008.144834,35
DSQ,baseline_a,2022-02,2022-03,1,2022-03-01,development,1623.666667,1154.916667,2231.916667,827.166667,2530.166667,36
DSQ,baseline_b,2022-02,2022-03,1,2022-03-01,development,1949.000000,1773.750000,2343.250000,917.500000,2900.500000,36
DSQ,candidate,2022-02,2022-03,1,2022-03-01,development,1441.586879,894.442884,2085.158516,757.219993,2337.643526,36
DSQ,baseline_a,2022-02,2022-05,3,2022-03-01,development,1623.666667,1214.750000,2070.666667,852.833333,2328.000000,36
DSQ,baseline_b,2022-02,2022-05,3,2022-03-01,development,895.000000,719.750000,1289.250000,0.000000,1846.500000,36
DSQ,candidate,2022-02,2022-05,3,2022-03-01,development,998.311878,587.867563,1528.803996,399.530617,1934.607154,36
DSQ,baseline_a,2022-03,2022-04,1,2022-04-01,development,2123.666667,1684.083333,2782.916667,1402.166667,3039.333333,36
DSQ,baseline_b,2022-03,2022-04,1,2022-04-01,development,1012.000000,836.750000,1458.250000,0.000000,1963.500000,36
DSQ,candidate,2022-03,2022-04,1,2022-04-01,development,1353.885954,893.232262,2019.729063,711.029862,2265.940017,36
DSQ,baseline_a,2022-03,2022-06,3,2022-04-01,development,2123.666667,1738.666667,2624.083333,1352.833333,2840.500000,36
DSQ,baseline_b,2022-03,2022-06,3,2022-04-01,development,2017.000000,1841.750000,2463.250000,985.500000,2968.500000,36
DSQ,candidate,2022-03,2022-06,3,2022-04-01,development,1439.678956,1029.234642,2045.977332,840.897695,2407.612867,36
DSQ,baseline_a,2022-04,2022-05,1,2022-05-01,development,2108.666667,1639.916667,2767.916667,1312.166667,3024.333333,36
DSQ,baseline_b,2022-04,2022-05,1,2022-05-01,development,895.000000,719.750000,1289.250000,0.000000,1809.500000,36
DSQ,candidate,2022-04,2022-05,1,2022-05-01,development,1055.343382,594.689689,1698.915020,412.487290,1967.397445,36
DSQ,baseline_a,2022-04,2022-07,3,2022-05-01,development,2108.666667,1723.666667,2555.666667,1337.833333,2823.833333,36
DSQ,baseline_b,2022-04,2022-07,3,2022-05-01,development,968.000000,792.750000,1362.250000,0.000000,1882.500000,36
DSQ,candidate,2022-04,2022-07,3,2022-05-01,development,1532.940148,1122.495833,2063.432265,934.158886,2469.235423,36
DSQ,baseline_a,2022-05,2022-06,1,2022-06-01,development,1482.666667,1013.916667,2141.916667,686.166667,2398.333333,36
DSQ,baseline_b,2022-05,2022-06,1,2022-06-01,development,2017.000000,1841.750000,2411.250000,985.500000,2931.500000,36
DSQ,candidate,2022-05,2022-06,1,2022-06-01,development,1358.226925,958.783096,2001.798563,715.370833,2270.280988,36
DSQ,baseline_a,2022-05,2022-08,3,2022-06-01,development,1482.666667,1097.666667,1929.666667,774.833333,2197.833333,36
DSQ,baseline_b,2022-05,2022-08,3,2022-06-01,development,1227.000000,1051.750000,1621.250000,195.500000,2141.500000,36
DSQ,candidate,2022-05,2022-08,3,2022-06-01,development,1601.623625,1197.383402,2132.115743,1033.435865,2537.918901,36
DSQ,baseline_a,2022-06,2022-07,1,2022-07-01,development,1216.000000,755.000000,1875.250000,419.500000,2131.666667,36
DSQ,baseline_b,2022-06,2022-07,1,2022-07-01,development,968.000000,744.750000,1362.250000,0.000000,1882.500000,36
DSQ,candidate,2022-06,2022-07,1,2022-07-01,development,1539.369963,1188.425309,2182.941600,896.513870,2451.424025,36
DSQ,baseline_a,2022-06,2022-09,3,2022-07-01,development,1216.000000,831.000000,1663.000000,550.000000,1931.166667,36
DSQ,baseline_b,2022-06,2022-09,3,2022-07-01,development,967.000000,743.750000,1361.250000,0.000000,1881.500000,36
DSQ,candidate,2022-06,2022-09,3,2022-07-01,development,1319.257305,932.240832,1849.749422,799.297444,2255.552580,36
DSQ,baseline_a,2022-07,2022-08,1,2022-08-01,development,1190.000000,729.000000,1849.250000,393.500000,2105.666667,36
DSQ,baseline_b,2022-07,2022-08,1,2022-08-01,development,1227.000000,1003.750000,1585.500000,195.500000,2141.500000,36
DSQ,candidate,2022-07,2022-08,1,2022-08-01,development,1573.508257,1136.055388,2146.374022,930.652165,2485.562320,36
DSQ,baseline_a,2022-07,2022-10,3,2022-08-01,development,1190.000000,805.000000,1637.000000,524.000000,1905.166667,36
DSQ,baseline_b,2022-07,2022-10,3,2022-08-01,development,1996.000000,1772.750000,2354.500000,964.500000,2910.500000,36
DSQ,candidate,2022-07,2022-10,3,2022-08-01,development,1501.969464,1097.729241,2032.461582,943.935584,2438.264740,36
DSQ,baseline_a,2022-08,2022-09,1,2022-09-01,development,1259.666667,798.666667,1867.916667,463.166667,2139.833333,36
DSQ,baseline_b,2022-08,2022-09,1,2022-09-01,development,967.000000,743.750000,1232.500000,0.000000,1802.000000,36
DSQ,candidate,2022-08,2022-09,1,2022-09-01,development,1183.450785,702.957287,1665.607443,540.594692,2080.983114,36
DSQ,baseline_a,2022-08,2022-11,3,2022-09-01,development,1259.666667,874.666667,1646.083333,593.666667,1957.000000,36
DSQ,baseline_b,2022-08,2022-11,3,2022-09-01,development,1036.000000,812.750000,1301.500000,4.500000,1871.000000,36
DSQ,candidate,2022-08,2022-11,3,2022-09-01,development,1498.433074,1087.988759,1895.106696,940.399194,2356.716502,36
DSQ,baseline_a,2022-09,2022-10,1,2022-10-01,development,1171.333333,710.333333,1779.583333,374.833333,2051.500000,36
DSQ,baseline_b,2022-09,2022-10,1,2022-10-01,development,1996.000000,1772.750000,2261.500000,964.500000,2722.000000,36
DSQ,candidate,2022-09,2022-10,1,2022-10-01,development,1461.549674,981.056177,1907.871870,818.693582,2359.082004,36
DSQ,baseline_a,2022-09,2022-12,3,2022-10-01,development,1171.333333,786.333333,1532.500000,505.333333,1868.666667,36
DSQ,baseline_b,2022-09,2022-12,3,2022-10-01,development,1013.000000,789.750000,1278.500000,0.000000,1739.000000,36
DSQ,candidate,2022-09,2022-12,3,2022-10-01,development,1216.875344,806.431030,1553.988744,658.841464,2075.158772,36
DSQ,baseline_a,2022-10,2022-11,1,2022-11-01,development,1113.000000,696.750000,1721.250000,391.500000,1993.166667,36
DSQ,baseline_b,2022-10,2022-11,1,2022-11-01,development,1036.000000,812.750000,1301.500000,0.000000,1762.000000,36
DSQ,candidate,2022-10,2022-11,1,2022-11-01,development,1437.360141,956.866643,1883.682336,794.504048,2334.892471,36
DSQ,baseline_a,2022-10,2023-01,3,2022-11-01,development,1113.000000,717.083333,1474.166667,447.000000,1810.333333,36
DSQ,baseline_b,2022-10,2023-01,3,2022-11-01,development,1060.000000,836.750000,1325.500000,0.000000,1786.000000,36
DSQ,candidate,2022-10,2023-01,3,2022-11-01,development,975.117341,564.673026,1312.230741,369.023314,1833.400769,36
DSQ,baseline_a,2022-11,2022-12,1,2022-12-01,development,999.666667,583.416667,1513.083333,278.166667,1879.833333,36
DSQ,baseline_b,2022-11,2022-12,1,2022-12-01,development,1013.000000,778.750000,1224.000000,0.000000,1739.000000,36
DSQ,candidate,2022-11,2022-12,1,2022-12-01,development,1017.572084,425.642678,1386.553293,367.028811,1915.104413,36
DSQ,baseline_a,2022-11,2023-02,3,2022-12-01,development,999.666667,584.666667,1257.500000,333.666667,1684.666667,36
DSQ,baseline_b,2022-11,2023-02,3,2022-12-01,development,2798.000000,2563.750000,3009.000000,1579.500000,3524.000000,36
DSQ,candidate,2022-11,2023-02,3,2022-12-01,development,1461.772762,1022.275263,1783.535112,827.026622,2320.056189,36
DSQ,baseline_a,2022-12,2023-01,1,2023-01-01,development,820.333333,418.750000,1333.750000,168.333333,1700.500000,36
DSQ,baseline_b,2022-12,2023-01,1,2023-01-01,development,1060.000000,832.500000,1271.000000,0.000000,1786.000000,36
DSQ,candidate,2022-12,2023-01,1,2023-01-01,development,860.273947,379.780449,1229.255156,219.600986,1757.806277,36
DSQ,baseline_a,2022-12,2023-03,3,2023-01-01,development,820.333333,424.416667,1078.166667,239.833333,1505.333333,36
DSQ,baseline_b,2022-12,2023-03,3,2023-01-01,development,2513.000000,2285.500000,2724.000000,1294.500000,3239.000000,36
DSQ,candidate,2022-12,2023-03,3,2023-01-01,development,1133.001062,722.556748,1454.763412,526.907035,1991.284490,36
DSQ,baseline_a,2023-01,2023-02,1,2023-02-01,development,871.333333,501.083333,1384.750000,219.333333,1751.500000,36
DSQ,baseline_b,2023-01,2023-02,1,2023-02-01,development,2798.000000,2617.000000,3009.000000,1579.500000,3524.000000,36
DSQ,candidate,2023-01,2023-02,1,2023-02-01,development,1443.496182,1042.028553,1812.477391,802.823221,2341.028511,36
DSQ,baseline_a,2023-01,2023-04,3,2023-02-01,development,871.333333,486.333333,1129.166667,369.666667,1556.333333,36
DSQ,baseline_b,2023-01,2023-04,3,2023-02-01,development,1015.000000,834.000000,1226.000000,0.000000,1741.000000,36
DSQ,candidate,2023-01,2023-04,3,2023-02-01,development,869.498918,465.258695,1191.261269,311.465038,1727.782346,36
DSQ,baseline_a,2023-02,2023-03,1,2023-03-01,development,1076.333333,706.083333,1623.750000,424.333333,1956.500000,36
DSQ,baseline_b,2023-02,2023-03,1,2023-03-01,development,2513.000000,2332.000000,2724.000000,1294.500000,3239.000000,36
DSQ,candidate,2023-02,2023-03,1,2023-03-01,development,1143.112755,741.645126,1512.093964,502.439794,2040.645085,36
DSQ,baseline_a,2023-02,2023-05,3,2023-03-01,development,1076.333333,691.333333,1428.916667,574.666667,1761.333333,36
DSQ,baseline_b,2023-02,2023-05,3,2023-03-01,development,920.000000,739.000000,1131.000000,0.000000,1646.000000,36
DSQ,candidate,2023-02,2023-05,3,2023-03-01,development,671.621542,267.381319,993.383893,113.587662,1529.904970,36
DSQ,baseline_a,2023-03,2023-04,1,2023-04-01,development,1010.000000,636.250000,1315.916667,358.000000,1890.166667,36
DSQ,baseline_b,2023-03,2023-04,1,2023-04-01,development,1015.000000,753.750000,1211.750000,0.000000,1537.500000,36
DSQ,candidate,2023-03,2023-04,1,2023-04-01,development,794.313471,359.101841,1101.732507,153.640510,1691.845801,36
DSQ,baseline_a,2023-03,2023-06,3,2023-04-01,development,1010.000000,625.000000,1267.833333,508.333333,1695.000000,36
DSQ,baseline_b,2023-03,2023-06,3,2023-04-01,development,1713.000000,1451.750000,1909.750000,399.000000,2235.500000,36
DSQ,candidate,2023-03,2023-06,3,2023-04-01,development,785.695067,376.864351,1070.470974,227.661187,1643.978495,36
DSQ,baseline_a,2023-04,2023-05,1,2023-05-01,development,1153.333333,791.500000,1537.750000,536.166667,2033.500000,36
DSQ,baseline_b,2023-04,2023-05,1,2023-05-01,development,920.000000,739.000000,1131.000000,0.000000,1442.500000,36
DSQ,candidate,2023-04,2023-05,1,2023-05-01,development,662.603633,264.234879,1066.301423,34.983893,1560.135962,36
DSQ,baseline_a,2023-04,2023-07,3,2023-05-01,development,1153.333333,781.583333,1505.916667,651.666667,1838.333333,36
DSQ,baseline_b,2023-04,2023-07,3,2023-05-01,development,937.000000,756.000000,1148.000000,0.000000,1459.500000,36
DSQ,candidate,2023-04,2023-07,3,2023-05-01,development,876.378595,467.547880,1198.140946,318.344715,1734.662023,36
DSQ,baseline_a,2023-05,2023-06,1,2023-06-01,development,988.666667,634.250000,1373.083333,503.666667,1868.833333,36
DSQ,baseline_b,2023-05,2023-06,1,2023-06-01,development,1713.000000,1532.000000,1924.000000,399.000000,2235.500000,36
DSQ,candidate,2023-05,2023-06,1,2023-06-01,development,928.552603,566.359948,1332.250393,300.932864,1826.084932,36
DSQ,baseline_a,2023-05,2023-08,3,2023-06-01,development,988.666667,630.916667,1341.250000,487.000000,1673.666667,36
DSQ,baseline_b,2023-05,2023-08,3,2023-06-01,development,1129.000000,948.000000,1340.000000,0.000000,1651.500000,36
DSQ,candidate,2023-05,2023-08,3,2023-06-01,development,1007.092219,598.261503,1328.854569,449.058339,1865.375647,36
DSQ,baseline_a,2023-06,2023-07,1,2023-07-01,development,1160.333333,805.916667,1544.750000,675.333333,2040.500000,36
DSQ,baseline_b,2023-06,2023-07,1,2023-07-01,development,937.000000,675.750000,1148.000000,0.000000,1459.500000,36
DSQ,candidate,2023-06,2023-07,1,2023-07-01,development,957.884649,595.691994,1361.582439,330.264909,1855.416978,36
DSQ,baseline_a,2023-06,2023-09,3,2023-07-01,development,1160.333333,806.500000,1512.916667,711.000000,1845.333333,36
DSQ,baseline_b,2023-06,2023-09,3,2023-07-01,development,1448.000000,1186.750000,1659.000000,134.000000,1970.500000,36
DSQ,candidate,2023-06,2023-09,3,2023-07-01,development,898.054239,489.223524,1255.351406,340.020359,1756.337667,36
DSQ,baseline_a,2023-07,2023-08,1,2023-08-01,development,1327.666667,973.250000,1712.083333,842.666667,2129.000000,36
DSQ,baseline_b,2023-07,2023-08,1,2023-08-01,development,1129.000000,867.750000,1390.000000,0.000000,1855.000000,36
DSQ,candidate,2023-07,2023-08,1,2023-08-01,development,1131.125559,768.932905,1534.823350,503.505820,2032.448108,36
DSQ,baseline_a,2023-07,2023-10,3,2023-08-01,development,1327.666667,973.833333,1748.916667,878.333333,2020.500000,36
DSQ,baseline_b,2023-07,2023-10,3,2023-08-01,development,762.000000,500.750000,1023.000000,0.000000,1488.000000,36
DSQ,candidate,2023-07,2023-10,3,2023-08-01,development,1118.571990,709.741274,1567.675960,560.538110,2085.560949,36
DSQ,baseline_a,2023-08,2023-09,1,2023-09-01,development,1360.000000,1011.583333,1744.416667,875.000000,2161.333333,36
DSQ,baseline_b,2023-08,2023-09,1,2023-09-01,development,1448.000000,1267.000000,1709.000000,401.000000,2174.000000,36
DSQ,candidate,2023-08,2023-09,1,2023-09-01,development,977.367679,660.117359,1381.065469,359.689807,1878.690227,36
DSQ,baseline_a,2023-08,2023-11,3,2023-09-01,development,1360.000000,1006.166667,1781.250000,910.666667,2052.833333,36
DSQ,baseline_b,2023-08,2023-11,3,2023-09-01,development,789.000000,608.000000,1050.000000,0.000000,1515.000000,36
DSQ,candidate,2023-08,2023-11,3,2023-09-01,development,1190.067764,858.801105,1639.171734,632.033883,2157.056723,36
DSQ,baseline_a,2023-09,2023-10,1,2023-10-01,development,1231.000000,869.166667,1615.416667,704.000000,2032.333333,36
DSQ,baseline_b,2023-09,2023-10,1,2023-10-01,development,762.000000,581.000000,1023.000000,0.000000,1488.000000,36
DSQ,candidate,2023-09,2023-10,1,2023-10-01,development,1075.954038,758.703718,1479.651828,458.276166,1977.276586,36
DSQ,baseline_a,2023-09,2023-12,3,2023-10-01,development,1231.000000,877.166667,1652.250000,781.666667,1923.833333,36
DSQ,baseline_b,2023-09,2023-12,3,2023-10-01,development,910.000000,729.000000,1171.000000,0.000000,1636.000000,36
DSQ,candidate,2023-09,2023-12,3,2023-10-01,development,982.940631,651.673973,1432.044601,424.906751,1949.929590,36
DSQ,baseline_a,2023-10,2023-11,1,2023-11-01,development,1030.333333,668.500000,1292.083333,503.333333,1831.666667,36
DSQ,baseline_b,2023-10,2023-11,1,2023-11-01,development,789.000000,608.000000,1050.000000,0.000000,1312.500000,36
DSQ,candidate,2023-10,2023-11,1,2023-11-01,development,1181.460064,864.209744,1493.238881,563.782192,2082.782612,36
DSQ,baseline_a,2023-10,2024-01,3,2023-11-01,unscored,1030.333333,676.500000,1305.416667,581.000000,1723.166667,36
DSQ,baseline_b,2023-10,2024-01,3,2023-11-01,unscored,915.000000,734.000000,1176.000000,0.000000,1438.500000,36
DSQ,candidate,2023-10,2024-01,3,2023-11-01,unscored,943.121802,611.855144,1300.418969,385.087922,1910.110762,36
DSQ,baseline_a,2023-11,2023-12,1,2023-12-01,development,952.333333,590.500000,1214.083333,425.333333,1753.666667,36
DSQ,baseline_b,2023-11,2023-12,1,2023-12-01,development,910.000000,761.500000,1171.000000,175.500000,1433.500000,36
DSQ,candidate,2023-11,2023-12,1,2023-12-01,development,952.488310,635.237990,1264.267127,357.078719,1853.810859,36
DSQ,baseline_a,2023-11,2024-02,3,2023-12-01,unscored,952.333333,595.083333,1227.416667,423.500000,1645.166667,36
DSQ,baseline_b,2023-11,2024-02,3,2023-12-01,unscored,1404.000000,1255.500000,1665.000000,669.500000,1927.500000,36
DSQ,candidate,2023-11,2024-02,3,2023-12-01,unscored,1514.984052,1183.717394,1872.281218,980.702166,2481.973011,36
DSQ,baseline_a,2023-12,2024-01,1,2024-01-01,locked,950.333333,588.500000,1212.083333,423.333333,1751.666667,36
DSQ,baseline_b,2023-12,2024-01,1,2024-01-01,locked,915.000000,766.500000,1126.000000,180.500000,1438.500000,36
DSQ,candidate,2023-12,2024-01,1,2024-01-01,locked,868.107299,550.856979,1179.886116,272.697708,1769.429847,36
DSQ,baseline_a,2023-12,2024-03,3,2024-01-01,locked,950.333333,576.583333,1225.416667,421.500000,1643.166667,36
DSQ,baseline_b,2023-12,2024-03,3,2024-01-01,locked,711.000000,562.500000,922.000000,0.000000,1234.500000,36
DSQ,candidate,2023-12,2024-03,3,2024-01-01,locked,1142.057747,810.791089,1457.124763,607.775861,2109.046707,36
DSQ,baseline_a,2024-01,2024-02,1,2024-02-01,locked,846.666667,501.500000,1108.416667,319.666667,1648.000000,36
DSQ,baseline_b,2024-01,2024-02,1,2024-02-01,locked,1404.000000,1255.500000,1615.000000,669.500000,1927.500000,36
DSQ,candidate,2024-01,2024-02,1,2024-02-01,locked,1491.042831,1173.792511,1802.821648,895.633240,2392.365379,36
DSQ,baseline_a,2024-01,2024-04,3,2024-02-01,locked,846.666667,472.916667,1121.750000,317.833333,1539.500000,36
DSQ,baseline_b,2024-01,2024-04,3,2024-02-01,locked,1345.000000,1196.500000,1556.000000,610.500000,1868.500000,36
DSQ,candidate,2024-01,2024-04,3,2024-02-01,locked,1002.738917,671.472259,1317.805933,468.457031,1969.727877,36
DSQ,baseline_a,2024-02,2024-03,1,2024-03-01,locked,1040.666667,695.500000,1302.416667,513.666667,1749.833333,36
DSQ,baseline_b,2024-02,2024-03,1,2024-03-01,locked,711.000000,562.500000,922.000000,0.000000,1234.500000,36
DSQ,candidate,2024-02,2024-03,1,2024-03-01,locked,1142.711847,825.461527,1415.485607,547.302255,2044.034395,36
DSQ,baseline_a,2024-02,2024-05,3,2024-03-01,locked,1040.666667,666.916667,1315.333333,511.833333,1733.500000,36
DSQ,baseline_b,2024-02,2024-05,3,2024-03-01,locked,910.000000,761.500000,1121.000000,175.500000,1433.500000,36
DSQ,candidate,2024-02,2024-05,3,2024-03-01,locked,767.863145,436.596487,1014.977250,233.581259,1734.852105,36
DSQ,baseline_a,2024-03,2024-04,1,2024-04-01,locked,1028.666667,683.500000,1260.750000,501.666667,1737.833333,36
DSQ,baseline_b,2024-03,2024-04,1,2024-04-01,locked,1345.000000,1196.500000,1556.000000,610.500000,1868.500000,36
DSQ,candidate,2024-03,2024-04,1,2024-04-01,locked,953.191097,612.598670,1204.875676,357.781506,1748.217775,36
DSQ,baseline_a,2024-03,2024-06,3,2024-04-01,locked,1028.666667,654.916667,1248.666667,499.833333,1612.333333,36
DSQ,baseline_b,2024-03,2024-06,3,2024-04-01,locked,1226.000000,1077.500000,1437.000000,491.500000,1749.500000,36
DSQ,candidate,2024-03,2024-06,3,2024-04-01,locked,976.232950,616.329489,1132.384586,441.951063,1756.918107,36
DSQ,baseline_a,2024-04,2024-05,1,2024-05-01,locked,1125.666667,797.666667,1357.750000,646.666667,1834.833333,36
DSQ,baseline_b,2024-04,2024-05,1,2024-05-01,locked,910.000000,761.500000,1121.000000,175.500000,1433.500000,36
DSQ,candidate,2024-04,2024-05,1,2024-05-01,locked,748.915429,408.323002,1015.279566,153.505837,1543.942106,36
DSQ,baseline_a,2024-04,2024-07,3,2024-05-01,locked,1125.666667,751.916667,1394.250000,596.833333,1709.333333,36
DSQ,baseline_b,2024-04,2024-07,3,2024-05-01,locked,1847.000000,1698.500000,2058.000000,1112.500000,2370.500000,36
DSQ,candidate,2024-04,2024-07,3,2024-05-01,locked,1057.045623,697.142163,1283.336050,522.763736,1837.730780,36
DSQ,baseline_a,2024-05,2024-06,1,2024-06-01,locked,1419.666667,1098.166667,1681.416667,996.500000,2230.166667,36
DSQ,baseline_b,2024-05,2024-06,1,2024-06-01,locked,1226.000000,1077.500000,1487.000000,491.500000,1963.000000,36
DSQ,candidate,2024-05,2024-06,1,2024-06-01,locked,1128.765362,788.172935,1406.983888,533.355771,2063.508469,36
DSQ,baseline_a,2024-05,2024-08,3,2024-06-01,locked,1419.666667,1062.416667,1804.083333,890.833333,2117.833333,36
DSQ,baseline_b,2024-05,2024-08,3,2024-06-01,locked,1007.000000,858.500000,1268.000000,272.500000,1744.000000,36
DSQ,candidate,2024-05,2024-08,3,2024-06-01,locked,1258.666695,898.763235,1505.780799,724.384808,2225.655654,36
DSQ,baseline_a,2024-06,2024-07,1,2024-07-01,locked,1506.333333,1178.333333,1738.416667,1083.166667,2294.333333,36
DSQ,baseline_b,2024-06,2024-07,1,2024-07-01,locked,1847.000000,1685.500000,2058.000000,1112.500000,2370.500000,36
DSQ,candidate,2024-06,2024-07,1,2024-07-01,locked,1221.116845,880.524418,1487.480982,625.707253,2016.143522,36
DSQ,baseline_a,2024-06,2024-09,3,2024-07-01,locked,1506.333333,1149.083333,1774.916667,977.500000,2204.500000,36
DSQ,baseline_b,2024-06,2024-09,3,2024-07-01,locked,839.000000,677.500000,1050.000000,104.500000,1362.500000,36
DSQ,candidate,2024-06,2024-09,3,2024-07-01,locked,1074.243180,714.339720,1300.533607,539.961294,1858.560783,36
DSQ,baseline_a,2024-07,2024-08,1,2024-08-01,locked,1517.333333,1195.833333,1749.416667,1094.166667,2305.333333,36
DSQ,baseline_b,2024-07,2024-08,1,2024-08-01,locked,1007.000000,845.500000,1218.000000,408.000000,1530.500000,36
DSQ,candidate,2024-07,2024-08,1,2024-08-01,locked,1250.714626,933.464306,1517.078762,727.275516,2045.741303,36
DSQ,baseline_a,2024-07,2024-10,3,2024-08-01,locked,1517.333333,1173.166667,1785.916667,1068.000000,2215.500000,36
DSQ,baseline_b,2024-07,2024-10,3,2024-08-01,locked,1245.000000,1083.500000,1456.000000,646.000000,1768.500000,36
DSQ,candidate,2024-07,2024-10,3,2024-08-01,locked,1248.464591,932.043646,1474.755018,714.182704,2032.782193,36
DSQ,baseline_a,2024-08,2024-09,1,2024-09-01,locked,1049.666667,716.500000,1281.750000,570.666667,1837.666667,36
DSQ,baseline_b,2024-08,2024-09,1,2024-09-01,locked,839.000000,669.000000,1035.750000,240.000000,1362.500000,36
DSQ,candidate,2024-08,2024-09,1,2024-09-01,locked,1033.502088,692.909661,1299.866225,510.062978,1828.528766,36
DSQ,baseline_a,2024-08,2024-11,3,2024-09-01,locked,1049.666667,692.416667,1318.250000,521.500000,1747.833333,36
DSQ,baseline_b,2024-08,2024-11,3,2024-09-01,locked,773.000000,603.000000,969.750000,174.000000,1296.500000,36
DSQ,candidate,2024-08,2024-11,3,2024-09-01,locked,1174.363339,811.303088,1400.653766,640.081452,1958.680941,36
DSQ,baseline_a,2024-09,2024-10,1,2024-10-01,locked,978.000000,656.500000,1210.083333,512.833333,1766.000000,36
DSQ,baseline_b,2024-09,2024-10,1,2024-10-01,locked,1245.000000,1075.000000,1441.750000,646.000000,1768.500000,36
DSQ,candidate,2024-09,2024-10,1,2024-10-01,locked,1154.426762,813.834335,1420.790899,630.987652,1949.453439,36
DSQ,baseline_a,2024-09,2024-12,3,2024-10-01,locked,978.000000,602.500000,1246.583333,391.666667,1676.166667,36
DSQ,baseline_b,2024-09,2024-12,3,2024-10-01,locked,833.000000,663.000000,1029.750000,234.000000,1356.500000,36
DSQ,candidate,2024-09,2024-12,3,2024-10-01,locked,984.439717,668.018772,1210.730143,450.157830,1768.757319,36
DSQ,baseline_a,2024-10,2024-11,1,2024-11-01,locked,833.666667,512.166667,1038.500000,368.500000,1443.333333,36
DSQ,baseline_b,2024-10,2024-11,1,2024-11-01,locked,773.000000,581.500000,886.250000,174.000000,1296.500000,36
DSQ,candidate,2024-10,2024-11,1,2024-11-01,locked,1106.482784,765.890357,1358.167363,583.043674,1826.383724,36
DSQ,baseline_a,2024-10,2025-01,3,2024-11-01,locked,833.666667,432.500000,1053.666667,208.000000,1417.333333,36
DSQ,baseline_b,2024-10,2025-01,3,2024-11-01,locked,934.000000,742.500000,1047.250000,335.000000,1457.500000,36
DSQ,candidate,2024-10,2025-01,3,2024-11-01,locked,882.216630,519.156379,1088.497684,347.934744,1605.277874,36
DSQ,baseline_a,2024-11,2024-12,1,2024-12-01,locked,878.333333,558.166667,1083.166667,413.166667,1488.000000,36
DSQ,baseline_b,2024-11,2024-12,1,2024-12-01,locked,833.000000,641.500000,946.250000,234.000000,1356.500000,36
DSQ,candidate,2024-11,2024-12,1,2024-12-01,locked,930.447584,598.656025,1182.132163,492.137078,1650.348524,36
DSQ,baseline_a,2024-11,2025-02,3,2024-12-01,locked,878.333333,477.166667,1098.333333,252.666667,1462.000000,36
DSQ,baseline_b,2024-11,2025-02,3,2024-12-01,locked,1355.000000,1163.500000,1468.250000,756.000000,1878.500000,36
DSQ,candidate,2024-11,2025-02,3,2024-12-01,locked,1441.500850,1125.079905,1647.781903,992.855690,2164.562093,36
DSQ,baseline_a,2024-12,2025-01,1,2025-01-01,locked,835.666667,539.250000,1040.500000,370.500000,1445.333333,36
DSQ,baseline_b,2024-12,2025-01,1,2025-01-01,locked,934.000000,742.500000,1047.250000,335.000000,1457.500000,36
DSQ,candidate,2024-12,2025-01,1,2025-01-01,locked,844.967458,513.175898,1096.652037,406.656952,1564.868398,36
DSQ,baseline_a,2024-12,2025-03,3,2025-01-01,locked,835.666667,434.500000,1055.666667,210.000000,1419.333333,36
DSQ,baseline_b,2024-12,2025-03,3,2025-01-01,locked,797.000000,605.500000,910.250000,198.000000,1320.500000,36
DSQ,candidate,2024-12,2025-03,3,2025-01-01,locked,1028.682647,712.261703,1234.963701,580.037488,1751.743891,36
DSQ,baseline_a,2025-01,2025-02,1,2025-02-01,locked,871.333333,581.916667,1076.166667,406.166667,1481.000000,36
DSQ,baseline_b,2025-01,2025-02,1,2025-02-01,locked,1355.000000,1163.500000,1395.250000,756.000000,1878.500000,36
DSQ,candidate,2025-01,2025-02,1,2025-02-01,locked,1405.932327,1074.140767,1657.616906,967.621821,2125.833267,36
DSQ,baseline_a,2025-01,2025-04,3,2025-02-01,locked,871.333333,470.166667,1091.333333,245.666667,1455.000000,36
DSQ,baseline_b,2025-01,2025-04,3,2025-02-01,locked,1225.000000,1033.500000,1265.250000,626.000000,1748.500000,36
DSQ,candidate,2025-01,2025-04,3,2025-02-01,locked,956.682622,640.261678,1162.963676,508.037462,1679.743866,36
DSQ,baseline_a,2025-02,2025-03,1,2025-03-01,locked,904.333333,614.916667,1100.166667,439.166667,1424.833333,36
DSQ,baseline_b,2025-02,2025-03,1,2025-03-01,locked,797.000000,539.750000,817.500000,198.000000,1279.000000,36
DSQ,candidate,2025-02,2025-03,1,2025-03-01,locked,1012.705491,673.807944,1201.339054,574.394985,1465.435293,36
DSQ,baseline_a,2025-02,2025-05,3,2025-03-01,locked,904.333333,503.166667,1099.833333,278.666667,1343.333333,36
DSQ,baseline_b,2025-02,2025-05,3,2025-03-01,locked,2237.000000,1979.750000,2257.500000,1638.000000,2719.000000,36
DSQ,candidate,2025-02,2025-05,3,2025-03-01,locked,774.927749,422.509226,921.723364,326.282589,1232.830756,36
DSQ,baseline_a,2025-03,2025-04,1,2025-04-01,locked,915.333333,625.916667,1105.500000,450.166667,1337.000000,36
DSQ,baseline_b,2025-03,2025-04,1,2025-04-01,locked,1225.000000,967.750000,1232.000000,626.000000,1630.500000,36
DSQ,candidate,2025-03,2025-04,1,2025-04-01,locked,887.253291,548.355744,994.789189,448.942785,1213.363527,36
DSQ,baseline_a,2025-03,2025-06,3,2025-04-01,locked,915.333333,514.166667,1061.750000,289.666667,1318.833333,36
DSQ,baseline_b,2025-03,2025-06,3,2025-04-01,locked,1057.000000,799.750000,1064.000000,458.000000,1462.500000,36
DSQ,candidate,2025-03,2025-06,3,2025-04-01,locked,872.421128,520.002605,999.427809,423.775968,1229.234116,36
DSQ,baseline_a,2025-04,2025-05,1,2025-05-01,locked,954.666667,691.916667,1144.833333,567.333333,1376.333333,36
DSQ,baseline_b,2025-04,2025-05,1,2025-05-01,locked,2237.000000,1979.750000,2244.000000,1638.000000,2642.500000,36
DSQ,candidate,2025-04,2025-05,1,2025-05-01,locked,754.479708,422.676554,918.801229,316.169202,1080.589944,36
DSQ,baseline_a,2025-04,2025-07,3,2025-05-01,locked,954.666667,553.500000,1135.833333,329.000000,1358.166667,36
DSQ,baseline_b,2025-04,2025-07,3,2025-05-01,locked,1258.000000,1000.750000,1265.000000,659.000000,1663.500000,36
DSQ,candidate,2025-04,2025-07,3,2025-05-01,locked,941.586920,589.168397,1068.593601,492.941760,1298.399908,36
DSQ,baseline_a,2025-05,2025-06,1,2025-06-01,locked,845.333333,594.750000,1035.500000,481.333333,1267.000000,36
DSQ,baseline_b,2025-05,2025-06,1,2025-06-01,locked,1057.000000,765.000000,1056.250000,135.500000,1462.500000,36
DSQ,candidate,2025-05,2025-06,1,2025-06-01,locked,895.958697,564.155544,1060.280219,457.648191,1222.068933,36
DSQ,baseline_a,2025-05,2025-08,3,2025-06-01,locked,845.333333,480.583333,1026.500000,259.000000,1248.833333,36
DSQ,baseline_b,2025-05,2025-08,3,2025-06-01,locked,834.000000,542.000000,833.250000,0.000000,1239.500000,36
DSQ,candidate,2025-05,2025-08,3,2025-06-01,locked,885.319345,532.900822,1012.326026,436.674185,1242.132333,36
DSQ,baseline_a,2025-06,2025-07,1,2025-07-01,locked,917.000000,666.416667,1065.083333,553.000000,1338.666667,36
DSQ,baseline_b,2025-06,2025-07,1,2025-07-01,locked,1258.000000,1000.750000,1257.250000,336.500000,1663.500000,36
DSQ,candidate,2025-06,2025-07,1,2025-07-01,locked,946.500552,614.697399,1052.461636,508.190046,1231.128702,36
DSQ,baseline_a,2025-06,2025-09,3,2025-07-01,locked,917.000000,587.583333,1098.166667,330.666667,1320.500000,36
DSQ,baseline_b,2025-06,2025-09,3,2025-07-01,locked,842.000000,584.750000,841.250000,0.000000,1247.500000,36
DSQ,candidate,2025-06,2025-09,3,2025-07-01,locked,763.778404,411.359881,865.373439,315.133244,1103.120099,36
DSQ,baseline_a,2025-07,2025-08,1,2025-08-01,locked,1026.000000,781.166667,1216.166667,662.000000,1510.166667,36
DSQ,baseline_b,2025-07,2025-08,1,2025-08-01,locked,834.000000,576.750000,841.000000,0.000000,1239.500000,36
DSQ,candidate,2025-07,2025-08,1,2025-08-01,locked,934.415288,652.779479,1098.736809,510.001597,1298.388710,36
DSQ,baseline_a,2025-07,2025-10,3,2025-08-01,locked,1026.000000,747.666667,1221.500000,497.833333,1439.333333,36
DSQ,baseline_b,2025-07,2025-10,3,2025-08-01,locked,825.000000,567.750000,832.000000,0.000000,1230.500000,36
DSQ,candidate,2025-07,2025-10,3,2025-08-01,locked,910.969003,594.548059,1037.975685,486.903360,1348.828010,36
DSQ,baseline_a,2025-08,2025-09,1,2025-09-01,locked,982.000000,731.416667,1172.166667,594.666667,1466.166667,36
DSQ,baseline_b,2025-08,2025-09,1,2025-09-01,locked,842.000000,584.750000,849.000000,0.000000,1247.500000,36
DSQ,candidate,2025-08,2025-09,1,2025-09-01,locked,771.477555,490.344615,935.799077,358.890210,1135.450978,36
DSQ,baseline_a,2025-08,2025-11,3,2025-09-01,locked,982.000000,720.000000,1177.500000,453.833333,1395.333333,36
DSQ,baseline_b,2025-08,2025-11,3,2025-09-01,locked,968.000000,710.750000,975.000000,46.500000,1373.500000,36
DSQ,candidate,2025-08,2025-11,3,2025-09-01,locked,861.187392,573.206570,988.194073,438.454565,1299.046399,36
DSQ,baseline_a,2025-09,2025-10,1,2025-10-01,locked,903.333333,647.000000,1053.250000,516.000000,1387.500000,36
DSQ,baseline_b,2025-09,2025-10,1,2025-10-01,locked,825.000000,567.750000,824.250000,0.000000,1087.500000,36
DSQ,candidate,2025-09,2025-10,1,2025-10-01,locked,850.166383,569.033443,956.127467,437.579038,1214.139805,36
DSQ,baseline_a,2025-09,2025-12,3,2025-10-01,locked,903.333333,641.333333,1084.500000,375.166667,1316.666667,36
DSQ,baseline_b,2025-09,2025-12,3,2025-10-01,locked,714.000000,456.750000,713.250000,0.000000,976.500000,36
DSQ,candidate,2025-09,2025-12,3,2025-10-01,locked,721.565572,433.584751,823.160608,298.832746,1159.424579,36
DSQ,baseline_a,2025-10,2025-11,1,2025-11-01,locked,776.666667,526.416667,926.583333,412.666667,1260.833333,36
DSQ,baseline_b,2025-10,2025-11,1,2025-11-01,locked,968.000000,736.000000,975.000000,369.000000,1230.500000,36
DSQ,candidate,2025-10,2025-11,1,2025-11-01,locked,867.593425,638.831364,1018.405315,490.507469,1231.566847,36
DSQ,baseline_a,2025-10,2026-01,3,2025-11-01,unscored,776.666667,532.583333,957.833333,248.500000,1190.000000,36
DSQ,baseline_b,2025-10,2026-01,3,2025-11-01,unscored,932.000000,700.000000,939.000000,333.000000,1194.500000,36
DSQ,candidate,2025-10,2026-01,3,2025-11-01,unscored,722.966392,443.806221,824.561427,303.431979,1160.825398,36
DSQ,baseline_a,2025-11,2025-12,1,2025-12-01,locked,780.000000,535.166667,929.916667,416.000000,1264.166667,36
DSQ,baseline_b,2025-11,2025-12,1,2025-12-01,locked,714.000000,471.750000,721.000000,115.000000,976.500000,36
DSQ,candidate,2025-11,2025-12,1,2025-12-01,locked,713.109282,488.125238,863.921172,370.787195,1077.082705,36
DSQ,baseline_a,2025-11,2026-02,3,2025-12-01,unscored,780.000000,535.916667,961.166667,288.166667,1193.333333,36
DSQ,baseline_b,2025-11,2026-02,3,2025-12-01,unscored,1067.000000,824.750000,1074.000000,468.000000,1329.500000,36
DSQ,candidate,2025-11,2026-02,3,2025-12-01,unscored,1109.881747,837.472124,1211.476783,714.097441,1547.740754,36
DSQ,baseline_a,2025-12,2026-01,1,2026-01-01,recent,791.333333,546.500000,941.250000,427.333333,1275.500000,36
DSQ,baseline_b,2025-12,2026-01,1,2026-01-01,recent,932.000000,689.750000,957.750000,333.000000,1194.500000,36
DSQ,candidate,2025-12,2026-01,1,2026-01-01,recent,695.103536,470.119491,845.915426,352.781449,1059.076958,36
DSQ,baseline_a,2025-12,2026-03,3,2026-01-01,recent,791.333333,583.250000,972.500000,299.500000,1204.666667,36
DSQ,baseline_b,2025-12,2026-03,3,2026-01-01,recent,747.000000,504.750000,772.750000,148.000000,1009.500000,36
DSQ,candidate,2025-12,2026-03,3,2026-01-01,recent,832.710589,581.960116,934.305625,436.926282,1270.569596,36
DSQ,baseline_a,2026-01,2026-02,1,2026-02-01,recent,706.000000,461.166667,855.916667,342.000000,1190.166667,36
DSQ,baseline_b,2026-01,2026-02,1,2026-02-01,recent,1067.000000,824.750000,1092.750000,468.000000,1329.500000,36
DSQ,candidate,2026-01,2026-02,1,2026-02-01,recent,1126.672756,901.688711,1277.484646,784.350669,1490.646179,36
DSQ,baseline_a,2026-01,2026-04,3,2026-02-01,recent,706.000000,503.166667,887.166667,214.166667,1119.333333,36
DSQ,baseline_b,2026-01,2026-04,3,2026-02-01,recent,1050.000000,807.750000,1075.750000,451.000000,1312.500000,36
DSQ,candidate,2026-01,2026-04,3,2026-02-01,recent,810.930889,560.180415,912.525924,415.146582,1248.789895,36
DSQ,baseline_a,2026-02,2026-03,1,2026-03-01,recent,758.000000,513.166667,892.416667,394.000000,1155.500000,36
DSQ,baseline_b,2026-02,2026-03,1,2026-03-01,recent,747.000000,504.750000,772.750000,209.000000,1009.500000,36
DSQ,candidate,2026-02,2026-03,1,2026-03-01,recent,809.118822,554.747380,959.930712,459.426520,1173.092244,36
DSQ,baseline_a,2026-02,2026-05,3,2026-03-01,recent,758.000000,555.166667,901.916667,266.166667,1170.500000,36
DSQ,baseline_b,2026-02,2026-05,3,2026-03-01,recent,739.000000,496.750000,764.750000,201.000000,1001.500000,36
DSQ,candidate,2026-02,2026-05,3,2026-03-01,recent,640.188115,367.778491,741.783150,244.403808,1078.047121,36
DSQ,baseline_a,2026-03,2026-04,1,2026-04-01,recent,750.000000,506.583333,884.416667,408.333333,1147.500000,36
DSQ,baseline_b,2026-03,2026-04,1,2026-04-01,recent,1050.000000,850.000000,1075.750000,596.500000,1312.500000,36
DSQ,candidate,2026-03,2026-04,1,2026-04-01,recent,763.152105,538.168060,913.963995,420.830017,1127.125527,36
DSQ,baseline_a,2026-03,2026-06,3,2026-04-01,recent,750.000000,547.166667,893.916667,258.166667,1162.500000,36
DSQ,baseline_b,2026-03,2026-06,3,2026-04-01,recent,962.000000,762.000000,987.750000,508.500000,1224.500000,36
DSQ,candidate,2026-03,2026-06,3,2026-04-01,recent,759.671849,508.921376,861.266885,399.892551,1197.530856,36
DSQ,baseline_a,2026-04,2026-05,1,2026-05-01,recent,807.000000,563.583333,941.416667,465.333333,1155.666667,36
DSQ,baseline_b,2026-04,2026-05,1,2026-05-01,recent,739.000000,539.000000,746.000000,285.500000,922.500000,36
DSQ,candidate,2026-04,2026-05,1,2026-05-01,recent,643.301555,418.317511,790.638742,300.979468,927.929705,36
DSQ,baseline_a,2026-04,2026-07,3,2026-05-01,recent,807.000000,604.166667,950.916667,315.166667,1197.500000,36
DSQ,baseline_b,2026-04,2026-07,3,2026-05-01,recent,1377.000000,1177.000000,1384.000000,923.500000,1560.500000,36
DSQ,candidate,2026-04,2026-07,3,2026-05-01,recent,850.282846,599.532373,945.538157,490.503547,1187.178615,36
DSQ,baseline_a,2026-05,2026-06,1,2026-06-01,recent,778.000000,555.333333,912.416667,436.333333,1126.666667,36
DSQ,baseline_b,2026-05,2026-06,1,2026-06-01,recent,962.000000,762.000000,969.000000,508.500000,1145.500000,36
DSQ,candidate,2026-05,2026-06,1,2026-06-01,recent,783.438109,558.454064,885.420920,441.116022,1068.066259,36
DSQ,baseline_a,2026-05,2026-08,3,2026-06-01,recent,778.000000,575.166667,921.916667,286.166667,1168.500000,36
DSQ,baseline_b,2026-05,2026-08,3,2026-06-01,recent,607.000000,407.000000,614.000000,153.500000,790.500000,36
DSQ,candidate,2026-05,2026-08,3,2026-06-01,recent,754.315463,503.564989,844.828961,394.536164,1083.152544,36
DSQ,baseline_a,2026-06,2026-07,1,2026-07-01,recent,832.000000,609.333333,955.583333,490.333333,1160.166667,36
DSQ,baseline_b,2026-06,2026-07,1,2026-07-01,recent,1377.000000,1198.000000,1384.000000,991.500000,1560.500000,36
DSQ,candidate,2026-06,2026-07,1,2026-07-01,recent,868.691830,643.707785,962.606709,526.369743,1089.119262,36
DSQ,baseline_a,2026-06,2026-09,3,2026-10-06,outlook,832.000000,629.166667,968.250000,340.166667,1222.500000,36
DSQ,baseline_b,2026-06,2026-09,3,2026-10-06,outlook,726.000000,547.000000,733.000000,340.500000,909.500000,36
DSQ,candidate,2026-06,2026-09,3,2026-10-06,outlook,686.096806,435.346333,776.610305,326.317508,897.704537,36
DSQ,baseline_a,2026-07,2026-08,1,2026-08-01,recent,806.000000,583.333333,923.500000,464.333333,1002.000000,36
DSQ,baseline_b,2026-07,2026-08,1,2026-08-01,recent,607.000000,407.000000,606.250000,125.500000,752.500000,36
DSQ,candidate,2026-07,2026-08,1,2026-08-01,recent,765.188340,540.204295,836.477452,422.866253,931.084675,36
DSQ,baseline_a,2026-07,2026-10,3,2026-10-06,outlook,806.000000,603.166667,912.833333,314.166667,1098.166667,36
DSQ,baseline_b,2026-07,2026-10,3,2026-10-06,outlook,997.000000,797.000000,996.250000,515.500000,1142.500000,36
DSQ,candidate,2026-07,2026-10,3,2026-10-06,outlook,781.169073,530.418600,868.087039,421.389775,950.810338,36
DSQ,baseline_a,2026-08,2026-09,1,2026-10-06,outlook,794.666667,585.000000,912.166667,484.666667,990.666667,36
DSQ,baseline_b,2026-08,2026-09,1,2026-10-06,outlook,726.000000,526.000000,733.000000,244.500000,871.500000,36
DSQ,candidate,2026-08,2026-09,1,2026-10-06,outlook,671.781218,446.797173,743.070330,329.459131,837.677553,36
DSQ,baseline_a,2026-08,2026-11,3,2026-10-06,outlook,794.666667,591.833333,901.500000,302.833333,1086.833333,36
DSQ,baseline_b,2026-08,2026-11,3,2026-10-06,outlook,617.000000,417.000000,624.000000,135.500000,762.500000,36
DSQ,candidate,2026-08,2026-11,3,2026-10-06,outlook,736.183575,485.433102,823.101540,376.404276,905.824839,36
LWS,baseline_a,2018-12,2019-01,1,2019-01-01,warmup,1454.666667,,,,,0
LWS,baseline_b,2018-12,2019-01,1,2019-01-01,warmup,1547.000000,,,,,0
LWS,candidate,2018-12,2019-01,1,2019-01-01,warmup,1552.256869,,,,,0
LWS,baseline_a,2018-12,2019-03,3,2019-01-01,warmup,1454.666667,,,,,0
LWS,baseline_b,2018-12,2019-03,3,2019-01-01,warmup,1208.000000,,,,,0
LWS,candidate,2018-12,2019-03,3,2019-01-01,warmup,1210.624737,,,,,0
LWS,baseline_a,2019-01,2019-02,1,2019-02-01,warmup,1212.000000,,,,,1
LWS,baseline_b,2019-01,2019-02,1,2019-02-01,warmup,1378.000000,,,,,1
LWS,candidate,2019-01,2019-02,1,2019-02-01,warmup,1381.769904,,,,,1
LWS,baseline_a,2019-01,2019-04,3,2019-02-01,warmup,1212.000000,,,,,0
LWS,baseline_b,2019-01,2019-04,3,2019-02-01,warmup,2922.000000,,,,,0
LWS,candidate,2019-01,2019-04,3,2019-02-01,warmup,2927.103136,,,,,0
LWS,baseline_a,2019-02,2019-03,1,2019-03-01,warmup,1248.333333,,,,,2
LWS,baseline_b,2019-02,2019-03,1,2019-03-01,warmup,1208.000000,,,,,2
LWS,candidate,2019-02,2019-03,1,2019-03-01,warmup,1210.605385,,,,,2
LWS,baseline_a,2019-02,2019-05,3,2019-03-01,warmup,1248.333333,,,,,0
LWS,baseline_b,2019-02,2019-05,3,2019-03-01,warmup,901.000000,,,,,0
LWS,candidate,2019-02,2019-05,3,2019-03-01,warmup,902.206412,,,,,0
LWS,baseline_a,2019-03,2019-04,1,2019-04-01,warmup,1253.000000,,,,,3
LWS,baseline_b,2019-03,2019-04,1,2019-04-01,warmup,2922.000000,,,,,3
LWS,candidate,2019-03,2019-04,1,2019-04-01,warmup,2927.064386,,,,,3
LWS,baseline_a,2019-03,2019-06,3,2019-04-01,warmup,1253.000000,,,,,1
LWS,baseline_b,2019-03,2019-06,3,2019-04-01,warmup,1754.000000,,,,,1
LWS,candidate,2019-03,2019-06,3,2019-04-01,warmup,1755.936632,,,,,1
LWS,baseline_a,2019-04,2019-05,1,2019-05-01,warmup,1384.333333,,,,,4
LWS,baseline_b,2019-04,2019-05,1,2019-05-01,warmup,901.000000,,,,,4
LWS,candidate,2019-04,2019-05,1,2019-05-01,warmup,717.941720,,,,,4
LWS,baseline_a,2019-04,2019-07,3,2019-05-01,warmup,1384.333333,,,,,2
LWS,baseline_b,2019-04,2019-07,3,2019-05-01,warmup,1228.000000,,,,,2
LWS,candidate,2019-04,2019-07,3,2019-05-01,warmup,1334.885681,,,,,2
LWS,baseline_a,2019-05,2019-06,1,2019-06-01,warmup,1360.000000,,,,,5
LWS,baseline_b,2019-05,2019-06,1,2019-06-01,warmup,1754.000000,,,,,5
LWS,candidate,2019-05,2019-06,1,2019-06-01,warmup,1755.909923,,,,,5
LWS,baseline_a,2019-05,2019-08,3,2019-06-01,warmup,1360.000000,,,,,3
LWS,baseline_b,2019-05,2019-08,3,2019-06-01,warmup,1114.000000,,,,,3
LWS,candidate,2019-05,2019-08,3,2019-06-01,warmup,1114.861961,,,,,3
LWS,baseline_a,2019-06,2019-07,1,2019-07-01,warmup,1451.666667,,,,,6
LWS,baseline_b,2019-06,2019-07,1,2019-07-01,warmup,1228.000000,,,,,6
LWS,candidate,2019-06,2019-07,1,2019-07-01,warmup,1229.060337,,,,,6
LWS,baseline_a,2019-06,2019-09,3,2019-07-01,warmup,1451.666667,,,,,4
LWS,baseline_b,2019-06,2019-09,3,2019-07-01,warmup,812.000000,,,,,4
LWS,candidate,2019-06,2019-09,3,2019-07-01,warmup,812.371606,,,,,4
LWS,baseline_a,2019-07,2019-08,1,2019-08-01,warmup,1391.000000,,,,,7
LWS,baseline_b,2019-07,2019-08,1,2019-08-01,warmup,1114.000000,,,,,7
LWS,candidate,2019-07,2019-08,1,2019-08-01,warmup,1114.853977,,,,,7
LWS,baseline_a,2019-07,2019-10,3,2019-08-01,warmup,1391.000000,,,,,5
LWS,baseline_b,2019-07,2019-10,3,2019-08-01,warmup,2045.000000,,,,,5
LWS,candidate,2019-07,2019-10,3,2019-08-01,warmup,2045.969450,,,,,5
LWS,baseline_a,2019-08,2019-09,1,2019-09-01,warmup,1438.333333,,,,,8
LWS,baseline_b,2019-08,2019-09,1,2019-09-01,warmup,812.000000,,,,,8
LWS,candidate,2019-08,2019-09,1,2019-09-01,warmup,812.411976,,,,,8
LWS,baseline_a,2019-08,2019-11,3,2019-09-01,warmup,1438.333333,,,,,6
LWS,baseline_b,2019-08,2019-11,3,2019-09-01,warmup,1293.000000,,,,,6
LWS,candidate,2019-08,2019-11,3,2019-09-01,warmup,1293.231684,,,,,6
LWS,baseline_a,2019-09,2019-10,1,2019-10-01,warmup,1419.666667,,,,,9
LWS,baseline_b,2019-09,2019-10,1,2019-10-01,warmup,2045.000000,,,,,9
LWS,candidate,2019-09,2019-10,1,2019-10-01,warmup,2046.116047,,,,,9
LWS,baseline_a,2019-09,2019-12,3,2019-10-01,warmup,1419.666667,,,,,7
LWS,baseline_b,2019-09,2019-12,3,2019-10-01,warmup,1026.000000,,,,,7
LWS,candidate,2019-09,2019-12,3,2019-10-01,warmup,1026.345700,,,,,7
LWS,baseline_a,2019-10,2019-11,1,2019-11-01,warmup,1469.666667,,,,,10
LWS,baseline_b,2019-10,2019-11,1,2019-11-01,warmup,1293.000000,,,,,10
LWS,candidate,2019-10,2019-11,1,2019-11-01,warmup,1293.262803,,,,,10
LWS,baseline_a,2019-10,2020-01,3,2019-11-01,warmup,1469.666667,,,,,8
LWS,baseline_b,2019-10,2020-01,3,2019-11-01,warmup,1317.000000,,,,,8
LWS,candidate,2019-10,2020-01,3,2019-11-01,warmup,1317.336754,,,,,8
LWS,baseline_a,2019-11,2019-12,1,2019-12-01,warmup,1356.333333,,,,,11
LWS,baseline_b,2019-11,2019-12,1,2019-12-01,warmup,1026.000000,,,,,11
LWS,candidate,2019-11,2019-12,1,2019-12-01,warmup,1026.311618,,,,,11
LWS,baseline_a,2019-11,2020-02,3,2019-12-01,warmup,1356.333333,,,,,9
LWS,baseline_b,2019-11,2020-02,3,2019-12-01,warmup,1402.000000,,,,,9
LWS,candidate,2019-11,2020-02,3,2019-12-01,warmup,1402.249941,,,,,9
LWS,baseline_a,2019-12,2020-01,1,2020-01-01,warmup,1270.000000,1083.416667,1377.500000,944.366667,1522.400000,12
LWS,baseline_b,2019-12,2020-01,1,2020-01-01,warmup,1317.000000,1053.000000,1632.000000,885.300000,1737.900000,12
LWS,candidate,2019-12,2020-01,1,2020-01-01,warmup,1317.315685,1049.094022,1631.306938,883.785149,1754.859508,12
LWS,baseline_a,2019-12,2020-03,3,2020-01-01,warmup,1270.000000,,,,,10
LWS,baseline_b,2019-12,2020-03,3,2020-01-01,warmup,1040.000000,,,,,10
LWS,candidate,2019-12,2020-03,3,2020-01-01,warmup,1040.178697,,,,,10
LWS,baseline_a,2020-01,2020-02,1,2020-02-01,warmup,1437.000000,1257.666667,1627.000000,1124.400000,1855.266667,13
LWS,baseline_b,2020-01,2020-02,1,2020-02-01,warmup,1402.000000,1172.000000,1759.000000,977.600000,1845.200000,13
LWS,candidate,2020-01,2020-02,1,2020-02-01,warmup,1402.316977,1167.060109,1758.463000,976.165829,1980.481206,13
LWS,baseline_a,2020-01,2020-04,3,2020-02-01,warmup,1437.000000,,,,,11
LWS,baseline_b,2020-01,2020-04,3,2020-02-01,warmup,1711.000000,,,,,11
LWS,candidate,2020-01,2020-04,3,2020-02-01,warmup,1711.489022,,,,,11
LWS,baseline_a,2020-02,2020-03,1,2020-03-01,warmup,1399.333333,1198.250000,1561.833333,1048.300000,1797.733333,14
LWS,baseline_b,2020-02,2020-03,1,2020-03-01,warmup,1040.000000,708.000000,1383.000000,617.500000,1481.300000,14
LWS,candidate,2020-02,2020-03,1,2020-03-01,warmup,921.292036,587.140783,1263.386469,497.359996,1483.009239,14
LWS,baseline_a,2020-02,2020-05,3,2020-03-01,warmup,1399.333333,1084.250000,1579.833333,992.300000,1877.233333,12
LWS,baseline_b,2020-02,2020-05,3,2020-03-01,warmup,1329.000000,958.500000,1703.750000,895.500000,1774.100000,12
LWS,candidate,2020-02,2020-05,3,2020-03-01,warmup,839.252034,467.962461,1213.053960,403.984071,1283.896948,12
LWS,baseline_a,2020-03,2020-04,1,2020-04-01,warmup,1414.333333,1140.833333,1549.333333,1058.800000,1792.866667,15
LWS,baseline_b,2020-03,2020-04,1,2020-04-01,warmup,1711.000000,1413.000000,2040.000000,1294.000000,2150.400000,15
LWS,candidate,2020-03,2020-04,1,2020-04-01,warmup,1711.434975,1410.248517,2039.477818,1293.162230,2256.705152,15
LWS,baseline_a,2020-03,2020-06,3,2020-04-01,warmup,1414.333333,1107.000000,1559.000000,1014.933333,1871.133333,13
LWS,baseline_b,2020-03,2020-06,3,2020-04-01,warmup,1315.000000,949.000000,1672.000000,887.000000,1758.200000,13
LWS,candidate,2020-03,2020-06,3,2020-04-01,warmup,1315.234725,948.265275,1671.372764,885.635431,1757.896158,13
LWS,baseline_a,2020-04,2020-05,1,2020-05-01,warmup,1391.000000,1150.083333,1598.333333,1035.666667,1967.833333,16
LWS,baseline_b,2020-04,2020-05,1,2020-05-01,warmup,1329.000000,1065.000000,1696.500000,917.500000,1766.500000,16
LWS,candidate,2020-04,2020-05,1,2020-05-01,warmup,839.139126,570.917463,1205.889900,426.525676,1367.962278,16
LWS,baseline_a,2020-04,2020-07,3,2020-05-01,warmup,1391.000000,1104.250000,1643.166667,999.233333,2011.800000,14
LWS,baseline_b,2020-04,2020-07,3,2020-05-01,warmup,1529.000000,1212.500000,1917.500000,1106.500000,1970.300000,14
LWS,candidate,2020-04,2020-07,3,2020-05-01,warmup,1382.751514,1064.868243,1770.669258,958.820890,1823.429467,14
LWS,baseline_a,2020-05,2020-06,1,2020-06-01,warmup,1381.666667,1043.000000,1571.666667,1007.466667,1934.733333,17
LWS,baseline_b,2020-05,2020-06,1,2020-06-01,warmup,1315.000000,976.000000,1672.000000,909.000000,1750.600000,17
LWS,candidate,2020-05,2020-06,1,2020-06-01,warmup,1315.223520,1079.966651,1671.369543,908.269365,1827.599647,17
LWS,baseline_a,2020-05,2020-08,3,2020-06-01,warmup,1381.666667,1058.833333,1598.000000,969.133333,1985.066667,15
LWS,baseline_b,2020-05,2020-08,3,2020-06-01,warmup,1471.000000,1118.500000,1849.000000,1054.000000,1910.400000,15
LWS,candidate,2020-05,2020-08,3,2020-06-01,warmup,1471.055065,1202.257972,1848.379574,1052.793110,1909.749537,15
LWS,baseline_a,2020-06,2020-07,1,2020-07-01,warmup,1327.333333,976.916667,1489.833333,920.933333,1856.633333,18
LWS,baseline_b,2020-06,2020-07,1,2020-07-01,warmup,1529.000000,1169.750000,1872.000000,1094.200000,1962.700000,18
LWS,candidate,2020-06,2020-07,1,2020-07-01,warmup,1529.065427,1194.914174,1871.159860,1093.535986,2024.994527,18
LWS,baseline_a,2020-06,2020-09,3,2020-07-01,warmup,1327.333333,971.250000,1507.833333,910.166667,1913.333333,16
LWS,baseline_b,2020-06,2020-09,3,2020-07-01,warmup,1259.000000,888.500000,1626.500000,823.000000,1696.500000,16
LWS,candidate,2020-06,2020-09,3,2020-07-01,warmup,1258.909658,887.620085,1625.640932,821.823980,1695.620649,16
LWS,baseline_a,2020-07,2020-08,1,2020-08-01,warmup,1366.000000,1019.500000,1590.666667,961.400000,2102.266667,19
LWS,baseline_b,2020-07,2020-08,1,2020-08-01,warmup,1471.000000,1118.500000,1849.000000,1036.800000,1968.000000,19
LWS,candidate,2020-07,2020-08,1,2020-08-01,warmup,1471.051550,1169.865092,1848.407074,1036.290749,2099.285089,19
LWS,baseline_a,2020-07,2020-10,3,2020-08-01,warmup,1366.000000,1027.666667,1654.000000,949.333333,2053.933333,17
LWS,baseline_b,2020-07,2020-10,3,2020-08-01,warmup,1679.000000,1313.000000,2078.000000,1243.600000,2226.000000,17
LWS,candidate,2020-07,2020-10,3,2020-08-01,warmup,1679.069940,1312.100490,2077.580918,1242.754452,2284.346371,17
LWS,baseline_a,2020-08,2020-09,1,2020-09-01,warmup,1347.333333,992.500000,1554.666667,927.033333,2063.300000,20
LWS,baseline_b,2020-08,2020-09,1,2020-09-01,warmup,1259.000000,888.500000,1626.500000,810.200000,1731.000000,20
LWS,candidate,2020-08,2020-09,1,2020-09-01,warmup,1258.899767,887.483487,1625.650540,808.375681,1878.545677,20
LWS,baseline_a,2020-08,2020-11,3,2020-09-01,warmup,1347.333333,955.750000,1599.500000,919.266667,2031.533333,18
LWS,baseline_b,2020-08,2020-11,3,2020-09-01,warmup,1131.000000,751.500000,1519.500000,662.600000,1653.000000,18
LWS,candidate,2020-08,2020-11,3,2020-09-01,warmup,1130.996912,751.067094,1518.914655,661.224750,1696.611333,18
LWS,baseline_a,2020-09,2020-10,1,2020-10-01,warmup,1415.333333,1061.000000,1605.333333,996.333333,2111.000000,21
LWS,baseline_b,2020-09,2020-10,1,2020-10-01,warmup,1679.000000,1313.000000,2036.000000,1240.000000,2126.000000,21
LWS,candidate,2020-09,2020-10,1,2020-10-01,warmup,1678.968880,1311.852833,2035.114903,1238.058957,2290.027160,21
LWS,baseline_a,2020-09,2020-12,3,2020-10-01,warmup,1415.333333,1041.500000,1631.666667,990.066667,2095.800000,19
LWS,baseline_b,2020-09,2020-12,3,2020-10-01,warmup,1000.000000,625.000000,1378.000000,541.400000,1497.000000,19
LWS,candidate,2020-09,2020-12,3,2020-10-01,warmup,999.969480,624.359784,1377.293988,539.809161,1525.921892,19
LWS,baseline_a,2020-10,2020-11,1,2020-11-01,warmup,1405.000000,1054.583333,1647.000000,987.800000,2176.266667,22
LWS,baseline_b,2020-10,2020-11,1,2020-11-01,warmup,1131.000000,771.750000,1519.500000,692.600000,1640.100000,22
LWS,candidate,2020-10,2020-11,1,2020-11-01,warmup,1131.010525,796.859272,1518.970800,690.869242,1732.566089,22
LWS,baseline_a,2020-10,2021-01,3,2020-11-01,warmup,1405.000000,1048.916667,1745.750000,982.533333,2127.200000,20
LWS,baseline_b,2020-10,2021-01,3,2020-11-01,warmup,2180.000000,1809.500000,2586.250000,1731.200000,2714.100000,20
LWS,candidate,2020-10,2021-01,3,2020-11-01,warmup,2179.758338,1808.468765,2585.339969,1729.209863,2728.420240,20
LWS,baseline_a,2020-11,2020-12,1,2020-12-01,warmup,1484.666667,1138.166667,1709.333333,1069.266667,2247.533333,23
LWS,baseline_b,2020-11,2020-12,1,2020-12-01,warmup,1000.000000,647.500000,1378.000000,562.200000,1502.200000,23
LWS,candidate,2020-11,2020-12,1,2020-12-01,warmup,999.999942,698.813484,1377.355466,560.627299,1592.052790,23
LWS,baseline_a,2020-11,2021-02,3,2020-12-01,warmup,1484.666667,1146.333333,1772.666667,1065.000000,2195.000000,21
LWS,baseline_b,2020-11,2021-02,3,2020-12-01,warmup,1018.000000,652.000000,1417.000000,579.000000,1534.000000,21
LWS,candidate,2020-11,2021-02,3,2020-12-01,warmup,1018.004178,651.034728,1416.515156,577.067546,1533.934238,21
LWS,baseline_a,2020-12,2021-01,1,2021-01-01,warmup,1478.666667,1123.833333,1686.000000,1060.366667,2233.133333,24
LWS,baseline_b,2020-12,2021-01,1,2021-01-01,warmup,2180.000000,1834.250000,2547.500000,1742.800000,2675.300000,24
LWS,candidate,2020-12,2021-01,1,2021-01-01,warmup,2179.780616,1911.558953,2546.531390,1741.176614,2762.330749,24
LWS,baseline_a,2020-12,2021-03,3,2021-01-01,warmup,1478.666667,1133.583333,1730.833333,1059.500000,2185.266667,22
LWS,baseline_b,2020-12,2021-03,3,2021-01-01,warmup,1045.000000,685.750000,1433.500000,606.600000,1554.100000,22
LWS,candidate,2020-12,2021-03,3,2021-01-01,warmup,1044.974165,726.519663,1432.891908,604.807724,1553.974058,22
LWS,baseline_a,2021-01,2021-02,1,2021-02-01,warmup,1621.666667,1267.333333,1881.000000,1203.600000,2472.733333,25
LWS,baseline_b,2021-01,2021-02,1,2021-02-01,warmup,1018.000000,679.000000,1417.000000,581.400000,1506.400000,25
LWS,candidate,2021-01,2021-02,1,2021-02-01,warmup,1018.029770,782.772901,1416.594795,580.194408,1591.077186,25
LWS,baseline_a,2021-01,2021-04,3,2021-02-01,warmup,1621.666667,1278.833333,2015.166667,1203.000000,2426.933333,23
LWS,baseline_b,2021-01,2021-04,3,2021-02-01,warmup,2110.000000,1757.500000,2523.500000,1672.200000,2612.200000,23
LWS,candidate,2021-01,2021-04,3,2021-02-01,warmup,2109.895495,1839.955941,2522.547778,1670.499244,2611.965222,23
LWS,baseline_a,2021-02,2021-03,1,2021-03-01,warmup,1687.666667,1337.250000,1929.666667,1269.833333,2526.833333,26
LWS,baseline_b,2021-02,2021-03,1,2021-03-01,warmup,1045.000000,733.250000,1433.500000,609.000000,1526.500000,26
LWS,candidate,2021-02,2021-03,1,2021-03-01,warmup,1045.024672,825.357078,1432.984947,607.957950,1608.569372,26
LWS,baseline_a,2021-02,2021-05,3,2021-03-01,warmup,1687.666667,1347.083333,2028.416667,1269.500000,2481.066667,24
LWS,baseline_b,2021-02,2021-05,3,2021-03-01,warmup,990.000000,644.250000,1396.250000,552.800000,1485.300000,24
LWS,candidate,2021-02,2021-05,3,2021-03-01,warmup,990.057933,768.633327,1395.639563,551.431873,1485.197493,24
LWS,baseline_a,2021-03,2021-04,1,2021-04-01,warmup,1664.333333,1309.000000,1889.000000,1240.133333,2491.600000,27
LWS,baseline_b,2021-03,2021-04,1,2021-04-01,warmup,2110.000000,1825.500000,2488.000000,1674.600000,2584.600000,27
LWS,candidate,2021-03,2021-04,1,2021-04-01,warmup,2109.948577,1905.870259,2487.304101,1673.650495,2663.990561,27
LWS,baseline_a,2021-03,2021-06,3,2021-04-01,warmup,1664.333333,1317.000000,1952.333333,1227.866667,2445.866667,25
LWS,baseline_b,2021-03,2021-06,3,2021-04-01,warmup,882.000000,543.000000,1281.000000,445.400000,1370.400000,25
LWS,candidate,2021-03,2021-06,3,2021-04-01,warmup,882.090961,709.181303,1280.601939,444.235092,1370.300354,25
LWS,baseline_a,2021-04,2021-05,1,2021-05-01,warmup,1575.333333,1220.500000,1884.333333,1152.433333,2390.700000,28
LWS,baseline_b,2021-04,2021-05,1,2021-05-01,warmup,990.000000,732.750000,1357.500000,555.200000,1457.700000,28
LWS,candidate,2021-04,2021-05,1,2021-05-01,warmup,990.064343,801.575301,1356.815117,554.534902,1534.603612,28
LWS,baseline_a,2021-04,2021-07,3,2021-05-01,warmup,1575.333333,1230.250000,2021.583333,1141.666667,2357.500000,26
LWS,baseline_b,2021-04,2021-07,3,2021-05-01,warmup,2226.000000,1928.500000,2614.500000,1790.000000,2707.500000,26
LWS,candidate,2021-04,2021-07,3,2021-05-01,warmup,2225.995761,2053.657334,2613.913505,1788.910083,2707.274988,26
LWS,baseline_a,2021-05,2021-06,1,2021-06-01,warmup,1581.666667,1227.333333,1841.000000,1160.066667,2385.133333,29
LWS,baseline_b,2021-05,2021-06,1,2021-06-01,warmup,882.000000,652.000000,1281.000000,447.800000,1342.800000,29
LWS,candidate,2021-05,2021-06,1,2021-06-01,warmup,882.130677,709.230910,1280.695702,447.369876,1417.167229,29
LWS,baseline_a,2021-05,2021-08,3,2021-06-01,warmup,1581.666667,1238.833333,1975.166667,1150.800000,2354.466667,27
LWS,baseline_b,2021-05,2021-08,3,2021-06-01,warmup,934.000000,678.000000,1333.500000,498.600000,1408.600000,27
LWS,candidate,2021-05,2021-08,3,2021-06-01,warmup,934.149145,762.381948,1333.375668,497.833658,1408.498206,27
LWS,baseline_a,2021-06,2021-07,1,2021-07-01,warmup,1631.333333,1275.500000,1873.333333,1199.066667,2422.900000,30
LWS,baseline_b,2021-06,2021-07,1,2021-07-01,warmup,2226.000000,2010.250000,2614.500000,1792.400000,2679.900000,30
LWS,candidate,2021-06,2021-07,1,2021-07-01,warmup,2226.132997,2053.806826,2614.093272,1792.140837,2751.666833,30
LWS,baseline_a,2021-06,2021-09,3,2021-07-01,warmup,1631.333333,1268.500000,1972.083333,1173.766667,2394.766667,28
LWS,baseline_b,2021-06,2021-09,3,2021-07-01,warmup,1086.000000,871.500000,1485.250000,651.200000,1553.700000,28
LWS,candidate,2021-06,2021-09,3,2021-07-01,warmup,1086.187126,914.991159,1485.055876,650.641829,1553.606020,28
LWS,baseline_a,2021-07,2021-08,1,2021-08-01,warmup,1684.000000,1328.666667,2042.666667,1252.000000,2567.666667,31
LWS,baseline_b,2021-07,2021-08,1,2021-08-01,warmup,934.000000,732.500000,1312.000000,501.000000,1381.000000,31
LWS,candidate,2021-07,2021-08,1,2021-08-01,warmup,934.185083,762.432507,1311.540607,500.961563,1450.216203,31
LWS,baseline_a,2021-07,2021-10,3,2021-08-01,warmup,1684.000000,1336.666667,2183.000000,1229.733333,2514.200000,29
LWS,baseline_b,2021-07,2021-10,3,2021-08-01,warmup,2195.000000,2022.000000,2594.000000,1760.800000,2655.800000,29
LWS,candidate,2021-07,2021-10,3,2021-08-01,warmup,2195.247280,2024.622543,2593.758258,1760.472174,2655.736007,29
LWS,baseline_a,2021-08,2021-09,1,2021-09-01,warmup,1594.333333,1226.833333,1903.333333,1159.933333,2467.600000,32
LWS,baseline_b,2021-08,2021-09,1,2021-09-01,warmup,1086.000000,898.750000,1453.500000,657.900000,1532.700000,32
LWS,candidate,2021-08,2021-09,1,2021-09-01,warmup,1086.220047,915.041066,1452.970820,657.887181,1595.306857,32
LWS,baseline_a,2021-08,2021-11,3,2021-09-01,warmup,1594.333333,1200.500000,2040.583333,1131.666667,2423.933333,30
LWS,baseline_b,2021-08,2021-11,3,2021-09-01,warmup,1173.000000,1001.250000,1561.500000,739.400000,1626.900000,30
LWS,candidate,2021-08,2021-11,3,2021-09-01,warmup,1173.180850,1004.654377,1561.098594,739.175935,1626.739411,30
LWS,baseline_a,2021-09,2021-10,1,2021-10-01,warmup,1633.000000,1276.666667,1892.333333,1198.866667,2495.866667,33
LWS,baseline_b,2021-09,2021-10,1,2021-10-01,warmup,2195.000000,2022.000000,2552.000000,1771.800000,2641.400000,33
LWS,candidate,2021-09,2021-10,1,2021-10-01,warmup,2195.320378,2024.714993,2551.466401,1771.878166,2697.462879,33
LWS,baseline_a,2021-09,2021-12,3,2021-10-01,warmup,1633.000000,1244.166667,2026.500000,1172.333333,2462.000000,31
LWS,baseline_b,2021-09,2021-12,3,2021-10-01,warmup,1068.000000,897.500000,1446.000000,635.000000,1515.000000,31
LWS,candidate,2021-09,2021-12,3,2021-10-01,warmup,1068.165866,901.737656,1445.490374,634.931141,1514.794260,31
LWS,baseline_a,2021-10,2021-11,1,2021-11-01,warmup,1635.000000,1279.166667,2043.333333,1201.133333,2521.700000,34
LWS,baseline_b,2021-10,2021-11,1,2021-11-01,warmup,1173.000000,1001.250000,1529.000000,754.700000,1619.100000,34
LWS,candidate,2021-10,2021-11,1,2021-11-01,warmup,1173.228328,1004.708589,1528.580403,754.676771,1668.426519,34
LWS,baseline_a,2021-10,2022-01,3,2021-11-01,development,1635.000000,1256.416667,2177.500000,1175.633333,2469.400000,32
LWS,baseline_b,2021-10,2022-01,3,2021-11-01,development,2624.000000,2454.750000,2991.500000,2195.900000,3070.700000,32
LWS,candidate,2021-10,2022-01,3,2021-11-01,development,2624.412216,2460.082269,2991.143490,2196.075970,3070.801937,32
LWS,baseline_a,2021-11,2021-12,1,2021-12-01,warmup,1659.333333,1280.666667,2018.000000,1220.866667,2545.600000,35
LWS,baseline_b,2021-11,2021-12,1,2021-12-01,warmup,1068.000000,897.500000,1423.000000,654.600000,1513.800000,35
LWS,candidate,2021-11,2021-12,1,2021-12-01,warmup,1068.182528,901.748434,1422.740654,654.521625,1556.436409,35
LWS,baseline_a,2021-11,2022-02,3,2021-12-01,development,1659.333333,1259.000000,2158.333333,1201.266667,2493.133333,33
LWS,baseline_b,2021-11,2022-02,3,2021-12-01,development,1371.000000,1203.000000,1728.000000,947.800000,1817.400000,33
LWS,candidate,2021-11,2022-02,3,2021-12-01,development,1371.135580,1208.903896,1727.273619,947.697812,1817.286628,33
LWS,baseline_a,2021-12,2022-01,1,2022-01-01,development,1622.000000,1217.083333,1931.000000,1151.666667,2507.833333,36
LWS,baseline_b,2021-12,2022-01,1,2022-01-01,development,2624.000000,2454.750000,2978.000000,2215.500000,3069.500000,36
LWS,candidate,2021-12,2022-01,1,2022-01-01,development,2624.387026,2460.038577,2978.151204,2215.616777,3105.696598,36
LWS,baseline_a,2021-12,2022-03,3,2022-01-01,development,1622.000000,1214.916667,2068.250000,1147.333333,2455.200000,34
LWS,baseline_b,2021-12,2022-03,3,2022-01-01,development,998.000000,831.500000,1354.000000,579.700000,1444.100000,34
LWS,candidate,2021-12,2022-03,3,2022-01-01,development,998.144910,864.727606,1353.497395,579.605621,1444.057285,34
LWS,baseline_a,2022-01,2022-02,1,2022-02-01,development,1676.333333,1271.416667,2193.000000,1206.000000,2569.666667,36
LWS,baseline_b,2022-01,2022-02,1,2022-02-01,development,1371.000000,1207.500000,1725.000000,962.500000,1816.500000,36
LWS,candidate,2022-01,2022-02,1,2022-02-01,development,1371.148900,1295.314695,1724.913078,962.378651,1852.458471,36
LWS,baseline_a,2022-01,2022-04,3,2022-02-01,development,1676.333333,1271.500000,2262.333333,1203.666667,2512.533333,35
LWS,baseline_b,2022-01,2022-04,3,2022-02-01,development,2357.000000,2192.000000,2712.000000,1943.600000,2802.800000,35
LWS,candidate,2022-01,2022-04,3,2022-02-01,development,2357.283972,2252.681047,2711.850902,1943.643161,2802.957673,35
LWS,baseline_a,2022-02,2022-03,1,2022-03-01,development,1699.666667,1286.250000,2216.333333,1229.333333,2593.000000,36
LWS,baseline_b,2022-02,2022-03,1,2022-03-01,development,998.000000,834.500000,1352.000000,589.500000,1443.500000,36
LWS,candidate,2022-02,2022-03,1,2022-03-01,development,998.144416,877.217041,1351.908594,589.374167,1479.453988,36
LWS,baseline_a,2022-02,2022-05,3,2022-03-01,development,1699.666667,1297.083333,2242.166667,1229.000000,2535.666667,36
LWS,baseline_b,2022-02,2022-05,3,2022-03-01,development,1390.000000,1226.500000,1744.000000,981.500000,1835.500000,36
LWS,candidate,2022-02,2022-05,3,2022-03-01,development,1390.084373,1269.174767,1743.865750,981.342041,1835.519402,36
LWS,baseline_a,2022-03,2022-04,1,2022-04-01,development,1758.666667,1345.250000,2275.333333,1288.333333,2652.000000,36
LWS,baseline_b,2022-03,2022-04,1,2022-04-01,development,2357.000000,2236.250000,2711.000000,1948.500000,2802.500000,36
LWS,candidate,2022-03,2022-04,1,2022-04-01,development,2357.332080,2295.276351,2711.096258,1948.561831,2838.641652,36
LWS,baseline_a,2022-03,2022-06,3,2022-04-01,development,1758.666667,1362.083333,2301.166667,1288.000000,2594.666667,36
LWS,baseline_b,2022-03,2022-06,3,2022-04-01,development,1147.000000,1026.250000,1501.000000,738.500000,1592.500000,36
LWS,candidate,2022-03,2022-06,3,2022-04-01,development,1147.075006,1085.060487,1500.856382,738.332673,1592.510034,36
LWS,baseline_a,2022-04,2022-05,1,2022-05-01,development,1848.000000,1434.583333,2541.416667,1377.666667,2752.333333,36
LWS,baseline_b,2022-04,2022-05,1,2022-05-01,development,1390.000000,1328.000000,1757.500000,1015.000000,1871.500000,36
LWS,candidate,2022-04,2022-05,1,2022-05-01,development,1390.170934,1358.681053,1756.921708,1014.454422,1945.520454,36
LWS,baseline_a,2022-04,2022-07,3,2022-05-01,development,1848.000000,1451.416667,2530.333333,1377.333333,2736.333333,36
LWS,baseline_b,2022-04,2022-07,3,2022-05-01,development,2515.000000,2453.000000,2882.500000,2140.000000,2996.500000,36
LWS,candidate,2022-04,2022-07,3,2022-05-01,development,2515.264155,2483.761339,2881.995429,2139.654460,2996.543382,36
LWS,baseline_a,2022-05,2022-06,1,2022-06-01,development,2155.666667,1742.250000,2849.083333,1685.333333,3060.000000,36
LWS,baseline_b,2022-05,2022-06,1,2022-06-01,development,1147.000000,1085.000000,1514.500000,772.000000,1702.500000,36
LWS,candidate,2022-05,2022-06,1,2022-06-01,development,1147.171267,1115.681385,1513.922040,771.454754,1702.520787,36
LWS,baseline_a,2022-05,2022-08,3,2022-06-01,development,2155.666667,1759.083333,2838.000000,1685.000000,3044.000000,36
LWS,baseline_b,2022-05,2022-08,3,2022-06-01,development,1121.000000,1059.000000,1488.500000,746.000000,1676.500000,36
LWS,candidate,2022-05,2022-08,3,2022-06-01,development,1121.141883,1089.639067,1487.873157,745.532188,1676.464927,36
LWS,baseline_a,2022-06,2022-07,1,2022-07-01,development,2444.333333,2030.916667,3137.750000,1974.000000,3348.666667,36
LWS,baseline_b,2022-06,2022-07,1,2022-07-01,development,2515.000000,2483.750000,2914.250000,2162.500000,3161.000000,36
LWS,candidate,2022-06,2022-07,1,2022-07-01,development,2644.208727,2653.209576,3043.116410,2374.200820,3290.009974,36
LWS,baseline_a,2022-06,2022-09,3,2022-07-01,development,2444.333333,2047.750000,3126.666667,1973.666667,3332.666667,36
LWS,baseline_b,2022-06,2022-09,3,2022-07-01,development,1263.000000,1231.750000,1662.250000,910.500000,1909.000000,36
LWS,candidate,2022-06,2022-09,3,2022-07-01,development,1327.636761,1324.666313,1726.505511,1057.697207,2023.452588,36
LWS,baseline_a,2022-07,2022-08,1,2022-08-01,development,2020.333333,1603.083333,2713.750000,1516.333333,2924.666667,36
LWS,baseline_b,2022-07,2022-08,1,2022-08-01,development,1121.000000,1059.000000,1520.250000,746.000000,1767.000000,36
LWS,candidate,2022-07,2022-08,1,2022-08-01,development,1121.175574,1089.685692,1520.083257,745.459061,1766.976821,36
LWS,baseline_a,2022-07,2022-10,3,2022-08-01,development,2020.333333,1623.750000,2702.666667,1549.666667,2908.666667,36
LWS,baseline_b,2022-07,2022-10,3,2022-08-01,development,2521.000000,2459.000000,2920.250000,2146.000000,3167.000000,36
LWS,candidate,2022-07,2022-10,3,2022-08-01,development,2521.329612,2489.826796,2920.198362,2145.719917,3217.145439,36
LWS,baseline_a,2022-08,2022-09,1,2022-09-01,development,1871.000000,1453.750000,2564.416667,1367.000000,2775.333333,36
LWS,baseline_b,2022-08,2022-09,1,2022-09-01,development,1263.000000,1201.000000,1674.000000,888.000000,1920.500000,36
LWS,candidate,2022-08,2022-09,1,2022-09-01,development,1316.705230,1285.215348,1727.711818,940.988717,1974.084729,36
LWS,baseline_a,2022-08,2022-11,3,2022-09-01,development,1871.000000,1468.416667,2553.333333,1400.333333,2759.333333,36
LWS,baseline_b,2022-08,2022-11,3,2022-09-01,development,1194.000000,1132.000000,1605.000000,819.000000,1851.500000,36
LWS,candidate,2022-08,2022-11,3,2022-09-01,development,1243.103128,1211.600311,1654.120094,867.493432,1950.489999,36
LWS,baseline_a,2022-09,2022-10,1,2022-10-01,development,1727.666667,1310.416667,2421.083333,1223.666667,2632.000000,36
LWS,baseline_b,2022-09,2022-10,1,2022-10-01,development,2521.000000,2459.000000,2932.000000,2146.000000,3178.500000,36
LWS,candidate,2022-09,2022-10,1,2022-10-01,development,2662.610443,2631.120561,3073.617031,2286.893930,3319.989942,36
LWS,baseline_a,2022-09,2022-12,3,2022-10-01,development,1727.666667,1316.500000,2410.000000,1246.333333,2616.000000,36
LWS,baseline_b,2022-09,2022-12,3,2022-10-01,development,1151.000000,1089.000000,1562.000000,776.000000,1808.500000,36
LWS,candidate,2022-09,2022-12,3,2022-10-01,development,1217.033681,1185.530864,1626.081041,841.423985,1924.420552,36
LWS,baseline_a,2022-10,2022-11,1,2022-11-01,development,1815.666667,1398.416667,2509.083333,1311.666667,2720.000000,36
LWS,baseline_b,2022-10,2022-11,1,2022-11-01,development,1194.000000,1132.000000,1605.000000,785.500000,1851.500000,36
LWS,candidate,2022-10,2022-11,1,2022-11-01,development,1242.904957,1211.415075,1653.911545,834.134708,1900.284456,36
LWS,baseline_a,2022-10,2023-01,3,2022-11-01,development,1815.666667,1404.500000,2498.000000,1334.333333,2704.000000,36
LWS,baseline_b,2022-10,2023-01,3,2022-11-01,development,2684.000000,2622.000000,3095.000000,2275.500000,3341.500000,36
LWS,candidate,2022-10,2023-01,3,2022-11-01,development,2789.722248,2758.219431,3198.769608,2380.979915,3497.109119,36
LWS,baseline_a,2022-11,2022-12,1,2022-12-01,development,1876.666667,1459.416667,2570.083333,1372.666667,2781.000000,36
LWS,baseline_b,2022-11,2022-12,1,2022-12-01,development,1151.000000,1119.750000,1609.250000,742.500000,1863.500000,36
LWS,candidate,2022-11,2022-12,1,2022-12-01,development,1219.247594,1228.248444,1664.235825,810.477346,1907.262403,36
LWS,baseline_a,2022-11,2023-02,3,2022-12-01,development,1876.666667,1465.500000,2559.000000,1395.333333,2765.000000,36
LWS,baseline_b,2022-11,2023-02,3,2022-12-01,development,1264.000000,1232.750000,1722.250000,855.500000,1976.500000,36
LWS,candidate,2022-11,2023-02,3,2022-12-01,development,1344.007089,1341.036641,1782.339934,935.264756,2081.913338,36
LWS,baseline_a,2022-12,2023-01,1,2023-01-01,development,1887.000000,1469.750000,2580.416667,1383.000000,2791.333333,36
LWS,baseline_b,2022-12,2023-01,1,2023-01-01,development,2684.000000,2676.000000,3188.750000,2275.500000,3396.500000,36
LWS,candidate,2022-12,2023-01,1,2023-01-01,development,2893.433820,2930.118845,3357.912678,2484.663572,3581.448629,36
LWS,baseline_a,2022-12,2023-03,3,2023-01-01,development,1887.000000,1484.416667,2569.333333,1405.666667,2775.333333,36
LWS,baseline_b,2022-12,2023-03,3,2023-01-01,development,1328.000000,1320.000000,1832.750000,919.500000,2040.500000,36
LWS,candidate,2022-12,2023-03,3,2023-01-01,development,1442.545813,1459.365501,1904.709574,1033.803480,2180.452062,36
LWS,baseline_a,2023-01,2023-02,1,2023-02-01,development,1906.666667,1489.416667,2334.083333,1402.666667,2800.000000,36
LWS,baseline_b,2023-01,2023-02,1,2023-02-01,development,1264.000000,1202.000000,1722.250000,779.000000,1934.500000,36
LWS,candidate,2023-01,2023-02,1,2023-02-01,development,1345.864118,1349.686704,1790.852348,860.726583,1994.323852,36
LWS,baseline_a,2023-01,2023-04,3,2023-02-01,development,1906.666667,1504.083333,2440.416667,1425.333333,2795.000000,36
LWS,baseline_b,2023-01,2023-04,3,2023-02-01,development,2952.000000,2890.000000,3410.250000,2467.000000,3622.500000,36
LWS,candidate,2023-01,2023-04,3,2023-02-01,development,3136.550009,3128.422445,3574.882854,2651.405114,3784.927503,36
LWS,baseline_a,2023-02,2023-03,1,2023-03-01,development,1891.000000,1477.583333,2318.416667,1387.000000,2784.333333,36
LWS,baseline_b,2023-02,2023-03,1,2023-03-01,development,1328.000000,1320.000000,1832.750000,843.000000,1998.500000,36
LWS,candidate,2023-02,2023-03,1,2023-03-01,development,1435.532158,1472.217182,1900.011016,950.394623,2083.991893,36
LWS,baseline_a,2023-02,2023-05,3,2023-03-01,development,1891.000000,1488.416667,2424.750000,1409.666667,2779.333333,36
LWS,baseline_b,2023-02,2023-05,3,2023-03-01,development,2187.000000,2179.000000,2691.750000,1702.000000,2857.500000,36
LWS,candidate,2023-02,2023-05,3,2023-03-01,development,2355.386767,2372.206455,2817.550529,1870.241872,3003.764262,36
LWS,baseline_a,2023-03,2023-04,1,2023-04-01,development,1970.000000,1556.583333,2397.416667,1466.000000,2863.333333,36
LWS,baseline_b,2023-03,2023-04,1,2023-04-01,development,2952.000000,2956.000000,3487.750000,2467.000000,3652.500000,36
LWS,candidate,2023-03,2023-04,1,2023-04-01,development,3246.887722,3283.572746,3766.195033,2761.750187,3895.347457,36
LWS,baseline_a,2023-03,2023-06,3,2023-04-01,development,1970.000000,1567.416667,2503.750000,1488.666667,2858.333333,36
LWS,baseline_b,2023-03,2023-06,3,2023-04-01,development,2194.000000,2198.000000,2729.750000,1709.000000,2894.500000,36
LWS,candidate,2023-03,2023-06,3,2023-04-01,development,2389.095964,2425.803067,2908.791737,1903.951069,3037.473458,36
LWS,baseline_a,2023-04,2023-05,1,2023-05-01,development,1929.333333,1515.916667,2176.333333,1425.333333,2822.666667,36
LWS,baseline_b,2023-04,2023-05,1,2023-05-01,development,2187.000000,2125.000000,2722.750000,1630.000000,2887.500000,36
LWS,candidate,2023-04,2023-05,1,2023-05-01,development,2336.306066,2340.128652,2855.613376,1708.475069,2984.765801,36
LWS,baseline_a,2023-04,2023-07,3,2023-05-01,development,1929.333333,1526.750000,2377.666667,1448.000000,2817.666667,36
LWS,baseline_b,2023-04,2023-07,3,2023-05-01,development,1680.000000,1618.000000,2215.750000,1123.000000,2380.500000,36
LWS,candidate,2023-04,2023-07,3,2023-05-01,development,1772.739638,1776.610459,2292.435411,1215.547300,2421.117133,36
LWS,baseline_a,2023-05,2023-06,1,2023-06-01,development,2029.000000,1615.583333,2297.250000,1525.000000,2922.333333,36
LWS,baseline_b,2023-05,2023-06,1,2023-06-01,development,2194.000000,2172.500000,2729.750000,1637.000000,2894.500000,36
LWS,candidate,2023-05,2023-06,1,2023-06-01,development,2316.587575,2254.531846,2835.894886,1688.756579,2965.047310,36
LWS,baseline_a,2023-05,2023-08,3,2023-06-01,development,2029.000000,1632.416667,2477.333333,1547.666667,2917.333333,36
LWS,baseline_b,2023-05,2023-08,3,2023-06-01,development,1739.000000,1717.500000,2274.750000,1182.000000,2439.500000,36
LWS,candidate,2023-05,2023-08,3,2023-06-01,development,1818.649066,1756.634547,2338.344838,1261.456727,2467.026560,36
LWS,baseline_a,2023-06,2023-07,1,2023-07-01,development,2084.333333,1702.500000,2352.583333,1609.666667,2977.666667,36
LWS,baseline_b,2023-06,2023-07,1,2023-07-01,development,1680.000000,1679.750000,2215.750000,1123.000000,2380.500000,36
LWS,candidate,2023-06,2023-07,1,2023-07-01,development,1764.910793,1702.855064,2284.218104,1137.079797,2413.370528,36
LWS,baseline_a,2023-06,2023-09,3,2023-07-01,development,2084.333333,1709.250000,2532.666667,1613.666667,2972.666667,36
LWS,baseline_b,2023-06,2023-09,3,2023-07-01,development,1764.000000,1763.750000,2299.750000,1207.000000,2464.500000,36
LWS,candidate,2023-06,2023-09,3,2023-07-01,development,1828.587136,1766.572617,2348.282909,1271.394798,2476.964630,36
LWS,baseline_a,2023-07,2023-08,1,2023-08-01,development,2152.333333,1770.500000,2375.750000,1677.666667,3038.166667,36
LWS,baseline_b,2023-07,2023-08,1,2023-08-01,development,1739.000000,1738.750000,2243.750000,1182.000000,2413.000000,36
LWS,candidate,2023-07,2023-08,1,2023-08-01,development,1823.137740,1761.082012,2287.616598,1195.306744,2430.283874,36
LWS,baseline_a,2023-07,2023-10,3,2023-08-01,development,2152.333333,1777.250000,2473.416667,1681.666667,3040.666667,36
LWS,baseline_b,2023-07,2023-10,3,2023-08-01,development,1944.000000,1943.750000,2448.750000,1387.000000,2618.000000,36
LWS,candidate,2023-07,2023-10,3,2023-08-01,development,2019.189334,1957.174815,2481.353096,1461.996996,2625.476406,36
LWS,baseline_a,2023-08,2023-09,1,2023-09-01,development,3324.666667,2983.250000,3592.916667,2850.000000,4299.666667,36
LWS,baseline_b,2023-08,2023-09,1,2023-09-01,development,1764.000000,1780.750000,2299.750000,1389.000000,2480.000000,36
LWS,candidate,2023-08,2023-09,1,2023-09-01,development,1888.612988,1892.435574,2407.920299,1442.857883,2537.072723,36
LWS,baseline_a,2023-08,2023-11,3,2023-09-01,development,3324.666667,2972.083333,3773.000000,2854.000000,4319.000000,36
LWS,baseline_b,2023-08,2023-11,3,2023-09-01,development,1922.000000,1938.750000,2457.750000,1547.000000,2638.000000,36
LWS,candidate,2023-08,2023-11,3,2023-09-01,development,2066.054460,2069.925281,2585.750233,1681.841673,2714.431955,36
LWS,baseline_a,2023-09,2023-10,1,2023-10-01,development,3292.333333,2910.500000,3560.583333,2756.666667,4267.333333,36
LWS,baseline_b,2023-09,2023-10,1,2023-10-01,development,1944.000000,1980.750000,2479.750000,1602.000000,2660.000000,36
LWS,candidate,2023-09,2023-10,1,2023-10-01,development,2098.589715,2135.274739,2617.897026,1658.131461,2747.049450,36
LWS,baseline_a,2023-09,2023-12,3,2023-10-01,development,3292.333333,2939.750000,3740.666667,2821.666667,4286.666667,36
LWS,baseline_b,2023-09,2023-12,3,2023-10-01,development,1795.000000,1831.750000,2330.750000,1453.000000,2511.000000,36
LWS,candidate,2023-09,2023-12,3,2023-10-01,development,1929.540318,1966.247421,2449.236091,1545.327530,2577.917812,36
LWS,baseline_a,2023-10,2023-11,1,2023-11-01,development,3377.000000,2963.583333,3600.416667,2750.666667,4352.000000,36
LWS,baseline_b,2023-10,2023-11,1,2023-11-01,development,1922.000000,1958.750000,2446.500000,1580.000000,2638.000000,36
LWS,candidate,2023-10,2023-11,1,2023-11-01,development,2082.632068,2119.317092,2550.387116,1642.173813,2731.091803,36
LWS,baseline_a,2023-10,2024-01,3,2023-11-01,unscored,3377.000000,3024.416667,3698.083333,2906.333333,4371.333333,36
LWS,baseline_b,2023-10,2024-01,3,2023-11-01,unscored,2003.000000,2039.750000,2527.500000,1661.000000,2719.000000,36
LWS,candidate,2023-10,2024-01,3,2023-11-01,unscored,2166.417973,2203.125077,2632.347448,1782.205185,2814.795468,36
LWS,baseline_a,2023-11,2023-12,1,2023-12-01,development,2251.666667,1830.500000,2475.083333,1524.666667,3226.666667,36
LWS,baseline_b,2023-11,2023-12,1,2023-12-01,development,1795.000000,1845.250000,2319.500000,1453.000000,2511.000000,36
LWS,candidate,2023-11,2023-12,1,2023-12-01,development,1945.404599,1995.307247,2413.159647,1504.946345,2593.864334,36
LWS,baseline_a,2023-11,2024-02,3,2023-12-01,unscored,2251.666667,1876.583333,2572.750000,1770.333333,3246.000000,36
LWS,baseline_b,2023-11,2024-02,3,2023-12-01,unscored,1875.000000,1925.250000,2399.500000,1533.000000,2591.000000,36
LWS,candidate,2023-11,2024-02,3,2023-12-01,unscored,2033.568788,2083.464413,2499.498263,1649.356000,2681.946283,36
LWS,baseline_a,2023-12,2024-01,1,2024-01-01,locked,2221.000000,1803.083333,2444.416667,1494.000000,3196.000000,36
LWS,baseline_b,2023-12,2024-01,1,2024-01-01,locked,2003.000000,2053.250000,2527.500000,1661.000000,2719.000000,36
LWS,candidate,2023-12,2024-01,1,2024-01-01,locked,2178.910636,2228.813284,2646.665684,1738.452381,2827.370370,36
LWS,baseline_a,2023-12,2024-03,3,2024-01-01,locked,2221.000000,1824.416667,2542.083333,1721.333333,3215.333333,36
LWS,baseline_b,2023-12,2024-03,3,2024-01-01,locked,2032.000000,2082.250000,2556.500000,1690.000000,2748.000000,36
LWS,candidate,2023-12,2024-03,3,2024-01-01,locked,2195.232468,2245.128094,2661.161942,1811.019680,2843.609963,36
LWS,baseline_a,2024-01,2024-02,1,2024-02-01,locked,2151.000000,1733.083333,2331.833333,1424.000000,3036.833333,36
LWS,baseline_b,2024-01,2024-02,1,2024-02-01,locked,1875.000000,1925.250000,2399.500000,1533.000000,2591.000000,36
LWS,candidate,2024-01,2024-02,1,2024-02-01,locked,2034.706135,2038.528721,2502.461183,1594.247880,2683.165869,36
LWS,baseline_a,2024-01,2024-04,3,2024-02-01,locked,2151.000000,1746.583333,2392.750000,1552.166667,3039.333333,36
LWS,baseline_b,2024-01,2024-04,3,2024-02-01,locked,1881.000000,1931.250000,2405.500000,1539.000000,2597.000000,36
LWS,candidate,2024-01,2024-04,3,2024-02-01,locked,2034.878426,2041.138295,2494.899083,1650.665638,2683.255920,36
LWS,baseline_a,2024-02,2024-03,1,2024-03-01,locked,2094.666667,1676.750000,2275.500000,1367.666667,2980.500000,36
LWS,baseline_b,2024-02,2024-03,1,2024-03-01,locked,2032.000000,2082.250000,2556.500000,1690.000000,2748.000000,36
LWS,candidate,2024-02,2024-03,1,2024-03-01,locked,2196.989375,2200.811961,2664.744423,1756.531121,2845.449110,36
LWS,baseline_a,2024-02,2024-05,3,2024-03-01,locked,2094.666667,1690.250000,2336.416667,1495.833333,2983.000000,36
LWS,baseline_b,2024-02,2024-05,3,2024-03-01,locked,2174.000000,2224.250000,2698.500000,1832.000000,2890.000000,36
LWS,candidate,2024-02,2024-05,3,2024-03-01,locked,2364.834221,2371.094090,2824.854878,1980.621433,3013.211715,36
LWS,baseline_a,2024-03,2024-04,1,2024-04-01,locked,2136.333333,1754.500000,2317.166667,1472.666667,3022.166667,36
LWS,baseline_b,2024-03,2024-04,1,2024-04-01,locked,1881.000000,1958.250000,2405.500000,1539.000000,2597.000000,36
LWS,candidate,2024-03,2024-04,1,2024-04-01,locked,2037.485156,2040.586251,2505.240204,1597.026902,2685.944891,36
LWS,baseline_a,2024-03,2024-06,3,2024-04-01,locked,2136.333333,1739.750000,2378.083333,1537.500000,3024.666667,36
LWS,baseline_b,2024-03,2024-06,3,2024-04-01,locked,2198.000000,2275.250000,2722.500000,1856.000000,2914.000000,36
LWS,candidate,2024-03,2024-06,3,2024-04-01,locked,2395.746396,2402.006265,2855.767053,2011.533608,3044.123890,36
LWS,baseline_a,2024-04,2024-05,1,2024-05-01,locked,2172.000000,1790.166667,2320.000000,1508.333333,3057.833333,36
LWS,baseline_b,2024-04,2024-05,1,2024-05-01,locked,2174.000000,2251.250000,2698.500000,1832.000000,2890.000000,36
LWS,candidate,2024-04,2024-05,1,2024-05-01,locked,2369.609857,2372.710952,2837.364905,1929.151603,3018.069592,36
LWS,baseline_a,2024-04,2024-07,3,2024-05-01,locked,2172.000000,1775.416667,2369.500000,1573.166667,3060.333333,36
LWS,baseline_b,2024-04,2024-07,3,2024-05-01,locked,2085.000000,2162.250000,2609.500000,1743.000000,2801.000000,36
LWS,candidate,2024-04,2024-07,3,2024-05-01,locked,2285.010311,2291.270181,2745.030968,1900.797523,2933.387806,36
LWS,baseline_a,2024-05,2024-06,1,2024-06-01,locked,2162.000000,1780.166667,2310.000000,1498.333333,3047.833333,36
LWS,baseline_b,2024-05,2024-06,1,2024-06-01,locked,2198.000000,2248.250000,2722.500000,1856.000000,2914.000000,36
LWS,candidate,2024-05,2024-06,1,2024-06-01,locked,2395.514369,2342.334048,2863.269417,1909.404219,3043.974103,36
LWS,baseline_a,2024-05,2024-08,3,2024-06-01,locked,2162.000000,1765.416667,2359.500000,1563.166667,3050.333333,36
LWS,baseline_b,2024-05,2024-08,3,2024-06-01,locked,5691.000000,5741.250000,6215.500000,5349.000000,6407.000000,36
LWS,candidate,2024-05,2024-08,3,2024-06-01,locked,6122.102842,6078.731245,6582.123499,5709.020926,6770.480337,36
LWS,baseline_a,2024-06,2024-07,1,2024-07-01,locked,2158.000000,1816.583333,2306.000000,1494.333333,3043.833333,36
LWS,baseline_b,2024-06,2024-07,1,2024-07-01,locked,2085.000000,2101.750000,2609.500000,1743.000000,2801.000000,36
LWS,candidate,2024-06,2024-07,1,2024-07-01,locked,2263.297938,2189.268682,2731.052986,1767.235533,2911.757673,36
LWS,baseline_a,2024-06,2024-09,3,2024-07-01,locked,2158.000000,1782.916667,2355.500000,1576.833333,3046.333333,36
LWS,baseline_b,2024-06,2024-09,3,2024-07-01,locked,2101.000000,2117.750000,2625.500000,1759.000000,2817.000000,36
LWS,candidate,2024-06,2024-09,3,2024-07-01,locked,2222.023180,2149.314934,2682.043837,1796.485176,2870.400674,36
LWS,baseline_a,2024-07,2024-08,1,2024-08-01,locked,2127.000000,1785.583333,2249.250000,1463.333333,2740.500000,36
LWS,baseline_b,2024-07,2024-08,1,2024-08-01,locked,5691.000000,5707.750000,6215.500000,5349.000000,6407.000000,36
LWS,candidate,2024-07,2024-08,1,2024-08-01,locked,6082.094638,5972.086069,6549.849686,5586.032232,6730.554372,36
LWS,baseline_a,2024-07,2024-10,3,2024-08-01,locked,2127.000000,1751.916667,2313.833333,1545.833333,2789.166667,36
LWS,baseline_b,2024-07,2024-10,3,2024-08-01,locked,2339.000000,2355.750000,2863.500000,1997.000000,3055.000000,36
LWS,candidate,2024-07,2024-10,3,2024-08-01,locked,2441.437766,2325.583503,2901.458423,2015.899762,3089.815260,36
LWS,baseline_a,2024-08,2024-09,1,2024-09-01,locked,2076.000000,1782.166667,2198.250000,1439.666667,2689.500000,36
LWS,baseline_b,2024-08,2024-09,1,2024-09-01,locked,2101.000000,2100.750000,2625.500000,1472.000000,2817.000000,36
LWS,candidate,2024-08,2024-09,1,2024-09-01,locked,2132.326668,2013.311503,2600.081716,1327.804537,2780.786403,36
LWS,baseline_a,2024-08,2024-11,3,2024-09-01,locked,2076.000000,1763.416667,2262.833333,1494.833333,2738.166667,36
LWS,baseline_b,2024-08,2024-11,3,2024-09-01,locked,2315.000000,2314.750000,2839.500000,1686.000000,3031.000000,36
LWS,candidate,2024-08,2024-11,3,2024-09-01,locked,2263.692850,2111.838424,2723.713507,1581.666920,2912.070344,36
LWS,baseline_a,2024-09,2024-10,1,2024-10-01,locked,2016.333333,1764.000000,2138.583333,1380.000000,2629.833333,36
LWS,baseline_b,2024-09,2024-10,1,2024-10-01,locked,2339.000000,2314.750000,2863.500000,1710.000000,3055.000000,36
LWS,candidate,2024-09,2024-10,1,2024-10-01,locked,2362.012460,2231.212490,2829.767508,1557.490328,3010.472194,36
LWS,baseline_a,2024-09,2024-12,3,2024-10-01,locked,2016.333333,1781.583333,2203.166667,1435.166667,2678.500000,36
LWS,baseline_b,2024-09,2024-12,3,2024-10-01,locked,2009.000000,1984.750000,2533.500000,1380.000000,2725.000000,36
LWS,candidate,2024-09,2024-12,3,2024-10-01,locked,1955.400757,1771.586690,2415.421414,1273.374827,2603.778251,36
LWS,baseline_a,2024-10,2024-11,1,2024-11-01,locked,2054.666667,1802.333333,2176.916667,1418.333333,2346.500000,36
LWS,baseline_b,2024-10,2024-11,1,2024-11-01,locked,2315.000000,2252.500000,2839.500000,1686.000000,3031.000000,36
LWS,candidate,2024-10,2024-11,1,2024-11-01,locked,2255.299429,2124.499459,2723.054477,1450.777297,2903.759163,36
LWS,baseline_a,2024-10,2025-01,3,2024-11-01,locked,2054.666667,1819.916667,2218.083333,1473.500000,2516.000000,36
LWS,baseline_b,2024-10,2025-01,3,2024-11-01,locked,2129.000000,2066.500000,2653.500000,1500.000000,2845.000000,36
LWS,candidate,2024-10,2025-01,3,2024-11-01,locked,2106.222571,1920.870255,2566.243228,1424.196641,2754.600065,36
LWS,baseline_a,2024-11,2024-12,1,2024-12-01,locked,2013.333333,1790.916667,2135.583333,1377.000000,2305.166667,36
LWS,baseline_b,2024-11,2024-12,1,2024-12-01,locked,2009.000000,1931.750000,2533.500000,1380.000000,2725.000000,36
LWS,candidate,2024-11,2024-12,1,2024-12-01,locked,1940.648553,1771.587336,2408.403601,1136.126421,2589.108287,36
LWS,baseline_a,2024-11,2025-02,3,2024-12-01,locked,2013.333333,1792.833333,2176.750000,1432.166667,2474.666667,36
LWS,baseline_b,2024-11,2025-02,3,2024-12-01,locked,2146.000000,2068.750000,2670.500000,1517.000000,2862.000000,36
LWS,candidate,2024-11,2025-02,3,2024-12-01,locked,2022.301099,1816.770571,2482.321756,1340.275169,2670.678594,36
LWS,baseline_a,2024-12,2025-01,1,2025-01-01,locked,2090.333333,1913.416667,2236.250000,1502.000000,2382.166667,36
LWS,baseline_b,2024-12,2025-01,1,2025-01-01,locked,2129.000000,2051.750000,2653.500000,1500.000000,2845.000000,36
LWS,candidate,2024-12,2025-01,1,2025-01-01,locked,2101.209020,1932.147803,2568.964068,1296.686889,2749.668755,36
LWS,baseline_a,2024-12,2025-03,3,2025-01-01,locked,2090.333333,1887.333333,2255.250000,1541.833333,2551.666667,36
LWS,baseline_b,2024-12,2025-03,3,2025-01-01,locked,2134.000000,2056.750000,2658.500000,1505.000000,2850.000000,36
LWS,candidate,2024-12,2025-03,3,2025-01-01,locked,2027.559759,1822.029231,2487.580416,1345.533829,2675.937253,36
LWS,baseline_a,2025-01,2025-02,1,2025-02-01,locked,2057.333333,1880.416667,2179.583333,1469.000000,2300.500000,36
LWS,baseline_b,2025-01,2025-02,1,2025-02-01,locked,2146.000000,2068.750000,2670.500000,1517.000000,2862.000000,36
LWS,candidate,2025-01,2025-02,1,2025-02-01,locked,2033.862088,1864.800872,2501.617136,1229.339957,2682.321823,36
LWS,baseline_a,2025-01,2025-04,3,2025-02-01,locked,2057.333333,1854.333333,2213.500000,1508.833333,2416.500000,36
LWS,baseline_b,2025-01,2025-04,3,2025-02-01,locked,2236.000000,2158.750000,2760.500000,1607.000000,2952.000000,36
LWS,candidate,2025-01,2025-04,3,2025-02-01,locked,2122.419583,1916.889055,2582.440240,1440.393653,2770.797077,36
LWS,baseline_a,2025-02,2025-03,1,2025-03-01,locked,2033.666667,1856.750000,2155.916667,1465.666667,2276.833333,36
LWS,baseline_b,2025-02,2025-03,1,2025-03-01,locked,2134.000000,2056.750000,2658.500000,1505.000000,2850.000000,36
LWS,candidate,2025-02,2025-03,1,2025-03-01,locked,2018.562954,1813.165488,2486.318002,1214.040822,2667.022688,36
LWS,baseline_a,2025-02,2025-05,3,2025-03-01,locked,2033.666667,1830.666667,2189.833333,1485.166667,2392.833333,36
LWS,baseline_b,2025-02,2025-05,3,2025-03-01,locked,2116.000000,2038.750000,2640.500000,1487.000000,2832.000000,36
LWS,candidate,2025-02,2025-05,3,2025-03-01,locked,2027.543127,1777.342187,2487.563784,1345.517197,2675.920622,36
LWS,baseline_a,2025-03,2025-04,1,2025-04-01,locked,1933.333333,1771.833333,2055.583333,1406.500000,2176.500000,36
LWS,baseline_b,2025-03,2025-04,1,2025-04-01,locked,2236.000000,2135.750000,2760.500000,1607.000000,2952.000000,36
LWS,candidate,2025-03,2025-04,1,2025-04-01,locked,2104.324515,1898.927050,2572.079563,1299.802384,2752.784250,36
LWS,baseline_a,2025-03,2025-06,3,2025-04-01,locked,1933.333333,1730.333333,2089.500000,1384.833333,2292.500000,36
LWS,baseline_b,2025-03,2025-06,3,2025-04-01,locked,2122.000000,2021.750000,2646.500000,1493.000000,2838.000000,36
LWS,candidate,2025-03,2025-06,3,2025-04-01,locked,2020.279741,1770.078801,2480.300398,1338.253811,2668.657236,36
LWS,baseline_a,2025-04,2025-05,1,2025-05-01,locked,1932.333333,1770.833333,2054.583333,1405.500000,2164.500000,36
LWS,baseline_b,2025-04,2025-05,1,2025-05-01,locked,2116.000000,2015.750000,2545.000000,1487.000000,2832.000000,36
LWS,candidate,2025-04,2025-05,1,2025-05-01,locked,2022.815460,1817.417995,2374.706058,1218.293329,2671.275195,36
LWS,baseline_a,2025-04,2025-07,3,2025-05-01,locked,1932.333333,1729.333333,2080.000000,1383.833333,2187.833333,36
LWS,baseline_b,2025-04,2025-07,3,2025-05-01,locked,2143.000000,2042.750000,2572.000000,1514.000000,2859.000000,36
LWS,candidate,2025-04,2025-07,3,2025-05-01,locked,2014.305354,1764.104413,2363.254163,1332.279424,2662.682848,36
LWS,baseline_a,2025-05,2025-06,1,2025-06-01,locked,1979.000000,1817.500000,2087.750000,1452.166667,2198.500000,36
LWS,baseline_b,2025-05,2025-06,1,2025-06-01,locked,2122.000000,1951.500000,2519.500000,1493.000000,2796.000000,36
LWS,candidate,2025-05,2025-06,1,2025-06-01,locked,2017.667601,1812.270135,2277.997616,1213.145469,2624.813735,36
LWS,baseline_a,2025-05,2025-08,3,2025-06-01,locked,1979.000000,1776.000000,2113.500000,1430.500000,2186.666667,36
LWS,baseline_b,2025-05,2025-08,3,2025-06-01,locked,1963.000000,1792.500000,2360.500000,1334.000000,2637.000000,36
LWS,candidate,2025-05,2025-08,3,2025-06-01,locked,2162.679969,1912.479029,2476.827907,1480.654039,2766.336121,36
LWS,baseline_a,2025-06,2025-07,1,2025-07-01,locked,1999.000000,1837.500000,2107.750000,1472.166667,2218.500000,36
LWS,baseline_b,2025-06,2025-07,1,2025-07-01,locked,2143.000000,1949.250000,2536.500000,1514.000000,2774.000000,36
LWS,candidate,2025-06,2025-07,1,2025-07-01,locked,2005.223672,1799.826206,2240.339828,1200.701540,2591.333796,36
LWS,baseline_a,2025-06,2025-09,3,2025-07-01,locked,1999.000000,1796.000000,2110.000000,1450.500000,2186.000000,36
LWS,baseline_b,2025-06,2025-09,3,2025-07-01,locked,1943.000000,1749.250000,2336.500000,1314.000000,2574.000000,36
LWS,candidate,2025-06,2025-09,3,2025-07-01,locked,1864.278963,1614.078023,2146.653702,1182.253033,2447.989216,36
LWS,baseline_a,2025-07,2025-08,1,2025-08-01,locked,2176.333333,2036.416667,2298.583333,1891.000000,2408.500000,36
LWS,baseline_b,2025-07,2025-08,1,2025-08-01,locked,1963.000000,1797.250000,2360.500000,1436.500000,2594.000000,36
LWS,candidate,2025-07,2025-08,1,2025-08-01,locked,2182.528797,2013.467580,2442.858813,1615.073861,2789.674931,36
LWS,baseline_a,2025-07,2025-10,3,2025-08-01,locked,2176.333333,1973.333333,2310.833333,1627.833333,2384.000000,36
LWS,baseline_b,2025-07,2025-10,3,2025-08-01,locked,2258.000000,2092.250000,2655.500000,1731.500000,2889.000000,36
LWS,candidate,2025-07,2025-10,3,2025-08-01,locked,2192.305831,1986.775303,2506.453769,1691.294600,2795.961983,36
LWS,baseline_a,2025-08,2025-09,1,2025-09-01,locked,2222.000000,2090.250000,2344.250000,1956.000000,2454.166667,36
LWS,baseline_b,2025-08,2025-09,1,2025-09-01,locked,1943.000000,1777.250000,2336.500000,1416.500000,2570.500000,36
LWS,candidate,2025-08,2025-09,1,2025-09-01,locked,1881.892899,1712.831682,2117.009055,1314.437963,2468.003023,36
LWS,baseline_a,2025-08,2025-11,3,2025-09-01,locked,2222.000000,2078.000000,2356.500000,1759.166667,2429.666667,36
LWS,baseline_b,2025-08,2025-11,3,2025-09-01,locked,1839.000000,1673.250000,2232.500000,1312.500000,2466.500000,36
LWS,candidate,2025-08,2025-11,3,2025-09-01,locked,1844.088574,1638.558046,2126.463313,1343.077343,2427.798827,36
LWS,baseline_a,2025-09,2025-10,1,2025-10-01,locked,2265.333333,2125.833333,2387.583333,1999.333333,2497.500000,36
LWS,baseline_b,2025-09,2025-10,1,2025-10-01,locked,2258.000000,2092.250000,2622.500000,1731.500000,2885.500000,36
LWS,candidate,2025-09,2025-10,1,2025-10-01,locked,2192.213425,2023.152208,2424.827236,1624.758489,2778.323549,36
LWS,baseline_a,2025-09,2025-12,3,2025-10-01,locked,2265.333333,2154.666667,2399.833333,2024.166667,2473.000000,36
LWS,baseline_b,2025-09,2025-12,3,2025-10-01,locked,2174.000000,2008.250000,2538.500000,1647.500000,2801.500000,36
LWS,candidate,2025-09,2025-12,3,2025-10-01,locked,2088.348660,1882.818132,2343.161031,1587.337429,2672.058913,36
LWS,baseline_a,2025-10,2025-11,1,2025-11-01,locked,2108.666667,1969.166667,2217.416667,1842.666667,2340.833333,36
LWS,baseline_b,2025-10,2025-11,1,2025-11-01,locked,1839.000000,1738.750000,2203.500000,1412.000000,2466.500000,36
LWS,candidate,2025-10,2025-11,1,2025-11-01,locked,1849.678687,1699.929955,2082.292497,1504.771788,2435.788811,36
LWS,baseline_a,2025-10,2026-01,3,2025-11-01,unscored,2108.666667,1998.000000,2243.166667,1867.500000,2316.333333,36
LWS,baseline_b,2025-10,2026-01,3,2025-11-01,unscored,2159.000000,2058.750000,2523.500000,1732.000000,2786.500000,36
LWS,candidate,2025-10,2026-01,3,2025-11-01,unscored,2113.338725,1927.986409,2368.151096,1761.480710,2697.048978,36
LWS,baseline_a,2025-11,2025-12,1,2025-12-01,locked,2045.333333,1885.916667,2149.083333,1773.833333,2277.500000,36
LWS,baseline_b,2025-11,2025-12,1,2025-12-01,locked,2174.000000,2073.750000,2515.500000,1747.000000,2752.000000,36
LWS,candidate,2025-11,2025-12,1,2025-12-01,locked,2089.070063,1939.321332,2306.452305,1744.163165,2641.514207,36
LWS,baseline_a,2025-11,2026-02,3,2025-12-01,unscored,2045.333333,1901.333333,2179.833333,1739.166667,2253.000000,36
LWS,baseline_b,2025-11,2026-02,3,2025-12-01,unscored,1768.000000,1667.750000,2109.500000,1341.000000,2346.000000,36
LWS,candidate,2025-11,2026-02,3,2025-12-01,unscored,1788.483387,1603.131072,2014.669204,1436.625372,2342.963002,36
LWS,baseline_a,2025-12,2026-01,1,2026-01-01,recent,2012.000000,1852.583333,2115.750000,1740.500000,2244.166667,36
LWS,baseline_b,2025-12,2026-01,1,2026-01-01,recent,2159.000000,1993.250000,2446.500000,1732.000000,2634.000000,36
LWS,candidate,2025-12,2026-01,1,2026-01-01,recent,2110.680324,1960.931592,2312.663210,1765.773425,2535.292869,36
LWS,baseline_a,2025-12,2026-03,3,2026-01-01,recent,2012.000000,1809.000000,2146.500000,1677.333333,2219.666667,36
LWS,baseline_b,2025-12,2026-03,3,2026-01-01,recent,1873.000000,1707.250000,2160.500000,1446.000000,2348.000000,36
LWS,candidate,2025-12,2026-03,3,2026-01-01,recent,1881.052204,1695.699889,2086.543196,1529.194189,2306.453992,36
LWS,baseline_a,2026-01,2026-02,1,2026-02-01,recent,1869.000000,1707.500000,1945.416667,1597.500000,2101.166667,36
LWS,baseline_b,2026-01,2026-02,1,2026-02-01,recent,1768.000000,1602.250000,2055.500000,1394.000000,2243.000000,36
LWS,candidate,2026-01,2026-02,1,2026-02-01,recent,1780.175819,1630.427087,1982.158704,1482.578472,2204.788363,36
LWS,baseline_a,2026-01,2026-04,3,2026-02-01,recent,1869.000000,1653.416667,1980.000000,1525.666667,2076.333333,36
LWS,baseline_b,2026-01,2026-04,3,2026-02-01,recent,2156.000000,1990.250000,2443.500000,1782.000000,2631.000000,36
LWS,candidate,2026-01,2026-04,3,2026-02-01,recent,2125.860562,1940.508247,2331.351554,1824.179610,2551.262351,36
LWS,baseline_a,2026-02,2026-03,1,2026-03-01,recent,1953.666667,1792.166667,2063.666667,1682.166667,2194.500000,36
LWS,baseline_b,2026-02,2026-03,1,2026-03-01,recent,1873.000000,1707.250000,2160.500000,1499.000000,2273.000000,36
LWS,candidate,2026-02,2026-03,1,2026-03-01,recent,1879.149902,1729.401170,2081.132788,1581.552555,2203.606596,36
LWS,baseline_a,2026-02,2026-05,3,2026-03-01,recent,1953.666667,1738.083333,2064.666667,1610.333333,2161.000000,36
LWS,baseline_b,2026-02,2026-05,3,2026-03-01,recent,1908.000000,1742.250000,2195.500000,1534.000000,2308.000000,36
LWS,candidate,2026-02,2026-05,3,2026-03-01,recent,1923.567532,1738.215217,2129.058524,1621.886580,2243.731171,36
LWS,baseline_a,2026-03,2026-04,1,2026-04-01,recent,1962.000000,1800.500000,2038.416667,1690.500000,2202.833333,36
LWS,baseline_b,2026-03,2026-04,1,2026-04-01,recent,2156.000000,1990.250000,2384.250000,1782.000000,2550.000000,36
LWS,candidate,2026-03,2026-04,1,2026-04-01,recent,2138.265759,1988.517027,2323.724796,1840.668412,2418.515505,36
LWS,baseline_a,2026-03,2026-06,3,2026-04-01,recent,1962.000000,1746.416667,2062.083333,1618.666667,2169.333333,36
LWS,baseline_b,2026-03,2026-06,3,2026-04-01,recent,1933.000000,1767.250000,2161.250000,1559.000000,2327.000000,36
LWS,candidate,2026-03,2026-06,3,2026-04-01,recent,1954.394023,1769.041708,2153.715194,1652.713071,2270.429537,36
LWS,baseline_a,2026-04,2026-05,1,2026-05-01,recent,1999.333333,1837.833333,2075.750000,1727.833333,2240.166667,36
LWS,baseline_b,2026-04,2026-05,1,2026-05-01,recent,1908.000000,1742.250000,2136.250000,1592.500000,2302.000000,36
LWS,candidate,2026-04,2026-05,1,2026-05-01,recent,1922.084373,1772.335641,2107.543410,1652.396144,2202.334119,36
LWS,baseline_a,2026-04,2026-07,3,2026-05-01,recent,1999.333333,1783.750000,2099.416667,1656.000000,2206.666667,36
LWS,baseline_b,2026-04,2026-07,3,2026-05-01,recent,2688.000000,2522.250000,2916.250000,2372.500000,3082.000000,36
LWS,candidate,2026-04,2026-07,3,2026-05-01,recent,2554.965747,2369.613432,2754.286918,2278.580959,2871.001261,36
LWS,baseline_a,2026-05,2026-06,1,2026-06-01,recent,1943.333333,1781.833333,1990.000000,1671.833333,2174.666667,36
LWS,baseline_b,2026-05,2026-06,1,2026-06-01,recent,1933.000000,1767.250000,2161.250000,1617.500000,2327.000000,36
LWS,candidate,2026-05,2026-06,1,2026-06-01,recent,1948.652341,1809.115005,2134.111378,1678.964113,2228.902087,36
LWS,baseline_a,2026-05,2026-08,3,2026-06-01,recent,1943.333333,1727.750000,2031.750000,1600.000000,2115.500000,36
LWS,baseline_b,2026-05,2026-08,3,2026-06-01,recent,2045.000000,1879.250000,2273.250000,1729.500000,2439.000000,36
LWS,candidate,2026-05,2026-08,3,2026-06-01,recent,2066.362464,1881.010149,2265.683635,1789.977676,2382.397978,36
LWS,baseline_a,2026-06,2026-07,1,2026-07-01,recent,1967.000000,1805.500000,2013.666667,1695.500000,2198.333333,36
LWS,baseline_b,2026-06,2026-07,1,2026-07-01,recent,2688.000000,2522.250000,2916.250000,2372.500000,3082.000000,36
LWS,candidate,2026-06,2026-07,1,2026-07-01,recent,2558.332330,2418.794993,2743.791367,2288.644101,2838.582076,36
LWS,baseline_a,2026-06,2026-09,3,2026-10-06,outlook,1967.000000,1751.416667,2055.000000,1623.666667,2123.666667,36
LWS,baseline_b,2026-06,2026-09,3,2026-10-06,outlook,2063.000000,1897.250000,2291.250000,1747.500000,2457.000000,36
LWS,candidate,2026-06,2026-09,3,2026-10-06,outlook,2031.200174,1869.420914,2230.521345,1754.815387,2347.235688,36
LWS,baseline_a,2026-07,2026-08,1,2026-08-01,recent,2053.666667,1892.166667,2130.083333,1782.166667,2285.000000,36
LWS,baseline_b,2026-07,2026-08,1,2026-08-01,recent,2045.000000,1851.250000,2222.250000,1671.000000,2419.000000,36
LWS,candidate,2026-07,2026-08,1,2026-08-01,recent,2066.278655,1909.774772,2195.025829,1768.681308,2303.159521,36
LWS,baseline_a,2026-07,2026-10,3,2026-10-06,outlook,2053.666667,1838.083333,2141.666667,1710.333333,2213.333333,36
LWS,baseline_b,2026-07,2026-10,3,2026-10-06,outlook,2218.000000,2024.250000,2395.250000,1844.000000,2592.000000,36
LWS,candidate,2026-07,2026-10,3,2026-10-06,outlook,2199.834656,2006.041191,2333.838324,1898.153704,2495.946421,36
LWS,baseline_a,2026-08,2026-09,1,2026-10-06,outlook,1942.000000,1765.083333,1988.666667,1573.500000,2150.333333,36
LWS,baseline_b,2026-08,2026-09,1,2026-10-06,outlook,2063.000000,1854.250000,2198.750000,1654.500000,2411.000000,36
LWS,candidate,2026-08,2026-09,1,2026-10-06,outlook,2011.188081,1809.876640,2121.772292,1651.681754,2244.047771,36
LWS,baseline_a,2026-08,2026-11,3,2026-10-06,outlook,1942.000000,1719.750000,2012.750000,1589.833333,2086.333333,36
LWS,baseline_b,2026-08,2026-11,3,2026-10-06,outlook,1855.000000,1646.250000,1990.750000,1446.500000,2203.000000,36
LWS,candidate,2026-08,2026-11,3,2026-10-06,outlook,1826.153254,1595.299277,1934.471904,1467.001018,2086.832456,36
NIK,baseline_a,2018-12,2019-01,1,2019-01-01,warmup,668.333333,,,,,0
NIK,baseline_b,2018-12,2019-01,1,2019-01-01,warmup,835.000000,,,,,0
NIK,candidate,2018-12,2019-01,1,2019-01-01,warmup,982.423907,,,,,0
NIK,baseline_a,2018-12,2019-03,3,2019-01-01,warmup,668.333333,,,,,0
NIK,baseline_b,2018-12,2019-03,3,2019-01-01,warmup,733.000000,,,,,0
NIK,candidate,2018-12,2019-03,3,2019-01-01,warmup,538.786957,,,,,0
NIK,baseline_a,2019-01,2019-02,1,2019-02-01,warmup,558.333333,,,,,1
NIK,baseline_b,2019-01,2019-02,1,2019-02-01,warmup,666.000000,,,,,1
NIK,candidate,2019-01,2019-02,1,2019-02-01,warmup,523.692525,,,,,1
NIK,baseline_a,2019-01,2019-04,3,2019-02-01,warmup,558.333333,,,,,0
NIK,baseline_b,2019-01,2019-04,3,2019-02-01,warmup,1130.000000,,,,,0
NIK,candidate,2019-01,2019-04,3,2019-02-01,warmup,618.890192,,,,,0
NIK,baseline_a,2019-02,2019-03,1,2019-03-01,warmup,584.000000,,,,,2
NIK,baseline_b,2019-02,2019-03,1,2019-03-01,warmup,733.000000,,,,,2
NIK,candidate,2019-02,2019-03,1,2019-03-01,warmup,422.992873,,,,,2
NIK,baseline_a,2019-02,2019-05,3,2019-03-01,warmup,584.000000,,,,,0
NIK,baseline_b,2019-02,2019-05,3,2019-03-01,warmup,559.000000,,,,,0
NIK,candidate,2019-02,2019-05,3,2019-03-01,warmup,281.563192,,,,,0
NIK,baseline_a,2019-03,2019-04,1,2019-04-01,warmup,580.000000,,,,,3
NIK,baseline_b,2019-03,2019-04,1,2019-04-01,warmup,1130.000000,,,,,3
NIK,candidate,2019-03,2019-04,1,2019-04-01,warmup,789.343780,,,,,3
NIK,baseline_a,2019-03,2019-06,3,2019-04-01,warmup,580.000000,,,,,1
NIK,baseline_b,2019-03,2019-06,3,2019-04-01,warmup,724.000000,,,,,1
NIK,candidate,2019-03,2019-06,3,2019-04-01,warmup,516.421318,,,,,1
NIK,baseline_a,2019-04,2019-05,1,2019-05-01,warmup,617.666667,,,,,4
NIK,baseline_b,2019-04,2019-05,1,2019-05-01,warmup,559.000000,,,,,4
NIK,candidate,2019-04,2019-05,1,2019-05-01,warmup,296.870192,,,,,4
NIK,baseline_a,2019-04,2019-07,3,2019-05-01,warmup,617.666667,,,,,2
NIK,baseline_b,2019-04,2019-07,3,2019-05-01,warmup,580.000000,,,,,2
NIK,candidate,2019-04,2019-07,3,2019-05-01,warmup,347.134983,,,,,2
NIK,baseline_a,2019-05,2019-06,1,2019-06-01,warmup,581.000000,,,,,5
NIK,baseline_b,2019-05,2019-06,1,2019-06-01,warmup,724.000000,,,,,5
NIK,candidate,2019-05,2019-06,1,2019-06-01,warmup,643.980176,,,,,5
NIK,baseline_a,2019-05,2019-08,3,2019-06-01,warmup,581.000000,,,,,3
NIK,baseline_b,2019-05,2019-08,3,2019-06-01,warmup,717.000000,,,,,3
NIK,candidate,2019-05,2019-08,3,2019-06-01,warmup,562.836691,,,,,3
NIK,baseline_a,2019-06,2019-07,1,2019-07-01,warmup,579.000000,,,,,6
NIK,baseline_b,2019-06,2019-07,1,2019-07-01,warmup,580.000000,,,,,6
NIK,candidate,2019-06,2019-07,1,2019-07-01,warmup,420.137539,,,,,6
NIK,baseline_a,2019-06,2019-09,3,2019-07-01,warmup,579.000000,,,,,4
NIK,baseline_b,2019-06,2019-09,3,2019-07-01,warmup,399.000000,,,,,4
NIK,candidate,2019-06,2019-09,3,2019-07-01,warmup,264.816110,,,,,4
NIK,baseline_a,2019-07,2019-08,1,2019-08-01,warmup,541.000000,,,,,7
NIK,baseline_b,2019-07,2019-08,1,2019-08-01,warmup,717.000000,,,,,7
NIK,candidate,2019-07,2019-08,1,2019-08-01,warmup,596.979164,,,,,7
NIK,baseline_a,2019-07,2019-10,3,2019-08-01,warmup,541.000000,,,,,5
NIK,baseline_b,2019-07,2019-10,3,2019-08-01,warmup,900.000000,,,,,5
NIK,candidate,2019-07,2019-10,3,2019-08-01,warmup,773.853978,,,,,5
NIK,baseline_a,2019-08,2019-09,1,2019-09-01,warmup,568.666667,,,,,8
NIK,baseline_b,2019-08,2019-09,1,2019-09-01,warmup,399.000000,,,,,8
NIK,candidate,2019-08,2019-09,1,2019-09-01,warmup,310.199083,,,,,8
NIK,baseline_a,2019-08,2019-11,3,2019-09-01,warmup,568.666667,,,,,6
NIK,baseline_b,2019-08,2019-11,3,2019-09-01,warmup,553.000000,,,,,6
NIK,candidate,2019-08,2019-11,3,2019-09-01,warmup,366.720669,,,,,6
NIK,baseline_a,2019-09,2019-10,1,2019-10-01,warmup,567.000000,,,,,9
NIK,baseline_b,2019-09,2019-10,1,2019-10-01,warmup,900.000000,,,,,9
NIK,candidate,2019-09,2019-10,1,2019-10-01,warmup,1031.006703,,,,,9
NIK,baseline_a,2019-09,2019-12,3,2019-10-01,warmup,567.000000,,,,,7
NIK,baseline_b,2019-09,2019-12,3,2019-10-01,warmup,552.000000,,,,,7
NIK,candidate,2019-09,2019-12,3,2019-10-01,warmup,1432.131825,,,,,7
NIK,baseline_a,2019-10,2019-11,1,2019-11-01,warmup,596.666667,,,,,10
NIK,baseline_b,2019-10,2019-11,1,2019-11-01,warmup,553.000000,,,,,10
NIK,candidate,2019-10,2019-11,1,2019-11-01,warmup,383.128171,,,,,10
NIK,baseline_a,2019-10,2020-01,3,2019-11-01,warmup,596.666667,,,,,8
NIK,baseline_b,2019-10,2020-01,3,2019-11-01,warmup,570.000000,,,,,8
NIK,candidate,2019-10,2020-01,3,2019-11-01,warmup,1027.212411,,,,,8
NIK,baseline_a,2019-11,2019-12,1,2019-12-01,warmup,632.333333,,,,,11
NIK,baseline_b,2019-11,2019-12,1,2019-12-01,warmup,552.000000,,,,,11
NIK,candidate,2019-11,2019-12,1,2019-12-01,warmup,1539.931201,,,,,11
NIK,baseline_a,2019-11,2020-02,3,2019-12-01,warmup,632.333333,,,,,9
NIK,baseline_b,2019-11,2020-02,3,2019-12-01,warmup,630.000000,,,,,9
NIK,candidate,2019-11,2020-02,3,2019-12-01,warmup,1160.216050,,,,,9
NIK,baseline_a,2019-12,2020-01,1,2020-01-01,warmup,696.000000,651.250000,784.500000,603.400000,797.800000,12
NIK,baseline_b,2019-12,2020-01,1,2020-01-01,warmup,570.000000,364.750000,594.250000,307.300000,724.300000,12
NIK,candidate,2019-12,2020-01,1,2020-01-01,warmup,974.428786,798.691978,1140.775861,565.946599,1197.125705,12
NIK,baseline_a,2019-12,2020-03,3,2020-01-01,warmup,696.000000,,,,,10
NIK,baseline_b,2019-12,2020-03,3,2020-01-01,warmup,540.000000,,,,,10
NIK,candidate,2019-12,2020-03,3,2020-01-01,warmup,620.555892,,,,,10
NIK,baseline_a,2020-01,2020-02,1,2020-02-01,warmup,782.000000,738.000000,873.000000,694.466667,893.266667,13
NIK,baseline_b,2020-01,2020-02,1,2020-02-01,warmup,630.000000,437.000000,760.000000,369.600000,795.800000,13
NIK,candidate,2020-01,2020-02,1,2020-02-01,warmup,805.748750,695.768574,954.611210,401.208283,1028.012779,13
NIK,baseline_a,2020-01,2020-04,3,2020-02-01,warmup,782.000000,,,,,11
NIK,baseline_b,2020-01,2020-04,3,2020-02-01,warmup,683.000000,,,,,11
NIK,candidate,2020-01,2020-04,3,2020-02-01,warmup,918.641050,,,,,11
NIK,baseline_a,2020-02,2020-03,1,2020-03-01,warmup,784.666667,738.416667,874.833333,697.100000,894.900000,14
NIK,baseline_b,2020-02,2020-03,1,2020-03-01,warmup,540.000000,347.750000,659.500000,281.900000,704.700000,14
NIK,candidate,2020-02,2020-03,1,2020-03-01,warmup,572.477153,463.406077,713.375781,171.878407,794.308294,14
NIK,baseline_a,2020-02,2020-05,3,2020-03-01,warmup,784.666667,735.666667,913.500000,722.066667,936.500000,12
NIK,baseline_b,2020-02,2020-05,3,2020-03-01,warmup,520.000000,329.250000,656.750000,282.900000,686.900000,12
NIK,candidate,2020-02,2020-05,3,2020-03-01,warmup,414.116624,301.743821,640.124588,4.536781,675.725806,12
NIK,baseline_a,2020-03,2020-04,1,2020-04-01,warmup,816.000000,770.500000,905.333333,731.800000,925.200000,15
NIK,baseline_b,2020-03,2020-04,1,2020-04-01,warmup,683.000000,491.500000,826.500000,427.200000,914.600000,15
NIK,candidate,2020-03,2020-04,1,2020-04-01,warmup,1020.519517,912.357539,1204.351206,623.862491,1254.685148,15
NIK,baseline_a,2020-03,2020-06,3,2020-04-01,warmup,816.000000,767.333333,940.666667,754.800000,966.666667,13
NIK,baseline_b,2020-03,2020-06,3,2020-04-01,warmup,534.000000,344.000000,691.000000,301.800000,786.800000,13
NIK,candidate,2020-03,2020-06,3,2020-04-01,warmup,690.095024,578.882613,911.960041,313.151389,949.129498,13
NIK,baseline_a,2020-04,2020-05,1,2020-05-01,warmup,781.000000,736.250000,869.500000,700.166667,889.166667,16
NIK,baseline_b,2020-04,2020-05,1,2020-05-01,warmup,520.000000,329.250000,656.750000,266.500000,741.000000,16
NIK,candidate,2020-04,2020-05,1,2020-05-01,warmup,436.653795,301.788784,603.000870,43.938490,668.980122,16
NIK,baseline_a,2020-04,2020-07,3,2020-05-01,warmup,781.000000,733.000000,904.000000,721.200000,930.500000,14
NIK,baseline_b,2020-04,2020-07,3,2020-05-01,warmup,569.000000,398.000000,719.250000,341.700000,811.200000,14
NIK,candidate,2020-04,2020-07,3,2020-05-01,warmup,496.522693,386.203122,711.282482,152.215264,752.982458,14
NIK,baseline_a,2020-05,2020-06,1,2020-06-01,warmup,732.666667,685.666667,820.333333,634.733333,839.800000,17
NIK,baseline_b,2020-05,2020-06,1,2020-06-01,warmup,534.000000,344.000000,664.000000,282.800000,744.400000,17
NIK,candidate,2020-05,2020-06,1,2020-06-01,warmup,702.871807,592.891631,851.734268,314.098222,933.358830,17
NIK,baseline_a,2020-05,2020-08,3,2020-06-01,warmup,732.666667,683.333333,854.000000,630.066667,881.000000,15
NIK,baseline_b,2020-05,2020-08,3,2020-06-01,warmup,603.000000,451.000000,746.500000,380.600000,834.600000,15
NIK,candidate,2020-05,2020-08,3,2020-06-01,warmup,651.359397,541.932666,859.013959,339.688176,905.244454,15
NIK,baseline_a,2020-06,2020-07,1,2020-07-01,warmup,686.666667,632.416667,770.333333,588.800000,792.766667,18
NIK,baseline_b,2020-06,2020-07,1,2020-07-01,warmup,569.000000,398.000000,708.000000,320.100000,768.800000,18
NIK,candidate,2020-06,2020-07,1,2020-07-01,warmup,547.935556,438.864480,693.668953,163.103692,776.583276,18
NIK,baseline_a,2020-06,2020-09,3,2020-07-01,warmup,686.666667,633.166667,806.333333,552.500000,833.833333,16
NIK,baseline_b,2020-06,2020-09,3,2020-07-01,warmup,529.000000,396.000000,674.750000,311.500000,750.000000,16
NIK,candidate,2020-06,2020-09,3,2020-07-01,warmup,377.469547,268.935657,578.018883,98.434534,628.779896,16
NIK,baseline_a,2020-07,2020-08,1,2020-08-01,warmup,721.333333,669.500000,810.666667,623.533333,856.000000,19
NIK,baseline_b,2020-07,2020-08,1,2020-08-01,warmup,603.000000,451.000000,752.500000,356.400000,891.400000,19
NIK,candidate,2020-07,2020-08,1,2020-08-01,warmup,800.586020,692.424042,984.417709,419.695876,1059.178663,19
NIK,baseline_a,2020-07,2020-10,3,2020-08-01,warmup,721.333333,671.333333,846.000000,588.333333,867.333333,17
NIK,baseline_b,2020-07,2020-10,3,2020-08-01,warmup,658.000000,544.000000,815.000000,445.400000,960.800000,17
NIK,candidate,2020-07,2020-10,3,2020-08-01,warmup,982.703763,875.062712,1204.568779,736.304956,1278.525829,17
NIK,baseline_a,2020-08,2020-09,1,2020-09-01,warmup,768.333333,718.916667,856.833333,670.600000,892.333333,20
NIK,baseline_b,2020-08,2020-09,1,2020-09-01,warmup,529.000000,396.000000,674.750000,284.700000,810.200000,20
NIK,candidate,2020-08,2020-09,1,2020-09-01,warmup,446.487190,339.234311,612.834265,69.538767,696.544935,20
NIK,baseline_a,2020-08,2020-11,3,2020-09-01,warmup,768.333333,718.666667,891.333333,636.500000,913.166667,18
NIK,baseline_b,2020-08,2020-11,3,2020-09-01,warmup,710.000000,614.750000,863.250000,502.300000,1005.600000,18
NIK,candidate,2020-08,2020-11,3,2020-09-01,warmup,539.686149,455.431605,754.445938,325.923549,827.598671,18
NIK,baseline_a,2020-09,2020-10,1,2020-10-01,warmup,794.333333,747.333333,882.000000,696.666667,907.666667,21
NIK,baseline_b,2020-09,2020-10,1,2020-10-01,warmup,658.000000,544.000000,815.000000,416.000000,932.000000,21
NIK,candidate,2020-09,2020-10,1,2020-10-01,warmup,1176.403589,1070.059809,1395.204507,803.396886,1483.916399,21
NIK,baseline_a,2020-09,2020-12,3,2020-10-01,warmup,794.333333,745.000000,915.666667,663.666667,938.000000,19
NIK,baseline_b,2020-09,2020-12,3,2020-10-01,warmup,720.000000,643.500000,882.500000,517.200000,1008.400000,19
NIK,candidate,2020-09,2020-12,3,2020-10-01,warmup,1527.221508,1466.353471,1757.372420,1346.095116,1877.151063,19
NIK,baseline_a,2020-10,2020-11,1,2020-11-01,warmup,825.000000,778.750000,915.166667,730.700000,1027.733333,22
NIK,baseline_b,2020-10,2020-11,1,2020-11-01,warmup,710.000000,614.750000,875.250000,472.900000,1048.800000,22
NIK,candidate,2020-10,2020-11,1,2020-11-01,warmup,630.763183,521.692106,832.079486,274.105198,931.676996,22
NIK,baseline_a,2020-10,2021-01,3,2020-11-01,warmup,825.000000,776.000000,952.000000,695.500000,991.266667,20
NIK,baseline_b,2020-10,2021-01,3,2020-11-01,warmup,916.000000,858.250000,1098.250000,718.100000,1262.000000,20
NIK,candidate,2020-10,2021-01,3,2020-11-01,warmup,1389.387542,1351.906011,1615.395507,1240.897357,1735.991985,20
NIK,baseline_a,2020-11,2020-12,1,2020-12-01,warmup,861.000000,815.500000,950.333333,770.066667,1053.800000,23
NIK,baseline_b,2020-11,2020-12,1,2020-12-01,warmup,720.000000,643.500000,882.500000,487.800000,1051.600000,23
NIK,candidate,2020-11,2020-12,1,2020-12-01,warmup,1600.197149,1492.035171,1805.216016,1259.887883,1894.511966,23
NIK,baseline_a,2020-11,2021-02,3,2020-12-01,warmup,861.000000,812.333333,985.666667,732.666667,1014.000000,21
NIK,baseline_b,2020-11,2021-02,3,2020-12-01,warmup,718.000000,679.000000,886.000000,525.000000,1064.000000,21
NIK,candidate,2020-11,2021-02,3,2020-12-01,warmup,1293.225213,1279.130189,1531.662021,1177.371236,1636.504544,21
NIK,baseline_a,2020-12,2021-01,1,2021-01-01,warmup,906.000000,861.250000,994.500000,818.433333,1088.866667,24
NIK,baseline_b,2020-12,2021-01,1,2021-01-01,warmup,916.000000,858.250000,1084.250000,688.700000,1240.400000,24
NIK,candidate,2020-12,2021-01,1,2021-01-01,warmup,1215.964520,1091.128491,1414.092362,815.365774,1503.680340,24
NIK,baseline_a,2020-12,2021-03,3,2021-01-01,warmup,906.000000,858.000000,1029.000000,784.100000,1057.833333,22
NIK,baseline_b,2020-12,2021-03,3,2021-01-01,warmup,814.000000,782.000000,982.750000,621.300000,1152.800000,22
NIK,candidate,2020-12,2021-03,3,2021-01-01,warmup,823.651649,739.397106,1057.945509,414.071807,1160.834432,22
NIK,baseline_a,2021-01,2021-02,1,2021-02-01,warmup,874.000000,830.000000,961.666667,789.800000,1046.933333,25
NIK,baseline_b,2021-01,2021-02,1,2021-02-01,warmup,718.000000,679.000000,886.000000,495.600000,1035.200000,25
NIK,candidate,2021-01,2021-02,1,2021-02-01,warmup,893.271481,723.867892,1084.508298,496.614455,1174.388305,25
NIK,baseline_a,2021-01,2021-04,3,2021-02-01,warmup,874.000000,826.666667,995.333333,758.533333,1024.666667,23
NIK,baseline_b,2021-01,2021-04,3,2021-02-01,warmup,811.000000,786.000000,979.500000,618.600000,1142.600000,23
NIK,candidate,2021-01,2021-04,3,2021-02-01,warmup,1015.581185,906.154454,1245.732097,544.427941,1346.667419,23
NIK,baseline_a,2021-02,2021-03,1,2021-03-01,warmup,871.333333,825.083333,955.000000,790.500000,1034.333333,26
NIK,baseline_b,2021-02,2021-03,1,2021-03-01,warmup,814.000000,775.750000,979.250000,596.500000,1124.000000,26
NIK,candidate,2021-02,2021-03,1,2021-03-01,warmup,697.184706,542.636970,877.827934,304.469401,971.702534,26
NIK,baseline_a,2021-02,2021-05,3,2021-03-01,warmup,871.333333,823.916667,991.000000,762.300000,1020.833333,24
NIK,baseline_b,2021-02,2021-05,3,2021-03-01,warmup,573.000000,555.000000,741.250000,380.900000,897.400000,24
NIK,candidate,2021-02,2021-05,3,2021-03-01,warmup,500.441594,388.068791,726.449558,21.467682,825.431281,24
NIK,baseline_a,2021-03,2021-04,1,2021-04-01,warmup,869.000000,823.500000,948.666667,791.533333,1022.066667,27
NIK,baseline_b,2021-03,2021-04,1,2021-04-01,warmup,811.000000,773.500000,973.500000,598.400000,1113.800000,27
NIK,candidate,2021-03,2021-04,1,2021-04-01,warmup,1079.321931,939.630048,1267.347986,690.548346,1347.240763,27
NIK,baseline_a,2021-03,2021-06,3,2021-04-01,warmup,869.000000,822.000000,987.000000,766.400000,1017.333333,25
NIK,baseline_b,2021-03,2021-06,3,2021-04-01,warmup,676.000000,665.000000,844.000000,484.200000,993.200000,25
NIK,candidate,2021-03,2021-06,3,2021-04-01,warmup,759.685487,648.473076,981.550503,280.795342,1078.578626,25
NIK,baseline_a,2021-04,2021-05,1,2021-05-01,warmup,890.666667,845.916667,979.166667,816.566667,1033.800000,28
NIK,baseline_b,2021-04,2021-05,1,2021-05-01,warmup,573.000000,536.250000,738.750000,365.300000,868.600000,28
NIK,candidate,2021-04,2021-05,1,2021-05-01,warmup,529.941208,405.105179,716.361882,145.109343,791.261043,28
NIK,baseline_a,2021-04,2021-07,3,2021-05-01,warmup,890.666667,843.916667,1008.416667,794.500000,1037.833333,26
NIK,baseline_b,2021-04,2021-07,3,2021-05-01,warmup,915.000000,905.500000,1082.250000,723.500000,1225.000000,26
NIK,candidate,2021-04,2021-07,3,2021-05-01,warmup,642.336346,532.016775,857.096135,163.529968,955.132936,26
NIK,baseline_a,2021-05,2021-06,1,2021-06-01,warmup,914.000000,870.000000,1001.666667,843.266667,1047.200000,29
NIK,baseline_b,2021-05,2021-06,1,2021-06-01,warmup,676.000000,640.000000,844.000000,473.200000,994.000000,29
NIK,candidate,2021-05,2021-06,1,2021-06-01,warmup,903.679034,793.698858,1094.915851,522.788890,1215.063647,29
NIK,baseline_a,2021-05,2021-08,3,2021-06-01,warmup,914.000000,867.500000,1031.500000,824.266667,1060.000000,27
NIK,baseline_b,2021-05,2021-08,3,2021-06-01,warmup,714.000000,706.000000,882.500000,522.800000,1039.000000,27
NIK,candidate,2021-05,2021-08,3,2021-06-01,warmup,853.077985,743.651255,1083.228897,374.355375,1209.657765,27
NIK,baseline_a,2021-06,2021-07,1,2021-07-01,warmup,914.666667,871.750000,998.333333,847.300000,1037.933333,30
NIK,baseline_b,2021-06,2021-07,1,2021-07-01,warmup,915.000000,885.250000,1083.750000,717.100000,1229.500000,30
NIK,candidate,2021-06,2021-07,1,2021-07-01,warmup,786.962302,677.891225,976.593738,410.013878,1096.411013,30
NIK,baseline_a,2021-06,2021-09,3,2021-07-01,warmup,914.666667,868.416667,1031.916667,831.366667,1059.500000,28
NIK,baseline_b,2021-06,2021-09,3,2021-07-01,warmup,754.000000,747.500000,932.750000,563.100000,1075.500000,28
NIK,candidate,2021-06,2021-09,3,2021-07-01,warmup,557.297068,448.763177,783.305032,78.658224,910.551735,28
NIK,baseline_a,2021-07,2021-08,1,2021-08-01,warmup,916.333333,874.500000,996.000000,852.333333,1029.666667,31
NIK,baseline_b,2021-07,2021-08,1,2021-08-01,warmup,714.000000,690.500000,882.500000,521.000000,1025.000000,31
NIK,candidate,2021-07,2021-08,1,2021-08-01,warmup,928.704008,820.542030,1121.341265,555.697304,1236.216817,31
NIK,baseline_a,2021-07,2021-10,3,2021-08-01,warmup,916.333333,870.333333,1033.333333,839.466667,1060.000000,29
NIK,baseline_b,2021-07,2021-10,3,2021-08-01,warmup,1007.000000,1002.000000,1176.000000,816.400000,1325.000000,29
NIK,candidate,2021-07,2021-10,3,2021-08-01,warmup,1166.166315,1058.525265,1404.603123,687.611239,1516.095870,29
NIK,baseline_a,2021-08,2021-09,1,2021-09-01,warmup,867.666667,822.916667,943.333333,773.366667,980.366667,32
NIK,baseline_b,2021-08,2021-09,1,2021-09-01,warmup,754.000000,736.750000,922.250000,561.300000,1061.300000,32
NIK,candidate,2021-08,2021-09,1,2021-09-01,warmup,554.797599,429.961570,746.734636,188.595114,855.711412,32
NIK,baseline_a,2021-08,2021-11,3,2021-09-01,warmup,867.666667,820.916667,980.916667,738.166667,1010.166667,30
NIK,baseline_b,2021-08,2021-11,3,2021-09-01,warmup,822.000000,824.250000,990.750000,631.700000,1136.500000,30
NIK,candidate,2021-08,2021-11,3,2021-09-01,warmup,654.366406,544.046835,888.660265,175.895096,1000.970848,30
NIK,baseline_a,2021-09,2021-10,1,2021-10-01,warmup,806.666667,759.666667,878.333333,708.466667,918.733333,33
NIK,baseline_b,2021-09,2021-10,1,2021-10-01,warmup,1007.000000,971.000000,1175.000000,814.600000,1310.600000,33
NIK,candidate,2021-09,2021-10,1,2021-10-01,warmup,1167.888931,1057.908756,1359.125749,808.490665,1462.203748,33
NIK,baseline_a,2021-09,2021-12,3,2021-10-01,warmup,806.666667,758.833333,916.166667,666.666667,948.000000,31
NIK,baseline_b,2021-09,2021-12,3,2021-10-01,warmup,889.000000,881.000000,1057.500000,699.000000,1200.000000,31
NIK,candidate,2021-09,2021-12,3,2021-10-01,warmup,1403.645025,1294.218294,1633.795937,925.257482,1746.924355,31
NIK,baseline_a,2021-10,2021-11,1,2021-11-01,warmup,778.666667,732.416667,862.333333,680.533333,890.100000,34
NIK,baseline_b,2021-10,2021-11,1,2021-11-01,warmup,822.000000,783.750000,989.250000,629.900000,1121.900000,34
NIK,candidate,2021-10,2021-11,1,2021-11-01,warmup,645.716562,491.168827,835.347999,293.122514,933.432383,34
NIK,baseline_a,2021-10,2022-01,3,2021-11-01,development,778.666667,731.250000,884.416667,639.833333,919.266667,32
NIK,baseline_b,2021-10,2022-01,3,2021-11-01,development,911.000000,893.000000,1079.250000,728.600000,1218.300000,32
NIK,candidate,2021-10,2022-01,3,2021-11-01,development,1243.616573,1131.437768,1469.624537,768.846180,1586.434336,32
NIK,baseline_a,2021-11,2021-12,1,2021-12-01,warmup,773.666667,722.333333,853.333333,675.600000,884.466667,35
NIK,baseline_b,2021-11,2021-12,1,2021-12-01,warmup,889.000000,843.000000,1055.500000,697.200000,1185.200000,35
NIK,candidate,2021-11,2021-12,1,2021-12-01,warmup,1320.580074,1180.888192,1508.606130,974.790244,1601.696899,35
NIK,baseline_a,2021-11,2022-02,3,2021-12-01,development,773.666667,725.000000,875.666667,629.933333,913.533333,33
NIK,baseline_b,2021-11,2022-02,3,2021-12-01,development,814.000000,775.000000,982.000000,639.200000,1117.600000,33
NIK,candidate,2021-11,2022-02,3,2021-12-01,development,1100.660958,989.448548,1322.525975,629.507715,1443.017154,33
NIK,baseline_a,2021-12,2022-01,1,2022-01-01,development,787.666667,738.500000,863.333333,689.666667,897.833333,36
NIK,baseline_b,2021-12,2022-01,1,2022-01-01,development,911.000000,846.500000,1076.750000,719.500000,1203.500000,36
NIK,candidate,2021-12,2022-01,1,2022-01-01,development,1029.863735,855.135041,1216.284410,637.148430,1304.381563,36
NIK,baseline_a,2021-12,2022-03,3,2022-01-01,development,787.666667,738.000000,887.833333,644.400000,926.800000,34
NIK,baseline_b,2021-12,2022-03,3,2022-01-01,development,882.000000,832.500000,1049.250000,705.200000,1181.900000,34
NIK,candidate,2021-12,2022-03,3,2022-01-01,development,746.301253,632.189662,961.061043,267.327341,1088.195881,34
NIK,baseline_a,2022-01,2022-02,1,2022-02-01,development,768.000000,723.250000,843.666667,687.166667,878.166667,36
NIK,baseline_b,2022-01,2022-02,1,2022-02-01,development,814.000000,756.000000,979.750000,646.000000,1106.500000,36
NIK,candidate,2022-01,2022-02,1,2022-02-01,development,797.238547,622.509853,983.659222,458.252936,1071.756375,36
NIK,baseline_a,2022-01,2022-04,3,2022-02-01,development,768.000000,718.666667,866.333333,625.200000,906.400000,35
NIK,baseline_b,2022-01,2022-04,3,2022-02-01,development,976.000000,913.000000,1142.500000,803.600000,1272.200000,35
NIK,candidate,2022-01,2022-04,3,2022-02-01,development,919.039138,803.573157,1126.693701,440.148993,1260.472198,35
NIK,baseline_a,2022-02,2022-03,1,2022-03-01,development,744.000000,694.833333,815.666667,636.666667,854.166667,36
NIK,baseline_b,2022-02,2022-03,1,2022-03-01,development,882.000000,802.500000,1047.750000,705.500000,1174.500000,36
NIK,candidate,2022-02,2022-03,1,2022-03-01,development,623.453868,448.725174,809.874542,284.468256,897.971696,36
NIK,baseline_a,2022-02,2022-05,3,2022-03-01,development,744.000000,690.583333,840.500000,601.666667,881.666667,36
NIK,baseline_b,2022-02,2022-05,3,2022-03-01,development,884.000000,804.500000,1049.750000,707.500000,1176.500000,36
NIK,candidate,2022-02,2022-05,3,2022-03-01,development,475.751393,321.569331,676.300728,0.000000,816.722886,36
NIK,baseline_a,2022-03,2022-04,1,2022-04-01,development,751.666667,702.500000,823.333333,644.333333,861.833333,36
NIK,baseline_b,2022-03,2022-04,1,2022-04-01,development,976.000000,896.500000,1141.750000,821.500000,1268.500000,36
NIK,candidate,2022-03,2022-04,1,2022-04-01,development,919.660154,744.931460,1106.080828,580.674542,1194.177982,36
NIK,baseline_a,2022-03,2022-06,3,2022-04-01,development,751.666667,702.666667,848.166667,609.333333,889.333333,36
NIK,baseline_b,2022-03,2022-06,3,2022-04-01,development,884.000000,804.500000,1049.750000,729.500000,1176.500000,36
NIK,candidate,2022-03,2022-06,3,2022-04-01,development,678.542275,524.360213,879.091610,199.735897,1019.513768,36
NIK,baseline_a,2022-04,2022-05,1,2022-05-01,development,794.000000,744.833333,865.666667,686.666667,957.000000,36
NIK,baseline_b,2022-04,2022-05,1,2022-05-01,development,884.000000,826.000000,1049.750000,753.000000,1176.500000,36
NIK,candidate,2022-04,2022-05,1,2022-05-01,development,770.937828,596.209134,957.358502,431.952216,1045.455656,36
NIK,baseline_a,2022-04,2022-07,3,2022-05-01,development,794.000000,745.000000,890.500000,651.666667,941.166667,36
NIK,baseline_b,2022-04,2022-07,3,2022-05-01,development,981.000000,923.000000,1146.750000,850.000000,1273.500000,36
NIK,candidate,2022-04,2022-07,3,2022-05-01,development,844.586121,690.404059,1045.135456,365.779743,1185.557613,36
NIK,baseline_a,2022-05,2022-06,1,2022-06-01,development,883.000000,841.500000,971.333333,792.500000,1051.333333,36
NIK,baseline_b,2022-05,2022-06,1,2022-06-01,development,884.000000,826.000000,1049.750000,753.000000,1176.500000,36
NIK,candidate,2022-05,2022-06,1,2022-06-01,development,835.554329,660.825635,993.404998,496.568718,1110.072157,36
NIK,baseline_a,2022-05,2022-08,3,2022-06-01,development,883.000000,835.583333,988.750000,740.666667,1046.500000,36
NIK,baseline_b,2022-05,2022-08,3,2022-06-01,development,738.000000,680.000000,903.750000,607.000000,1030.500000,36
NIK,candidate,2022-05,2022-08,3,2022-06-01,development,716.886347,562.704285,917.435683,238.079970,1076.791239,36
NIK,baseline_a,2022-06,2022-07,1,2022-07-01,development,935.666667,902.750000,1024.000000,845.166667,1104.000000,36
NIK,baseline_b,2022-06,2022-07,1,2022-07-01,development,981.000000,959.500000,1146.750000,866.000000,1273.500000,36
NIK,candidate,2022-06,2022-07,1,2022-07-01,development,970.393482,795.664788,1128.244151,631.407871,1244.911310,36
NIK,baseline_a,2022-06,2022-09,3,2022-07-01,development,935.666667,888.250000,1052.916667,793.333333,1108.833333,36
NIK,baseline_b,2022-06,2022-09,3,2022-07-01,development,701.000000,679.500000,866.750000,586.000000,993.500000,36
NIK,candidate,2022-06,2022-09,3,2022-07-01,development,704.993802,550.811740,932.756996,226.187424,1064.898694,36
NIK,baseline_a,2022-07,2022-08,1,2022-08-01,development,1072.000000,1039.083333,1162.500000,981.500000,1285.000000,36
NIK,baseline_b,2022-07,2022-08,1,2022-08-01,development,738.000000,716.500000,906.250000,623.000000,1066.500000,36
NIK,candidate,2022-07,2022-08,1,2022-08-01,development,883.794184,709.065490,1070.214858,544.808572,1200.986503,36
NIK,baseline_a,2022-07,2022-10,3,2022-08-01,development,1072.000000,1042.250000,1194.000000,929.666667,1257.500000,36
NIK,baseline_b,2022-07,2022-10,3,2022-08-01,development,897.000000,875.500000,1065.250000,782.000000,1225.500000,36
NIK,candidate,2022-07,2022-10,3,2022-08-01,development,1048.304625,894.122563,1298.443891,569.498247,1428.349054,36
NIK,baseline_a,2022-08,2022-09,1,2022-09-01,development,1100.333333,1056.666667,1190.833333,1007.333333,1313.333333,36
NIK,baseline_b,2022-08,2022-09,1,2022-09-01,development,701.000000,694.500000,879.750000,588.000000,1029.500000,36
NIK,candidate,2022-08,2022-09,1,2022-09-01,development,879.185882,704.457188,1065.606557,540.200270,1196.378201,36
NIK,baseline_a,2022-08,2022-11,3,2022-09-01,development,1100.333333,1070.583333,1223.833333,958.000000,1285.833333,36
NIK,baseline_b,2022-08,2022-11,3,2022-09-01,development,723.000000,716.500000,901.750000,610.000000,1051.500000,36
NIK,candidate,2022-08,2022-11,3,2022-09-01,development,880.016836,725.834774,1148.733217,401.210458,1260.061265,36
NIK,baseline_a,2022-09,2022-10,1,2022-10-01,development,1045.333333,989.416667,1135.833333,903.500000,1258.333333,36
NIK,baseline_b,2022-09,2022-10,1,2022-10-01,development,897.000000,890.500000,1075.750000,784.000000,1225.500000,36
NIK,candidate,2022-09,2022-10,1,2022-10-01,development,1038.496182,863.767488,1194.996635,699.510571,1355.688501,36
NIK,baseline_a,2022-09,2022-12,3,2022-10-01,development,1045.333333,1015.583333,1168.833333,885.000000,1230.833333,36
NIK,baseline_b,2022-09,2022-12,3,2022-10-01,development,743.000000,736.500000,921.750000,630.000000,1071.500000,36
NIK,candidate,2022-09,2022-12,3,2022-10-01,development,842.861516,688.679454,1097.533272,364.055138,1222.905945,36
NIK,baseline_a,2022-10,2022-11,1,2022-11-01,development,865.666667,808.166667,954.000000,693.166667,1078.666667,36
NIK,baseline_b,2022-10,2022-11,1,2022-11-01,development,723.000000,716.500000,901.750000,618.500000,1051.500000,36
NIK,candidate,2022-10,2022-11,1,2022-11-01,development,744.048002,569.319308,900.548455,456.121277,1061.240321,36
NIK,baseline_a,2022-10,2023-01,3,2022-11-01,development,865.666667,814.500000,989.166667,689.333333,1051.166667,36
NIK,baseline_b,2022-10,2023-01,3,2022-11-01,development,838.000000,831.500000,1016.750000,733.500000,1166.500000,36
NIK,candidate,2022-10,2023-01,3,2022-11-01,development,861.834796,634.564748,1116.506552,383.028418,1241.879225,36
NIK,baseline_a,2022-11,2022-12,1,2022-12-01,development,808.333333,750.833333,880.000000,635.833333,1021.333333,36
NIK,baseline_b,2022-11,2022-12,1,2022-12-01,development,743.000000,736.500000,921.750000,638.500000,1071.500000,36
NIK,candidate,2022-11,2022-12,1,2022-12-01,development,802.029227,627.300533,948.446571,514.102502,1076.547055,36
NIK,baseline_a,2022-11,2023-02,3,2022-12-01,development,808.333333,729.916667,926.833333,614.166667,993.833333,36
NIK,baseline_b,2022-11,2023-02,3,2022-12-01,development,651.000000,644.500000,829.750000,546.500000,979.500000,36
NIK,candidate,2022-11,2023-02,3,2022-12-01,development,778.995942,551.725895,985.443455,300.189565,1159.040372,36
NIK,baseline_a,2022-12,2023-01,1,2023-01-01,development,816.000000,758.500000,870.333333,643.500000,1029.000000,36
NIK,baseline_b,2022-12,2023-01,1,2023-01-01,development,838.000000,831.500000,1016.750000,733.500000,1166.500000,36
NIK,candidate,2022-12,2023-01,1,2023-01-01,development,895.445334,743.415527,1041.862678,655.241110,1169.963163,36
NIK,baseline_a,2022-12,2023-03,3,2023-01-01,development,816.000000,689.000000,922.000000,603.333333,1001.500000,36
NIK,baseline_b,2022-12,2023-03,3,2023-01-01,development,766.000000,759.500000,944.750000,661.500000,1094.500000,36
NIK,candidate,2022-12,2023-03,3,2023-01-01,development,948.454119,808.819474,1154.901631,484.429868,1328.498548,36
NIK,baseline_a,2023-01,2023-02,1,2023-02-01,development,815.666667,758.166667,859.000000,643.166667,984.000000,36
NIK,baseline_b,2023-01,2023-02,1,2023-02-01,development,651.000000,644.500000,817.000000,546.500000,943.500000,36
NIK,candidate,2023-01,2023-02,1,2023-02-01,development,744.376522,592.346714,890.793866,504.172298,1018.894350,36
NIK,baseline_a,2023-01,2023-04,3,2023-02-01,development,815.666667,688.666667,912.166667,603.000000,988.833333,36
NIK,baseline_b,2023-01,2023-04,3,2023-02-01,development,965.000000,958.500000,1131.000000,860.500000,1257.500000,36
NIK,candidate,2023-01,2023-04,3,2023-02-01,development,1138.274832,998.640187,1344.722345,674.250582,1518.319262,36
NIK,baseline_a,2023-02,2023-03,1,2023-03-01,development,823.333333,767.416667,866.666667,650.833333,991.666667,36
NIK,baseline_b,2023-02,2023-03,1,2023-03-01,development,766.000000,759.500000,943.500000,661.500000,1058.500000,36
NIK,candidate,2023-02,2023-03,1,2023-03-01,development,980.303799,828.273991,1126.721143,740.099575,1254.821627,36
NIK,baseline_a,2023-02,2023-05,3,2023-03-01,development,823.333333,696.333333,919.833333,610.666667,996.500000,36
NIK,baseline_b,2023-02,2023-05,3,2023-03-01,development,918.000000,911.500000,1095.500000,813.500000,1210.500000,36
NIK,candidate,2023-02,2023-05,3,2023-03-01,development,1076.193877,966.693593,1282.641390,612.169627,1456.238307,36
NIK,baseline_a,2023-03,2023-04,1,2023-04-01,development,893.333333,837.416667,947.666667,720.833333,1084.000000,36
NIK,baseline_b,2023-03,2023-04,1,2023-04-01,development,965.000000,958.500000,1142.500000,860.500000,1253.000000,36
NIK,candidate,2023-03,2023-04,1,2023-04-01,development,1223.810427,1071.780620,1367.270627,983.606203,1474.585681,36
NIK,baseline_a,2023-03,2023-06,3,2023-04-01,development,893.333333,766.333333,989.833333,680.666667,1068.333333,36
NIK,baseline_b,2023-03,2023-06,3,2023-04-01,development,924.000000,917.500000,1101.500000,819.500000,1212.000000,36
NIK,candidate,2023-03,2023-06,3,2023-04-01,development,1042.786017,933.285733,1223.312980,578.761767,1422.830446,36
NIK,baseline_a,2023-04,2023-05,1,2023-05-01,development,908.333333,852.416667,962.666667,735.833333,1099.000000,36
NIK,baseline_b,2023-04,2023-05,1,2023-05-01,development,918.000000,896.500000,1095.500000,813.500000,1206.000000,36
NIK,candidate,2023-04,2023-05,1,2023-05-01,development,932.366440,780.336633,1075.826640,644.439715,1183.141694,36
NIK,baseline_a,2023-04,2023-07,3,2023-05-01,development,908.333333,781.333333,1004.833333,695.666667,1083.333333,36
NIK,baseline_b,2023-04,2023-07,3,2023-05-01,development,1374.000000,1352.500000,1551.500000,1269.500000,1662.000000,36
NIK,candidate,2023-04,2023-07,3,2023-05-01,development,1147.670125,1008.035479,1328.197088,683.645874,1527.714554,36
NIK,baseline_a,2023-05,2023-06,1,2023-06-01,development,944.666667,904.750000,1002.250000,802.833333,1135.333333,36
NIK,baseline_b,2023-05,2023-06,1,2023-06-01,development,924.000000,902.500000,1101.500000,819.500000,1212.000000,36
NIK,candidate,2023-05,2023-06,1,2023-06-01,development,914.070224,762.040416,1057.530424,626.143498,1164.845478,36
NIK,baseline_a,2023-05,2023-08,3,2023-06-01,development,944.666667,866.250000,1051.166667,749.500000,1119.666667,36
NIK,baseline_b,2023-05,2023-08,3,2023-06-01,development,1003.000000,981.500000,1180.500000,898.500000,1291.000000,36
NIK,candidate,2023-05,2023-08,3,2023-06-01,development,803.749594,664.114949,972.891225,339.725344,1183.794024,36
NIK,baseline_a,2023-06,2023-07,1,2023-07-01,development,936.000000,904.333333,993.583333,794.166667,1126.666667,36
NIK,baseline_b,2023-06,2023-07,1,2023-07-01,development,1374.000000,1352.500000,1551.500000,1269.500000,1662.000000,36
NIK,candidate,2023-06,2023-07,1,2023-07-01,development,1197.069931,1045.040123,1340.530131,909.143206,1447.845185,36
NIK,baseline_a,2023-06,2023-09,3,2023-07-01,development,936.000000,884.833333,1042.500000,740.833333,1111.000000,36
NIK,baseline_b,2023-06,2023-09,3,2023-07-01,development,759.000000,737.500000,936.500000,654.500000,1047.000000,36
NIK,candidate,2023-06,2023-09,3,2023-07-01,development,666.955532,527.320886,836.097162,202.931281,1046.999961,36
NIK,baseline_a,2023-07,2023-08,1,2023-08-01,development,943.000000,908.000000,994.416667,801.166667,1089.333333,36
NIK,baseline_b,2023-07,2023-08,1,2023-08-01,development,1003.000000,947.750000,1169.000000,890.000000,1248.500000,36
NIK,candidate,2023-07,2023-08,1,2023-08-01,development,718.642741,543.914048,843.683637,417.625516,911.279999,36
NIK,baseline_a,2023-07,2023-10,3,2023-08-01,development,943.000000,891.833333,1039.500000,747.833333,1118.000000,36
NIK,baseline_b,2023-07,2023-10,3,2023-08-01,development,835.000000,779.750000,1001.000000,722.000000,1080.500000,36
NIK,candidate,2023-07,2023-10,3,2023-08-01,development,707.898806,486.002806,837.060424,243.874555,1065.495859,36
NIK,baseline_a,2023-08,2023-09,1,2023-09-01,development,1209.000000,1174.000000,1266.583333,1067.166667,1399.666667,36
NIK,baseline_b,2023-08,2023-09,1,2023-09-01,development,759.000000,703.750000,936.500000,646.000000,1047.000000,36
NIK,candidate,2023-08,2023-09,1,2023-09-01,development,863.015871,688.287177,1006.476071,561.998646,1113.791125,36
NIK,baseline_a,2023-08,2023-11,3,2023-09-01,development,1209.000000,1157.833333,1315.500000,1013.833333,1395.500000,36
NIK,baseline_b,2023-08,2023-11,3,2023-09-01,development,831.000000,775.750000,1008.500000,718.000000,1119.000000,36
NIK,candidate,2023-08,2023-11,3,2023-09-01,development,996.456591,774.560591,1165.598221,532.432340,1376.501020,36
NIK,baseline_a,2023-09,2023-10,1,2023-10-01,development,1185.666667,1144.750000,1243.250000,1013.166667,1376.333333,36
NIK,baseline_b,2023-09,2023-10,1,2023-10-01,development,835.000000,779.750000,1001.000000,722.000000,1123.000000,36
NIK,candidate,2023-09,2023-10,1,2023-10-01,development,1061.087972,886.359278,1186.128867,760.070746,1253.725229,36
NIK,baseline_a,2023-09,2023-12,3,2023-10-01,development,1185.666667,1134.500000,1292.166667,990.500000,1372.166667,36
NIK,baseline_b,2023-09,2023-12,3,2023-10-01,development,782.000000,726.750000,948.000000,669.000000,1070.000000,36
NIK,candidate,2023-09,2023-12,3,2023-10-01,development,962.911662,741.015662,1127.949979,498.887412,1324.022693,36
NIK,baseline_a,2023-10,2023-11,1,2023-11-01,development,1222.333333,1165.583333,1273.750000,1045.333333,1368.666667,36
NIK,baseline_b,2023-10,2023-11,1,2023-11-01,development,831.000000,775.750000,997.000000,718.000000,1076.500000,36
NIK,candidate,2023-10,2023-11,1,2023-11-01,development,991.628141,834.273229,1116.669037,690.610916,1184.265399,36
NIK,baseline_a,2023-10,2024-01,3,2023-11-01,unscored,1222.333333,1171.166667,1318.833333,1027.166667,1397.333333,36
NIK,baseline_b,2023-10,2024-01,3,2023-11-01,unscored,834.000000,778.750000,1000.000000,721.000000,1079.500000,36
NIK,candidate,2023-10,2024-01,3,2023-11-01,unscored,1031.359953,809.463953,1264.507736,567.335703,1392.470983,36
NIK,baseline_a,2023-11,2023-12,1,2023-12-01,development,956.666667,894.416667,1008.083333,762.333333,1103.000000,36
NIK,baseline_b,2023-11,2023-12,1,2023-12-01,development,782.000000,726.750000,948.000000,669.000000,1027.500000,36
NIK,candidate,2023-11,2023-12,1,2023-12-01,development,931.647468,774.292556,1043.666531,630.630243,1121.073964,36
NIK,baseline_a,2023-11,2024-02,3,2023-12-01,unscored,956.666667,878.250000,1053.166667,731.333333,1131.666667,36
NIK,baseline_b,2023-11,2024-02,3,2023-12-01,unscored,854.000000,798.750000,1020.000000,741.000000,1099.500000,36
NIK,candidate,2023-11,2024-02,3,2023-12-01,unscored,974.872114,752.976114,1139.910430,510.847863,1335.983144,36
NIK,baseline_a,2023-12,2024-01,1,2024-01-01,locked,950.666667,879.250000,1002.083333,756.333333,1097.000000,36
NIK,baseline_b,2023-12,2024-01,1,2024-01-01,locked,834.000000,778.750000,978.000000,721.000000,1079.500000,36
NIK,candidate,2023-12,2024-01,1,2024-01-01,locked,993.636690,866.937642,1105.655753,709.657259,1183.063186,36
NIK,baseline_a,2023-12,2024-03,3,2024-01-01,locked,950.666667,822.500000,1043.916667,709.666667,1125.666667,36
NIK,baseline_b,2023-12,2024-03,3,2024-01-01,locked,992.000000,936.750000,1136.000000,879.000000,1237.500000,36
NIK,candidate,2023-12,2024-03,3,2024-01-01,locked,1084.789014,945.154369,1249.827330,657.150249,1445.900044,36
NIK,baseline_a,2024-01,2024-02,1,2024-02-01,locked,938.333333,866.916667,989.750000,744.000000,1084.666667,36
NIK,baseline_b,2024-01,2024-02,1,2024-02-01,locked,854.000000,798.750000,999.500000,741.000000,1099.500000,36
NIK,candidate,2024-01,2024-02,1,2024-02-01,locked,942.140816,834.602897,1054.159878,704.948259,1131.567312,36
NIK,baseline_a,2024-01,2024-04,3,2024-02-01,locked,938.333333,785.833333,1031.583333,691.166667,1113.333333,36
NIK,baseline_b,2024-01,2024-04,3,2024-02-01,locked,879.000000,823.750000,1024.500000,766.000000,1124.500000,36
NIK,candidate,2024-01,2024-04,3,2024-02-01,locked,1088.109410,974.444506,1253.147726,750.717966,1449.220440,36
NIK,baseline_a,2024-02,2024-03,1,2024-03-01,locked,951.666667,880.250000,1009.083333,757.333333,1098.000000,36
NIK,baseline_b,2024-02,2024-03,1,2024-03-01,locked,992.000000,936.750000,1145.750000,879.000000,1237.500000,36
NIK,candidate,2024-02,2024-03,1,2024-03-01,locked,1104.844156,997.306237,1216.863218,867.651599,1294.270652,36
NIK,baseline_a,2024-02,2024-05,3,2024-03-01,locked,951.666667,799.166667,1044.916667,704.500000,1126.666667,36
NIK,baseline_b,2024-02,2024-05,3,2024-03-01,locked,963.000000,907.750000,1116.750000,850.000000,1208.500000,36
NIK,candidate,2024-02,2024-05,3,2024-03-01,locked,1214.569390,1122.587174,1379.607706,950.348817,1575.680420,36
NIK,baseline_a,2024-03,2024-04,1,2024-04-01,locked,979.333333,907.916667,1036.750000,785.000000,1125.666667,36
NIK,baseline_b,2024-03,2024-04,1,2024-04-01,locked,879.000000,823.750000,1032.750000,766.000000,1124.500000,36
NIK,candidate,2024-03,2024-04,1,2024-04-01,locked,1051.734621,925.634170,1145.474743,814.542064,1222.284556,36
NIK,baseline_a,2024-03,2024-06,3,2024-04-01,locked,979.333333,826.833333,1072.583333,732.166667,1154.333333,36
NIK,baseline_b,2024-03,2024-06,3,2024-04-01,locked,966.000000,910.750000,1119.750000,853.000000,1211.500000,36
NIK,candidate,2024-03,2024-06,3,2024-04-01,locked,1126.337864,1012.672960,1291.376180,862.117290,1487.448894,36
NIK,baseline_a,2024-04,2024-05,1,2024-05-01,locked,994.333333,922.916667,1045.750000,800.000000,1140.666667,36
NIK,baseline_b,2024-04,2024-05,1,2024-05-01,locked,963.000000,907.750000,1104.750000,850.000000,1208.500000,36
NIK,candidate,2024-04,2024-05,1,2024-05-01,locked,1126.603343,1000.502893,1220.343466,889.410787,1297.153278,36
NIK,baseline_a,2024-04,2024-07,3,2024-05-01,locked,994.333333,841.833333,1076.666667,747.166667,1169.333333,36
NIK,baseline_b,2024-04,2024-07,3,2024-05-01,locked,900.000000,844.750000,1041.750000,787.000000,1145.500000,36
NIK,candidate,2024-04,2024-07,3,2024-05-01,locked,1177.973210,1064.308306,1343.011526,913.752636,1539.084240,36
NIK,baseline_a,2024-05,2024-06,1,2024-06-01,locked,1016.333333,944.916667,1073.750000,822.000000,1162.666667,36
NIK,baseline_b,2024-05,2024-06,1,2024-06-01,locked,966.000000,910.750000,1105.000000,853.000000,1183.000000,36
NIK,candidate,2024-05,2024-06,1,2024-06-01,locked,1086.995936,960.895485,1174.321352,849.803379,1233.628222,36
NIK,baseline_a,2024-05,2024-08,3,2024-06-01,locked,1016.333333,863.833333,1113.666667,769.166667,1191.333333,36
NIK,baseline_b,2024-05,2024-08,3,2024-06-01,locked,1761.000000,1705.750000,1900.000000,1648.000000,1978.000000,36
NIK,candidate,2024-05,2024-08,3,2024-06-01,locked,1570.645775,1453.390033,1699.807393,1306.425202,1891.028199,36
NIK,baseline_a,2024-06,2024-07,1,2024-07-01,locked,1011.000000,937.833333,1068.416667,816.666667,1157.333333,36
NIK,baseline_b,2024-06,2024-07,1,2024-07-01,locked,900.000000,844.750000,1037.500000,787.000000,1114.500000,36
NIK,candidate,2024-06,2024-07,1,2024-07-01,locked,1086.554436,944.096446,1173.879853,849.361880,1233.186723,36
NIK,baseline_a,2024-06,2024-09,3,2024-07-01,locked,1011.000000,858.500000,1108.333333,763.833333,1186.000000,36
NIK,baseline_b,2024-06,2024-09,3,2024-07-01,locked,896.000000,840.750000,1033.500000,783.000000,1110.500000,36
NIK,candidate,2024-06,2024-09,3,2024-07-01,locked,740.488263,611.504155,832.667040,476.267690,1060.870687,36
NIK,baseline_a,2024-07,2024-08,1,2024-08-01,locked,989.000000,915.833333,1040.416667,794.666667,1135.333333,36
NIK,baseline_b,2024-07,2024-08,1,2024-08-01,locked,1761.000000,1705.750000,1898.500000,1648.000000,1975.500000,36
NIK,candidate,2024-07,2024-08,1,2024-08-01,locked,1397.261821,1254.803831,1476.962399,1160.069265,1541.636088,36
NIK,baseline_a,2024-07,2024-10,3,2024-08-01,locked,989.000000,836.500000,1078.333333,741.833333,1164.000000,36
NIK,baseline_b,2024-07,2024-10,3,2024-08-01,locked,1010.000000,954.750000,1147.500000,897.000000,1224.500000,36
NIK,candidate,2024-07,2024-10,3,2024-08-01,locked,804.566347,650.804838,874.792557,540.345773,1098.673770,36
NIK,baseline_a,2024-08,2024-09,1,2024-09-01,locked,968.000000,898.416667,1019.416667,775.000000,1114.333333,36
NIK,baseline_b,2024-08,2024-09,1,2024-09-01,locked,896.000000,831.250000,1033.500000,765.000000,1110.500000,36
NIK,candidate,2024-08,2024-09,1,2024-09-01,locked,594.798619,452.340628,674.499197,310.819188,739.172885,36
NIK,baseline_a,2024-08,2024-11,3,2024-09-01,locked,968.000000,839.833333,1057.333333,720.833333,1143.000000,36
NIK,baseline_b,2024-08,2024-11,3,2024-09-01,locked,964.000000,899.250000,1101.500000,833.000000,1178.500000,36
NIK,candidate,2024-08,2024-11,3,2024-09-01,locked,665.521339,476.191785,735.747549,328.129895,959.628763,36
NIK,baseline_a,2024-09,2024-10,1,2024-10-01,locked,926.000000,856.416667,977.416667,733.000000,1072.333333,36
NIK,baseline_b,2024-09,2024-10,1,2024-10-01,locked,1010.000000,936.000000,1147.500000,879.000000,1224.500000,36
NIK,candidate,2024-09,2024-10,1,2024-10-01,locked,793.894989,651.436998,873.595567,509.915558,938.699141,36
NIK,baseline_a,2024-09,2024-12,3,2024-10-01,locked,926.000000,797.833333,1015.333333,678.833333,1101.000000,36
NIK,baseline_b,2024-09,2024-12,3,2024-10-01,locked,878.000000,804.000000,1015.500000,747.000000,1092.500000,36
NIK,candidate,2024-09,2024-12,3,2024-10-01,locked,716.712006,527.382452,786.938216,379.320562,1010.819429,36
NIK,baseline_a,2024-10,2024-11,1,2024-11-01,locked,946.666667,877.083333,998.083333,753.666667,1093.000000,36
NIK,baseline_b,2024-10,2024-11,1,2024-11-01,locked,964.000000,899.250000,1101.500000,833.000000,1178.500000,36
NIK,candidate,2024-10,2024-11,1,2024-11-01,locked,852.576817,716.162005,939.902233,602.293760,1036.160408,36
NIK,baseline_a,2024-10,2025-01,3,2024-11-01,locked,946.666667,818.500000,1036.000000,699.500000,1121.666667,36
NIK,baseline_b,2024-10,2025-01,3,2024-11-01,locked,973.000000,908.250000,1110.500000,842.000000,1187.500000,36
NIK,candidate,2024-10,2025-01,3,2024-11-01,locked,891.174568,737.413059,967.055546,558.728865,1185.281991,36
NIK,baseline_a,2024-11,2024-12,1,2024-12-01,locked,919.666667,850.083333,971.083333,726.666667,1066.000000,36
NIK,baseline_b,2024-11,2024-12,1,2024-12-01,locked,878.000000,834.000000,1015.500000,747.000000,1092.500000,36
NIK,candidate,2024-11,2024-12,1,2024-12-01,locked,825.868443,689.453632,913.193859,575.585386,1009.452035,36
NIK,baseline_a,2024-11,2025-02,3,2024-12-01,locked,919.666667,841.250000,1009.000000,672.500000,1094.666667,36
NIK,baseline_b,2024-11,2025-02,3,2024-12-01,locked,1004.000000,960.000000,1141.500000,873.000000,1218.500000,36
NIK,candidate,2024-11,2025-02,3,2024-12-01,locked,927.982916,774.221407,1039.225132,595.537213,1222.090339,36
NIK,baseline_a,2024-12,2025-01,1,2025-01-01,locked,983.000000,913.416667,1040.416667,790.000000,1129.333333,36
NIK,baseline_b,2024-12,2025-01,1,2025-01-01,locked,973.000000,940.250000,1110.500000,872.000000,1187.500000,36
NIK,candidate,2024-12,2025-01,1,2025-01-01,locked,1009.065179,885.287159,1102.805302,811.385221,1210.683463,36
NIK,baseline_a,2024-12,2025-03,3,2025-01-01,locked,983.000000,920.583333,1074.833333,735.833333,1158.000000,36
NIK,baseline_b,2024-12,2025-03,3,2025-01-01,locked,961.000000,928.250000,1098.500000,860.000000,1175.500000,36
NIK,candidate,2024-12,2025-03,3,2025-01-01,locked,1032.907797,903.923689,1247.244154,779.435319,1330.102392,36
NIK,baseline_a,2025-01,2025-02,1,2025-02-01,locked,955.333333,885.750000,1012.750000,762.333333,1101.666667,36
NIK,baseline_b,2025-01,2025-02,1,2025-02-01,locked,1004.000000,971.250000,1141.500000,903.000000,1218.500000,36
NIK,candidate,2025-01,2025-02,1,2025-02-01,locked,978.219336,889.623982,1071.959459,803.351972,1179.837621,36
NIK,baseline_a,2025-01,2025-04,3,2025-02-01,locked,955.333333,892.916667,1047.166667,708.166667,1130.333333,36
NIK,baseline_b,2025-01,2025-04,3,2025-02-01,locked,1018.000000,985.250000,1155.500000,917.000000,1232.500000,36
NIK,candidate,2025-01,2025-04,3,2025-02-01,locked,1073.496864,957.654203,1287.833221,836.675197,1370.691459,36
NIK,baseline_a,2025-02,2025-03,1,2025-03-01,locked,953.666667,892.166667,1011.083333,760.666667,1100.000000,36
NIK,baseline_b,2025-02,2025-03,1,2025-03-01,locked,961.000000,928.250000,1098.500000,876.500000,1175.500000,36
NIK,candidate,2025-02,2025-03,1,2025-03-01,locked,970.151680,904.551385,1063.891803,796.481511,1171.769964,36
NIK,baseline_a,2025-02,2025-05,3,2025-03-01,locked,953.666667,911.583333,1045.500000,706.500000,1128.666667,36
NIK,baseline_b,2025-02,2025-05,3,2025-03-01,locked,1070.000000,1037.250000,1207.500000,985.500000,1284.500000,36
NIK,candidate,2025-02,2025-05,3,2025-03-01,locked,1124.211365,1032.229149,1338.547721,904.572447,1421.405959,36
NIK,baseline_a,2025-03,2025-04,1,2025-04-01,locked,929.000000,867.500000,986.416667,736.000000,1075.333333,36
NIK,baseline_b,2025-03,2025-04,1,2025-04-01,locked,1018.000000,990.750000,1155.500000,938.000000,1232.500000,36
NIK,candidate,2025-03,2025-04,1,2025-04-01,locked,1028.256421,962.656126,1115.581837,854.586252,1229.874705,36
NIK,baseline_a,2025-03,2025-06,3,2025-04-01,locked,929.000000,885.250000,1020.833333,681.833333,1104.000000,36
NIK,baseline_b,2025-03,2025-06,3,2025-04-01,locked,945.000000,917.750000,1082.500000,865.000000,1159.500000,36
NIK,candidate,2025-03,2025-06,3,2025-04-01,locked,1036.454537,934.725219,1250.790893,816.815619,1333.649131,36
NIK,baseline_a,2025-04,2025-05,1,2025-05-01,locked,975.666667,914.166667,1033.083333,782.666667,1108.666667,36
NIK,baseline_b,2025-04,2025-05,1,2025-05-01,locked,1070.000000,1042.750000,1207.500000,990.000000,1284.500000,36
NIK,candidate,2025-04,2025-05,1,2025-05-01,locked,1126.037433,1060.437138,1213.362849,952.367264,1327.655717,36
NIK,baseline_a,2025-04,2025-07,3,2025-05-01,locked,975.666667,931.916667,1066.833333,728.500000,1148.833333,36
NIK,baseline_b,2025-04,2025-07,3,2025-05-01,locked,952.000000,924.750000,1089.500000,872.000000,1166.500000,36
NIK,candidate,2025-04,2025-07,3,2025-05-01,locked,1124.569541,1022.840223,1338.905897,904.930623,1421.764135,36
NIK,baseline_a,2025-05,2025-06,1,2025-06-01,locked,976.333333,914.833333,1020.750000,783.333333,1092.000000,36
NIK,baseline_b,2025-05,2025-06,1,2025-06-01,locked,945.000000,912.250000,1082.500000,860.500000,1159.500000,36
NIK,candidate,2025-05,2025-06,1,2025-06-01,locked,967.677296,879.081941,1044.482683,764.410489,1169.295580,36
NIK,baseline_a,2025-05,2025-08,3,2025-06-01,locked,976.333333,932.583333,1056.833333,729.166667,1132.333333,36
NIK,baseline_b,2025-05,2025-08,3,2025-06-01,locked,1007.000000,974.250000,1144.500000,922.500000,1221.500000,36
NIK,candidate,2025-05,2025-08,3,2025-06-01,locked,1249.752913,1133.910252,1360.995129,1030.113996,1538.953737,36
NIK,baseline_a,2025-06,2025-07,1,2025-07-01,locked,948.333333,878.750000,991.000000,755.333333,1064.000000,36
NIK,baseline_b,2025-06,2025-07,1,2025-07-01,locked,952.000000,913.000000,1089.500000,862.000000,1166.500000,36
NIK,candidate,2025-06,2025-07,1,2025-07-01,locked,975.597767,858.043325,1040.347951,772.330960,1177.216051,36
NIK,baseline_a,2025-06,2025-09,3,2025-07-01,locked,948.333333,892.833333,1022.750000,701.166667,1078.166667,36
NIK,baseline_b,2025-06,2025-09,3,2025-07-01,locked,819.000000,780.000000,956.500000,729.000000,1033.500000,36
NIK,candidate,2025-06,2025-09,3,2025-07-01,locked,846.287986,717.303878,922.168964,626.649069,1135.488810,36
NIK,baseline_a,2025-07,2025-08,1,2025-08-01,locked,896.000000,826.416667,934.416667,703.000000,984.666667,36
NIK,baseline_b,2025-07,2025-08,1,2025-08-01,locked,1007.000000,968.000000,1141.000000,917.000000,1196.000000,36
NIK,candidate,2025-07,2025-08,1,2025-08-01,locked,1150.567776,1033.013333,1204.979904,947.300968,1301.736462,36
NIK,baseline_a,2025-07,2025-10,3,2025-08-01,locked,896.000000,830.250000,964.416667,648.833333,1015.166667,36
NIK,baseline_b,2025-07,2025-10,3,2025-08-01,locked,1014.000000,975.000000,1148.000000,924.000000,1203.000000,36
NIK,candidate,2025-07,2025-10,3,2025-08-01,locked,918.071714,764.310205,977.327377,698.432796,1191.367870,36
NIK,baseline_a,2025-08,2025-09,1,2025-09-01,locked,874.000000,811.916667,912.416667,681.000000,962.666667,36
NIK,baseline_b,2025-08,2025-09,1,2025-09-01,locked,819.000000,772.000000,950.500000,698.500000,981.500000,36
NIK,candidate,2025-08,2025-09,1,2025-09-01,locked,718.555277,594.777256,763.595405,470.023298,864.932794,36
NIK,baseline_a,2025-08,2025-11,3,2025-09-01,locked,874.000000,785.666667,938.250000,626.833333,991.000000,36
NIK,baseline_b,2025-08,2025-11,3,2025-09-01,locked,926.000000,879.000000,1057.500000,805.500000,1088.500000,36
NIK,candidate,2025-08,2025-11,3,2025-09-01,locked,705.457782,523.090750,751.618742,468.636115,950.219347,36
NIK,baseline_a,2025-09,2025-10,1,2025-10-01,locked,880.333333,826.083333,918.750000,718.000000,969.000000,36
NIK,baseline_b,2025-09,2025-10,1,2025-10-01,locked,1014.000000,967.000000,1145.500000,893.500000,1176.500000,36
NIK,candidate,2025-09,2025-10,1,2025-10-01,locked,878.799021,757.652440,933.211149,630.267042,1046.087161,36
NIK,baseline_a,2025-09,2025-12,3,2025-10-01,locked,880.333333,802.250000,944.583333,633.166667,997.333333,36
NIK,baseline_b,2025-09,2025-12,3,2025-10-01,locked,1009.000000,962.000000,1140.500000,888.500000,1171.500000,36
NIK,candidate,2025-09,2025-12,3,2025-10-01,locked,774.868563,592.501531,815.624107,538.046895,1019.630127,36
NIK,baseline_a,2025-10,2025-11,1,2025-11-01,locked,890.666667,838.500000,933.333333,753.500000,979.333333,36
NIK,baseline_b,2025-10,2025-11,1,2025-11-01,locked,926.000000,877.250000,1057.500000,805.500000,1088.500000,36
NIK,candidate,2025-10,2025-11,1,2025-11-01,locked,799.389694,711.671486,862.334327,551.087090,966.677834,36
NIK,baseline_a,2025-10,2026-01,3,2025-11-01,unscored,890.666667,824.916667,954.916667,643.500000,1007.666667,36
NIK,baseline_b,2025-10,2026-01,3,2025-11-01,unscored,931.000000,882.250000,1062.500000,810.500000,1093.500000,36
NIK,candidate,2025-10,2026-01,3,2025-11-01,unscored,761.279124,607.517615,802.034668,524.457457,1006.040688,36
NIK,baseline_a,2025-11,2025-12,1,2025-12-01,locked,899.000000,846.833333,941.666667,761.833333,987.666667,36
NIK,baseline_b,2025-11,2025-12,1,2025-12-01,locked,1009.000000,958.750000,1140.500000,888.500000,1171.500000,36
NIK,candidate,2025-11,2025-12,1,2025-12-01,locked,833.977450,746.259241,896.922083,585.674845,1001.265590,36
NIK,baseline_a,2025-11,2026-02,3,2025-12-01,unscored,899.000000,847.583333,963.250000,680.500000,1016.000000,36
NIK,baseline_b,2025-11,2026-02,3,2025-12-01,unscored,921.000000,870.750000,1052.500000,800.500000,1083.500000,36
NIK,candidate,2025-11,2026-02,3,2025-12-01,unscored,803.850345,650.088836,855.260770,567.028678,1048.611909,36
NIK,baseline_a,2025-12,2026-01,1,2026-01-01,recent,913.666667,861.500000,956.333333,776.500000,1002.333333,36
NIK,baseline_b,2025-12,2026-01,1,2026-01-01,recent,931.000000,860.000000,1062.500000,810.000000,1093.500000,36
NIK,candidate,2025-12,2026-01,1,2026-01-01,recent,824.001216,736.283008,892.007746,575.698612,991.289356,36
NIK,baseline_a,2025-12,2026-03,3,2026-01-01,recent,913.666667,869.916667,977.916667,758.000000,1030.666667,36
NIK,baseline_b,2025-12,2026-03,3,2026-01-01,recent,935.000000,864.000000,1066.500000,814.000000,1097.500000,36
NIK,candidate,2025-12,2026-03,3,2026-01-01,recent,858.409743,704.648234,934.290720,621.588075,1103.171307,36
NIK,baseline_a,2026-01,2026-02,1,2026-02-01,recent,883.000000,828.750000,925.666667,745.833333,971.666667,36
NIK,baseline_b,2026-01,2026-02,1,2026-02-01,recent,921.000000,843.750000,1052.500000,800.000000,1083.500000,36
NIK,candidate,2026-01,2026-02,1,2026-02-01,recent,847.059598,759.341390,915.066128,598.756994,1014.347738,36
NIK,baseline_a,2026-01,2026-04,3,2026-02-01,recent,883.000000,839.250000,947.250000,727.333333,1000.000000,36
NIK,baseline_b,2026-01,2026-04,3,2026-02-01,recent,1071.000000,993.750000,1202.500000,950.000000,1233.500000,36
NIK,candidate,2026-01,2026-04,3,2026-02-01,recent,977.528357,823.766849,1059.342379,740.706690,1222.289922,36
NIK,baseline_a,2026-02,2026-03,1,2026-03-01,recent,905.000000,850.750000,962.166667,767.833333,993.666667,36
NIK,baseline_b,2026-02,2026-03,1,2026-03-01,recent,935.000000,857.750000,1048.000000,814.000000,1079.500000,36
NIK,candidate,2026-02,2026-03,1,2026-03-01,recent,913.312270,825.594061,981.318800,665.009666,1080.600410,36
NIK,baseline_a,2026-02,2026-05,3,2026-03-01,recent,905.000000,861.250000,969.250000,749.333333,1022.000000,36
NIK,baseline_b,2026-02,2026-05,3,2026-03-01,recent,923.000000,845.750000,1036.000000,802.000000,1067.500000,36
NIK,candidate,2026-02,2026-05,3,2026-03-01,recent,956.852460,803.090951,1060.425976,720.030792,1201.614024,36
NIK,baseline_a,2026-03,2026-04,1,2026-04-01,recent,926.666667,872.416667,983.833333,789.500000,1008.500000,36
NIK,baseline_b,2026-03,2026-04,1,2026-04-01,recent,1071.000000,993.750000,1169.750000,950.000000,1210.000000,36
NIK,candidate,2026-03,2026-04,1,2026-04-01,recent,1056.230847,968.512638,1124.237377,807.928242,1223.518987,36
NIK,baseline_a,2026-03,2026-06,3,2026-04-01,recent,926.666667,882.916667,990.500000,771.000000,1026.000000,36
NIK,baseline_b,2026-03,2026-06,3,2026-04-01,recent,851.000000,773.750000,949.750000,730.000000,990.000000,36
NIK,candidate,2026-03,2026-06,3,2026-04-01,recent,958.898867,805.137358,1084.124419,722.077200,1203.660431,36
NIK,baseline_a,2026-04,2026-05,1,2026-05-01,recent,934.000000,879.750000,991.166667,796.833333,1015.833333,36
NIK,baseline_b,2026-04,2026-05,1,2026-05-01,recent,923.000000,845.750000,1021.750000,774.500000,1062.000000,36
NIK,candidate,2026-04,2026-05,1,2026-05-01,recent,909.630699,821.912490,977.637229,717.496559,1076.918839,36
NIK,baseline_a,2026-04,2026-07,3,2026-05-01,recent,934.000000,890.250000,987.083333,778.333333,1033.333333,36
NIK,baseline_b,2026-04,2026-07,3,2026-05-01,recent,914.000000,836.750000,1012.750000,765.500000,1053.000000,36
NIK,candidate,2026-04,2026-07,3,2026-05-01,recent,974.598385,845.614277,1099.823937,756.327010,1219.359949,36
NIK,baseline_a,2026-05,2026-06,1,2026-06-01,recent,925.000000,870.750000,970.166667,787.833333,1006.833333,36
NIK,baseline_b,2026-05,2026-06,1,2026-06-01,recent,851.000000,773.750000,949.750000,702.500000,990.000000,36
NIK,candidate,2026-05,2026-06,1,2026-06-01,recent,888.179256,800.461048,956.185786,696.045116,1055.467396,36
NIK,baseline_a,2026-05,2026-08,3,2026-06-01,recent,925.000000,881.250000,974.000000,769.333333,1006.333333,36
NIK,baseline_b,2026-05,2026-08,3,2026-06-01,recent,857.000000,779.750000,955.750000,708.500000,996.000000,36
NIK,candidate,2026-05,2026-08,3,2026-06-01,recent,1039.714036,910.729928,1164.939588,821.442661,1284.475600,36
NIK,baseline_a,2026-06,2026-07,1,2026-07-01,recent,909.333333,855.083333,954.500000,772.166667,991.166667,36
NIK,baseline_b,2026-06,2026-07,1,2026-07-01,recent,914.000000,836.750000,1012.750000,765.500000,1053.000000,36
NIK,candidate,2026-06,2026-07,1,2026-07-01,recent,1000.059766,912.341557,1068.066296,807.925626,1167.347906,36
NIK,baseline_a,2026-06,2026-09,3,2026-10-06,outlook,909.333333,865.583333,957.083333,753.666667,990.666667,36
NIK,baseline_b,2026-06,2026-09,3,2026-10-06,outlook,870.000000,792.750000,968.750000,721.500000,1009.000000,36
NIK,candidate,2026-06,2026-09,3,2026-10-06,outlook,1004.902279,875.918171,1130.127832,786.630904,1249.663844,36
NIK,baseline_a,2026-07,2026-08,1,2026-08-01,recent,921.666667,867.416667,966.833333,784.500000,1003.500000,36
NIK,baseline_b,2026-07,2026-08,1,2026-08-01,recent,857.000000,786.000000,955.750000,736.000000,996.000000,36
NIK,candidate,2026-07,2026-08,1,2026-08-01,recent,1020.838466,940.274641,1088.844997,858.300965,1188.126607,36
NIK,baseline_a,2026-07,2026-10,3,2026-10-06,outlook,921.666667,877.916667,969.416667,766.000000,1003.000000,36
NIK,baseline_b,2026-07,2026-10,3,2026-10-06,outlook,945.000000,874.000000,1043.750000,824.000000,1084.000000,36
NIK,candidate,2026-07,2026-10,3,2026-10-06,outlook,1022.306085,914.462564,1147.531637,816.415633,1267.067650,36
NIK,baseline_a,2026-08,2026-09,1,2026-10-06,outlook,891.666667,832.250000,918.083333,754.500000,966.500000,36
NIK,baseline_b,2026-08,2026-09,1,2026-10-06,outlook,870.000000,799.000000,954.750000,749.000000,1008.000000,36
NIK,candidate,2026-08,2026-09,1,2026-10-06,outlook,890.588792,795.374644,956.404834,705.054135,1016.781354,36
NIK,baseline_a,2026-08,2026-11,3,2026-10-06,outlook,891.666667,840.250000,928.750000,736.000000,965.000000,36
NIK,baseline_b,2026-08,2026-11,3,2026-10-06,outlook,882.000000,811.000000,966.750000,761.000000,1020.000000,36
NIK,candidate,2026-08,2026-11,3,2026-10-06,outlook,845.779077,716.794969,944.717299,636.137289,1065.018138,36
NPT,baseline_a,2018-12,2019-01,1,2019-01-01,warmup,344.000000,,,,,0
NPT,baseline_b,2018-12,2019-01,1,2019-01-01,warmup,261.000000,,,,,0
NPT,candidate,2018-12,2019-01,1,2019-01-01,warmup,297.021555,,,,,0
NPT,baseline_a,2018-12,2019-03,3,2019-01-01,warmup,344.000000,,,,,0
NPT,baseline_b,2018-12,2019-03,3,2019-01-01,warmup,371.000000,,,,,0
NPT,candidate,2018-12,2019-03,3,2019-01-01,warmup,374.465517,,,,,0
NPT,baseline_a,2019-01,2019-02,1,2019-02-01,warmup,359.666667,,,,,1
NPT,baseline_b,2019-01,2019-02,1,2019-02-01,warmup,239.000000,,,,,1
NPT,candidate,2019-01,2019-02,1,2019-02-01,warmup,309.370379,,,,,1
NPT,baseline_a,2019-01,2019-04,3,2019-02-01,warmup,359.666667,,,,,0
NPT,baseline_b,2019-01,2019-04,3,2019-02-01,warmup,281.000000,,,,,0
NPT,candidate,2019-01,2019-04,3,2019-02-01,warmup,422.977154,,,,,0
NPT,baseline_a,2019-02,2019-03,1,2019-03-01,warmup,356.666667,,,,,2
NPT,baseline_b,2019-02,2019-03,1,2019-03-01,warmup,371.000000,,,,,2
NPT,candidate,2019-02,2019-03,1,2019-03-01,warmup,386.750041,,,,,2
NPT,baseline_a,2019-02,2019-05,3,2019-03-01,warmup,356.666667,,,,,0
NPT,baseline_b,2019-02,2019-05,3,2019-03-01,warmup,357.000000,,,,,0
NPT,candidate,2019-02,2019-05,3,2019-03-01,warmup,361.367320,,,,,0
NPT,baseline_a,2019-03,2019-04,1,2019-04-01,warmup,360.666667,,,,,3
NPT,baseline_b,2019-03,2019-04,1,2019-04-01,warmup,281.000000,,,,,3
NPT,candidate,2019-03,2019-04,1,2019-04-01,warmup,424.230663,,,,,3
NPT,baseline_a,2019-03,2019-06,3,2019-04-01,warmup,360.666667,,,,,1
NPT,baseline_b,2019-03,2019-06,3,2019-04-01,warmup,346.000000,,,,,1
NPT,candidate,2019-03,2019-06,3,2019-04-01,warmup,337.327315,,,,,1
NPT,baseline_a,2019-04,2019-05,1,2019-05-01,warmup,352.666667,,,,,4
NPT,baseline_b,2019-04,2019-05,1,2019-05-01,warmup,357.000000,,,,,4
NPT,candidate,2019-04,2019-05,1,2019-05-01,warmup,347.214518,,,,,4
NPT,baseline_a,2019-04,2019-07,3,2019-05-01,warmup,352.666667,,,,,2
NPT,baseline_b,2019-04,2019-07,3,2019-05-01,warmup,391.000000,,,,,2
NPT,candidate,2019-04,2019-07,3,2019-05-01,warmup,319.061640,,,,,2
NPT,baseline_a,2019-05,2019-06,1,2019-06-01,warmup,359.333333,,,,,5
NPT,baseline_b,2019-05,2019-06,1,2019-06-01,warmup,346.000000,,,,,5
NPT,candidate,2019-05,2019-06,1,2019-06-01,warmup,333.251335,,,,,5
NPT,baseline_a,2019-05,2019-08,3,2019-06-01,warmup,359.333333,,,,,3
NPT,baseline_b,2019-05,2019-08,3,2019-06-01,warmup,389.000000,,,,,3
NPT,candidate,2019-05,2019-08,3,2019-06-01,warmup,360.424224,,,,,3
NPT,baseline_a,2019-06,2019-07,1,2019-07-01,warmup,351.333333,,,,,6
NPT,baseline_b,2019-06,2019-07,1,2019-07-01,warmup,391.000000,,,,,6
NPT,candidate,2019-06,2019-07,1,2019-07-01,warmup,324.220041,,,,,6
NPT,baseline_a,2019-06,2019-09,3,2019-07-01,warmup,351.333333,,,,,4
NPT,baseline_b,2019-06,2019-09,3,2019-07-01,warmup,249.000000,,,,,4
NPT,candidate,2019-06,2019-09,3,2019-07-01,warmup,262.626770,,,,,4
NPT,baseline_a,2019-07,2019-08,1,2019-08-01,warmup,364.333333,,,,,7
NPT,baseline_b,2019-07,2019-08,1,2019-08-01,warmup,389.000000,,,,,7
NPT,candidate,2019-07,2019-08,1,2019-08-01,warmup,380.368208,,,,,7
NPT,baseline_a,2019-07,2019-10,3,2019-08-01,warmup,364.333333,,,,,5
NPT,baseline_b,2019-07,2019-10,3,2019-08-01,warmup,333.000000,,,,,5
NPT,candidate,2019-07,2019-10,3,2019-08-01,warmup,361.510778,,,,,5
NPT,baseline_a,2019-08,2019-09,1,2019-09-01,warmup,352.666667,,,,,8
NPT,baseline_b,2019-08,2019-09,1,2019-09-01,warmup,249.000000,,,,,8
NPT,candidate,2019-08,2019-09,1,2019-09-01,warmup,265.322945,,,,,8
NPT,baseline_a,2019-08,2019-11,3,2019-09-01,warmup,352.666667,,,,,6
NPT,baseline_b,2019-08,2019-11,3,2019-09-01,warmup,358.000000,,,,,6
NPT,candidate,2019-08,2019-11,3,2019-09-01,warmup,374.553146,,,,,6
NPT,baseline_a,2019-09,2019-10,1,2019-10-01,warmup,344.333333,,,,,9
NPT,baseline_b,2019-09,2019-10,1,2019-10-01,warmup,333.000000,,,,,9
NPT,candidate,2019-09,2019-10,1,2019-10-01,warmup,360.881829,,,,,9
NPT,baseline_a,2019-09,2019-12,3,2019-10-01,warmup,344.333333,,,,,7
NPT,baseline_b,2019-09,2019-12,3,2019-10-01,warmup,341.000000,,,,,7
NPT,candidate,2019-09,2019-12,3,2019-10-01,warmup,389.767198,,,,,7
NPT,baseline_a,2019-10,2019-11,1,2019-11-01,warmup,344.000000,,,,,10
NPT,baseline_b,2019-10,2019-11,1,2019-11-01,warmup,358.000000,,,,,10
NPT,candidate,2019-10,2019-11,1,2019-11-01,warmup,401.273649,,,,,10
NPT,baseline_a,2019-10,2020-01,3,2019-11-01,warmup,344.000000,,,,,8
NPT,baseline_b,2019-10,2020-01,3,2019-11-01,warmup,380.000000,,,,,8
NPT,candidate,2019-10,2020-01,3,2019-11-01,warmup,360.674977,,,,,8
NPT,baseline_a,2019-11,2019-12,1,2019-12-01,warmup,351.666667,,,,,11
NPT,baseline_b,2019-11,2019-12,1,2019-12-01,warmup,341.000000,,,,,11
NPT,candidate,2019-11,2019-12,1,2019-12-01,warmup,386.621205,,,,,11
NPT,baseline_a,2019-11,2020-02,3,2019-12-01,warmup,351.666667,,,,,9
NPT,baseline_b,2019-11,2020-02,3,2019-12-01,warmup,349.000000,,,,,9
NPT,candidate,2019-11,2020-02,3,2019-12-01,warmup,346.176675,,,,,9
NPT,baseline_a,2019-12,2020-01,1,2020-01-01,warmup,397.333333,381.750000,435.250000,367.000000,446.400000,12
NPT,baseline_b,2019-12,2020-01,1,2020-01-01,warmup,380.000000,375.000000,461.250000,362.100000,489.000000,12
NPT,candidate,2019-12,2020-01,1,2020-01-01,warmup,362.013445,325.632502,405.330359,315.854693,431.153287,12
NPT,baseline_a,2019-12,2020-03,3,2020-01-01,warmup,397.333333,,,,,10
NPT,baseline_b,2019-12,2020-03,3,2020-01-01,warmup,353.000000,,,,,10
NPT,candidate,2019-12,2020-03,3,2020-01-01,warmup,421.186590,,,,,10
NPT,baseline_a,2020-01,2020-02,1,2020-02-01,warmup,413.333333,402.666667,457.000000,383.000000,462.000000,13
NPT,baseline_b,2020-01,2020-02,1,2020-02-01,warmup,349.000000,348.000000,424.000000,331.200000,457.000000,13
NPT,candidate,2020-01,2020-02,1,2020-02-01,warmup,380.982941,347.232900,435.361736,335.033645,459.128177,13
NPT,baseline_a,2020-01,2020-04,3,2020-02-01,warmup,413.333333,,,,,11
NPT,baseline_b,2020-01,2020-04,3,2020-02-01,warmup,356.000000,,,,,11
NPT,candidate,2020-01,2020-04,3,2020-02-01,warmup,481.636076,,,,,11
NPT,baseline_a,2020-02,2020-03,1,2020-03-01,warmup,436.333333,427.166667,478.083333,406.000000,484.500000,14
NPT,baseline_b,2020-02,2020-03,1,2020-03-01,warmup,353.000000,353.250000,429.500000,335.300000,460.000000,14
NPT,candidate,2020-02,2020-03,1,2020-03-01,warmup,464.549862,438.174498,516.588223,418.810022,541.774439,14
NPT,baseline_a,2020-02,2020-05,3,2020-03-01,warmup,436.333333,427.250000,486.666667,405.300000,530.766667,12
NPT,baseline_b,2020-02,2020-05,3,2020-03-01,warmup,369.000000,364.000000,434.250000,351.100000,445.800000,12
NPT,candidate,2020-02,2020-05,3,2020-03-01,warmup,443.844015,425.312776,501.253207,417.915662,523.278844,12
NPT,baseline_a,2020-03,2020-04,1,2020-04-01,warmup,486.333333,478.666667,530.500000,456.000000,559.800000,15
NPT,baseline_b,2020-03,2020-04,1,2020-04-01,warmup,356.000000,357.500000,444.500000,338.400000,471.400000,15
NPT,candidate,2020-03,2020-04,1,2020-04-01,warmup,548.487548,529.486860,611.066925,502.957163,630.269237,15
NPT,baseline_a,2020-03,2020-06,3,2020-04-01,warmup,486.333333,482.666667,560.666667,455.933333,584.066667,13
NPT,baseline_b,2020-03,2020-06,3,2020-04-01,warmup,329.000000,328.000000,404.000000,311.200000,424.400000,13
NPT,candidate,2020-03,2020-06,3,2020-04-01,warmup,449.022041,431.468894,524.960401,423.589558,530.046724,13
NPT,baseline_a,2020-04,2020-05,1,2020-05-01,warmup,585.666667,579.500000,631.583333,555.333333,707.666667,16
NPT,baseline_b,2020-04,2020-05,1,2020-05-01,warmup,369.000000,371.750000,471.500000,351.500000,547.500000,16
NPT,candidate,2020-04,2020-05,1,2020-05-01,warmup,561.411806,549.785795,634.493414,516.090877,666.126097,16
NPT,baseline_a,2020-04,2020-07,3,2020-05-01,warmup,585.666667,584.000000,676.750000,555.900000,750.633333,14
NPT,baseline_b,2020-04,2020-07,3,2020-05-01,warmup,395.000000,395.250000,471.500000,377.300000,591.600000,14
NPT,candidate,2020-04,2020-07,3,2020-05-01,warmup,528.596674,513.349986,607.448758,503.660062,671.863568,14
NPT,baseline_a,2020-05,2020-06,1,2020-06-01,warmup,534.333333,523.666667,579.000000,496.666667,649.800000,17
NPT,baseline_b,2020-05,2020-06,1,2020-06-01,warmup,329.000000,328.000000,429.000000,296.200000,495.600000,17
NPT,candidate,2020-05,2020-06,1,2020-06-01,warmup,402.114659,368.364618,472.894618,347.001469,502.481781,17
NPT,baseline_a,2020-05,2020-08,3,2020-06-01,warmup,534.333333,519.833333,619.833333,493.266667,689.733333,15
NPT,baseline_b,2020-05,2020-08,3,2020-06-01,warmup,334.000000,325.000000,410.000000,293.800000,516.800000,15
NPT,candidate,2020-05,2020-08,3,2020-06-01,warmup,425.269442,405.760110,503.150285,374.513460,559.687497,15
NPT,baseline_a,2020-06,2020-07,1,2020-07-01,warmup,480.000000,454.583333,524.416667,414.033333,588.933333,18
NPT,baseline_b,2020-06,2020-07,1,2020-07-01,warmup,395.000000,395.250000,494.750000,365.900000,549.700000,18
NPT,candidate,2020-06,2020-07,1,2020-07-01,warmup,417.383121,391.007757,484.062789,364.456176,513.403073,18
NPT,baseline_a,2020-06,2020-09,3,2020-07-01,warmup,480.000000,453.083333,559.916667,427.166667,625.833333,16
NPT,baseline_b,2020-06,2020-09,3,2020-07-01,warmup,304.000000,299.000000,386.500000,267.500000,473.000000,16
NPT,candidate,2020-06,2020-09,3,2020-07-01,warmup,331.543385,310.410475,408.452987,284.842696,457.112602,16
NPT,baseline_a,2020-07,2020-08,1,2020-08-01,warmup,435.666667,415.166667,482.833333,375.466667,568.200000,19
NPT,baseline_b,2020-07,2020-08,1,2020-08-01,warmup,334.000000,335.500000,439.000000,308.600000,551.200000,19
NPT,candidate,2020-07,2020-08,1,2020-08-01,warmup,476.429079,457.428391,551.812336,425.688380,615.512565,19
NPT,baseline_a,2020-07,2020-10,3,2020-08-01,warmup,435.666667,410.333333,510.000000,383.933333,571.933333,17
NPT,baseline_b,2020-07,2020-10,3,2020-08-01,warmup,394.000000,393.000000,493.000000,361.200000,616.400000,17
NPT,candidate,2020-07,2020-10,3,2020-08-01,warmup,481.615865,460.593825,560.019191,438.970469,598.336243,17
NPT,baseline_a,2020-08,2020-09,1,2020-09-01,warmup,474.000000,443.666667,519.916667,419.566667,603.766667,20
NPT,baseline_b,2020-08,2020-09,1,2020-09-01,warmup,304.000000,306.750000,406.500000,282.300000,518.600000,20
NPT,candidate,2020-08,2020-09,1,2020-09-01,warmup,343.361738,306.980796,416.443346,273.011234,476.128550,20
NPT,baseline_a,2020-08,2020-11,3,2020-09-01,warmup,474.000000,443.916667,540.333333,388.966667,600.700000,18
NPT,baseline_b,2020-08,2020-11,3,2020-09-01,warmup,357.000000,357.250000,450.500000,327.900000,576.800000,18
NPT,candidate,2020-08,2020-11,3,2020-09-01,warmup,459.546860,438.192212,537.333945,412.665105,567.418399,18
NPT,baseline_a,2020-09,2020-10,1,2020-10-01,warmup,459.666667,429.333333,504.333333,370.666667,586.666667,21
NPT,baseline_b,2020-09,2020-10,1,2020-10-01,warmup,394.000000,398.000000,494.000000,376.000000,606.000000,21
NPT,candidate,2020-09,2020-10,1,2020-10-01,warmup,454.826530,421.076489,525.606489,386.595867,581.276668,21
NPT,baseline_a,2020-09,2020-12,3,2020-10-01,warmup,459.666667,420.166667,518.000000,354.200000,576.800000,19
NPT,baseline_b,2020-09,2020-12,3,2020-10-01,warmup,441.000000,442.500000,531.000000,415.600000,658.200000,19
NPT,candidate,2020-09,2020-12,3,2020-10-01,warmup,492.166782,470.923003,569.337625,448.155798,591.189482,19
NPT,baseline_a,2020-10,2020-11,1,2020-11-01,warmup,442.666667,412.333333,491.083333,357.700000,566.600000,22
NPT,baseline_b,2020-10,2020-11,1,2020-11-01,warmup,357.000000,363.000000,464.500000,339.100000,564.000000,22
NPT,candidate,2020-10,2020-11,1,2020-11-01,warmup,490.661776,464.286411,568.346682,424.617358,614.584246,22
NPT,baseline_a,2020-10,2021-01,3,2020-11-01,warmup,442.666667,407.083333,522.583333,342.433333,570.333333,20
NPT,baseline_b,2020-10,2021-01,3,2020-11-01,warmup,442.000000,444.750000,541.250000,420.300000,656.600000,20
NPT,candidate,2020-10,2021-01,3,2020-11-01,warmup,476.847045,455.714135,553.401646,435.706831,567.020906,20
NPT,baseline_a,2020-11,2020-12,1,2020-12-01,warmup,478.333333,448.000000,528.833333,397.400000,599.200000,23
NPT,baseline_b,2020-11,2020-12,1,2020-12-01,warmup,441.000000,449.000000,555.500000,423.200000,643.000000,23
NPT,candidate,2020-11,2020-12,1,2020-12-01,warmup,529.973205,510.972517,605.356462,466.115033,651.368009,23
NPT,baseline_a,2020-11,2021-02,3,2020-12-01,warmup,478.333333,446.666667,552.666667,383.333333,598.666667,21
NPT,baseline_b,2020-11,2021-02,3,2020-12-01,warmup,426.000000,430.000000,526.000000,408.000000,638.000000,21
NPT,candidate,2020-11,2021-02,3,2020-12-01,warmup,489.091690,468.069649,565.030050,450.822248,570.416713,21
NPT,baseline_a,2020-12,2021-01,1,2021-01-01,warmup,509.333333,479.000000,559.416667,432.433333,627.133333,24
NPT,baseline_b,2020-12,2021-01,1,2021-01-01,warmup,442.000000,452.000000,554.250000,424.300000,639.000000,24
NPT,candidate,2020-12,2021-01,1,2021-01-01,warmup,482.976831,446.595888,556.058438,419.623405,601.843968,24
NPT,baseline_a,2020-12,2021-03,3,2021-01-01,warmup,509.333333,479.250000,575.666667,418.000000,627.433333,22
NPT,baseline_b,2020-12,2021-03,3,2021-01-01,warmup,591.000000,597.000000,690.750000,573.100000,798.000000,22
NPT,candidate,2020-12,2021-03,3,2021-01-01,warmup,581.880763,561.725946,657.430567,544.795843,663.055617,22
NPT,baseline_a,2021-01,2021-02,1,2021-02-01,warmup,465.000000,434.666667,514.666667,377.066667,579.733333,25
NPT,baseline_b,2021-01,2021-02,1,2021-02-01,warmup,426.000000,430.000000,536.000000,407.400000,618.000000,25
NPT,candidate,2021-01,2021-02,1,2021-02-01,warmup,451.267227,406.993578,522.047186,386.338097,567.606697,25
NPT,baseline_a,2021-01,2021-04,3,2021-02-01,warmup,465.000000,436.500000,523.333333,377.333333,580.866667,23
NPT,baseline_b,2021-01,2021-04,3,2021-02-01,warmup,740.000000,741.500000,839.500000,721.200000,942.000000,23
NPT,candidate,2021-01,2021-04,3,2021-02-01,warmup,604.787753,583.543974,679.949001,554.056229,685.812437,23
NPT,baseline_a,2021-02,2021-03,1,2021-03-01,warmup,469.333333,439.000000,517.750000,381.666667,581.000000,26
NPT,baseline_b,2021-02,2021-03,1,2021-03-01,warmup,591.000000,597.000000,698.500000,572.500000,778.000000,26
NPT,candidate,2021-02,2021-03,1,2021-03-01,warmup,559.386861,517.744114,626.405024,495.283115,673.198665,26
NPT,baseline_a,2021-02,2021-05,3,2021-03-01,warmup,469.333333,442.416667,519.666667,385.333333,582.966667,24
NPT,baseline_b,2021-02,2021-05,3,2021-03-01,warmup,272.000000,274.750000,371.250000,253.300000,469.000000,24
NPT,candidate,2021-02,2021-05,3,2021-03-01,warmup,459.644214,438.511304,534.416905,410.470450,540.518728,24
NPT,baseline_a,2021-03,2021-04,1,2021-04-01,warmup,481.000000,450.666667,528.166667,393.600000,589.600000,27
NPT,baseline_b,2021-03,2021-04,1,2021-04-01,warmup,740.000000,741.500000,845.000000,706.600000,922.000000,27
NPT,candidate,2021-03,2021-04,1,2021-04-01,warmup,608.462758,563.141829,671.719123,545.184394,719.746894,27
NPT,baseline_a,2021-03,2021-06,3,2021-04-01,warmup,481.000000,455.666667,523.333333,400.666667,592.400000,25
NPT,baseline_b,2021-03,2021-06,3,2021-04-01,warmup,428.000000,427.000000,527.000000,387.400000,620.000000,25
NPT,candidate,2021-03,2021-06,3,2021-04-01,warmup,463.672866,442.207348,538.057001,401.947756,544.397210,25
NPT,baseline_a,2021-04,2021-05,1,2021-05-01,warmup,544.666667,514.333333,594.750000,457.533333,673.466667,28
NPT,baseline_b,2021-04,2021-05,1,2021-05-01,warmup,272.000000,267.000000,374.500000,210.100000,449.000000,28
NPT,candidate,2021-04,2021-05,1,2021-05-01,warmup,452.661886,407.864597,512.156455,390.208906,561.418356,28
NPT,baseline_a,2021-04,2021-07,3,2021-05-01,warmup,544.666667,520.750000,611.000000,468.000000,679.333333,26
NPT,baseline_b,2021-04,2021-07,3,2021-05-01,warmup,607.000000,594.000000,701.500000,540.500000,794.000000,26
NPT,candidate,2021-04,2021-07,3,2021-05-01,warmup,506.953230,485.598582,576.105485,446.541131,587.527404,26
NPT,baseline_a,2021-05,2021-06,1,2021-06-01,warmup,531.000000,500.666667,580.666667,444.133333,659.200000,29
NPT,baseline_b,2021-05,2021-06,1,2021-06-01,warmup,428.000000,427.000000,538.000000,368.400000,625.600000,29
NPT,candidate,2021-05,2021-06,1,2021-06-01,warmup,467.134076,422.860427,522.866849,405.506479,573.362879,29
NPT,baseline_a,2021-05,2021-08,3,2021-06-01,warmup,531.000000,508.500000,589.333333,458.000000,662.800000,27
NPT,baseline_b,2021-05,2021-08,3,2021-06-01,warmup,387.000000,378.000000,486.500000,322.800000,588.200000,27
NPT,candidate,2021-05,2021-08,3,2021-06-01,warmup,476.616197,455.372418,540.536572,417.517109,557.040201,27
NPT,baseline_a,2021-06,2021-07,1,2021-07-01,warmup,529.666667,499.333333,578.083333,443.066667,657.266667,30
NPT,baseline_b,2021-06,2021-07,1,2021-07-01,warmup,607.000000,607.250000,714.500000,549.700000,802.800000,30
NPT,candidate,2021-06,2021-07,1,2021-07-01,warmup,518.435845,476.793098,573.830124,457.633631,622.136982,30
NPT,baseline_a,2021-06,2021-09,3,2021-07-01,warmup,529.666667,508.583333,580.000000,460.333333,658.600000,28
NPT,baseline_b,2021-06,2021-09,3,2021-07-01,warmup,385.000000,380.000000,484.250000,323.100000,584.400000,28
NPT,candidate,2021-06,2021-09,3,2021-07-01,warmup,391.913588,370.780678,450.602083,334.127511,472.187422,28
NPT,baseline_a,2021-07,2021-08,1,2021-08-01,warmup,498.333333,468.000000,545.500000,412.000000,625.333333,31
NPT,baseline_b,2021-07,2021-08,1,2021-08-01,warmup,387.000000,378.000000,492.000000,309.000000,581.000000,31
NPT,candidate,2021-07,2021-08,1,2021-08-01,warmup,484.885467,445.873623,539.941251,424.908637,586.058937,31
NPT,baseline_a,2021-07,2021-10,3,2021-08-01,warmup,498.333333,473.666667,540.666667,432.666667,624.400000,29
NPT,baseline_b,2021-07,2021-10,3,2021-08-01,warmup,556.000000,539.000000,655.000000,476.200000,753.600000,29
NPT,candidate,2021-07,2021-10,3,2021-08-01,warmup,517.989025,496.966984,571.445640,461.515958,598.112689,29
NPT,baseline_a,2021-08,2021-09,1,2021-09-01,warmup,451.000000,416.083333,496.916667,362.266667,574.933333,32
NPT,baseline_b,2021-08,2021-09,1,2021-09-01,warmup,385.000000,367.750000,487.500000,308.500000,575.800000,32
NPT,candidate,2021-08,2021-09,1,2021-09-01,warmup,363.561323,318.764035,418.278613,296.156044,462.915291,32
NPT,baseline_a,2021-08,2021-11,3,2021-09-01,warmup,451.000000,425.833333,490.166667,350.766667,574.200000,30
NPT,baseline_b,2021-08,2021-11,3,2021-09-01,warmup,494.000000,476.250000,588.500000,415.100000,689.800000,30
NPT,candidate,2021-08,2021-11,3,2021-09-01,warmup,481.616266,460.261618,534.516928,414.448752,561.589761,30
NPT,baseline_a,2021-09,2021-10,1,2021-10-01,warmup,398.666667,350.000000,443.333333,301.666667,519.533333,33
NPT,baseline_b,2021-09,2021-10,1,2021-10-01,warmup,556.000000,538.000000,656.000000,481.000000,743.600000,33
NPT,candidate,2021-09,2021-10,1,2021-10-01,warmup,477.511416,433.237767,531.890211,410.931520,575.045881,33
NPT,baseline_a,2021-09,2021-12,3,2021-10-01,warmup,398.666667,370.166667,434.666667,251.333333,519.000000,31
NPT,baseline_b,2021-09,2021-12,3,2021-10-01,warmup,478.000000,459.500000,568.000000,400.000000,672.000000,31
NPT,candidate,2021-09,2021-12,3,2021-10-01,warmup,492.947210,469.002339,545.291918,425.970056,572.770535,31
NPT,baseline_a,2021-10,2021-11,1,2021-11-01,warmup,425.333333,381.250000,473.750000,329.333333,556.533333,34
NPT,baseline_b,2021-10,2021-11,1,2021-11-01,warmup,494.000000,476.250000,593.750000,420.500000,678.400000,34
NPT,candidate,2021-10,2021-11,1,2021-11-01,warmup,499.458084,457.815337,554.852363,433.703571,615.552134,34
NPT,baseline_a,2021-10,2022-01,3,2021-11-01,development,425.333333,398.416667,475.666667,283.233333,543.800000,32
NPT,baseline_b,2021-10,2022-01,3,2021-11-01,development,423.000000,404.750000,508.500000,346.500000,613.800000,32
NPT,candidate,2021-10,2022-01,3,2021-11-01,development,475.111483,452.406289,533.799978,409.447340,556.286336,32
NPT,baseline_a,2021-11,2021-12,1,2021-12-01,warmup,454.000000,414.500000,501.166667,359.000000,584.600000,35
NPT,baseline_b,2021-11,2021-12,1,2021-12-01,warmup,478.000000,459.500000,577.500000,396.400000,659.200000,35
NPT,candidate,2021-11,2021-12,1,2021-12-01,warmup,481.219600,435.898672,536.275384,400.269888,595.182139,35
NPT,baseline_a,2021-11,2022-02,3,2021-12-01,development,454.000000,422.333333,496.333333,317.133333,570.600000,33
NPT,baseline_b,2021-11,2022-02,3,2021-12-01,development,507.000000,488.000000,588.000000,424.200000,694.600000,33
NPT,candidate,2021-11,2022-02,3,2021-12-01,development,428.515524,402.091300,481.972139,360.015482,509.540207,33
NPT,baseline_a,2021-12,2022-01,1,2022-01-01,development,458.666667,410.000000,504.583333,364.666667,588.666667,36
NPT,baseline_b,2021-12,2022-01,1,2022-01-01,development,423.000000,400.500000,522.250000,337.500000,601.000000,36
NPT,candidate,2021-12,2022-01,1,2022-01-01,development,408.995342,362.622471,463.712632,319.551760,520.826369,36
NPT,baseline_a,2021-12,2022-03,3,2022-01-01,development,458.666667,426.250000,497.833333,327.033333,573.400000,34
NPT,baseline_b,2021-12,2022-03,3,2022-01-01,development,513.000000,483.500000,594.000000,426.900000,697.400000,34
NPT,candidate,2021-12,2022-03,3,2022-01-01,development,469.757000,434.448863,522.657662,398.961384,550.631514,34
NPT,baseline_a,2022-01,2022-02,1,2022-02-01,development,412.333333,363.666667,458.250000,318.333333,542.333333,36
NPT,baseline_b,2022-01,2022-02,1,2022-02-01,development,507.000000,484.500000,592.500000,421.500000,685.000000,36
NPT,candidate,2022-01,2022-02,1,2022-02-01,development,414.320334,367.947463,466.918526,324.876752,526.151361,36
NPT,baseline_a,2022-01,2022-04,3,2022-02-01,development,412.333333,380.166667,451.333333,285.933333,525.200000,35
NPT,baseline_b,2022-01,2022-04,3,2022-02-01,development,614.000000,588.000000,695.000000,528.200000,795.200000,35
NPT,candidate,2022-01,2022-04,3,2022-02-01,development,534.876715,502.529882,587.221424,464.354650,615.601059,35
NPT,baseline_a,2022-02,2022-03,1,2022-03-01,development,402.000000,353.333333,447.916667,308.000000,532.000000,36
NPT,baseline_b,2022-02,2022-03,1,2022-03-01,development,513.000000,474.500000,594.000000,421.000000,691.000000,36
NPT,candidate,2022-02,2022-03,1,2022-03-01,development,475.163743,428.790871,527.761935,385.720161,586.994770,36
NPT,baseline_a,2022-02,2022-05,3,2022-03-01,development,402.000000,367.250000,439.333333,280.833333,513.000000,36
NPT,baseline_b,2022-02,2022-05,3,2022-03-01,development,466.000000,427.500000,547.000000,374.000000,644.000000,36
NPT,candidate,2022-02,2022-05,3,2022-03-01,development,386.727840,348.047362,438.516595,316.479325,467.302014,36
NPT,baseline_a,2022-03,2022-04,1,2022-04-01,development,428.666667,380.000000,474.583333,334.666667,558.666667,36
NPT,baseline_b,2022-03,2022-04,1,2022-04-01,development,614.000000,557.000000,695.000000,522.000000,792.000000,36
NPT,candidate,2022-03,2022-04,1,2022-04-01,development,520.478505,474.105634,573.076698,431.034924,632.309532,36
NPT,baseline_a,2022-03,2022-06,3,2022-04-01,development,428.666667,393.916667,466.000000,307.500000,539.666667,36
NPT,baseline_b,2022-03,2022-06,3,2022-04-01,development,509.000000,452.000000,590.000000,417.000000,687.000000,36
NPT,candidate,2022-03,2022-06,3,2022-04-01,development,390.530678,351.850199,442.319433,320.282163,471.104852,36
NPT,baseline_a,2022-04,2022-05,1,2022-05-01,development,489.000000,440.333333,539.083333,395.000000,632.833333,36
NPT,baseline_b,2022-04,2022-05,1,2022-05-01,development,466.000000,409.000000,547.000000,374.000000,644.000000,36
NPT,candidate,2022-04,2022-05,1,2022-05-01,development,393.660913,348.863624,448.378203,304.217332,515.665952,36
NPT,baseline_a,2022-04,2022-07,3,2022-05-01,development,489.000000,454.250000,539.333333,367.833333,623.666667,36
NPT,baseline_b,2022-04,2022-07,3,2022-05-01,development,520.000000,463.000000,601.000000,428.000000,698.000000,36
NPT,candidate,2022-04,2022-07,3,2022-05-01,development,438.187801,408.802272,496.876296,367.939286,519.855800,36
NPT,baseline_a,2022-05,2022-06,1,2022-06-01,development,498.666667,442.500000,548.750000,404.666667,642.500000,36
NPT,baseline_b,2022-05,2022-06,1,2022-06-01,development,509.000000,449.750000,590.000000,417.000000,687.000000,36
NPT,candidate,2022-05,2022-06,1,2022-06-01,development,409.108534,364.311245,463.825824,319.664953,531.113574,36
NPT,baseline_a,2022-05,2022-08,3,2022-06-01,development,498.666667,463.916667,549.000000,377.500000,633.333333,36
NPT,baseline_b,2022-05,2022-08,3,2022-06-01,development,324.000000,264.750000,405.000000,232.000000,502.000000,36
NPT,candidate,2022-05,2022-08,3,2022-06-01,development,385.013126,355.627597,443.701621,314.764611,466.681125,36
NPT,baseline_a,2022-06,2022-07,1,2022-07-01,development,507.000000,450.833333,557.083333,413.000000,650.833333,36
NPT,baseline_b,2022-06,2022-07,1,2022-07-01,development,520.000000,460.750000,601.000000,428.000000,698.000000,36
NPT,candidate,2022-06,2022-07,1,2022-07-01,development,449.835680,405.038391,507.108126,360.392099,571.840720,36
NPT,baseline_a,2022-06,2022-09,3,2022-07-01,development,507.000000,472.250000,557.333333,385.833333,641.666667,36
NPT,baseline_b,2022-06,2022-09,3,2022-07-01,development,352.000000,292.750000,433.000000,260.000000,530.000000,36
NPT,candidate,2022-06,2022-09,3,2022-07-01,development,337.642086,308.256557,412.414777,267.393571,419.310085,36
NPT,baseline_a,2022-07,2022-08,1,2022-08-01,development,452.666667,396.500000,502.750000,358.666667,596.500000,36
NPT,baseline_b,2022-07,2022-08,1,2022-08-01,development,324.000000,264.750000,405.000000,232.000000,502.000000,36
NPT,candidate,2022-07,2022-08,1,2022-08-01,development,398.864840,354.067551,453.582129,309.421258,520.869879,36
NPT,baseline_a,2022-07,2022-10,3,2022-08-01,development,452.666667,417.916667,503.000000,331.500000,587.333333,36
NPT,baseline_b,2022-07,2022-10,3,2022-08-01,development,600.000000,540.750000,681.000000,508.000000,778.000000,36
NPT,candidate,2022-07,2022-10,3,2022-08-01,development,473.003491,443.617962,531.691985,402.754976,554.671490,36
NPT,baseline_a,2022-08,2022-09,1,2022-09-01,development,469.000000,412.833333,519.083333,375.000000,612.833333,36
NPT,baseline_b,2022-08,2022-09,1,2022-09-01,development,352.000000,292.750000,437.500000,260.000000,530.000000,36
NPT,candidate,2022-08,2022-09,1,2022-09-01,development,348.115995,310.557332,404.449365,258.672413,470.121034,36
NPT,baseline_a,2022-08,2022-11,3,2022-09-01,development,469.000000,427.833333,519.333333,347.833333,603.666667,36
NPT,baseline_b,2022-08,2022-11,3,2022-09-01,development,410.000000,350.750000,495.500000,318.000000,588.000000,36
NPT,candidate,2022-08,2022-11,3,2022-09-01,development,460.345527,432.960416,532.931716,390.097012,542.013526,36
NPT,baseline_a,2022-09,2022-10,1,2022-10-01,development,453.000000,396.833333,503.083333,359.000000,596.833333,36
NPT,baseline_b,2022-09,2022-10,1,2022-10-01,development,600.000000,540.750000,685.500000,508.000000,778.000000,36
NPT,candidate,2022-09,2022-10,1,2022-10-01,development,500.991728,463.433066,560.065965,411.548147,622.996768,36
NPT,baseline_a,2022-09,2022-12,3,2022-10-01,development,453.000000,411.833333,503.333333,331.833333,587.666667,36
NPT,baseline_b,2022-09,2022-12,3,2022-10-01,development,366.000000,306.750000,451.500000,274.000000,544.000000,36
NPT,candidate,2022-09,2022-12,3,2022-10-01,development,488.985017,461.599906,564.373949,418.736502,572.669462,36
NPT,baseline_a,2022-10,2022-11,1,2022-11-01,development,490.666667,434.500000,551.500000,396.666667,637.500000,36
NPT,baseline_b,2022-10,2022-11,1,2022-11-01,development,410.000000,350.750000,495.500000,318.000000,588.000000,36
NPT,candidate,2022-10,2022-11,1,2022-11-01,development,494.566111,457.007448,559.705712,405.122529,616.571150,36
NPT,baseline_a,2022-10,2023-01,3,2022-11-01,development,490.666667,449.500000,570.583333,369.500000,634.833333,36
NPT,baseline_b,2022-10,2023-01,3,2022-11-01,development,461.000000,401.750000,546.500000,369.000000,639.000000,36
NPT,candidate,2022-10,2023-01,3,2022-11-01,development,489.233462,461.848351,567.991787,418.984947,585.474061,36
NPT,baseline_a,2022-11,2022-12,1,2022-12-01,development,503.333333,447.166667,564.166667,409.333333,650.166667,36
NPT,baseline_b,2022-11,2022-12,1,2022-12-01,development,366.000000,306.750000,454.500000,274.000000,544.000000,36
NPT,candidate,2022-11,2022-12,1,2022-12-01,development,508.433730,477.730839,573.573330,418.990148,630.438769,36
NPT,baseline_a,2022-11,2023-02,3,2022-12-01,development,503.333333,462.166667,583.250000,382.166667,647.500000,36
NPT,baseline_b,2022-11,2023-02,3,2022-12-01,development,379.000000,319.750000,467.500000,287.000000,557.000000,36
NPT,candidate,2022-11,2023-02,3,2022-12-01,development,490.552672,463.167562,569.310998,420.304157,586.793272,36
NPT,baseline_a,2022-12,2023-01,1,2023-01-01,development,609.333333,553.166667,671.916667,515.333333,787.333333,36
NPT,baseline_b,2022-12,2023-01,1,2023-01-01,development,461.000000,401.750000,549.500000,369.000000,664.000000,36
NPT,candidate,2022-12,2023-01,1,2023-01-01,development,530.435718,499.732828,606.595361,440.992137,654.905079,36
NPT,baseline_a,2022-12,2023-03,3,2023-01-01,development,609.333333,568.166667,689.583333,488.166667,780.666667,36
NPT,baseline_b,2022-12,2023-03,3,2023-01-01,development,446.000000,386.750000,534.500000,354.000000,649.000000,36
NPT,candidate,2022-12,2023-03,3,2023-01-01,development,661.767089,634.381978,741.751913,591.518574,774.826986,36
NPT,baseline_a,2023-01,2023-02,1,2023-02-01,development,588.666667,509.833333,651.250000,494.666667,766.666667,36
NPT,baseline_b,2023-01,2023-02,1,2023-02-01,development,379.000000,319.750000,467.500000,287.000000,582.000000,36
NPT,candidate,2023-01,2023-02,1,2023-02-01,development,544.710947,514.008057,609.850548,455.267366,669.180308,36
NPT,baseline_a,2023-01,2023-04,3,2023-02-01,development,588.666667,547.500000,639.000000,467.500000,760.000000,36
NPT,baseline_b,2023-01,2023-04,3,2023-02-01,development,642.000000,582.750000,730.500000,550.000000,845.000000,36
NPT,candidate,2023-01,2023-04,3,2023-02-01,development,788.867829,761.482718,867.626155,718.619314,901.927726,36
NPT,baseline_a,2023-02,2023-03,1,2023-03-01,development,621.333333,542.500000,683.916667,527.333333,799.333333,36
NPT,baseline_b,2023-02,2023-03,1,2023-03-01,development,446.000000,386.750000,553.500000,354.000000,659.000000,36
NPT,candidate,2023-02,2023-03,1,2023-03-01,development,675.479106,644.776216,740.618707,586.035525,799.948467,36
NPT,baseline_a,2023-02,2023-05,3,2023-03-01,development,621.333333,580.166667,675.500000,500.166667,792.666667,36
NPT,baseline_b,2023-02,2023-05,3,2023-03-01,development,408.000000,348.750000,515.500000,316.000000,621.000000,36
NPT,candidate,2023-02,2023-05,3,2023-03-01,development,605.452870,578.067760,684.372695,535.204356,718.512768,36
NPT,baseline_a,2023-03,2023-04,1,2023-04-01,development,652.333333,573.500000,714.916667,558.333333,859.333333,36
NPT,baseline_b,2023-03,2023-04,1,2023-04-01,development,642.000000,582.750000,749.500000,550.000000,855.000000,36
NPT,candidate,2023-03,2023-04,1,2023-04-01,development,787.356979,756.654088,852.496579,697.913397,927.861717,36
NPT,baseline_a,2023-03,2023-06,3,2023-04-01,development,652.333333,611.166667,706.500000,531.166667,839.166667,36
NPT,baseline_b,2023-03,2023-06,3,2023-04-01,development,471.000000,411.750000,578.500000,379.000000,684.000000,36
NPT,candidate,2023-03,2023-06,3,2023-04-01,development,600.211701,572.826591,679.131526,529.963186,713.271599,36
NPT,baseline_a,2023-04,2023-05,1,2023-05-01,development,725.333333,646.500000,787.916667,631.333333,895.500000,36
NPT,baseline_b,2023-04,2023-05,1,2023-05-01,development,408.000000,348.750000,509.000000,316.000000,611.000000,36
NPT,candidate,2023-04,2023-05,1,2023-05-01,development,563.716461,527.636965,622.790697,474.272879,685.721500,36
NPT,baseline_a,2023-04,2023-07,3,2023-05-01,development,725.333333,684.166667,779.500000,604.166667,880.000000,36
NPT,baseline_b,2023-04,2023-07,3,2023-05-01,development,479.000000,419.750000,580.000000,387.000000,682.000000,36
NPT,candidate,2023-04,2023-07,3,2023-05-01,development,631.445513,592.776474,706.834445,561.196998,736.230819,36
NPT,baseline_a,2023-05,2023-06,1,2023-06-01,development,716.000000,637.166667,778.583333,622.000000,886.166667,36
NPT,baseline_b,2023-05,2023-06,1,2023-06-01,development,471.000000,425.750000,584.500000,385.500000,674.000000,36
NPT,candidate,2023-05,2023-06,1,2023-06-01,development,592.096919,561.394029,651.171156,517.393965,714.101959,36
NPT,baseline_a,2023-05,2023-08,3,2023-06-01,development,716.000000,674.833333,770.166667,626.500000,870.666667,36
NPT,baseline_b,2023-05,2023-08,3,2023-06-01,development,457.000000,411.750000,570.500000,371.500000,660.000000,36
NPT,candidate,2023-05,2023-08,3,2023-06-01,development,557.473169,518.804130,632.862101,496.109265,662.258475,36
NPT,baseline_a,2023-06,2023-07,1,2023-07-01,development,675.666667,619.500000,738.250000,587.166667,845.833333,36
NPT,baseline_b,2023-06,2023-07,1,2023-07-01,development,479.000000,433.750000,613.000000,393.500000,692.000000,36
NPT,candidate,2023-06,2023-07,1,2023-07-01,development,663.235059,632.532168,728.374659,588.532104,785.240098,36
NPT,baseline_a,2023-06,2023-09,3,2023-07-01,development,675.666667,640.916667,743.583333,586.166667,830.333333,36
NPT,baseline_b,2023-06,2023-09,3,2023-07-01,development,423.000000,377.750000,557.000000,337.500000,636.000000,36
NPT,candidate,2023-06,2023-09,3,2023-07-01,development,501.450239,462.781200,580.370064,440.086335,611.406031,36
NPT,baseline_a,2023-07,2023-08,1,2023-08-01,development,659.666667,603.500000,705.500000,571.166667,829.833333,36
NPT,baseline_b,2023-07,2023-08,1,2023-08-01,development,457.000000,411.750000,591.000000,371.500000,675.000000,36
NPT,candidate,2023-07,2023-08,1,2023-08-01,development,645.152056,614.449165,704.226293,570.449101,766.364344,36
NPT,baseline_a,2023-07,2023-10,3,2023-08-01,development,659.666667,624.916667,727.583333,570.166667,814.333333,36
NPT,baseline_b,2023-07,2023-10,3,2023-08-01,development,592.000000,546.750000,726.000000,506.500000,810.000000,36
NPT,candidate,2023-07,2023-10,3,2023-08-01,development,774.201492,735.532454,850.106924,712.837588,884.157284,36
NPT,baseline_a,2023-08,2023-09,1,2023-09-01,development,701.333333,647.166667,747.166667,612.833333,871.500000,36
NPT,baseline_b,2023-08,2023-09,1,2023-09-01,development,423.000000,377.750000,565.000000,337.500000,650.500000,36
NPT,candidate,2023-08,2023-09,1,2023-09-01,development,567.355446,551.393518,626.429683,511.380428,688.567734,36
NPT,baseline_a,2023-08,2023-11,3,2023-09-01,development,701.333333,673.666667,769.250000,621.833333,856.000000,36
NPT,baseline_b,2023-08,2023-11,3,2023-09-01,development,495.000000,449.750000,637.000000,409.500000,722.500000,36
NPT,candidate,2023-08,2023-11,3,2023-09-01,development,733.785998,706.001291,814.640734,672.422094,849.678402,36
NPT,baseline_a,2023-09,2023-10,1,2023-10-01,development,645.666667,591.500000,691.500000,552.166667,815.833333,36
NPT,baseline_b,2023-09,2023-10,1,2023-10-01,development,592.000000,546.750000,734.000000,506.500000,819.500000,36
NPT,candidate,2023-09,2023-10,1,2023-10-01,development,735.745524,712.438004,794.819761,679.770507,856.957812,36
NPT,baseline_a,2023-09,2023-12,3,2023-10-01,development,645.666667,618.000000,713.583333,566.166667,800.333333,36
NPT,baseline_b,2023-09,2023-12,3,2023-10-01,development,741.000000,695.750000,883.000000,655.500000,968.500000,36
NPT,candidate,2023-09,2023-12,3,2023-10-01,development,717.751992,689.967285,798.606728,656.388088,833.644396,36
NPT,baseline_a,2023-10,2023-11,1,2023-11-01,development,699.000000,644.833333,744.833333,605.500000,906.000000,36
NPT,baseline_b,2023-10,2023-11,1,2023-11-01,development,495.000000,449.750000,637.000000,409.500000,732.500000,36
NPT,candidate,2023-10,2023-11,1,2023-11-01,development,739.744998,716.437477,798.819234,683.769980,861.750037,36
NPT,baseline_a,2023-10,2024-01,3,2023-11-01,unscored,699.000000,671.333333,766.916667,619.500000,879.833333,36
NPT,baseline_b,2023-10,2024-01,3,2023-11-01,unscored,530.000000,484.750000,672.000000,444.500000,767.500000,36
NPT,candidate,2023-10,2024-01,3,2023-11-01,unscored,722.985035,695.200328,805.832745,661.621131,838.877439,36
NPT,baseline_a,2023-11,2023-12,1,2023-12-01,development,698.000000,643.833333,741.750000,604.500000,905.000000,36
NPT,baseline_b,2023-11,2023-12,1,2023-12-01,development,741.000000,695.750000,906.750000,655.500000,978.500000,36
NPT,candidate,2023-11,2023-12,1,2023-12-01,development,781.687144,750.984253,840.761380,725.326230,903.692183,36
NPT,baseline_a,2023-11,2024-02,3,2023-12-01,unscored,698.000000,670.333333,765.916667,618.500000,878.833333,36
NPT,baseline_b,2023-11,2024-02,3,2023-12-01,unscored,593.000000,547.750000,758.750000,507.500000,830.500000,36
NPT,candidate,2023-11,2024-02,3,2023-12-01,unscored,712.444159,672.564891,795.291870,651.080255,828.336564,36
NPT,baseline_a,2023-12,2024-01,1,2024-01-01,locked,799.333333,745.166667,856.500000,705.833333,1006.333333,36
NPT,baseline_b,2023-12,2024-01,1,2024-01-01,locked,530.000000,484.750000,695.750000,444.500000,767.500000,36
NPT,candidate,2023-12,2024-01,1,2024-01-01,locked,720.469245,697.161724,783.966058,664.108330,842.474284,36
NPT,baseline_a,2023-12,2024-03,3,2024-01-01,locked,799.333333,771.666667,892.000000,719.833333,1002.166667,36
NPT,baseline_b,2023-12,2024-03,3,2024-01-01,locked,834.000000,788.750000,999.750000,748.500000,1071.500000,36
NPT,candidate,2023-12,2024-03,3,2024-01-01,locked,878.422479,838.543211,964.140542,817.058575,1004.044738,36
NPT,baseline_a,2024-01,2024-02,1,2024-02-01,locked,774.333333,737.833333,831.500000,680.833333,981.333333,36
NPT,baseline_b,2024-01,2024-02,1,2024-02-01,locked,593.000000,547.750000,785.500000,507.500000,842.000000,36
NPT,candidate,2024-01,2024-02,1,2024-02-01,locked,742.674930,728.665076,808.901211,693.109001,864.679970,36
NPT,baseline_a,2024-01,2024-04,3,2024-02-01,locked,774.333333,746.666667,867.000000,694.833333,977.166667,36
NPT,baseline_b,2024-01,2024-04,3,2024-02-01,locked,749.000000,703.750000,941.500000,663.500000,998.000000,36
NPT,candidate,2024-01,2024-04,3,2024-02-01,locked,1027.211531,999.426824,1112.929594,968.013388,1152.833790,36
NPT,baseline_a,2024-02,2024-03,1,2024-03-01,locked,893.333333,856.833333,999.083333,799.833333,1106.333333,36
NPT,baseline_b,2024-02,2024-03,1,2024-03-01,locked,834.000000,788.750000,1033.000000,748.500000,1096.500000,36
NPT,candidate,2024-02,2024-03,1,2024-03-01,locked,958.637648,944.627794,1028.593291,909.071718,1082.509178,36
NPT,baseline_a,2024-02,2024-05,3,2024-03-01,locked,893.333333,865.666667,1004.416667,813.833333,1107.833333,36
NPT,baseline_b,2024-02,2024-05,3,2024-03-01,locked,565.000000,519.750000,764.000000,479.500000,827.500000,36
NPT,candidate,2024-02,2024-05,3,2024-03-01,locked,830.760135,802.975428,921.470848,771.561992,963.147555,36
NPT,baseline_a,2024-03,2024-04,1,2024-04-01,locked,967.333333,930.833333,1101.833333,873.833333,1180.333333,36
NPT,baseline_b,2024-03,2024-04,1,2024-04-01,locked,749.000000,710.250000,965.000000,663.500000,1011.500000,36
NPT,candidate,2024-03,2024-04,1,2024-04-01,locked,1139.997312,1136.780193,1218.912384,1094.446324,1263.868842,36
NPT,baseline_a,2024-03,2024-06,3,2024-04-01,locked,967.333333,939.666667,1109.083333,887.833333,1194.500000,36
NPT,baseline_b,2024-03,2024-06,3,2024-04-01,locked,713.000000,674.250000,929.000000,627.500000,975.500000,36
NPT,candidate,2024-03,2024-06,3,2024-04-01,locked,945.281746,928.758884,1048.898063,897.130985,1097.661617,36
NPT,baseline_a,2024-04,2024-05,1,2024-05-01,locked,1033.000000,996.500000,1140.250000,939.500000,1246.000000,36
NPT,baseline_b,2024-04,2024-05,1,2024-05-01,locked,565.000000,530.750000,789.750000,489.500000,827.500000,36
NPT,candidate,2024-04,2024-05,1,2024-05-01,locked,831.353635,817.343781,910.268706,760.252094,955.225165,36
NPT,baseline_a,2024-04,2024-07,3,2024-05-01,locked,1033.000000,1005.333333,1177.583333,953.500000,1260.166667,36
NPT,baseline_b,2024-04,2024-07,3,2024-05-01,locked,701.000000,666.750000,925.750000,625.500000,963.500000,36
NPT,candidate,2024-04,2024-07,3,2024-05-01,locked,973.573507,945.788800,1077.189824,925.422746,1125.953378,36
NPT,baseline_a,2024-05,2024-06,1,2024-06-01,locked,947.333333,910.833333,1054.583333,820.166667,1160.333333,36
NPT,baseline_b,2024-05,2024-06,1,2024-06-01,locked,713.000000,678.750000,937.750000,637.500000,975.500000,36
NPT,candidate,2024-05,2024-06,1,2024-06-01,locked,899.800599,876.493079,978.715671,828.699058,1023.672129,36
NPT,baseline_a,2024-05,2024-08,3,2024-06-01,locked,947.333333,912.583333,1091.916667,852.166667,1174.500000,36
NPT,baseline_b,2024-05,2024-08,3,2024-06-01,locked,690.000000,655.750000,914.750000,614.500000,952.500000,36
NPT,candidate,2024-05,2024-08,3,2024-06-01,locked,866.268130,826.388861,969.884447,818.117369,1018.648001,36
NPT,baseline_a,2024-06,2024-07,1,2024-07-01,locked,864.000000,809.666667,971.250000,723.666667,1077.000000,36
NPT,baseline_b,2024-06,2024-07,1,2024-07-01,locked,701.000000,666.750000,925.750000,625.500000,963.500000,36
NPT,candidate,2024-06,2024-07,1,2024-07-01,locked,944.905121,914.202230,1023.820193,861.275780,1068.776651,36
NPT,baseline_a,2024-06,2024-09,3,2024-07-01,locked,864.000000,822.833333,1008.583333,746.000000,1091.166667,36
NPT,baseline_b,2024-06,2024-09,3,2024-07-01,locked,546.000000,511.750000,770.750000,470.500000,808.500000,36
NPT,candidate,2024-06,2024-09,3,2024-07-01,locked,720.380882,680.332473,823.997199,659.814987,872.760753,36
NPT,baseline_a,2024-07,2024-08,1,2024-08-01,locked,812.000000,757.666667,919.250000,671.666667,1025.000000,36
NPT,baseline_b,2024-07,2024-08,1,2024-08-01,locked,690.000000,675.750000,914.750000,625.000000,952.500000,36
NPT,candidate,2024-07,2024-08,1,2024-08-01,locked,826.052091,789.972596,904.967163,723.713249,949.923621,36
NPT,baseline_a,2024-07,2024-10,3,2024-08-01,locked,812.000000,766.666667,956.583333,674.500000,1039.166667,36
NPT,baseline_b,2024-07,2024-10,3,2024-08-01,locked,861.000000,846.750000,1085.750000,796.000000,1123.500000,36
NPT,candidate,2024-07,2024-10,3,2024-08-01,locked,969.270418,927.990732,1072.886736,871.821412,1121.650289,36
NPT,baseline_a,2024-08,2024-09,1,2024-09-01,locked,856.333333,817.083333,972.083333,744.166667,1069.333333,36
NPT,baseline_b,2024-08,2024-09,1,2024-09-01,locked,546.000000,565.000000,776.750000,483.500000,808.500000,36
NPT,candidate,2024-08,2024-09,1,2024-09-01,locked,711.369718,680.666827,803.112899,627.740376,835.241248,36
NPT,baseline_a,2024-08,2024-11,3,2024-09-01,locked,856.333333,815.166667,1000.916667,738.333333,1083.500000,36
NPT,baseline_b,2024-08,2024-11,3,2024-09-01,locked,687.000000,706.000000,917.750000,624.500000,949.500000,36
NPT,candidate,2024-08,2024-11,3,2024-09-01,locked,899.450611,859.402202,1003.066928,838.884716,1051.830482,36
NPT,baseline_a,2024-09,2024-10,1,2024-10-01,locked,816.333333,777.083333,932.083333,676.500000,1029.333333,36
NPT,baseline_b,2024-09,2024-10,1,2024-10-01,locked,861.000000,896.500000,1091.750000,798.500000,1123.500000,36
NPT,candidate,2024-09,2024-10,1,2024-10-01,locked,993.298503,962.595612,1085.041684,909.669161,1117.170033,36
NPT,baseline_a,2024-09,2024-12,3,2024-10-01,locked,816.333333,775.166667,960.916667,698.333333,1043.500000,36
NPT,baseline_b,2024-09,2024-12,3,2024-10-01,locked,850.000000,885.500000,1080.750000,787.500000,1112.500000,36
NPT,candidate,2024-09,2024-12,3,2024-10-01,locked,966.574078,926.559989,1070.190395,906.008183,1118.953949,36
NPT,baseline_a,2024-10,2024-11,1,2024-11-01,locked,883.666667,844.416667,999.416667,743.833333,1096.666667,36
NPT,baseline_b,2024-10,2024-11,1,2024-11-01,locked,687.000000,722.500000,917.750000,624.500000,949.500000,36
NPT,candidate,2024-10,2024-11,1,2024-11-01,locked,902.253120,871.550229,981.168191,818.623778,1025.641105,36
NPT,baseline_a,2024-10,2025-01,3,2024-11-01,locked,883.666667,842.500000,1054.250000,765.666667,1110.833333,36
NPT,baseline_b,2024-10,2025-01,3,2024-11-01,locked,786.000000,821.500000,1016.750000,723.500000,1048.500000,36
NPT,candidate,2024-10,2025-01,3,2024-11-01,locked,884.865311,844.851222,988.481629,824.299416,1037.245182,36
NPT,baseline_a,2024-11,2024-12,1,2024-12-01,locked,890.333333,851.083333,1006.083333,750.500000,1103.333333,36
NPT,baseline_b,2024-11,2024-12,1,2024-12-01,locked,850.000000,911.250000,1083.250000,800.500000,1112.500000,36
NPT,candidate,2024-11,2024-12,1,2024-12-01,locked,981.696037,958.388517,1060.611109,916.423239,1105.084023,36
NPT,baseline_a,2024-11,2025-02,3,2024-12-01,locked,890.333333,855.416667,1060.916667,772.333333,1117.500000,36
NPT,baseline_b,2024-11,2025-02,3,2024-12-01,locked,1044.000000,1105.250000,1277.250000,994.500000,1306.500000,36
NPT,candidate,2024-11,2025-02,3,2024-12-01,locked,923.284730,895.500022,1026.901047,875.133969,1075.664601,36
NPT,baseline_a,2024-12,2025-01,1,2025-01-01,locked,1033.333333,999.083333,1175.583333,893.500000,1247.666667,36
NPT,baseline_b,2024-12,2025-01,1,2025-01-01,locked,786.000000,856.500000,1021.000000,746.500000,1061.000000,36
NPT,candidate,2024-12,2025-01,1,2025-01-01,locked,915.717045,903.350896,1007.460227,867.167729,1052.996265,36
NPT,baseline_a,2024-12,2025-03,3,2025-01-01,locked,1033.333333,1002.416667,1235.416667,915.333333,1284.500000,36
NPT,baseline_b,2024-12,2025-03,3,2025-01-01,locked,1072.000000,1142.500000,1307.000000,1032.500000,1347.000000,36
NPT,candidate,2024-12,2025-03,3,2025-01-01,locked,1134.166598,1114.441687,1242.706137,1088.667834,1302.496015,36
NPT,baseline_a,2025-01,2025-02,1,2025-02-01,locked,1035.666667,1001.416667,1177.916667,895.833333,1250.000000,36
NPT,baseline_b,2025-01,2025-02,1,2025-02-01,locked,1044.000000,1125.500000,1283.000000,1004.500000,1319.000000,36
NPT,candidate,2025-01,2025-02,1,2025-02-01,locked,977.145254,964.779104,1075.946774,928.595938,1114.424473,36
NPT,baseline_a,2025-01,2025-04,3,2025-02-01,locked,1035.666667,1004.750000,1237.750000,917.666667,1286.833333,36
NPT,baseline_b,2025-01,2025-04,3,2025-02-01,locked,983.000000,1064.500000,1222.000000,943.500000,1258.000000,36
NPT,candidate,2025-01,2025-04,3,2025-02-01,locked,1299.160997,1279.436086,1413.501348,1253.662232,1467.490413,36
NPT,baseline_a,2025-02,2025-03,1,2025-03-01,locked,1025.666667,986.416667,1167.916667,885.666667,1240.000000,36
NPT,baseline_b,2025-02,2025-03,1,2025-03-01,locked,1072.000000,1153.500000,1311.000000,1032.500000,1347.000000,36
NPT,candidate,2025-02,2025-03,1,2025-03-01,locked,1153.609065,1141.242915,1252.410585,1093.663939,1290.888284,36
NPT,baseline_a,2025-02,2025-05,3,2025-03-01,locked,1025.666667,999.333333,1227.750000,907.666667,1276.833333,36
NPT,baseline_b,2025-02,2025-05,3,2025-03-01,locked,787.000000,868.500000,1026.000000,747.500000,1062.000000,36
NPT,candidate,2025-02,2025-05,3,2025-03-01,locked,947.811666,933.252898,1062.152018,903.825833,1116.141082,36
NPT,baseline_a,2025-03,2025-04,1,2025-04-01,locked,1008.666667,969.416667,1150.916667,868.666667,1223.000000,36
NPT,baseline_b,2025-03,2025-04,1,2025-04-01,locked,983.000000,1064.500000,1222.000000,960.000000,1258.000000,36
NPT,candidate,2025-03,2025-04,1,2025-04-01,locked,1262.182918,1249.816768,1360.984438,1191.805759,1399.462137,36
NPT,baseline_a,2025-03,2025-06,3,2025-04-01,locked,1008.666667,982.333333,1210.750000,890.666667,1259.833333,36
NPT,baseline_b,2025-03,2025-06,3,2025-04-01,locked,822.000000,903.500000,1061.000000,799.000000,1097.000000,36
NPT,candidate,2025-03,2025-06,3,2025-04-01,locked,1000.589995,986.031228,1114.930347,955.091231,1168.919412,36
NPT,baseline_a,2025-04,2025-05,1,2025-05-01,locked,1138.333333,1099.083333,1280.583333,998.333333,1364.833333,36
NPT,baseline_b,2025-04,2025-05,1,2025-05-01,locked,787.000000,888.500000,1031.000000,764.000000,1115.000000,36
NPT,candidate,2025-04,2025-05,1,2025-05-01,locked,953.311348,940.945199,1052.112868,882.934189,1107.223777,36
NPT,baseline_a,2025-04,2025-07,3,2025-05-01,locked,1138.333333,1112.000000,1340.416667,1020.333333,1418.666667,36
NPT,baseline_b,2025-04,2025-07,3,2025-05-01,locked,827.000000,928.500000,1071.000000,804.000000,1155.000000,36
NPT,candidate,2025-04,2025-07,3,2025-05-01,locked,1087.828257,1073.269489,1208.535390,1042.329492,1256.157673,36
NPT,baseline_a,2025-05,2025-06,1,2025-06-01,locked,1187.333333,1148.083333,1329.583333,1047.333333,1413.833333,36
NPT,baseline_b,2025-05,2025-06,1,2025-06-01,locked,822.000000,930.500000,1072.750000,822.000000,1150.000000,36
NPT,candidate,2025-05,2025-06,1,2025-06-01,locked,1048.364639,1035.998489,1154.471716,977.987479,1202.277067,36
NPT,baseline_a,2025-05,2025-08,3,2025-06-01,locked,1187.333333,1161.000000,1389.416667,1069.333333,1467.666667,36
NPT,baseline_b,2025-05,2025-08,3,2025-06-01,locked,920.000000,1028.500000,1170.750000,920.000000,1248.000000,36
NPT,candidate,2025-05,2025-08,3,2025-06-01,locked,1031.072947,1016.514180,1151.780080,985.574182,1199.402363,36
NPT,baseline_a,2025-06,2025-07,1,2025-07-01,locked,1189.000000,1134.666667,1331.250000,1049.000000,1415.500000,36
NPT,baseline_b,2025-06,2025-07,1,2025-07-01,locked,827.000000,936.000000,1080.750000,865.500000,1155.000000,36
NPT,candidate,2025-06,2025-07,1,2025-07-01,locked,1121.648774,1109.282624,1227.755851,1051.271614,1275.561202,36
NPT,baseline_a,2025-06,2025-09,3,2025-07-01,locked,1189.000000,1162.666667,1391.083333,1071.000000,1469.333333,36
NPT,baseline_b,2025-06,2025-09,3,2025-07-01,locked,702.000000,811.000000,955.750000,740.500000,1030.000000,36
NPT,candidate,2025-06,2025-09,3,2025-07-01,locked,879.882227,865.323459,1000.589359,834.383462,1048.211643,36
NPT,baseline_a,2025-07,2025-08,1,2025-08-01,locked,1138.000000,1083.666667,1280.250000,998.000000,1364.500000,36
NPT,baseline_b,2025-07,2025-08,1,2025-08-01,locked,920.000000,1039.500000,1177.750000,990.000000,1301.500000,36
NPT,candidate,2025-07,2025-08,1,2025-08-01,locked,1064.046977,1051.680827,1179.139480,993.669817,1218.483037,36
NPT,baseline_a,2025-07,2025-10,3,2025-08-01,locked,1138.000000,1111.666667,1340.083333,1020.000000,1418.333333,36
NPT,baseline_b,2025-07,2025-10,3,2025-08-01,locked,1029.000000,1148.500000,1286.750000,1099.000000,1410.500000,36
NPT,candidate,2025-07,2025-10,3,2025-08-01,locked,1293.304583,1278.745816,1420.745838,1247.805819,1471.506910,36
NPT,baseline_a,2025-08,2025-09,1,2025-09-01,locked,1111.333333,1031.500000,1253.583333,956.500000,1337.833333,36
NPT,baseline_b,2025-08,2025-09,1,2025-09-01,locked,702.000000,811.000000,959.750000,765.000000,1083.500000,36
NPT,candidate,2025-08,2025-09,1,2025-09-01,locked,893.035737,867.429908,1008.128240,817.330905,1047.471797,36
NPT,baseline_a,2025-08,2025-11,3,2025-09-01,locked,1111.333333,1085.000000,1313.416667,973.833333,1391.666667,36
NPT,baseline_b,2025-08,2025-11,3,2025-09-01,locked,940.000000,1049.000000,1197.750000,1003.000000,1321.500000,36
NPT,candidate,2025-08,2025-11,3,2025-09-01,locked,1153.552063,1129.799445,1280.993317,1103.122591,1331.754390,36
NPT,baseline_a,2025-09,2025-10,1,2025-10-01,locked,1024.333333,937.750000,1166.583333,866.500000,1250.833333,36
NPT,baseline_b,2025-09,2025-10,1,2025-10-01,locked,1029.000000,1147.750000,1286.750000,1092.000000,1410.500000,36
NPT,candidate,2025-09,2025-10,1,2025-10-01,locked,1247.888374,1208.032232,1362.980877,1172.183542,1402.324435,36
NPT,baseline_a,2025-09,2025-12,3,2025-10-01,locked,1024.333333,998.000000,1226.416667,870.666667,1304.666667,36
NPT,baseline_b,2025-09,2025-12,3,2025-10-01,locked,1131.000000,1249.750000,1388.750000,1194.000000,1512.500000,36
NPT,candidate,2025-09,2025-12,3,2025-10-01,locked,1236.969544,1196.955454,1364.410798,1182.849771,1415.171871,36
NPT,baseline_a,2025-10,2025-11,1,2025-11-01,locked,1031.333333,944.750000,1190.000000,873.500000,1270.500000,36
NPT,baseline_b,2025-10,2025-11,1,2025-11-01,locked,940.000000,1062.750000,1203.250000,1017.000000,1321.500000,36
NPT,candidate,2025-10,2025-11,1,2025-11-01,locked,1138.635193,1098.779050,1253.727696,1062.930361,1293.071253,36
NPT,baseline_a,2025-10,2026-01,3,2025-11-01,unscored,1031.333333,1005.000000,1233.416667,877.666667,1311.666667,36
NPT,baseline_b,2025-10,2026-01,3,2025-11-01,unscored,1036.000000,1158.750000,1299.250000,1113.000000,1417.500000,36
NPT,candidate,2025-10,2026-01,3,2025-11-01,unscored,1135.106253,1095.092164,1262.547508,1080.986481,1313.308580,36
NPT,baseline_a,2025-11,2025-12,1,2025-12-01,locked,1017.333333,919.500000,1176.000000,859.500000,1256.500000,36
NPT,baseline_b,2025-11,2025-12,1,2025-12-01,locked,1131.000000,1253.750000,1394.250000,1194.000000,1512.500000,36
NPT,candidate,2025-11,2025-12,1,2025-12-01,locked,1202.399125,1155.947650,1317.491628,1119.975337,1356.835185,36
NPT,baseline_a,2025-11,2026-02,3,2025-12-01,unscored,1017.333333,982.750000,1219.416667,848.166667,1297.666667,36
NPT,baseline_b,2025-11,2026-02,3,2025-12-01,unscored,910.000000,1032.750000,1173.250000,973.000000,1291.500000,36
NPT,candidate,2025-11,2026-02,3,2025-12-01,unscored,1089.211171,1047.931485,1216.652425,1034.186758,1267.413498,36
NPT,baseline_a,2025-12,2026-01,1,2026-01-01,recent,1151.333333,1053.500000,1310.000000,993.500000,1379.333333,36
NPT,baseline_b,2025-12,2026-01,1,2026-01-01,recent,1036.000000,1154.750000,1293.750000,1099.000000,1370.500000,36
NPT,candidate,2025-12,2026-01,1,2026-01-01,recent,1086.055935,1039.604460,1192.163012,1003.632147,1235.883529,36
NPT,baseline_a,2025-12,2026-03,3,2026-01-01,recent,1151.333333,1116.750000,1352.750000,982.166667,1400.000000,36
NPT,baseline_b,2025-12,2026-03,3,2026-01-01,recent,1080.000000,1198.750000,1337.750000,1143.000000,1414.500000,36
NPT,candidate,2025-12,2026-03,3,2026-01-01,recent,1282.187195,1240.907509,1398.238170,1227.162782,1450.516611,36
NPT,baseline_a,2026-01,2026-02,1,2026-02-01,recent,1056.000000,947.916667,1214.666667,898.166667,1284.000000,36
NPT,baseline_b,2026-01,2026-02,1,2026-02-01,recent,910.000000,1028.750000,1167.750000,942.500000,1244.500000,36
NPT,candidate,2026-01,2026-02,1,2026-02-01,recent,1078.742833,1022.397771,1184.849910,995.691377,1228.570428,36
NPT,baseline_a,2026-01,2026-04,3,2026-02-01,recent,1056.000000,1021.416667,1257.416667,886.833333,1304.666667,36
NPT,baseline_b,2026-01,2026-04,3,2026-02-01,recent,1425.000000,1543.750000,1682.750000,1457.500000,1759.500000,36
NPT,candidate,2026-01,2026-04,3,2026-02-01,recent,1392.606652,1348.733667,1508.657627,1303.024665,1560.936068,36
NPT,baseline_a,2026-02,2026-03,1,2026-03-01,recent,1095.000000,986.916667,1253.666667,937.166667,1323.000000,36
NPT,baseline_b,2026-02,2026-03,1,2026-03-01,recent,1080.000000,1198.750000,1337.750000,1112.500000,1414.500000,36
NPT,candidate,2026-02,2026-03,1,2026-03-01,recent,1252.420092,1196.075030,1358.527169,1169.368636,1402.247686,36
NPT,baseline_a,2026-02,2026-05,3,2026-03-01,recent,1095.000000,1060.416667,1296.416667,925.833333,1343.666667,36
NPT,baseline_b,2026-02,2026-05,3,2026-03-01,recent,1057.000000,1175.750000,1314.750000,1089.500000,1391.500000,36
NPT,candidate,2026-02,2026-05,3,2026-03-01,recent,1010.294979,966.421995,1126.345954,920.712993,1178.624396,36
NPT,baseline_a,2026-03,2026-04,1,2026-04-01,recent,1100.333333,992.250000,1248.583333,942.500000,1328.333333,36
NPT,baseline_b,2026-03,2026-04,1,2026-04-01,recent,1425.000000,1543.750000,1678.750000,1457.500000,1700.500000,36
NPT,candidate,2026-03,2026-04,1,2026-04-01,recent,1381.762959,1325.417897,1478.146053,1298.711502,1519.042178,36
NPT,baseline_a,2026-03,2026-06,3,2026-04-01,recent,1100.333333,1065.750000,1270.916667,931.166667,1345.166667,36
NPT,baseline_b,2026-03,2026-06,3,2026-04-01,recent,1085.000000,1203.750000,1338.750000,1117.500000,1360.500000,36
NPT,candidate,2026-03,2026-06,3,2026-04-01,recent,1063.468289,1019.595305,1173.556614,973.886302,1221.248594,36
NPT,baseline_a,2026-04,2026-05,1,2026-05-01,recent,1160.666667,1052.583333,1308.916667,1002.833333,1388.666667,36
NPT,baseline_b,2026-04,2026-05,1,2026-05-01,recent,1057.000000,1175.750000,1310.750000,1058.500000,1332.500000,36
NPT,candidate,2026-04,2026-05,1,2026-05-01,recent,979.441251,911.823376,1075.824346,876.965202,1116.720470,36
NPT,baseline_a,2026-04,2026-07,3,2026-05-01,recent,1160.666667,1126.083333,1327.250000,991.500000,1405.500000,36
NPT,baseline_b,2026-04,2026-07,3,2026-05-01,recent,1272.000000,1390.750000,1525.750000,1273.500000,1547.500000,36
NPT,candidate,2026-04,2026-07,3,2026-05-01,recent,1068.530026,1023.674878,1178.618351,942.836026,1226.310331,36
NPT,baseline_a,2026-05,2026-06,1,2026-06-01,recent,1166.000000,1068.166667,1314.250000,1011.166667,1394.000000,36
NPT,baseline_b,2026-05,2026-06,1,2026-06-01,recent,1085.000000,1194.000000,1338.750000,1086.500000,1360.500000,36
NPT,candidate,2026-05,2026-06,1,2026-06-01,recent,1041.159411,973.541536,1137.542506,938.683362,1178.438631,36
NPT,baseline_a,2026-05,2026-08,3,2026-06-01,recent,1166.000000,1138.916667,1332.583333,996.833333,1410.833333,36
NPT,baseline_b,2026-05,2026-08,3,2026-06-01,recent,977.000000,1086.000000,1230.750000,978.500000,1252.500000,36
NPT,candidate,2026-05,2026-08,3,2026-06-01,recent,971.237121,926.381973,1081.325446,845.543121,1129.017426,36
NPT,baseline_a,2026-06,2026-07,1,2026-07-01,recent,1079.000000,970.916667,1227.250000,920.833333,1307.000000,36
NPT,baseline_b,2026-06,2026-07,1,2026-07-01,recent,1272.000000,1377.500000,1525.750000,1255.000000,1547.500000,36
NPT,candidate,2026-06,2026-07,1,2026-07-01,recent,1079.470359,1011.852484,1169.376398,976.994310,1216.749579,36
NPT,baseline_a,2026-06,2026-09,3,2026-10-06,outlook,1079.000000,1031.916667,1245.583333,909.833333,1323.833333,36
NPT,baseline_b,2026-06,2026-09,3,2026-10-06,outlook,824.000000,929.500000,1077.750000,807.000000,1099.500000,36
NPT,candidate,2026-06,2026-09,3,2026-10-06,outlook,792.075025,743.467289,884.470989,666.381025,949.855330,36
NPT,baseline_a,2026-07,2026-08,1,2026-08-01,recent,1055.333333,947.250000,1203.583333,897.166667,1283.333333,36
NPT,baseline_b,2026-07,2026-08,1,2026-08-01,recent,977.000000,1062.500000,1230.750000,910.500000,1252.500000,36
NPT,candidate,2026-07,2026-08,1,2026-08-01,recent,963.160128,895.542253,1053.066167,860.684079,1100.439347,36
NPT,baseline_a,2026-07,2026-10,3,2026-10-06,outlook,1055.333333,996.000000,1221.916667,886.166667,1300.166667,36
NPT,baseline_b,2026-07,2026-10,3,2026-10-06,outlook,1293.000000,1378.500000,1546.750000,1226.500000,1568.500000,36
NPT,candidate,2026-07,2026-10,3,2026-10-06,outlook,1123.563182,1074.955447,1215.959147,997.869183,1281.343488,36
NPT,baseline_a,2026-08,2026-09,1,2026-10-06,outlook,1005.000000,879.583333,1153.250000,846.833333,1233.000000,36
NPT,baseline_b,2026-08,2026-09,1,2026-10-06,outlook,824.000000,869.500000,1077.750000,742.000000,1099.500000,36
NPT,candidate,2026-08,2026-09,1,2026-10-06,outlook,791.463657,723.845782,881.369696,688.987608,928.742876,36
NPT,baseline_a,2026-08,2026-11,3,2026-10-06,outlook,1005.000000,895.416667,1171.583333,813.833333,1249.833333,36
NPT,baseline_b,2026-08,2026-11,3,2026-10-06,outlook,935.000000,980.500000,1188.750000,853.000000,1210.500000,36
NPT,candidate,2026-08,2026-11,3,2026-10-06,outlook,970.121208,916.024848,1055.128338,844.427208,1127.901513,36
OZD,baseline_a,2018-12,2019-01,1,2019-01-01,warmup,17.000000,,,,,0
OZD,baseline_b,2018-12,2019-01,1,2019-01-01,warmup,10.000000,,,,,0
OZD,candidate,2018-12,2019-01,1,2019-01-01,warmup,14.968601,,,,,0
OZD,baseline_a,2018-12,2019-03,3,2019-01-01,warmup,17.000000,,,,,0
OZD,baseline_b,2018-12,2019-03,3,2019-01-01,warmup,8.000000,,,,,0
OZD,candidate,2018-12,2019-03,3,2019-01-01,warmup,11.622941,,,,,0
OZD,baseline_a,2019-01,2019-02,1,2019-02-01,warmup,18.333333,,,,,1
OZD,baseline_b,2019-01,2019-02,1,2019-02-01,warmup,6.000000,,,,,1
OZD,candidate,2019-01,2019-02,1,2019-02-01,warmup,19.109670,,,,,1
OZD,baseline_a,2019-01,2019-04,3,2019-02-01,warmup,18.333333,,,,,0
OZD,baseline_b,2019-01,2019-04,3,2019-02-01,warmup,11.000000,,,,,0
OZD,candidate,2019-01,2019-04,3,2019-02-01,warmup,15.914821,,,,,0
OZD,baseline_a,2019-02,2019-03,1,2019-03-01,warmup,18.666667,,,,,2
OZD,baseline_b,2019-02,2019-03,1,2019-03-01,warmup,8.000000,,,,,2
OZD,candidate,2019-02,2019-03,1,2019-03-01,warmup,14.256594,,,,,2
OZD,baseline_a,2019-02,2019-05,3,2019-03-01,warmup,18.666667,,,,,0
OZD,baseline_b,2019-02,2019-05,3,2019-03-01,warmup,9.000000,,,,,0
OZD,candidate,2019-02,2019-05,3,2019-03-01,warmup,15.325191,,,,,0
OZD,baseline_a,2019-03,2019-04,1,2019-04-01,warmup,20.666667,,,,,3
OZD,baseline_b,2019-03,2019-04,1,2019-04-01,warmup,11.000000,,,,,3
OZD,candidate,2019-03,2019-04,1,2019-04-01,warmup,19.252789,,,,,3
OZD,baseline_a,2019-03,2019-06,3,2019-04-01,warmup,20.666667,,,,,1
OZD,baseline_b,2019-03,2019-06,3,2019-04-01,warmup,16.000000,,,,,1
OZD,candidate,2019-03,2019-06,3,2019-04-01,warmup,22.826825,,,,,1
OZD,baseline_a,2019-04,2019-05,1,2019-05-01,warmup,19.000000,,,,,4
OZD,baseline_b,2019-04,2019-05,1,2019-05-01,warmup,9.000000,,,,,4
OZD,candidate,2019-04,2019-05,1,2019-05-01,warmup,19.206735,,,,,4
OZD,baseline_a,2019-04,2019-07,3,2019-05-01,warmup,19.000000,,,,,2
OZD,baseline_b,2019-04,2019-07,3,2019-05-01,warmup,12.000000,,,,,2
OZD,candidate,2019-04,2019-07,3,2019-05-01,warmup,18.286439,,,,,2
OZD,baseline_a,2019-05,2019-06,1,2019-06-01,warmup,22.333333,,,,,5
OZD,baseline_b,2019-05,2019-06,1,2019-06-01,warmup,16.000000,,,,,5
OZD,candidate,2019-05,2019-06,1,2019-06-01,warmup,26.926585,,,,,5
OZD,baseline_a,2019-05,2019-08,3,2019-06-01,warmup,22.333333,,,,,3
OZD,baseline_b,2019-05,2019-08,3,2019-06-01,warmup,11.000000,,,,,3
OZD,candidate,2019-05,2019-08,3,2019-06-01,warmup,16.470525,,,,,3
OZD,baseline_a,2019-06,2019-07,1,2019-07-01,warmup,20.333333,,,,,6
OZD,baseline_b,2019-06,2019-07,1,2019-07-01,warmup,12.000000,,,,,6
OZD,candidate,2019-06,2019-07,1,2019-07-01,warmup,16.683905,,,,,6
OZD,baseline_a,2019-06,2019-09,3,2019-07-01,warmup,20.333333,,,,,4
OZD,baseline_b,2019-06,2019-09,3,2019-07-01,warmup,15.000000,,,,,4
OZD,candidate,2019-06,2019-09,3,2019-07-01,warmup,15.613304,,,,,4
OZD,baseline_a,2019-07,2019-08,1,2019-08-01,warmup,25.000000,,,,,7
OZD,baseline_b,2019-07,2019-08,1,2019-08-01,warmup,11.000000,,,,,7
OZD,candidate,2019-07,2019-08,1,2019-08-01,warmup,17.378109,,,,,7
OZD,baseline_a,2019-07,2019-10,3,2019-08-01,warmup,25.000000,,,,,5
OZD,baseline_b,2019-07,2019-10,3,2019-08-01,warmup,19.000000,,,,,5
OZD,candidate,2019-07,2019-10,3,2019-08-01,warmup,30.792178,,,,,5
OZD,baseline_a,2019-08,2019-09,1,2019-09-01,warmup,24.333333,,,,,8
OZD,baseline_b,2019-08,2019-09,1,2019-09-01,warmup,15.000000,,,,,8
OZD,candidate,2019-08,2019-09,1,2019-09-01,warmup,27.987879,,,,,8
OZD,baseline_a,2019-08,2019-11,3,2019-09-01,warmup,24.333333,,,,,6
OZD,baseline_b,2019-08,2019-11,3,2019-09-01,warmup,16.000000,,,,,6
OZD,candidate,2019-08,2019-11,3,2019-09-01,warmup,70.870814,,,,,6
OZD,baseline_a,2019-09,2019-10,1,2019-10-01,warmup,26.333333,,,,,9
OZD,baseline_b,2019-09,2019-10,1,2019-10-01,warmup,19.000000,,,,,9
OZD,candidate,2019-09,2019-10,1,2019-10-01,warmup,33.346625,,,,,9
OZD,baseline_a,2019-09,2019-12,3,2019-10-01,warmup,26.333333,,,,,7
OZD,baseline_b,2019-09,2019-12,3,2019-10-01,warmup,16.000000,,,,,7
OZD,candidate,2019-09,2019-12,3,2019-10-01,warmup,48.766464,,,,,7
OZD,baseline_a,2019-10,2019-11,1,2019-11-01,warmup,25.333333,,,,,10
OZD,baseline_b,2019-10,2019-11,1,2019-11-01,warmup,16.000000,,,,,10
OZD,candidate,2019-10,2019-11,1,2019-11-01,warmup,57.082999,,,,,10
OZD,baseline_a,2019-10,2020-01,3,2019-11-01,warmup,25.333333,,,,,8
OZD,baseline_b,2019-10,2020-01,3,2019-11-01,warmup,23.000000,,,,,8
OZD,candidate,2019-10,2020-01,3,2019-11-01,warmup,45.986732,,,,,8
OZD,baseline_a,2019-11,2019-12,1,2019-12-01,warmup,26.333333,,,,,11
OZD,baseline_b,2019-11,2019-12,1,2019-12-01,warmup,16.000000,,,,,11
OZD,candidate,2019-11,2019-12,1,2019-12-01,warmup,30.494286,,,,,11
OZD,baseline_a,2019-11,2020-02,3,2019-12-01,warmup,26.333333,,,,,9
OZD,baseline_b,2019-11,2020-02,3,2019-12-01,warmup,17.000000,,,,,9
OZD,candidate,2019-11,2020-02,3,2019-12-01,warmup,28.016252,,,,,9
OZD,baseline_a,2019-12,2020-01,1,2020-01-01,warmup,32.666667,31.083333,39.166667,30.033333,43.966667,12
OZD,baseline_b,2019-12,2020-01,1,2020-01-01,warmup,23.000000,32.250000,38.000000,30.000000,42.800000,12
OZD,candidate,2019-12,2020-01,1,2020-01-01,warmup,36.644360,31.887421,44.497158,26.211645,46.902642,12
OZD,baseline_a,2019-12,2020-03,3,2020-01-01,warmup,32.666667,,,,,10
OZD,baseline_b,2019-12,2020-03,3,2020-01-01,warmup,22.000000,,,,,10
OZD,candidate,2019-12,2020-03,3,2020-01-01,warmup,29.622434,,,,,10
OZD,baseline_a,2020-01,2020-02,1,2020-02-01,warmup,32.333333,30.000000,38.333333,28.066667,43.266667,13
OZD,baseline_b,2020-01,2020-02,1,2020-02-01,warmup,17.000000,24.000000,31.000000,22.400000,36.600000,13
OZD,candidate,2020-01,2020-02,1,2020-02-01,warmup,28.513623,22.525745,36.306888,18.043483,38.524475,13
OZD,baseline_a,2020-01,2020-04,3,2020-02-01,warmup,32.333333,,,,,11
OZD,baseline_b,2020-01,2020-04,3,2020-02-01,warmup,18.000000,,,,,11
OZD,candidate,2020-01,2020-04,3,2020-02-01,warmup,24.839043,,,,,11
OZD,baseline_a,2020-02,2020-03,1,2020-03-01,warmup,30.666667,28.083333,36.000000,24.833333,41.233333,14
OZD,baseline_b,2020-02,2020-03,1,2020-03-01,warmup,22.000000,29.000000,36.000000,27.300000,41.400000,14
OZD,candidate,2020-02,2020-03,1,2020-03-01,warmup,22.774788,16.905474,30.555589,12.532871,32.538208,14
OZD,baseline_a,2020-02,2020-05,3,2020-03-01,warmup,30.666667,31.833333,36.500000,27.633333,43.200000,12
OZD,baseline_b,2020-02,2020-05,3,2020-03-01,warmup,27.000000,33.750000,42.000000,32.100000,46.800000,12
OZD,candidate,2020-02,2020-05,3,2020-03-01,warmup,24.851999,17.790264,33.843370,7.887293,36.397033,12
OZD,baseline_a,2020-03,2020-04,1,2020-04-01,warmup,29.666667,27.166667,36.333333,24.000000,39.866667,15
OZD,baseline_b,2020-03,2020-04,1,2020-04-01,warmup,18.000000,25.000000,33.000000,23.400000,37.200000,15
OZD,candidate,2020-03,2020-04,1,2020-04-01,warmup,28.966338,23.215587,36.878670,18.952643,42.303750,15
OZD,baseline_a,2020-03,2020-06,3,2020-04-01,warmup,29.666667,31.333333,35.000000,26.933333,41.733333,13
OZD,baseline_b,2020-03,2020-06,3,2020-04-01,warmup,16.000000,23.000000,32.000000,21.200000,35.600000,13
OZD,candidate,2020-03,2020-06,3,2020-04-01,warmup,31.299659,24.472834,39.829135,15.356981,42.714918,13
OZD,baseline_a,2020-04,2020-05,1,2020-05-01,warmup,31.666667,29.250000,38.000000,26.166667,41.500000,16
OZD,baseline_b,2020-04,2020-05,1,2020-05-01,warmup,27.000000,34.000000,43.000000,32.500000,46.000000,16
OZD,candidate,2020-04,2020-05,1,2020-05-01,warmup,35.559494,29.927307,43.412292,25.774021,48.424957,16
OZD,baseline_a,2020-04,2020-07,3,2020-05-01,warmup,31.666667,33.333333,36.916667,29.233333,43.266667,14
OZD,baseline_b,2020-04,2020-07,3,2020-05-01,warmup,32.000000,39.000000,48.000000,37.300000,51.400000,14
OZD,candidate,2020-04,2020-07,3,2020-05-01,warmup,35.227949,28.853768,44.231036,20.307298,46.513433,14
OZD,baseline_a,2020-05,2020-06,1,2020-06-01,warmup,36.000000,33.666667,42.000000,30.666667,45.466667,17
OZD,baseline_b,2020-05,2020-06,1,2020-06-01,warmup,16.000000,23.000000,32.000000,21.600000,34.800000,17
OZD,candidate,2020-05,2020-06,1,2020-06-01,warmup,34.399495,28.885871,42.192760,24.842245,46.793008,17
OZD,baseline_a,2020-05,2020-08,3,2020-06-01,warmup,36.000000,37.666667,41.333333,33.866667,47.133333,15
OZD,baseline_b,2020-05,2020-08,3,2020-06-01,warmup,25.000000,32.000000,41.000000,30.400000,44.200000,15
OZD,candidate,2020-05,2020-08,3,2020-06-01,warmup,26.104923,20.183384,35.873931,12.206298,37.569009,15
OZD,baseline_a,2020-06,2020-07,1,2020-07-01,warmup,31.666667,29.083333,37.250000,24.433333,40.766667,18
OZD,baseline_b,2020-06,2020-07,1,2020-07-01,warmup,32.000000,39.500000,47.500000,37.700000,50.600000,18
OZD,candidate,2020-06,2020-07,1,2020-07-01,warmup,30.033488,24.164173,37.814288,20.175866,41.955051,18
OZD,baseline_a,2020-06,2020-09,3,2020-07-01,warmup,31.666667,32.833333,37.000000,27.666667,42.333333,16
OZD,baseline_b,2020-06,2020-09,3,2020-07-01,warmup,22.000000,29.000000,38.000000,27.500000,41.000000,16
OZD,candidate,2020-06,2020-09,3,2020-07-01,warmup,25.612597,19.181147,35.077580,12.735999,37.024002,16
OZD,baseline_a,2020-07,2020-08,1,2020-08-01,warmup,30.666667,28.166667,35.833333,23.733333,39.400000,19
OZD,baseline_b,2020-07,2020-08,1,2020-08-01,warmup,25.000000,32.000000,40.000000,29.000000,43.400000,19
OZD,candidate,2020-07,2020-08,1,2020-08-01,warmup,22.400765,16.650014,30.169101,12.695852,33.850379,19
OZD,baseline_a,2020-07,2020-10,3,2020-08-01,warmup,30.666667,30.333333,36.000000,26.800000,40.866667,17
OZD,baseline_b,2020-07,2020-10,3,2020-08-01,warmup,29.000000,36.000000,45.000000,32.000000,47.800000,17
OZD,candidate,2020-07,2020-10,3,2020-08-01,warmup,34.760761,28.461102,43.921719,22.906190,46.119486,17
OZD,baseline_a,2020-08,2020-09,1,2020-09-01,warmup,25.333333,22.166667,30.083333,15.866667,33.700000,20
OZD,baseline_b,2020-08,2020-09,1,2020-09-01,warmup,22.000000,28.750000,36.500000,21.900000,40.200000,20
OZD,candidate,2020-08,2020-09,1,2020-09-01,warmup,24.579570,18.947383,32.335441,15.027366,35.557234,20
OZD,baseline_a,2020-08,2020-11,3,2020-09-01,warmup,25.333333,24.750000,30.583333,20.666667,35.066667,18
OZD,baseline_b,2020-08,2020-11,3,2020-09-01,warmup,28.000000,34.250000,43.500000,27.700000,46.600000,18
OZD,candidate,2020-08,2020-11,3,2020-09-01,warmup,51.000634,44.749658,60.003720,40.168089,62.306677,18
OZD,baseline_a,2020-09,2020-10,1,2020-10-01,warmup,27.000000,24.333333,31.666667,17.666667,35.000000,21
OZD,baseline_b,2020-09,2020-10,1,2020-10-01,warmup,29.000000,36.000000,43.000000,29.000000,47.000000,21
OZD,candidate,2020-09,2020-10,1,2020-10-01,warmup,36.305606,30.791982,44.049012,26.906111,46.811320,21
OZD,baseline_a,2020-09,2020-12,3,2020-10-01,warmup,27.000000,25.833333,32.166667,22.333333,36.266667,19
OZD,baseline_b,2020-09,2020-12,3,2020-10-01,warmup,41.000000,47.500000,56.000000,40.800000,59.400000,19
OZD,candidate,2020-09,2020-12,3,2020-10-01,warmup,51.359085,45.156794,60.204302,41.548567,62.612448,19
OZD,baseline_a,2020-10,2020-11,1,2020-11-01,warmup,23.000000,18.833333,27.583333,13.800000,30.933333,22
OZD,baseline_b,2020-10,2020-11,1,2020-11-01,warmup,28.000000,34.250000,42.000000,27.100000,45.800000,22
OZD,candidate,2020-10,2020-11,1,2020-11-01,warmup,41.122247,35.252932,48.835274,30.348370,51.380529,22
OZD,baseline_a,2020-10,2021-01,3,2020-11-01,warmup,23.000000,20.916667,28.083333,17.633333,31.800000,20
OZD,baseline_b,2020-10,2021-01,3,2020-11-01,warmup,28.000000,33.750000,42.500000,26.600000,46.200000,20
OZD,candidate,2020-10,2021-01,3,2020-11-01,warmup,34.620519,28.189069,43.307865,18.637161,45.821201,20
OZD,baseline_a,2020-11,2020-12,1,2020-12-01,warmup,26.000000,22.333333,31.333333,16.933333,33.866667,23
OZD,baseline_b,2020-11,2020-12,1,2020-12-01,warmup,41.000000,46.500000,55.000000,40.200000,58.600000,23
OZD,candidate,2020-11,2020-12,1,2020-12-01,warmup,31.226945,23.910826,38.909594,19.343831,41.237796,23
OZD,baseline_a,2020-11,2021-02,3,2020-12-01,warmup,26.000000,24.333333,31.000000,21.333333,34.333333,21
OZD,baseline_b,2020-11,2021-02,3,2020-12-01,warmup,23.000000,28.000000,37.000000,22.000000,41.000000,21
OZD,candidate,2020-11,2021-02,3,2020-12-01,warmup,25.276768,18.449943,33.806244,7.290036,36.424770,21
OZD,baseline_a,2020-12,2021-01,1,2021-01-01,warmup,25.333333,22.166667,30.333333,16.400000,33.133333,24
OZD,baseline_b,2020-12,2021-01,1,2021-01-01,warmup,28.000000,32.000000,42.000000,24.200000,45.400000,24
OZD,candidate,2020-12,2021-01,1,2021-01-01,warmup,27.211185,20.559186,34.863455,15.447637,36.974604,24
OZD,baseline_a,2020-12,2021-03,3,2021-01-01,warmup,25.333333,23.916667,30.083333,20.666667,33.366667,22
OZD,baseline_b,2020-12,2021-03,3,2021-01-01,warmup,38.000000,40.000000,52.000000,33.400000,55.800000,22
OZD,candidate,2020-12,2021-03,3,2021-01-01,warmup,24.019308,16.487754,32.510806,2.420065,35.090215,22
OZD,baseline_a,2021-01,2021-02,1,2021-02-01,warmup,29.666667,27.000000,35.666667,20.866667,37.400000,25
OZD,baseline_b,2021-01,2021-02,1,2021-02-01,warmup,23.000000,27.000000,37.000000,19.600000,40.200000,25
OZD,candidate,2021-01,2021-02,1,2021-02-01,warmup,25.995428,20.007549,33.617319,14.351446,35.511416,25
OZD,baseline_a,2021-01,2021-04,3,2021-02-01,warmup,29.666667,28.500000,34.833333,25.000000,38.533333,23
OZD,baseline_b,2021-01,2021-04,3,2021-02-01,warmup,34.000000,36.500000,48.000000,29.800000,51.600000,23
OZD,candidate,2021-01,2021-04,3,2021-02-01,warmup,24.773965,17.477321,33.227486,3.576112,35.767778,23
OZD,baseline_a,2021-02,2021-03,1,2021-03-01,warmup,44.333333,41.750000,50.333333,35.666667,54.166667,26
OZD,baseline_b,2021-02,2021-03,1,2021-03-01,warmup,38.000000,42.250000,52.000000,35.000000,57.000000,26
OZD,candidate,2021-02,2021-03,1,2021-03-01,warmup,44.475383,38.606069,52.188411,32.950967,57.340846,26
OZD,baseline_a,2021-02,2021-05,3,2021-03-01,warmup,44.333333,43.416667,49.666667,39.666667,56.133333,24
OZD,baseline_b,2021-02,2021-05,3,2021-03-01,warmup,36.000000,39.250000,50.500000,32.200000,55.400000,24
OZD,candidate,2021-02,2021-05,3,2021-03-01,warmup,46.358193,39.296458,55.045539,25.561730,57.874960,24
OZD,baseline_a,2021-03,2021-04,1,2021-04-01,warmup,55.000000,52.500000,61.333333,46.466667,67.866667,27
OZD,baseline_b,2021-03,2021-04,1,2021-04-01,warmup,34.000000,38.500000,49.000000,31.400000,54.800000,27
OZD,candidate,2021-03,2021-04,1,2021-04-01,warmup,50.821382,45.070631,58.589717,39.416532,66.082947,27
OZD,baseline_a,2021-03,2021-06,3,2021-04-01,warmup,55.000000,54.333333,60.333333,50.333333,69.000000,25
OZD,baseline_b,2021-03,2021-06,3,2021-04-01,warmup,25.000000,29.000000,41.000000,21.600000,46.200000,25
OZD,candidate,2021-03,2021-06,3,2021-04-01,warmup,50.085377,43.258552,59.246334,29.690304,62.983437,25
OZD,baseline_a,2021-04,2021-05,1,2021-05-01,warmup,60.000000,56.833333,66.166667,51.600000,72.566667,28
OZD,baseline_b,2021-04,2021-05,1,2021-05-01,warmup,36.000000,40.750000,50.500000,33.800000,56.600000,28
OZD,candidate,2021-04,2021-05,1,2021-05-01,warmup,53.513719,47.881532,61.269589,42.228435,68.766195,28
OZD,baseline_a,2021-04,2021-07,3,2021-05-01,warmup,60.000000,59.416667,67.583333,55.333333,76.000000,26
OZD,baseline_b,2021-04,2021-07,3,2021-05-01,warmup,31.000000,35.250000,46.500000,28.000000,52.000000,26
OZD,candidate,2021-04,2021-07,3,2021-05-01,warmup,50.655709,43.960675,60.728742,30.662026,68.625506,26
OZD,baseline_a,2021-05,2021-06,1,2021-06-01,warmup,47.000000,42.333333,53.000000,37.400000,59.266667,29
OZD,baseline_b,2021-05,2021-06,1,2021-06-01,warmup,25.000000,29.000000,39.000000,22.400000,45.400000,29
OZD,candidate,2021-05,2021-06,1,2021-06-01,warmup,37.484845,31.496966,45.228251,24.325926,52.728233,29
OZD,baseline_a,2021-05,2021-08,3,2021-06-01,warmup,47.000000,45.833333,53.833333,40.066667,62.733333,27
OZD,baseline_b,2021-05,2021-08,3,2021-06-01,warmup,20.000000,22.500000,35.000000,16.800000,40.800000,27
OZD,candidate,2021-05,2021-08,3,2021-06-01,warmup,28.213918,20.917273,37.982926,8.621625,45.332468,27
OZD,baseline_a,2021-06,2021-07,1,2021-07-01,warmup,35.666667,29.750000,41.666667,24.966667,47.633333,30
OZD,baseline_b,2021-06,2021-07,1,2021-07-01,warmup,31.000000,32.750000,45.000000,28.700000,51.200000,30
OZD,candidate,2021-06,2021-07,1,2021-07-01,warmup,32.555986,24.575747,40.269014,19.915404,47.790286,30
OZD,baseline_a,2021-06,2021-09,3,2021-07-01,warmup,35.666667,33.583333,41.750000,24.933333,51.133333,28
OZD,baseline_b,2021-06,2021-09,3,2021-07-01,warmup,30.000000,31.000000,44.500000,27.100000,50.600000,28
OZD,candidate,2021-06,2021-09,3,2021-07-01,warmup,28.047383,19.132986,37.512365,5.639214,44.314686,28
OZD,baseline_a,2021-07,2021-08,1,2021-08-01,warmup,37.000000,31.500000,43.333333,26.333333,51.666667,31
OZD,baseline_b,2021-07,2021-08,1,2021-08-01,warmup,20.000000,22.500000,35.000000,18.000000,40.000000,31
OZD,candidate,2021-07,2021-08,1,2021-08-01,warmup,29.302442,21.986323,37.070777,17.180195,44.618537,31
OZD,baseline_a,2021-07,2021-10,3,2021-08-01,warmup,37.000000,33.666667,42.333333,26.400000,52.200000,29
OZD,baseline_b,2021-07,2021-10,3,2021-08-01,warmup,19.000000,20.000000,35.000000,16.400000,39.400000,29
OZD,candidate,2021-07,2021-10,3,2021-08-01,warmup,40.432977,32.666513,49.593935,18.160654,55.849033,29
OZD,baseline_a,2021-08,2021-09,1,2021-09-01,warmup,38.333333,33.250000,44.500000,27.800000,52.700000,32
OZD,baseline_b,2021-08,2021-09,1,2021-09-01,warmup,30.000000,33.250000,46.000000,28.100000,50.000000,32
OZD,candidate,2021-08,2021-09,1,2021-09-01,warmup,40.576833,33.924834,48.429631,28.518326,55.883839,32
OZD,baseline_a,2021-08,2021-11,3,2021-09-01,warmup,38.333333,34.000000,43.666667,27.866667,53.266667,30
OZD,baseline_b,2021-08,2021-11,3,2021-09-01,warmup,29.000000,30.750000,45.000000,26.700000,49.200000,30
OZD,candidate,2021-08,2021-11,3,2021-09-01,warmup,70.667616,63.136061,80.297417,48.531137,85.232424,30
OZD,baseline_a,2021-09,2021-10,1,2021-10-01,warmup,48.666667,44.000000,55.333333,38.266667,63.866667,33
OZD,baseline_b,2021-09,2021-10,1,2021-10-01,warmup,19.000000,23.000000,35.000000,17.200000,40.600000,33
OZD,candidate,2021-09,2021-10,1,2021-10-01,warmup,55.656189,49.668310,63.687588,43.661423,71.139101,33
OZD,baseline_a,2021-09,2021-12,3,2021-10-01,warmup,48.666667,44.666667,55.500000,38.333333,66.000000,31
OZD,baseline_b,2021-09,2021-12,3,2021-10-01,warmup,28.000000,30.500000,45.000000,26.000000,50.000000,31
OZD,candidate,2021-09,2021-12,3,2021-10-01,warmup,77.789056,70.492412,87.870627,55.788423,100.015091,31
OZD,baseline_a,2021-10,2021-11,1,2021-11-01,warmup,48.000000,43.833333,54.500000,37.733333,63.133333,34
OZD,baseline_b,2021-10,2021-11,1,2021-11-01,warmup,29.000000,33.250000,46.500000,27.300000,53.100000,34
OZD,candidate,2021-10,2021-11,1,2021-11-01,warmup,79.313328,72.824217,87.285194,67.382303,94.775389,34
OZD,baseline_a,2021-10,2022-01,3,2021-11-01,development,48.000000,44.333333,56.500000,37.800000,65.066667,32
OZD,baseline_b,2021-10,2022-01,3,2021-11-01,development,32.000000,35.250000,50.000000,30.100000,56.700000,32
OZD,candidate,2021-10,2022-01,3,2021-11-01,development,69.855489,62.793754,79.789315,48.256245,91.230276,32
OZD,baseline_a,2021-11,2021-12,1,2021-12-01,warmup,51.000000,47.333333,57.333333,40.866667,66.066667,35
OZD,baseline_b,2021-11,2021-12,1,2021-12-01,warmup,28.000000,32.500000,46.000000,26.400000,51.800000,35
OZD,candidate,2021-11,2021-12,1,2021-12-01,warmup,55.514178,47.863904,63.426510,40.281916,70.955386,35
OZD,baseline_a,2021-11,2022-02,3,2021-12-01,development,51.000000,47.666667,59.666667,40.933333,67.800000,33
OZD,baseline_b,2021-11,2022-02,3,2021-12-01,development,73.000000,77.000000,91.000000,71.200000,97.400000,33
OZD,candidate,2021-11,2022-02,3,2021-12-01,development,54.769743,47.003278,64.555825,31.682348,75.293283,33
OZD,baseline_a,2021-12,2022-01,1,2022-01-01,development,49.666667,46.500000,55.833333,39.666667,64.666667,36
OZD,baseline_b,2021-12,2022-01,1,2022-01-01,development,32.000000,36.750000,50.000000,30.500000,57.000000,36
OZD,candidate,2021-12,2022-01,1,2022-01-01,development,52.289071,45.135840,60.141870,37.575145,67.709427,36
OZD,baseline_a,2021-12,2022-03,3,2022-01-01,development,49.666667,46.750000,58.250000,39.733333,66.200000,34
OZD,baseline_b,2021-12,2022-03,3,2022-01-01,development,60.000000,64.250000,78.000000,58.300000,85.000000,34
OZD,candidate,2021-12,2022-03,3,2022-01-01,development,51.653007,40.442746,61.282808,28.077950,71.325299,34
OZD,baseline_a,2022-01,2022-02,1,2022-02-01,development,46.333333,41.250000,52.500000,35.666667,61.333333,36
OZD,baseline_b,2022-01,2022-02,1,2022-02-01,development,73.000000,77.750000,91.000000,71.500000,98.000000,36
OZD,candidate,2022-01,2022-02,1,2022-02-01,development,45.667035,36.833891,53.422905,30.369696,61.087390,36
OZD,baseline_a,2022-01,2022-04,3,2022-02-01,development,46.333333,42.333333,54.833333,36.533333,62.600000,35
OZD,baseline_b,2022-01,2022-04,3,2022-02-01,development,47.000000,51.500000,65.000000,45.400000,72.000000,35
OZD,candidate,2022-01,2022-04,3,2022-02-01,development,40.349644,26.290167,49.823164,16.431372,59.170689,35
OZD,baseline_a,2022-02,2022-03,1,2022-03-01,development,42.000000,35.250000,48.166667,31.166667,57.000000,36
OZD,baseline_b,2022-02,2022-03,1,2022-03-01,development,60.000000,63.250000,78.000000,56.500000,85.000000,36
OZD,candidate,2022-02,2022-03,1,2022-03-01,development,37.514210,27.732943,45.270081,22.216872,52.934566,36
OZD,baseline_a,2022-02,2022-05,3,2022-03-01,development,42.000000,37.333333,50.416667,31.000000,58.000000,36
OZD,baseline_b,2022-02,2022-05,3,2022-03-01,development,34.000000,37.250000,52.000000,30.500000,59.000000,36
OZD,candidate,2022-02,2022-05,3,2022-03-01,development,35.072985,18.755731,44.390223,11.196488,53.042782,36
OZD,baseline_a,2022-03,2022-04,1,2022-04-01,development,40.333333,33.583333,46.500000,29.500000,55.333333,36
OZD,baseline_b,2022-03,2022-04,1,2022-04-01,development,47.000000,48.000000,65.000000,39.500000,72.000000,36
OZD,candidate,2022-03,2022-04,1,2022-04-01,development,39.200386,29.419118,47.219724,23.903047,54.620742,36
OZD,baseline_a,2022-03,2022-06,3,2022-04-01,development,40.333333,35.666667,48.750000,29.333333,56.333333,36
OZD,baseline_b,2022-03,2022-06,3,2022-04-01,development,26.000000,27.000000,44.000000,18.500000,51.000000,36
OZD,candidate,2022-03,2022-06,3,2022-04-01,development,34.708359,18.391105,43.423865,10.831863,52.678157,36
OZD,baseline_a,2022-04,2022-05,1,2022-05-01,development,47.000000,40.250000,53.833333,36.166667,62.500000,36
OZD,baseline_b,2022-04,2022-05,1,2022-05-01,development,34.000000,35.000000,52.000000,26.500000,59.000000,36
OZD,candidate,2022-04,2022-05,1,2022-05-01,development,49.840747,40.059480,58.985363,34.543409,65.814639,36
OZD,baseline_a,2022-04,2022-07,3,2022-05-01,development,47.000000,42.333333,55.750000,36.000000,63.000000,36
OZD,baseline_b,2022-04,2022-07,3,2022-05-01,development,51.000000,52.000000,69.000000,43.500000,76.000000,36
OZD,candidate,2022-04,2022-07,3,2022-05-01,development,50.403396,34.086142,59.720635,26.526900,70.841592,36
OZD,baseline_a,2022-05,2022-06,1,2022-06-01,development,53.666667,46.916667,60.416667,42.833333,69.166667,36
OZD,baseline_b,2022-05,2022-06,1,2022-06-01,development,26.000000,27.000000,44.500000,18.500000,51.000000,36
OZD,candidate,2022-05,2022-06,1,2022-06-01,development,45.143151,35.361883,54.287767,29.845812,61.117043,36
OZD,baseline_a,2022-05,2022-08,3,2022-06-01,development,53.666667,49.000000,63.416667,42.666667,69.666667,36
OZD,baseline_b,2022-05,2022-08,3,2022-06-01,development,38.000000,39.000000,56.500000,30.500000,63.000000,36
OZD,candidate,2022-05,2022-08,3,2022-06-01,development,37.681977,21.364723,46.999216,13.805481,58.258502,36
OZD,baseline_a,2022-06,2022-07,1,2022-07-01,development,51.333333,43.333333,58.083333,39.666667,66.833333,36
OZD,baseline_b,2022-06,2022-07,1,2022-07-01,development,51.000000,54.250000,69.500000,43.500000,76.000000,36
OZD,candidate,2022-06,2022-07,1,2022-07-01,development,50.029010,41.195867,59.173626,34.731672,66.002902,36
OZD,baseline_a,2022-06,2022-09,3,2022-07-01,development,51.333333,47.666667,61.083333,40.333333,67.333333,36
OZD,baseline_b,2022-06,2022-09,3,2022-07-01,development,57.000000,60.250000,75.500000,49.500000,82.000000,36
OZD,candidate,2022-06,2022-09,3,2022-07-01,development,44.673178,28.355924,53.990417,20.796682,65.249704,36
OZD,baseline_a,2022-07,2022-08,1,2022-08-01,development,45.666667,37.333333,51.833333,34.000000,61.166667,36
OZD,baseline_b,2022-07,2022-08,1,2022-08-01,development,38.000000,39.000000,56.000000,28.500000,63.000000,36
OZD,candidate,2022-07,2022-08,1,2022-08-01,development,32.576770,23.743627,40.467578,17.279432,48.550662,36
OZD,baseline_a,2022-07,2022-10,3,2022-08-01,development,45.666667,40.916667,54.416667,34.666667,61.666667,36
OZD,baseline_b,2022-07,2022-10,3,2022-08-01,development,49.000000,50.000000,67.000000,39.500000,74.000000,36
OZD,candidate,2022-07,2022-10,3,2022-08-01,development,44.141958,27.824704,52.857464,20.265461,64.718483,36
OZD,baseline_a,2022-08,2022-09,1,2022-09-01,development,33.333333,24.000000,39.500000,20.833333,48.833333,36
OZD,baseline_b,2022-08,2022-09,1,2022-09-01,development,57.000000,57.500000,75.000000,46.000000,82.000000,36
OZD,candidate,2022-08,2022-09,1,2022-09-01,development,28.742720,18.821887,34.982432,12.301532,44.716611,36
OZD,baseline_a,2022-08,2022-11,3,2022-09-01,development,33.333333,27.333333,42.083333,19.500000,49.333333,36
OZD,baseline_b,2022-08,2022-11,3,2022-09-01,development,47.000000,47.500000,65.000000,36.000000,72.000000,36
OZD,candidate,2022-08,2022-11,3,2022-09-01,development,44.346593,25.686050,53.062099,20.470097,64.923118,36
OZD,baseline_a,2022-09,2022-10,1,2022-10-01,development,37.000000,27.666667,43.750000,24.500000,54.166667,36
OZD,baseline_b,2022-09,2022-10,1,2022-10-01,development,49.000000,47.750000,67.000000,38.000000,74.000000,36
OZD,candidate,2022-09,2022-10,1,2022-10-01,development,42.442926,32.522094,51.587542,26.001738,59.876516,36
OZD,baseline_a,2022-09,2022-12,3,2022-10-01,development,37.000000,31.000000,45.750000,23.166667,53.000000,36
OZD,baseline_b,2022-09,2022-12,3,2022-10-01,development,53.000000,51.750000,71.000000,42.000000,78.000000,36
OZD,candidate,2022-09,2022-12,3,2022-10-01,development,56.574713,37.914170,65.290219,32.698217,77.151238,36
OZD,baseline_a,2022-10,2022-11,1,2022-11-01,development,39.000000,29.666667,46.083333,26.500000,56.166667,36
OZD,baseline_b,2022-10,2022-11,1,2022-11-01,development,47.000000,45.750000,65.000000,36.000000,72.000000,36
OZD,candidate,2022-10,2022-11,1,2022-11-01,development,63.572551,53.651718,72.717167,47.131363,81.006141,36
OZD,baseline_a,2022-10,2023-01,3,2022-11-01,development,39.000000,33.000000,47.750000,25.166667,55.000000,36
OZD,baseline_b,2022-10,2023-01,3,2022-11-01,development,39.000000,37.750000,57.000000,28.000000,64.000000,36
OZD,candidate,2022-10,2023-01,3,2022-11-01,development,55.308682,36.648139,64.024188,31.432186,75.885207,36
OZD,baseline_a,2022-11,2022-12,1,2022-12-01,development,51.000000,41.666667,59.250000,38.500000,68.166667,36
OZD,baseline_b,2022-11,2022-12,1,2022-12-01,development,53.000000,51.750000,71.000000,42.000000,78.000000,36
OZD,candidate,2022-11,2022-12,1,2022-12-01,development,54.992852,45.300094,64.137468,40.559932,72.426443,36
OZD,baseline_a,2022-11,2023-02,3,2022-12-01,development,51.000000,45.000000,60.750000,37.166667,69.500000,36
OZD,baseline_b,2022-11,2023-02,3,2022-12-01,development,34.000000,32.750000,52.000000,23.000000,59.000000,36
OZD,candidate,2022-11,2023-02,3,2022-12-01,development,50.535116,34.217862,59.315410,27.021765,71.111641,36
OZD,baseline_a,2022-12,2023-01,1,2023-01-01,development,52.000000,42.666667,59.083333,39.500000,69.166667,36
OZD,baseline_b,2022-12,2023-01,1,2023-01-01,development,39.000000,37.750000,55.500000,28.000000,62.500000,36
OZD,candidate,2022-12,2023-01,1,2023-01-01,development,50.739614,41.046855,57.081809,36.306693,68.173204,36
OZD,baseline_a,2022-12,2023-03,3,2023-01-01,development,52.000000,46.000000,61.750000,38.166667,70.833333,36
OZD,baseline_b,2022-12,2023-03,3,2023-01-01,development,48.000000,46.750000,64.500000,37.000000,71.500000,36
OZD,candidate,2022-12,2023-03,3,2023-01-01,development,51.366364,35.049110,60.146658,27.853013,71.942889,36
OZD,baseline_a,2023-01,2023-02,1,2023-02-01,development,59.333333,50.000000,67.583333,46.833333,77.666667,36
OZD,baseline_b,2023-01,2023-02,1,2023-02-01,development,34.000000,32.750000,52.000000,23.000000,60.000000,36
OZD,candidate,2023-01,2023-02,1,2023-02-01,development,58.974267,49.281508,68.118883,44.541346,77.826467,36
OZD,baseline_a,2023-01,2023-04,3,2023-02-01,development,59.333333,53.333333,71.333333,45.500000,79.833333,36
OZD,baseline_b,2023-01,2023-04,3,2023-02-01,development,59.000000,57.750000,77.000000,48.000000,85.000000,36
OZD,candidate,2023-01,2023-04,3,2023-02-01,development,56.738276,43.529441,66.055514,33.224925,77.314801,36
OZD,baseline_a,2023-02,2023-03,1,2023-03-01,development,71.666667,63.333333,83.416667,59.166667,90.333333,36
OZD,baseline_b,2023-02,2023-03,1,2023-03-01,development,48.000000,46.750000,66.500000,37.000000,76.500000,36
OZD,candidate,2023-02,2023-03,1,2023-03-01,development,74.089925,64.397166,85.760570,59.657004,93.619925,36
OZD,baseline_a,2023-02,2023-05,3,2023-03-01,development,71.666667,65.666667,83.833333,57.833333,97.833333,36
OZD,baseline_b,2023-02,2023-05,3,2023-03-01,development,54.000000,52.750000,72.500000,43.000000,82.500000,36
OZD,candidate,2023-02,2023-05,3,2023-03-01,development,70.163537,56.954702,80.290100,46.650187,95.752863,36
OZD,baseline_a,2023-03,2023-04,1,2023-04-01,development,84.333333,76.000000,98.666667,71.833333,103.000000,36
OZD,baseline_b,2023-03,2023-04,1,2023-04-01,development,59.000000,57.750000,79.000000,48.000000,89.500000,36
OZD,candidate,2023-03,2023-04,1,2023-04-01,development,79.431164,69.738406,91.176661,64.998244,98.961165,36
OZD,baseline_a,2023-03,2023-06,3,2023-04-01,development,84.333333,78.333333,98.166667,70.500000,117.166667,36
OZD,baseline_b,2023-03,2023-06,3,2023-04-01,development,41.000000,39.750000,61.000000,30.000000,71.500000,36
OZD,candidate,2023-03,2023-06,3,2023-04-01,development,67.172383,53.963548,79.206214,43.659033,99.639038,36
OZD,baseline_a,2023-04,2023-05,1,2023-05-01,development,91.666667,83.333333,106.000000,79.166667,110.333333,36
OZD,baseline_b,2023-04,2023-05,1,2023-05-01,development,54.000000,52.750000,74.500000,43.000000,86.000000,36
OZD,candidate,2023-04,2023-05,1,2023-05-01,development,86.038114,76.345355,99.345895,71.605193,105.568114,36
OZD,baseline_a,2023-04,2023-07,3,2023-05-01,development,91.666667,85.666667,109.166667,77.833333,125.333333,36
OZD,baseline_b,2023-04,2023-07,3,2023-05-01,development,42.000000,40.750000,62.500000,31.000000,74.000000,36
OZD,candidate,2023-04,2023-07,3,2023-05-01,development,82.824082,69.615247,98.505159,59.310731,118.445290,36
OZD,baseline_a,2023-05,2023-06,1,2023-06-01,development,120.666667,112.333333,136.083333,108.166667,140.666667,36
OZD,baseline_b,2023-05,2023-06,1,2023-06-01,development,41.000000,39.750000,63.750000,30.000000,80.000000,36
OZD,candidate,2023-05,2023-06,1,2023-06-01,development,110.293719,100.600960,126.042973,95.860798,131.822166,36
OZD,baseline_a,2023-05,2023-08,3,2023-06-01,development,120.666667,114.666667,139.083333,106.833333,157.500000,36
OZD,baseline_b,2023-05,2023-08,3,2023-06-01,development,17.000000,15.750000,39.750000,6.000000,56.000000,36
OZD,candidate,2023-05,2023-08,3,2023-06-01,development,83.042219,69.833384,101.761740,59.528869,120.765008,36
OZD,baseline_a,2023-06,2023-07,1,2023-07-01,development,134.333333,126.333333,149.750000,121.833333,154.333333,36
OZD,baseline_b,2023-06,2023-07,1,2023-07-01,development,42.000000,40.750000,67.500000,31.000000,89.500000,36
OZD,candidate,2023-06,2023-07,1,2023-07-01,development,141.857024,133.192128,158.785402,127.424103,165.338804,36
OZD,baseline_a,2023-06,2023-09,3,2023-07-01,development,134.333333,128.333333,154.416667,120.500000,174.333333,36
OZD,baseline_b,2023-06,2023-09,3,2023-07-01,development,52.000000,50.750000,77.500000,41.000000,99.500000,36
OZD,candidate,2023-06,2023-09,3,2023-07-01,development,131.913982,118.705147,151.665752,108.400631,172.463242,36
OZD,baseline_a,2023-07,2023-08,1,2023-08-01,development,157.333333,149.333333,173.583333,144.833333,181.333333,36
OZD,baseline_b,2023-07,2023-08,1,2023-08-01,development,17.000000,15.750000,44.750000,6.000000,70.000000,36
OZD,candidate,2023-07,2023-08,1,2023-08-01,development,101.226204,92.561308,119.786733,86.793283,124.707985,36
OZD,baseline_a,2023-07,2023-10,3,2023-08-01,development,157.333333,151.333333,181.083333,143.500000,201.333333,36
OZD,baseline_b,2023-07,2023-10,3,2023-08-01,development,48.000000,46.750000,75.750000,37.000000,101.000000,36
OZD,candidate,2023-07,2023-10,3,2023-08-01,development,149.517414,136.308579,173.425095,126.004064,194.195849,36
OZD,baseline_a,2023-08,2023-09,1,2023-09-01,development,228.666667,225.916667,246.833333,216.166667,257.333333,36
OZD,baseline_b,2023-08,2023-09,1,2023-09-01,development,52.000000,52.500000,82.250000,41.000000,126.500000,36
OZD,candidate,2023-08,2023-09,1,2023-09-01,development,327.416480,318.751585,346.384781,312.983560,354.782488,36
OZD,baseline_a,2023-08,2023-11,3,2023-09-01,development,228.666667,226.166667,260.083333,217.666667,277.000000,36
OZD,baseline_b,2023-08,2023-11,3,2023-09-01,development,53.000000,53.500000,83.250000,42.000000,127.500000,36
OZD,candidate,2023-08,2023-11,3,2023-09-01,development,456.958404,443.749569,487.488298,433.445054,514.233828,36
OZD,baseline_a,2023-09,2023-10,1,2023-10-01,development,366.333333,363.583333,385.000000,353.833333,403.333333,36
OZD,baseline_b,2023-09,2023-10,1,2023-10-01,development,48.000000,48.500000,79.500000,37.000000,154.000000,36
OZD,candidate,2023-09,2023-10,1,2023-10-01,development,495.363156,486.698261,514.535485,480.930235,534.378308,36
OZD,baseline_a,2023-09,2023-12,3,2023-10-01,development,366.333333,363.833333,399.500000,355.333333,425.833333,36
OZD,baseline_b,2023-09,2023-12,3,2023-10-01,development,55.000000,55.500000,86.500000,44.000000,161.000000,36
OZD,candidate,2023-09,2023-12,3,2023-10-01,development,620.984757,607.775922,656.426223,597.471406,693.486524,36
OZD,baseline_a,2023-10,2023-11,1,2023-11-01,development,700.333333,700.333333,719.000000,687.833333,764.666667,36
OZD,baseline_b,2023-10,2023-11,1,2023-11-01,development,53.000000,54.000000,89.000000,42.500000,174.000000,36
OZD,candidate,2023-10,2023-11,1,2023-11-01,development,1236.014631,1229.015237,1255.409824,1223.308972,1304.997860,36
OZD,baseline_a,2023-10,2024-01,3,2023-11-01,unscored,700.333333,700.416667,736.083333,690.666667,787.666667,36
OZD,baseline_b,2023-10,2024-01,3,2023-11-01,unscored,70.000000,71.000000,106.000000,59.500000,191.000000,36
OZD,candidate,2023-10,2024-01,3,2023-11-01,unscored,1083.499541,1074.107445,1120.351281,1059.986190,1176.005731,36
OZD,baseline_a,2023-11,2023-12,1,2023-12-01,development,721.666667,718.916667,740.333333,704.833333,786.000000,36
OZD,baseline_b,2023-11,2023-12,1,2023-12-01,development,55.000000,56.750000,101.250000,44.500000,303.500000,36
OZD,candidate,2023-11,2023-12,1,2023-12-01,development,587.513710,580.514316,606.908903,573.080790,656.496939,36
OZD,baseline_a,2023-11,2024-02,3,2023-12-01,unscored,721.666667,721.750000,761.166667,712.000000,887.500000,36
OZD,baseline_b,2023-11,2024-02,3,2023-12-01,unscored,90.000000,91.750000,136.250000,79.500000,338.500000,36
OZD,candidate,2023-11,2024-02,3,2023-12-01,unscored,562.792410,557.951806,599.644150,539.279059,655.298600,36
OZD,baseline_a,2023-12,2024-01,1,2024-01-01,locked,698.000000,689.666667,716.666667,674.500000,762.333333,36
OZD,baseline_b,2023-12,2024-01,1,2024-01-01,locked,70.000000,73.500000,121.500000,63.000000,458.000000,36
OZD,candidate,2023-12,2024-01,1,2024-01-01,locked,481.723276,473.058381,501.118469,464.178032,550.706505,36
OZD,baseline_a,2023-12,2024-03,3,2024-01-01,locked,698.000000,698.083333,740.500000,688.333333,866.000000,36
OZD,baseline_b,2023-12,2024-03,3,2024-01-01,locked,93.000000,96.500000,144.500000,86.000000,481.000000,36
OZD,candidate,2023-12,2024-03,3,2024-01-01,locked,493.345481,488.504877,530.197221,469.468984,585.851671,36
OZD,baseline_a,2024-01,2024-02,1,2024-02-01,locked,574.000000,565.666667,593.333333,550.500000,663.166667,36
OZD,baseline_b,2024-01,2024-02,1,2024-02-01,locked,90.000000,95.000000,155.250000,83.000000,501.500000,36
OZD,candidate,2024-01,2024-02,1,2024-02-01,locked,677.466833,668.801937,698.130863,659.921588,832.739536,36
OZD,baseline_a,2024-01,2024-04,3,2024-02-01,locked,574.000000,574.083333,621.666667,564.333333,742.000000,36
OZD,baseline_b,2024-01,2024-04,3,2024-02-01,locked,92.000000,97.000000,157.250000,85.000000,503.500000,36
OZD,candidate,2024-01,2024-04,3,2024-02-01,locked,639.558973,630.166878,676.410713,615.121757,732.065164,36
OZD,baseline_a,2024-02,2024-03,1,2024-03-01,locked,660.000000,651.666667,679.333333,636.500000,776.000000,36
OZD,baseline_b,2024-02,2024-03,1,2024-03-01,locked,93.000000,98.000000,192.500000,86.000000,551.000000,36
OZD,candidate,2024-02,2024-03,1,2024-03-01,locked,702.876596,694.211701,723.540626,685.331351,858.149299,36
OZD,baseline_a,2024-02,2024-05,3,2024-03-01,locked,660.000000,657.500000,703.166667,650.333333,828.000000,36
OZD,baseline_b,2024-02,2024-05,3,2024-03-01,locked,177.000000,182.000000,276.500000,170.000000,635.000000,36
OZD,candidate,2024-02,2024-05,3,2024-03-01,locked,706.669422,697.277327,743.521162,682.232206,835.191449,36
OZD,baseline_a,2024-03,2024-04,1,2024-04-01,locked,1102.000000,1093.666667,1124.666667,1078.500000,1288.333333,36
OZD,baseline_b,2024-03,2024-04,1,2024-04-01,locked,92.000000,97.000000,212.000000,85.000000,651.000000,36
OZD,candidate,2024-03,2024-04,1,2024-04-01,locked,1229.102516,1220.437621,1252.472046,1211.557272,1483.781174,36
OZD,baseline_a,2024-03,2024-06,3,2024-04-01,locked,1102.000000,1099.500000,1156.583333,1092.333333,1350.333333,36
OZD,baseline_b,2024-03,2024-06,3,2024-04-01,locked,134.000000,139.000000,254.000000,127.000000,693.000000,36
OZD,candidate,2024-03,2024-06,3,2024-04-01,locked,1070.939780,1061.547685,1110.946852,1046.502564,1300.022466,36
OZD,baseline_a,2024-04,2024-05,1,2024-05-01,locked,1324.000000,1320.916667,1351.666667,1300.500000,1600.000000,36
OZD,baseline_b,2024-04,2024-05,1,2024-05-01,locked,177.000000,182.000000,362.750000,170.000000,849.000000,36
OZD,candidate,2024-04,2024-05,1,2024-05-01,locked,1469.215740,1460.550845,1494.751884,1451.670496,1728.051380,36
OZD,baseline_a,2024-04,2024-07,3,2024-05-01,locked,1324.000000,1321.500000,1398.666667,1314.333333,1665.500000,36
OZD,baseline_b,2024-04,2024-07,3,2024-05-01,locked,161.000000,166.000000,346.750000,154.000000,833.000000,36
OZD,candidate,2024-04,2024-07,3,2024-05-01,locked,1346.774282,1337.382187,1394.706413,1322.337066,1708.296182,36
OZD,baseline_a,2024-05,2024-06,1,2024-06-01,locked,1507.333333,1504.250000,1535.000000,1482.500000,1783.333333,36
OZD,baseline_b,2024-05,2024-06,1,2024-06-01,locked,134.000000,140.750000,515.000000,127.000000,1037.500000,36
OZD,candidate,2024-05,2024-06,1,2024-06-01,locked,1087.108999,1078.444104,1112.645143,1063.163950,1345.944639,36
OZD,baseline_a,2024-05,2024-08,3,2024-06-01,locked,1507.333333,1507.416667,1601.666667,1498.333333,2015.166667,36
OZD,baseline_b,2024-05,2024-08,3,2024-06-01,locked,391.000000,397.750000,772.000000,384.000000,1294.500000,36
OZD,candidate,2024-05,2024-08,3,2024-06-01,locked,929.852925,925.012320,999.517617,905.415708,1415.561223,36
OZD,baseline_a,2024-06,2024-07,1,2024-07-01,locked,1202.000000,1198.916667,1229.666667,1157.166667,1478.000000,36
OZD,baseline_b,2024-06,2024-07,1,2024-07-01,locked,161.000000,171.750000,567.750000,154.000000,1080.000000,36
OZD,candidate,2024-06,2024-07,1,2024-07-01,locked,1063.545075,1054.880180,1089.081219,991.631556,1322.380715,36
OZD,baseline_a,2024-06,2024-09,3,2024-07-01,locked,1202.000000,1202.083333,1296.333333,1193.000000,1709.833333,36
OZD,baseline_b,2024-06,2024-09,3,2024-07-01,locked,547.000000,557.750000,953.750000,540.000000,1466.000000,36
OZD,candidate,2024-06,2024-09,3,2024-07-01,locked,1113.769006,1108.928402,1183.433698,1085.946734,1599.477304,36
OZD,baseline_a,2024-07,2024-08,1,2024-08-01,locked,968.666667,959.000000,996.333333,815.500000,1244.666667,36
OZD,baseline_b,2024-07,2024-08,1,2024-08-01,locked,391.000000,401.750000,830.500000,384.000000,1310.000000,36
OZD,candidate,2024-07,2024-08,1,2024-08-01,locked,647.211471,636.365299,672.747615,490.900116,906.047111,36
OZD,baseline_a,2024-07,2024-10,3,2024-08-01,locked,968.666667,968.750000,1063.000000,955.666667,1476.500000,36
OZD,baseline_b,2024-07,2024-10,3,2024-08-01,locked,1163.000000,1173.750000,1602.500000,1156.000000,2082.000000,36
OZD,candidate,2024-07,2024-10,3,2024-08-01,locked,1002.604788,991.131747,1072.269480,914.684665,1488.313086,36
OZD,baseline_a,2024-08,2024-09,1,2024-09-01,locked,1807.333333,1797.666667,1851.666667,1654.166667,2144.000000,36
OZD,baseline_b,2024-08,2024-09,1,2024-09-01,locked,547.000000,557.750000,1067.250000,540.000000,1647.500000,36
OZD,candidate,2024-08,2024-09,1,2024-09-01,locked,2790.005507,2779.159335,2822.158098,2633.694152,3089.530767,36
OZD,baseline_a,2024-08,2024-11,3,2024-09-01,locked,1807.333333,1808.000000,1913.750000,1794.333333,2550.333333,36
OZD,baseline_b,2024-08,2024-11,3,2024-09-01,locked,455.000000,465.750000,975.250000,448.000000,1555.500000,36
OZD,candidate,2024-08,2024-11,3,2024-09-01,locked,4096.264733,4084.791692,4181.605787,4008.344610,4783.150535,36
OZD,baseline_a,2024-09,2024-10,1,2024-10-01,locked,1831.666667,1820.583333,1876.000000,1586.166667,2168.333333,36
OZD,baseline_b,2024-09,2024-10,1,2024-10-01,locked,1163.000000,1173.750000,1683.250000,1156.000000,2263.500000,36
OZD,candidate,2024-09,2024-10,1,2024-10-01,locked,1765.017205,1752.944661,1797.169797,1561.354835,2064.542465,36
OZD,baseline_a,2024-09,2024-12,3,2024-10-01,locked,1831.666667,1831.750000,1938.083333,1804.833333,2574.666667,36
OZD,baseline_b,2024-09,2024-12,3,2024-10-01,locked,476.000000,486.750000,996.250000,469.000000,1576.500000,36
OZD,candidate,2024-09,2024-12,3,2024-10-01,locked,2024.956441,2004.252522,2110.297495,1875.079559,2711.842243,36
OZD,baseline_a,2024-10,2024-11,1,2024-11-01,locked,2493.333333,2482.250000,2580.583333,2247.833333,3069.166667,36
OZD,baseline_b,2024-10,2024-11,1,2024-11-01,locked,455.000000,465.750000,1057.750000,448.000000,1695.000000,36
OZD,candidate,2024-10,2024-11,1,2024-11-01,locked,2718.447859,2706.375315,2767.838206,2514.785489,3206.904643,36
OZD,baseline_a,2024-10,2025-01,3,2024-11-01,locked,2493.333333,2493.416667,2632.166667,2466.500000,3437.666667,36
OZD,baseline_b,2024-10,2025-01,3,2024-11-01,locked,791.000000,801.750000,1393.750000,784.000000,2031.000000,36
OZD,candidate,2024-10,2025-01,3,2024-11-01,locked,2903.573075,2882.869157,3021.252320,2753.696194,3819.034882,36
OZD,baseline_a,2024-11,2024-12,1,2024-12-01,locked,2131.666667,2120.583333,2236.166667,1886.166667,2707.500000,36
OZD,baseline_b,2024-11,2024-12,1,2024-12-01,locked,476.000000,486.750000,1123.500000,469.000000,1948.000000,36
OZD,candidate,2024-11,2024-12,1,2024-12-01,locked,2711.175600,2699.103056,2760.565947,2507.513230,3199.632384,36
OZD,baseline_a,2024-11,2025-02,3,2024-12-01,locked,2131.666667,2131.750000,2369.000000,2104.833333,3077.833333,36
OZD,baseline_b,2024-11,2025-02,3,2024-12-01,locked,713.000000,723.750000,1360.500000,706.000000,2185.000000,36
OZD,candidate,2024-11,2025-02,3,2024-12-01,locked,3032.758834,3012.054915,3150.438078,2862.904441,3948.220640,36
OZD,baseline_a,2024-12,2025-01,1,2025-01-01,locked,2061.666667,2049.250000,2166.166667,1716.333333,2637.500000,36
OZD,baseline_b,2024-12,2025-01,1,2025-01-01,locked,791.000000,801.750000,1438.500000,784.000000,2263.000000,36
OZD,candidate,2024-12,2025-01,1,2025-01-01,locked,1290.103069,1276.242074,1339.493416,1033.722662,1778.559853,36
OZD,baseline_a,2024-12,2025-03,3,2025-01-01,locked,2061.666667,2059.166667,2299.000000,1935.333333,3007.833333,36
OZD,baseline_b,2024-12,2025-03,3,2025-01-01,locked,1802.000000,1812.750000,2449.500000,1795.000000,3274.000000,36
OZD,candidate,2024-12,2025-03,3,2025-01-01,locked,1413.047739,1392.343821,1530.726984,1174.328079,2328.509546,36
OZD,baseline_a,2025-01,2025-02,1,2025-02-01,locked,1361.333333,1344.666667,1465.833333,828.166667,1937.166667,36
OZD,baseline_b,2025-01,2025-02,1,2025-02-01,locked,713.000000,723.500000,1360.500000,702.500000,2185.000000,36
OZD,candidate,2025-01,2025-02,1,2025-02-01,locked,851.146596,833.352054,900.536943,373.322524,1339.603380,36
OZD,baseline_a,2025-01,2025-04,3,2025-02-01,locked,1361.333333,1358.833333,1598.666667,1131.833333,2307.500000,36
OZD,baseline_b,2025-01,2025-04,3,2025-02-01,locked,1457.000000,1467.500000,2104.500000,1446.500000,2929.000000,36
OZD,candidate,2025-01,2025-04,3,2025-02-01,locked,868.153757,847.449838,985.833002,427.016845,1783.615563,36
OZD,baseline_a,2025-02,2025-03,1,2025-03-01,locked,625.333333,588.583333,729.833333,0.000000,1201.166667,36
OZD,baseline_b,2025-02,2025-03,1,2025-03-01,locked,1802.000000,1812.500000,2449.500000,1791.500000,3274.000000,36
OZD,candidate,2025-02,2025-03,1,2025-03-01,locked,671.357756,625.143434,720.748103,164.232923,1159.814540,36
OZD,baseline_a,2025-02,2025-05,3,2025-03-01,locked,625.333333,622.833333,862.666667,220.333333,1571.500000,36
OZD,baseline_b,2025-02,2025-05,3,2025-03-01,locked,1263.000000,1273.500000,1910.500000,1252.500000,2735.000000,36
OZD,candidate,2025-02,2025-05,3,2025-03-01,locked,647.231965,595.474293,764.911210,0.000000,1562.693772,36
OZD,baseline_a,2025-03,2025-04,1,2025-04-01,locked,592.000000,555.250000,696.500000,0.000000,1167.833333,36
OZD,baseline_b,2025-03,2025-04,1,2025-04-01,locked,1457.000000,1467.500000,2104.500000,1442.000000,2929.000000,36
OZD,candidate,2025-03,2025-04,1,2025-04-01,locked,607.657942,561.443620,657.048289,100.533109,1096.114726,36
OZD,baseline_a,2025-03,2025-06,3,2025-04-01,locked,592.000000,586.083333,829.333333,0.000000,1538.166667,36
OZD,baseline_b,2025-03,2025-06,3,2025-04-01,locked,886.000000,896.500000,1533.500000,871.000000,2358.000000,36
OZD,candidate,2025-03,2025-06,3,2025-04-01,locked,513.007670,365.576851,630.686915,0.000000,1428.469477,36
OZD,baseline_a,2025-04,2025-05,1,2025-05-01,locked,652.666667,615.916667,807.083333,0.000000,1228.500000,36
OZD,baseline_b,2025-04,2025-05,1,2025-05-01,locked,1263.000000,1268.000000,1910.500000,1177.500000,2735.000000,36
OZD,candidate,2025-04,2025-05,1,2025-05-01,locked,757.553276,711.338954,879.610205,250.428443,1246.010059,36
OZD,baseline_a,2025-04,2025-07,3,2025-05-01,locked,652.666667,637.000000,890.000000,0.000000,1598.833333,36
OZD,baseline_b,2025-04,2025-07,3,2025-05-01,locked,757.000000,762.000000,1404.500000,671.500000,2229.000000,36
OZD,candidate,2025-04,2025-07,3,2025-05-01,locked,667.411716,519.980897,785.090961,0.000000,1582.873523,36
OZD,baseline_a,2025-05,2025-06,1,2025-06-01,locked,774.000000,737.250000,972.166667,39.166667,1349.833333,36
OZD,baseline_b,2025-05,2025-06,1,2025-06-01,locked,886.000000,887.250000,1533.500000,697.500000,2358.000000,36
OZD,candidate,2025-05,2025-06,1,2025-06-01,locked,654.442703,608.228381,777.613261,147.317871,1142.899487,36
OZD,baseline_a,2025-05,2025-08,3,2025-06-01,locked,774.000000,758.333333,1011.333333,0.000000,1720.166667,36
OZD,baseline_b,2025-05,2025-08,3,2025-06-01,locked,3779.000000,3780.250000,4426.500000,3590.500000,5251.000000,36
OZD,candidate,2025-05,2025-08,3,2025-06-01,locked,672.530087,525.099268,835.877788,0.000000,1587.991893,36
OZD,baseline_a,2025-06,2025-07,1,2025-07-01,locked,884.000000,847.250000,1085.750000,149.166667,1459.833333,36
OZD,baseline_b,2025-06,2025-07,1,2025-07-01,locked,757.000000,758.250000,1404.500000,568.500000,2229.000000,36
OZD,candidate,2025-06,2025-07,1,2025-07-01,locked,903.474916,857.260594,1119.877340,396.350084,1399.571987,36
OZD,baseline_a,2025-06,2025-09,3,2025-07-01,locked,884.000000,868.333333,1183.500000,59.166667,1830.166667,36
OZD,baseline_b,2025-06,2025-09,3,2025-07-01,locked,959.000000,960.250000,1606.500000,770.500000,2431.000000,36
OZD,candidate,2025-06,2025-09,3,2025-07-01,locked,965.263740,817.832921,1194.329211,0.000000,1880.725546,36
OZD,baseline_a,2025-07,2025-08,1,2025-08-01,locked,924.666667,887.916667,1126.416667,189.833333,1500.500000,36
OZD,baseline_b,2025-07,2025-08,1,2025-08-01,locked,3779.000000,3784.000000,4426.500000,3590.500000,5251.000000,36
OZD,candidate,2025-07,2025-08,1,2025-08-01,locked,872.879017,826.664695,1089.281440,365.754184,1368.976087,36
OZD,baseline_a,2025-07,2025-10,3,2025-08-01,locked,924.666667,909.000000,1240.666667,99.833333,1870.833333,36
OZD,baseline_b,2025-07,2025-10,3,2025-08-01,locked,2742.000000,2747.000000,3389.500000,2553.500000,4214.000000,36
OZD,candidate,2025-07,2025-10,3,2025-08-01,locked,1236.404790,1088.973971,1521.585448,216.402700,2151.866596,36
OZD,baseline_a,2025-08,2025-09,1,2025-09-01,locked,805.333333,698.250000,1007.083333,70.500000,1381.166667,36
OZD,baseline_b,2025-08,2025-09,1,2025-09-01,locked,959.000000,964.000000,1606.500000,639.000000,2431.000000,36
OZD,candidate,2025-08,2025-09,1,2025-09-01,locked,709.741301,575.828768,926.143724,194.750258,1205.838371,36
OZD,baseline_a,2025-08,2025-11,3,2025-09-01,locked,805.333333,744.833333,1121.333333,0.000000,1751.500000,36
OZD,baseline_b,2025-08,2025-11,3,2025-09-01,locked,2694.000000,2699.000000,3341.500000,2374.000000,4166.000000,36
OZD,candidate,2025-08,2025-11,3,2025-09-01,locked,990.896474,829.687197,1276.077132,0.000000,1906.358280,36
OZD,baseline_a,2025-09,2025-10,1,2025-10-01,locked,963.000000,855.916667,1174.500000,228.166667,1684.666667,36
OZD,baseline_b,2025-09,2025-10,1,2025-10-01,locked,2742.000000,2766.750000,3389.500000,2422.000000,4214.000000,36
OZD,candidate,2025-09,2025-10,1,2025-10-01,locked,1337.653197,1203.740664,1559.315208,822.662154,2042.600968,36
OZD,baseline_a,2025-09,2025-12,3,2025-10-01,locked,963.000000,902.500000,1356.416667,138.166667,1909.166667,36
OZD,baseline_b,2025-09,2025-12,3,2025-10-01,locked,749.000000,773.750000,1396.500000,429.000000,2221.000000,36
OZD,candidate,2025-09,2025-12,3,2025-10-01,locked,1224.667886,1063.458610,1559.407726,204.665796,2140.129693,36
OZD,baseline_a,2025-10,2025-11,1,2025-11-01,locked,965.333333,858.250000,1176.833333,230.500000,1687.000000,36
OZD,baseline_b,2025-10,2025-11,1,2025-11-01,locked,2694.000000,2718.750000,3341.500000,2170.500000,4166.000000,36
OZD,candidate,2025-10,2025-11,1,2025-11-01,locked,1226.682884,1024.297199,1448.344895,709.304751,1931.630655,36
OZD,baseline_a,2025-10,2026-01,3,2025-11-01,unscored,965.333333,904.833333,1358.750000,140.500000,1911.500000,36
OZD,baseline_b,2025-10,2026-01,3,2025-11-01,unscored,641.000000,665.750000,1288.500000,117.500000,2113.000000,36
OZD,candidate,2025-10,2026-01,3,2025-11-01,unscored,997.657984,816.025474,1332.397824,0.000000,1913.119791,36
OZD,baseline_a,2025-11,2025-12,1,2025-12-01,locked,1021.333333,775.916667,1232.833333,286.500000,1743.000000,36
OZD,baseline_b,2025-11,2025-12,1,2025-12-01,locked,749.000000,772.750000,1396.500000,0.000000,2221.000000,36
OZD,candidate,2025-11,2025-12,1,2025-12-01,locked,712.505291,481.207217,934.167302,104.612314,1417.453062,36
OZD,baseline_a,2025-11,2026-02,3,2025-12-01,unscored,1021.333333,858.333333,1414.750000,196.500000,1967.500000,36
OZD,baseline_b,2025-11,2026-02,3,2025-12-01,unscored,486.000000,509.750000,1133.500000,0.000000,1958.000000,36
OZD,candidate,2025-11,2026-02,3,2025-12-01,unscored,683.075533,473.269500,1017.815373,0.000000,1598.537339,36
OZD,baseline_a,2025-12,2026-01,1,2026-01-01,recent,855.333333,609.916667,1066.833333,120.500000,1577.000000,36
OZD,baseline_b,2025-12,2026-01,1,2026-01-01,recent,641.000000,673.500000,1288.500000,0.000000,2113.000000,36
OZD,candidate,2025-12,2026-01,1,2026-01-01,recent,831.219407,599.921333,1062.516197,223.326430,1536.167178,36
OZD,baseline_a,2025-12,2026-03,3,2026-01-01,recent,855.333333,692.333333,1248.750000,30.500000,1801.500000,36
OZD,baseline_b,2025-12,2026-03,3,2026-01-01,recent,649.000000,681.500000,1296.500000,0.000000,2121.000000,36
OZD,candidate,2025-12,2026-03,3,2026-01-01,recent,906.380068,632.277956,1241.119908,0.000000,1821.841874,36
OZD,baseline_a,2026-01,2026-02,1,2026-02-01,recent,1126.666667,881.250000,1358.333333,391.833333,1980.166667,36
OZD,baseline_b,2026-01,2026-02,1,2026-02-01,recent,486.000000,528.000000,1214.750000,0.000000,1958.000000,36
OZD,candidate,2026-01,2026-02,1,2026-02-01,recent,1228.291547,996.993473,1481.856028,620.398571,2066.811194,36
OZD,baseline_a,2026-01,2026-04,3,2026-02-01,recent,1126.666667,963.666667,1578.166667,301.833333,2072.833333,36
OZD,baseline_b,2026-01,2026-04,3,2026-02-01,recent,823.000000,865.000000,1551.750000,0.000000,2295.000000,36
OZD,candidate,2026-01,2026-04,3,2026-02-01,recent,1304.579662,1030.477550,1732.392258,284.577572,2220.041469,36
OZD,baseline_a,2026-02,2026-03,1,2026-03-01,recent,1577.000000,1331.583333,1831.833333,842.166667,2474.333333,36
OZD,baseline_b,2026-02,2026-03,1,2026-03-01,recent,649.000000,691.000000,1484.500000,0.000000,2201.000000,36
OZD,candidate,2026-02,2026-03,1,2026-03-01,recent,1835.573599,1604.275525,2130.223127,1227.680622,2694.318122,36
OZD,baseline_a,2026-02,2026-05,3,2026-03-01,recent,1577.000000,1414.000000,2153.750000,752.166667,2574.666667,36
OZD,baseline_b,2026-02,2026-05,3,2026-03-01,recent,850.000000,892.000000,1685.500000,0.000000,2402.000000,36
OZD,candidate,2026-02,2026-05,3,2026-03-01,recent,1788.843488,1514.741376,2260.021801,768.841399,2949.912041,36
OZD,baseline_a,2026-03,2026-04,1,2026-04-01,recent,1809.666667,1564.250000,2064.500000,1074.833333,2707.000000,36
OZD,baseline_b,2026-03,2026-04,1,2026-04-01,recent,823.000000,901.000000,1846.750000,0.000000,2375.000000,36
OZD,candidate,2026-03,2026-04,1,2026-04-01,recent,1630.553710,1399.255636,1925.203238,1022.660734,2489.298233,36
OZD,baseline_a,2026-03,2026-06,3,2026-04-01,recent,1809.666667,1646.666667,2461.083333,984.833333,2807.333333,36
OZD,baseline_b,2026-03,2026-06,3,2026-04-01,recent,979.000000,1057.000000,2002.750000,85.500000,2531.000000,36
OZD,candidate,2026-03,2026-06,3,2026-04-01,recent,1398.064616,1123.962504,1902.199455,378.062526,2559.133168,36
OZD,baseline_a,2026-04,2026-05,1,2026-05-01,recent,1555.000000,1294.416667,1809.833333,727.000000,2452.333333,36
OZD,baseline_b,2026-04,2026-05,1,2026-05-01,recent,850.000000,943.000000,1873.750000,0.000000,2402.000000,36
OZD,candidate,2026-04,2026-05,1,2026-05-01,recent,1278.683979,957.488524,1573.333507,639.855590,2137.428502,36
OZD,baseline_a,2026-04,2026-07,3,2026-05-01,recent,1555.000000,1392.000000,2206.416667,730.166667,2552.666667,36
OZD,baseline_b,2026-04,2026-07,3,2026-05-01,recent,945.000000,1038.000000,1968.750000,51.500000,2497.000000,36
OZD,candidate,2026-04,2026-07,3,2026-05-01,recent,1139.385742,852.957264,1643.520581,119.383652,2300.454294,36
OZD,baseline_a,2026-05,2026-06,1,2026-06-01,recent,1172.333333,835.166667,1427.166667,344.333333,2069.666667,36
OZD,baseline_b,2026-05,2026-06,1,2026-06-01,recent,979.000000,1052.000000,2002.750000,85.500000,2531.000000,36
OZD,candidate,2026-05,2026-06,1,2026-06-01,recent,849.395149,480.315447,1144.044677,210.566759,1708.139672,36
OZD,baseline_a,2026-05,2026-08,3,2026-06-01,recent,1172.333333,949.583333,1823.750000,274.000000,2170.000000,36
OZD,baseline_b,2026-05,2026-08,3,2026-06-01,recent,492.000000,565.000000,1515.750000,0.000000,2044.000000,36
OZD,candidate,2026-05,2026-08,3,2026-06-01,recent,806.606353,511.586782,1310.741193,0.000000,1967.674906,36
OZD,baseline_a,2026-06,2026-07,1,2026-07-01,recent,1186.000000,848.833333,1513.500000,358.000000,2083.333333,36
OZD,baseline_b,2026-06,2026-07,1,2026-07-01,recent,945.000000,1018.000000,1968.750000,51.500000,2497.000000,36
OZD,candidate,2026-06,2026-07,1,2026-07-01,recent,1341.796805,972.717104,1654.893672,702.968415,2230.989527,36
OZD,baseline_a,2026-06,2026-09,3,2026-10-06,outlook,1186.000000,963.250000,1837.416667,287.666667,2183.666667,36
OZD,baseline_b,2026-06,2026-09,3,2026-10-06,outlook,1452.000000,1525.000000,2475.750000,558.500000,3004.000000,36
OZD,candidate,2026-06,2026-09,3,2026-10-06,outlook,1472.344503,1177.324932,1976.479342,371.444538,2633.413055,36
OZD,baseline_a,2026-07,2026-08,1,2026-08-01,recent,1176.000000,838.833333,1503.500000,348.000000,2073.333333,36
OZD,baseline_b,2026-07,2026-08,1,2026-08-01,recent,492.000000,515.500000,1515.750000,0.000000,2044.000000,36
OZD,candidate,2026-07,2026-08,1,2026-08-01,recent,990.540263,617.972905,1303.637130,351.711873,1879.732985,36
OZD,baseline_a,2026-07,2026-10,3,2026-10-06,outlook,1176.000000,923.250000,1827.416667,277.666667,2173.666667,36
OZD,baseline_b,2026-07,2026-10,3,2026-10-06,outlook,952.000000,975.500000,1975.750000,58.500000,2504.000000,36
OZD,candidate,2026-07,2026-10,3,2026-10-06,outlook,1438.084124,1143.064553,1942.218964,337.184160,2599.152677,36
OZD,baseline_a,2026-08,2026-09,1,2026-10-06,outlook,1227.333333,890.166667,1554.833333,399.333333,2124.666667,36
OZD,baseline_b,2026-08,2026-09,1,2026-10-06,outlook,1452.000000,1475.500000,2475.750000,558.500000,3004.000000,36
OZD,candidate,2026-08,2026-09,1,2026-10-06,outlook,1251.277400,878.710043,1564.374267,612.449011,2140.470123,36
OZD,baseline_a,2026-08,2026-11,3,2026-10-06,outlook,1227.333333,974.583333,1878.750000,329.000000,2225.000000,36
OZD,baseline_b,2026-08,2026-11,3,2026-10-06,outlook,660.000000,683.500000,1683.750000,0.000000,2212.000000,36
OZD,candidate,2026-08,2026-11,3,2026-10-06,outlook,1543.444008,1248.424437,2047.578848,442.544043,2704.512560,36
PYX,baseline_a,2018-12,2019-01,1,2019-01-01,warmup,1.333333,,,,,0
PYX,baseline_b,2018-12,2019-01,1,2019-01-01,warmup,1.000000,,,,,0
PYX,candidate,2018-12,2019-01,1,2019-01-01,warmup,1.218488,,,,,0
PYX,baseline_a,2018-12,2019-03,3,2019-01-01,warmup,1.333333,,,,,0
PYX,baseline_b,2018-12,2019-03,3,2019-01-01,warmup,0.000000,,,,,0
PYX,candidate,2018-12,2019-03,3,2019-01-01,warmup,0.745117,,,,,0
PYX,baseline_a,2019-01,2019-02,1,2019-02-01,warmup,1.333333,,,,,1
PYX,baseline_b,2019-01,2019-02,1,2019-02-01,warmup,1.000000,,,,,1
PYX,candidate,2019-01,2019-02,1,2019-02-01,warmup,1.152225,,,,,1
PYX,baseline_a,2019-01,2019-04,3,2019-02-01,warmup,1.333333,,,,,0
PYX,baseline_b,2019-01,2019-04,3,2019-02-01,warmup,1.000000,,,,,0
PYX,candidate,2019-01,2019-04,3,2019-02-01,warmup,1.102754,,,,,0
PYX,baseline_a,2019-02,2019-03,1,2019-03-01,warmup,1.333333,,,,,2
PYX,baseline_b,2019-02,2019-03,1,2019-03-01,warmup,0.000000,,,,,2
PYX,candidate,2019-02,2019-03,1,2019-03-01,warmup,0.822163,,,,,2
PYX,baseline_a,2019-02,2019-05,3,2019-03-01,warmup,1.333333,,,,,0
PYX,baseline_b,2019-02,2019-05,3,2019-03-01,warmup,1.000000,,,,,0
PYX,candidate,2019-02,2019-05,3,2019-03-01,warmup,1.327175,,,,,0
PYX,baseline_a,2019-03,2019-04,1,2019-04-01,warmup,1.333333,,,,,3
PYX,baseline_b,2019-03,2019-04,1,2019-04-01,warmup,1.000000,,,,,3
PYX,candidate,2019-03,2019-04,1,2019-04-01,warmup,1.544817,,,,,3
PYX,baseline_a,2019-03,2019-06,3,2019-04-01,warmup,1.333333,,,,,1
PYX,baseline_b,2019-03,2019-06,3,2019-04-01,warmup,0.000000,,,,,1
PYX,candidate,2019-03,2019-06,3,2019-04-01,warmup,1.068292,,,,,1
PYX,baseline_a,2019-04,2019-05,1,2019-05-01,warmup,1.000000,,,,,4
PYX,baseline_b,2019-04,2019-05,1,2019-05-01,warmup,1.000000,,,,,4
PYX,candidate,2019-04,2019-05,1,2019-05-01,warmup,1.028163,,,,,4
PYX,baseline_a,2019-04,2019-07,3,2019-05-01,warmup,1.000000,,,,,2
PYX,baseline_b,2019-04,2019-07,3,2019-05-01,warmup,1.000000,,,,,2
PYX,candidate,2019-04,2019-07,3,2019-05-01,warmup,0.857069,,,,,2
PYX,baseline_a,2019-05,2019-06,1,2019-06-01,warmup,0.333333,,,,,5
PYX,baseline_b,2019-05,2019-06,1,2019-06-01,warmup,0.000000,,,,,5
PYX,candidate,2019-05,2019-06,1,2019-06-01,warmup,0.326152,,,,,5
PYX,baseline_a,2019-05,2019-08,3,2019-06-01,warmup,0.333333,,,,,3
PYX,baseline_b,2019-05,2019-08,3,2019-06-01,warmup,1.000000,,,,,3
PYX,candidate,2019-05,2019-08,3,2019-06-01,warmup,0.415505,,,,,3
PYX,baseline_a,2019-06,2019-07,1,2019-07-01,warmup,0.333333,,,,,6
PYX,baseline_b,2019-06,2019-07,1,2019-07-01,warmup,1.000000,,,,,6
PYX,candidate,2019-06,2019-07,1,2019-07-01,warmup,0.707735,,,,,6
PYX,baseline_a,2019-06,2019-09,3,2019-07-01,warmup,0.333333,,,,,4
PYX,baseline_b,2019-06,2019-09,3,2019-07-01,warmup,0.000000,,,,,4
PYX,candidate,2019-06,2019-09,3,2019-07-01,warmup,0.254060,,,,,4
PYX,baseline_a,2019-07,2019-08,1,2019-08-01,warmup,0.666667,,,,,7
PYX,baseline_b,2019-07,2019-08,1,2019-08-01,warmup,1.000000,,,,,7
PYX,candidate,2019-07,2019-08,1,2019-08-01,warmup,0.689685,,,,,7
PYX,baseline_a,2019-07,2019-10,3,2019-08-01,warmup,0.666667,,,,,5
PYX,baseline_b,2019-07,2019-10,3,2019-08-01,warmup,1.000000,,,,,5
PYX,candidate,2019-07,2019-10,3,2019-08-01,warmup,0.605355,,,,,5
PYX,baseline_a,2019-08,2019-09,1,2019-09-01,warmup,0.666667,,,,,8
PYX,baseline_b,2019-08,2019-09,1,2019-09-01,warmup,0.000000,,,,,8
PYX,candidate,2019-08,2019-09,1,2019-09-01,warmup,0.181149,,,,,8
PYX,baseline_a,2019-08,2019-11,3,2019-09-01,warmup,0.666667,,,,,6
PYX,baseline_b,2019-08,2019-11,3,2019-09-01,warmup,2.000000,,,,,6
PYX,candidate,2019-08,2019-11,3,2019-09-01,warmup,1.233774,,,,,6
PYX,baseline_a,2019-09,2019-10,1,2019-10-01,warmup,1.000000,,,,,9
PYX,baseline_b,2019-09,2019-10,1,2019-10-01,warmup,1.000000,,,,,9
PYX,candidate,2019-09,2019-10,1,2019-10-01,warmup,0.665210,,,,,9
PYX,baseline_a,2019-09,2019-12,3,2019-10-01,warmup,1.000000,,,,,7
PYX,baseline_b,2019-09,2019-12,3,2019-10-01,warmup,1.000000,,,,,7
PYX,candidate,2019-09,2019-12,3,2019-10-01,warmup,0.655744,,,,,7
PYX,baseline_a,2019-10,2019-11,1,2019-11-01,warmup,1.333333,,,,,10
PYX,baseline_b,2019-10,2019-11,1,2019-11-01,warmup,2.000000,,,,,10
PYX,candidate,2019-10,2019-11,1,2019-11-01,warmup,1.931435,,,,,10
PYX,baseline_a,2019-10,2020-01,3,2019-11-01,warmup,1.333333,,,,,8
PYX,baseline_b,2019-10,2020-01,3,2019-11-01,warmup,1.000000,,,,,8
PYX,candidate,2019-10,2020-01,3,2019-11-01,warmup,1.206369,,,,,8
PYX,baseline_a,2019-11,2019-12,1,2019-12-01,warmup,1.333333,,,,,11
PYX,baseline_b,2019-11,2019-12,1,2019-12-01,warmup,1.000000,,,,,11
PYX,candidate,2019-11,2019-12,1,2019-12-01,warmup,0.578615,,,,,11
PYX,baseline_a,2019-11,2020-02,3,2019-12-01,warmup,1.333333,,,,,9
PYX,baseline_b,2019-11,2020-02,3,2019-12-01,warmup,2.000000,,,,,9
PYX,candidate,2019-11,2020-02,3,2019-12-01,warmup,0.935952,,,,,9
PYX,baseline_a,2019-12,2020-01,1,2020-01-01,warmup,0.666667,0.000000,1.333333,0.000000,1.633333,12
PYX,baseline_b,2019-12,2020-01,1,2020-01-01,warmup,1.000000,0.000000,2.000000,0.000000,2.000000,12
PYX,candidate,2019-12,2020-01,1,2020-01-01,warmup,0.636576,0.000000,1.353905,0.000000,1.922664,12
PYX,baseline_a,2019-12,2020-03,3,2020-01-01,warmup,0.666667,,,,,10
PYX,baseline_b,2019-12,2020-03,3,2020-01-01,warmup,1.000000,,,,,10
PYX,candidate,2019-12,2020-03,3,2020-01-01,warmup,0.237072,,,,,10
PYX,baseline_a,2020-01,2020-02,1,2020-02-01,warmup,0.333333,0.000000,1.000000,0.000000,1.266667,13
PYX,baseline_b,2020-01,2020-02,1,2020-02-01,warmup,2.000000,1.000000,3.000000,1.000000,3.000000,13
PYX,candidate,2020-01,2020-02,1,2020-02-01,warmup,0.807945,0.118260,1.481793,0.000000,2.045331,13
PYX,baseline_a,2020-01,2020-04,3,2020-02-01,warmup,0.333333,,,,,11
PYX,baseline_b,2020-01,2020-04,3,2020-02-01,warmup,0.000000,,,,,11
PYX,candidate,2020-01,2020-04,3,2020-02-01,warmup,0.273450,,,,,11
PYX,baseline_a,2020-02,2020-03,1,2020-03-01,warmup,1.000000,0.083333,1.666667,0.000000,2.233333,14
PYX,baseline_b,2020-02,2020-03,1,2020-03-01,warmup,1.000000,0.000000,2.000000,0.000000,2.000000,14
PYX,candidate,2020-02,2020-03,1,2020-03-01,warmup,0.465773,0.000000,1.270066,0.000000,1.757742,14
PYX,baseline_a,2020-02,2020-05,3,2020-03-01,warmup,1.000000,0.250000,1.166667,0.000000,2.266667,12
PYX,baseline_b,2020-02,2020-05,3,2020-03-01,warmup,0.000000,0.000000,1.000000,0.000000,1.000000,12
PYX,candidate,2020-02,2020-05,3,2020-03-01,warmup,0.427223,0.000000,0.884397,0.000000,1.788808,12
PYX,baseline_a,2020-03,2020-04,1,2020-04-01,warmup,2.333333,1.500000,3.166667,1.000000,3.866667,15
PYX,baseline_b,2020-03,2020-04,1,2020-04-01,warmup,0.000000,0.000000,1.000000,0.000000,1.600000,15
PYX,candidate,2020-03,2020-04,1,2020-04-01,warmup,0.907079,0.272929,1.926994,0.000000,2.532305,15
PYX,baseline_a,2020-03,2020-06,3,2020-04-01,warmup,2.333333,1.666667,3.000000,1.066667,3.933333,13
PYX,baseline_b,2020-03,2020-06,3,2020-04-01,warmup,1.000000,0.000000,2.000000,0.000000,2.800000,13
PYX,candidate,2020-03,2020-06,3,2020-04-01,warmup,0.871555,0.215812,1.935603,0.000000,2.547237,13
PYX,baseline_a,2020-04,2020-05,1,2020-05-01,warmup,2.000000,0.916667,2.750000,0.666667,3.500000,16
PYX,baseline_b,2020-04,2020-05,1,2020-05-01,warmup,0.000000,0.000000,1.000000,0.000000,1.500000,16
PYX,candidate,2020-04,2020-05,1,2020-05-01,warmup,0.834592,0.090559,1.768437,0.000000,2.411412,16
PYX,baseline_a,2020-04,2020-07,3,2020-05-01,warmup,2.000000,1.416667,2.500000,0.766667,3.566667,14
PYX,baseline_b,2020-04,2020-07,3,2020-05-01,warmup,1.000000,0.000000,2.000000,0.000000,2.700000,14
PYX,candidate,2020-04,2020-07,3,2020-05-01,warmup,1.144494,0.548810,2.006250,0.000000,2.785045,14
PYX,baseline_a,2020-05,2020-06,1,2020-06-01,warmup,1.333333,0.000000,2.000000,0.000000,2.800000,17
PYX,baseline_b,2020-05,2020-06,1,2020-06-01,warmup,1.000000,0.000000,2.000000,0.000000,2.400000,17
PYX,candidate,2020-05,2020-06,1,2020-06-01,warmup,0.547413,0.000000,1.395188,0.000000,2.075828,17
PYX,baseline_a,2020-05,2020-08,3,2020-06-01,warmup,1.333333,0.500000,1.666667,0.133333,2.866667,15
PYX,baseline_b,2020-05,2020-08,3,2020-06-01,warmup,0.000000,0.000000,1.000000,0.000000,1.600000,15
PYX,candidate,2020-05,2020-08,3,2020-06-01,warmup,0.494160,0.000000,1.153626,0.000000,2.099583,15
PYX,baseline_a,2020-06,2020-07,1,2020-07-01,warmup,0.000000,0.000000,0.666667,0.000000,1.433333,18
PYX,baseline_b,2020-06,2020-07,1,2020-07-01,warmup,1.000000,0.000000,2.000000,0.000000,2.300000,18
PYX,candidate,2020-06,2020-07,1,2020-07-01,warmup,0.739039,0.000000,1.543332,0.000000,2.219047,18
PYX,baseline_a,2020-06,2020-09,3,2020-07-01,warmup,0.000000,0.000000,0.166667,0.000000,1.500000,16
PYX,baseline_b,2020-06,2020-09,3,2020-07-01,warmup,2.000000,1.000000,3.000000,1.000000,3.500000,16
PYX,candidate,2020-06,2020-09,3,2020-07-01,warmup,0.528433,0.000000,0.985608,0.000000,2.098726,16
PYX,baseline_a,2020-07,2020-08,1,2020-08-01,warmup,0.000000,0.000000,0.666667,0.000000,1.400000,19
PYX,baseline_b,2020-07,2020-08,1,2020-08-01,warmup,0.000000,0.000000,1.000000,0.000000,1.200000,19
PYX,candidate,2020-07,2020-08,1,2020-08-01,warmup,0.343352,0.000000,1.104164,0.000000,1.774954,19
PYX,baseline_a,2020-07,2020-10,3,2020-08-01,warmup,0.000000,0.000000,0.000000,0.000000,1.466667,17
PYX,baseline_b,2020-07,2020-10,3,2020-08-01,warmup,2.000000,1.000000,3.000000,1.000000,3.400000,17
PYX,candidate,2020-07,2020-10,3,2020-08-01,warmup,0.623334,0.000000,0.878217,0.000000,2.158497,17
PYX,baseline_a,2020-08,2020-09,1,2020-09-01,warmup,0.000000,0.000000,0.666667,0.000000,1.366667,20
PYX,baseline_b,2020-08,2020-09,1,2020-09-01,warmup,2.000000,1.000000,3.000000,1.000000,3.100000,20
PYX,candidate,2020-08,2020-09,1,2020-09-01,warmup,0.371897,0.000000,1.089227,0.000000,1.755093,20
PYX,baseline_a,2020-08,2020-11,3,2020-09-01,warmup,0.000000,0.000000,0.000000,0.000000,1.433333,18
PYX,baseline_b,2020-08,2020-11,3,2020-09-01,warmup,0.000000,0.000000,0.750000,0.000000,1.300000,18
PYX,candidate,2020-08,2020-11,3,2020-09-01,warmup,0.638903,0.000000,0.865798,0.000000,2.138937,18
PYX,baseline_a,2020-09,2020-10,1,2020-10-01,warmup,0.333333,0.000000,1.000000,0.000000,1.666667,21
PYX,baseline_b,2020-09,2020-10,1,2020-10-01,warmup,2.000000,1.000000,3.000000,1.000000,3.000000,21
PYX,candidate,2020-09,2020-10,1,2020-10-01,warmup,0.616238,0.000000,1.290086,0.000000,1.951027,21
PYX,baseline_a,2020-09,2020-12,3,2020-10-01,warmup,0.333333,0.000000,0.666667,0.000000,1.733333,19
PYX,baseline_b,2020-09,2020-12,3,2020-10-01,warmup,0.000000,0.000000,0.500000,0.000000,1.200000,19
PYX,candidate,2020-09,2020-12,3,2020-10-01,warmup,0.153769,0.000000,0.516993,0.000000,1.618673,19
PYX,baseline_a,2020-10,2020-11,1,2020-11-01,warmup,0.333333,0.000000,1.000000,0.000000,1.633333,22
PYX,baseline_b,2020-10,2020-11,1,2020-11-01,warmup,0.000000,0.000000,0.750000,0.000000,1.000000,22
PYX,candidate,2020-10,2020-11,1,2020-11-01,warmup,0.642232,0.000000,1.304644,0.000000,1.962748,22
PYX,baseline_a,2020-10,2021-01,3,2020-11-01,warmup,0.333333,0.000000,0.500000,0.000000,1.700000,20
PYX,baseline_b,2020-10,2021-01,3,2020-11-01,warmup,1.000000,0.000000,1.250000,0.000000,2.100000,20
PYX,candidate,2020-10,2021-01,3,2020-11-01,warmup,0.406698,0.000000,0.715752,0.000000,1.836473,20
PYX,baseline_a,2020-11,2020-12,1,2020-12-01,warmup,0.666667,0.000000,1.333333,0.000000,1.933333,23
PYX,baseline_b,2020-11,2020-12,1,2020-12-01,warmup,0.000000,0.000000,1.000000,0.000000,1.000000,23
PYX,candidate,2020-11,2020-12,1,2020-12-01,warmup,0.099632,0.000000,0.750607,0.000000,1.405875,23
PYX,baseline_a,2020-11,2021-02,3,2020-12-01,warmup,0.666667,0.000000,1.333333,0.000000,2.000000,21
PYX,baseline_b,2020-11,2021-02,3,2020-12-01,warmup,2.000000,1.000000,3.000000,1.000000,3.000000,21
PYX,candidate,2020-11,2021-02,3,2020-12-01,warmup,0.656570,0.000827,1.017667,0.000000,2.051216,21
PYX,baseline_a,2020-12,2021-01,1,2021-01-01,warmup,0.666667,0.000000,1.333333,0.000000,1.900000,24
PYX,baseline_b,2020-12,2021-01,1,2021-01-01,warmup,1.000000,0.000000,2.000000,0.000000,2.000000,24
PYX,candidate,2020-12,2021-01,1,2021-01-01,warmup,0.549884,0.000000,1.267214,0.000000,1.841854,24
PYX,baseline_a,2020-12,2021-03,3,2021-01-01,warmup,0.666667,0.000000,1.333333,0.000000,1.966667,22
PYX,baseline_b,2020-12,2021-03,3,2021-01-01,warmup,4.000000,3.000000,5.000000,3.000000,5.000000,22
PYX,candidate,2020-12,2021-03,3,2021-01-01,warmup,0.594278,0.000000,1.038227,0.000000,1.955864,22
PYX,baseline_a,2021-01,2021-02,1,2021-02-01,warmup,1.000000,0.000000,1.666667,0.000000,2.200000,25
PYX,baseline_b,2021-01,2021-02,1,2021-02-01,warmup,2.000000,1.000000,3.000000,1.000000,3.000000,25
PYX,candidate,2021-01,2021-02,1,2021-02-01,warmup,0.900742,0.211058,1.574591,0.000000,2.178438,25
PYX,baseline_a,2021-01,2021-04,3,2021-02-01,warmup,1.000000,0.000000,1.666667,0.000000,2.266667,23
PYX,baseline_b,2021-01,2021-04,3,2021-02-01,warmup,0.000000,0.000000,1.000000,0.000000,1.000000,23
PYX,candidate,2021-01,2021-04,3,2021-02-01,warmup,0.219991,0.000000,0.752425,0.000000,1.548517,23
PYX,baseline_a,2021-02,2021-03,1,2021-03-01,warmup,0.666667,0.000000,1.333333,0.000000,1.833333,26
PYX,baseline_b,2021-02,2021-03,1,2021-03-01,warmup,4.000000,3.000000,5.000000,2.500000,5.000000,26
PYX,candidate,2021-02,2021-03,1,2021-03-01,warmup,0.544134,0.000000,1.206546,0.000000,1.807556,26
PYX,baseline_a,2021-02,2021-05,3,2021-03-01,warmup,0.666667,0.000000,1.333333,0.000000,1.900000,24
PYX,baseline_b,2021-02,2021-05,3,2021-03-01,warmup,0.000000,0.000000,1.000000,0.000000,1.000000,24
PYX,candidate,2021-02,2021-05,3,2021-03-01,warmup,0.078572,0.000000,0.580573,0.000000,1.374038,24
PYX,baseline_a,2021-03,2021-04,1,2021-04-01,warmup,0.666667,0.000000,1.333333,0.000000,1.800000,27
PYX,baseline_b,2021-03,2021-04,1,2021-04-01,warmup,0.000000,0.000000,1.000000,0.000000,1.000000,27
PYX,candidate,2021-03,2021-04,1,2021-04-01,warmup,0.125504,0.000000,0.776479,0.000000,1.374653,27
PYX,baseline_a,2021-03,2021-06,3,2021-04-01,warmup,0.666667,0.000000,1.333333,0.000000,1.866667,25
PYX,baseline_b,2021-03,2021-06,3,2021-04-01,warmup,0.000000,0.000000,1.000000,0.000000,1.000000,25
PYX,candidate,2021-03,2021-06,3,2021-04-01,warmup,0.103771,0.000000,0.575338,0.000000,1.366178,25
PYX,baseline_a,2021-04,2021-05,1,2021-05-01,warmup,0.666667,0.000000,1.333333,0.000000,1.766667,28
PYX,baseline_b,2021-04,2021-05,1,2021-05-01,warmup,0.000000,0.000000,1.000000,0.000000,1.000000,28
PYX,candidate,2021-04,2021-05,1,2021-05-01,warmup,0.183663,0.000000,0.900993,0.000000,1.418539,28
PYX,baseline_a,2021-04,2021-07,3,2021-05-01,warmup,0.666667,0.000000,1.333333,0.000000,1.833333,26
PYX,baseline_b,2021-04,2021-07,3,2021-05-01,warmup,0.000000,0.000000,1.000000,0.000000,1.000000,26
PYX,candidate,2021-04,2021-07,3,2021-05-01,warmup,0.374060,0.000000,0.936928,0.000000,1.603407,26
PYX,baseline_a,2021-05,2021-06,1,2021-06-01,warmup,1.333333,0.333333,2.000000,0.000000,2.666667,29
PYX,baseline_b,2021-05,2021-06,1,2021-06-01,warmup,0.000000,0.000000,1.000000,0.000000,1.200000,29
PYX,candidate,2021-05,2021-06,1,2021-06-01,warmup,0.293601,0.000000,1.141376,0.000000,1.724700,29
PYX,baseline_a,2021-05,2021-08,3,2021-06-01,warmup,1.333333,0.500000,2.000000,0.000000,2.666667,27
PYX,baseline_b,2021-05,2021-08,3,2021-06-01,warmup,0.000000,0.000000,1.000000,0.000000,1.400000,27
PYX,candidate,2021-05,2021-08,3,2021-06-01,warmup,0.363477,0.000000,1.050132,0.000000,1.898640,27
PYX,baseline_a,2021-06,2021-07,1,2021-07-01,warmup,1.000000,0.000000,1.666667,0.000000,2.333333,30
PYX,baseline_b,2021-06,2021-07,1,2021-07-01,warmup,0.000000,0.000000,1.000000,0.000000,1.100000,30
PYX,candidate,2021-06,2021-07,1,2021-07-01,warmup,0.496943,0.000000,1.301236,0.000000,1.879887,30
PYX,baseline_a,2021-06,2021-09,3,2021-07-01,warmup,1.000000,0.250000,1.666667,0.000000,2.333333,28
PYX,baseline_b,2021-06,2021-09,3,2021-07-01,warmup,1.000000,0.000000,2.000000,0.000000,2.300000,28
PYX,candidate,2021-06,2021-09,3,2021-07-01,warmup,0.660745,0.029309,1.300723,0.000000,2.160778,28
PYX,baseline_a,2021-07,2021-08,1,2021-08-01,warmup,1.000000,0.000000,1.666667,0.000000,2.333333,31
PYX,baseline_b,2021-07,2021-08,1,2021-08-01,warmup,0.000000,0.000000,1.000000,0.000000,1.000000,31
PYX,candidate,2021-07,2021-08,1,2021-08-01,warmup,0.350804,0.000000,1.111616,0.000000,1.685594,31
PYX,baseline_a,2021-07,2021-10,3,2021-08-01,warmup,1.000000,0.333333,1.666667,0.000000,2.333333,29
PYX,baseline_b,2021-07,2021-10,3,2021-08-01,warmup,0.000000,0.000000,1.000000,0.000000,1.200000,29
PYX,candidate,2021-07,2021-10,3,2021-08-01,warmup,0.737919,0.114586,1.363859,0.000000,2.202824,29
PYX,baseline_a,2021-08,2021-09,1,2021-09-01,warmup,0.333333,0.000000,1.000000,0.000000,1.633333,32
PYX,baseline_b,2021-08,2021-09,1,2021-09-01,warmup,1.000000,0.000000,2.000000,0.000000,2.000000,32
PYX,candidate,2021-08,2021-09,1,2021-09-01,warmup,0.669605,0.035005,1.386934,0.000000,1.990121,32
PYX,baseline_a,2021-08,2021-11,3,2021-09-01,warmup,0.333333,0.000000,1.000000,0.000000,1.666667,30
PYX,baseline_b,2021-08,2021-11,3,2021-09-01,warmup,1.000000,0.000000,2.000000,0.000000,2.100000,30
PYX,candidate,2021-08,2021-11,3,2021-09-01,warmup,1.088273,0.497232,1.706053,0.000000,2.518048,30
PYX,baseline_a,2021-09,2021-10,1,2021-10-01,warmup,0.333333,0.000000,1.000000,0.000000,1.600000,33
PYX,baseline_b,2021-09,2021-10,1,2021-10-01,warmup,0.000000,0.000000,1.000000,0.000000,1.000000,33
PYX,candidate,2021-09,2021-10,1,2021-10-01,warmup,0.603315,0.000000,1.277163,0.000000,1.909558,33
PYX,baseline_a,2021-09,2021-12,3,2021-10-01,warmup,0.333333,0.000000,1.000000,0.000000,1.666667,31
PYX,baseline_b,2021-09,2021-12,3,2021-10-01,warmup,1.000000,0.000000,2.000000,0.000000,2.000000,31
PYX,candidate,2021-09,2021-12,3,2021-10-01,warmup,0.442255,0.000000,1.051875,0.000000,1.836900,31
PYX,baseline_a,2021-10,2021-11,1,2021-11-01,warmup,0.000000,0.000000,0.666667,0.000000,1.233333,34
PYX,baseline_b,2021-10,2021-11,1,2021-11-01,warmup,1.000000,0.000000,2.000000,0.000000,2.000000,34
PYX,candidate,2021-10,2021-11,1,2021-11-01,warmup,0.909906,0.253644,1.572318,0.004728,2.201876,34
PYX,baseline_a,2021-10,2022-01,3,2021-11-01,development,0.000000,0.000000,0.666667,0.000000,1.300000,32
PYX,baseline_b,2021-10,2022-01,3,2021-11-01,development,1.000000,0.000000,2.000000,0.000000,2.000000,32
PYX,candidate,2021-10,2022-01,3,2021-11-01,development,0.763962,0.108011,1.365423,0.000000,2.125547,32
PYX,baseline_a,2021-11,2021-12,1,2021-12-01,warmup,0.333333,0.000000,1.000000,0.000000,1.533333,35
PYX,baseline_b,2021-11,2021-12,1,2021-12-01,warmup,1.000000,0.000000,2.000000,0.000000,2.000000,35
PYX,candidate,2021-11,2021-12,1,2021-12-01,warmup,0.385054,0.000000,1.036029,0.000000,1.662750,35
PYX,baseline_a,2021-11,2022-02,3,2021-12-01,development,0.333333,0.000000,1.000000,0.000000,1.600000,33
PYX,baseline_b,2021-11,2022-02,3,2021-12-01,development,0.000000,0.000000,1.000000,0.000000,1.000000,33
PYX,candidate,2021-11,2022-02,3,2021-12-01,development,0.772033,0.116289,1.365335,0.000000,2.100559,33
PYX,baseline_a,2021-12,2022-01,1,2022-01-01,development,0.333333,0.000000,1.000000,0.000000,1.500000,36
PYX,baseline_b,2021-12,2022-01,1,2022-01-01,development,1.000000,0.000000,2.000000,0.000000,2.000000,36
PYX,candidate,2021-12,2022-01,1,2022-01-01,development,0.728757,0.099178,1.368296,0.000000,1.992180,36
PYX,baseline_a,2021-12,2022-03,3,2022-01-01,development,0.333333,0.000000,1.000000,0.000000,1.566667,34
PYX,baseline_b,2021-12,2022-03,3,2022-01-01,development,1.000000,0.000000,2.000000,0.000000,2.000000,34
PYX,candidate,2021-12,2022-03,3,2022-01-01,development,0.711501,0.063860,1.274369,0.000000,2.006967,34
PYX,baseline_a,2022-01,2022-02,1,2022-02-01,development,0.666667,0.000000,1.333333,0.000000,1.833333,36
PYX,baseline_b,2022-01,2022-02,1,2022-02-01,development,0.000000,0.000000,1.000000,0.000000,1.000000,36
PYX,candidate,2022-01,2022-02,1,2022-02-01,development,0.739663,0.110083,1.379202,0.000000,2.003085,36
PYX,baseline_a,2022-01,2022-04,3,2022-02-01,development,0.666667,0.000000,1.333333,0.000000,1.866667,35
PYX,baseline_b,2022-01,2022-04,3,2022-02-01,development,1.000000,0.000000,2.000000,0.000000,2.000000,35
PYX,candidate,2022-01,2022-04,3,2022-02-01,development,0.307788,0.000000,0.840222,0.000000,1.570195,35
PYX,baseline_a,2022-02,2022-03,1,2022-03-01,development,0.333333,0.000000,1.000000,0.000000,1.500000,36
PYX,baseline_b,2022-02,2022-03,1,2022-03-01,development,1.000000,0.000000,2.000000,0.000000,2.000000,36
PYX,candidate,2022-02,2022-03,1,2022-03-01,development,0.973130,0.298505,1.507448,0.069219,2.236552,36
PYX,baseline_a,2022-02,2022-05,3,2022-03-01,development,0.333333,0.000000,1.000000,0.000000,1.500000,36
PYX,baseline_b,2022-02,2022-05,3,2022-03-01,development,2.000000,1.000000,3.000000,0.500000,3.000000,36
PYX,candidate,2022-02,2022-05,3,2022-03-01,development,0.577411,0.000000,1.079411,0.000000,1.806758,36
PYX,baseline_a,2022-03,2022-04,1,2022-04-01,development,0.666667,0.000000,1.333333,0.000000,1.833333,36
PYX,baseline_b,2022-03,2022-04,1,2022-04-01,development,1.000000,0.000000,1.250000,0.000000,2.000000,36
PYX,candidate,2022-03,2022-04,1,2022-04-01,development,0.491215,0.000000,1.025534,0.000000,1.754638,36
PYX,baseline_a,2022-03,2022-06,3,2022-04-01,development,0.666667,0.000000,1.333333,0.000000,1.833333,36
PYX,baseline_b,2022-03,2022-06,3,2022-04-01,development,0.000000,0.000000,0.250000,0.000000,1.000000,36
PYX,candidate,2022-03,2022-06,3,2022-04-01,development,0.300105,0.000000,0.802105,0.000000,1.529452,36
PYX,baseline_a,2022-04,2022-05,1,2022-05-01,development,0.333333,0.000000,1.000000,0.000000,1.500000,36
PYX,baseline_b,2022-04,2022-05,1,2022-05-01,development,2.000000,1.000000,2.250000,0.500000,3.000000,36
PYX,candidate,2022-04,2022-05,1,2022-05-01,development,0.567229,0.000000,1.101548,0.000000,1.830652,36
PYX,baseline_a,2022-04,2022-07,3,2022-05-01,development,0.333333,0.000000,1.000000,0.000000,1.500000,36
PYX,baseline_b,2022-04,2022-07,3,2022-05-01,development,1.000000,0.000000,1.250000,0.000000,2.000000,36
PYX,candidate,2022-04,2022-07,3,2022-05-01,development,0.611775,0.000000,1.113776,0.000000,1.841122,36
PYX,baseline_a,2022-05,2022-06,1,2022-06-01,development,0.333333,0.000000,1.000000,0.000000,1.500000,36
PYX,baseline_b,2022-05,2022-06,1,2022-06-01,development,0.000000,0.000000,0.250000,0.000000,1.000000,36
PYX,candidate,2022-05,2022-06,1,2022-06-01,development,0.032679,0.000000,0.566998,0.000000,1.296102,36
PYX,baseline_a,2022-05,2022-08,3,2022-06-01,development,0.333333,0.000000,1.000000,0.000000,1.500000,36
PYX,baseline_b,2022-05,2022-08,3,2022-06-01,development,0.000000,0.000000,0.250000,0.000000,1.000000,36
PYX,candidate,2022-05,2022-08,3,2022-06-01,development,0.000000,0.000000,0.502000,0.000000,1.229347,36
PYX,baseline_a,2022-06,2022-07,1,2022-07-01,development,0.333333,0.000000,1.000000,0.000000,1.500000,36
PYX,baseline_b,2022-06,2022-07,1,2022-07-01,development,1.000000,0.000000,1.250000,0.000000,2.000000,36
PYX,candidate,2022-06,2022-07,1,2022-07-01,development,0.611220,0.004674,1.145538,0.000000,1.874642,36
PYX,baseline_a,2022-06,2022-09,3,2022-07-01,development,0.333333,0.000000,1.000000,0.000000,1.500000,36
PYX,baseline_b,2022-06,2022-09,3,2022-07-01,development,0.000000,0.000000,0.250000,0.000000,1.000000,36
PYX,candidate,2022-06,2022-09,3,2022-07-01,development,0.509574,0.000000,1.111035,0.000000,1.738921,36
PYX,baseline_a,2022-07,2022-08,1,2022-08-01,development,0.333333,0.000000,1.000000,0.000000,1.500000,36
PYX,baseline_b,2022-07,2022-08,1,2022-08-01,development,0.000000,0.000000,0.250000,0.000000,1.000000,36
PYX,candidate,2022-07,2022-08,1,2022-08-01,development,0.036867,0.000000,0.571186,0.000000,1.300290,36
PYX,baseline_a,2022-07,2022-10,3,2022-08-01,development,0.333333,0.000000,1.000000,0.000000,1.500000,36
PYX,baseline_b,2022-07,2022-10,3,2022-08-01,development,0.000000,0.000000,0.250000,0.000000,1.000000,36
PYX,candidate,2022-07,2022-10,3,2022-08-01,development,0.219393,0.000000,0.820855,0.000000,1.448740,36
PYX,baseline_a,2022-08,2022-09,1,2022-09-01,development,0.333333,0.000000,1.000000,0.000000,1.500000,36
PYX,baseline_b,2022-08,2022-09,1,2022-09-01,development,0.000000,0.000000,0.250000,0.000000,1.000000,36
PYX,candidate,2022-08,2022-09,1,2022-09-01,development,0.228130,0.000000,0.762449,0.000000,1.491553,36
PYX,baseline_a,2022-08,2022-11,3,2022-09-01,development,0.333333,0.000000,1.000000,0.000000,1.500000,36
PYX,baseline_b,2022-08,2022-11,3,2022-09-01,development,1.000000,0.000000,1.250000,0.000000,2.000000,36
PYX,candidate,2022-08,2022-11,3,2022-09-01,development,0.623532,0.008867,1.224994,0.000000,1.852879,36
PYX,baseline_a,2022-09,2022-10,1,2022-10-01,development,0.333333,0.000000,1.000000,0.000000,1.333333,36
PYX,baseline_b,2022-09,2022-10,1,2022-10-01,development,0.000000,0.000000,0.250000,0.000000,1.000000,36
PYX,candidate,2022-09,2022-10,1,2022-10-01,development,0.255141,0.000000,0.789460,0.000000,1.334829,36
PYX,baseline_a,2022-09,2022-12,3,2022-10-01,development,0.333333,0.000000,1.000000,0.000000,1.333333,36
PYX,baseline_b,2022-09,2022-12,3,2022-10-01,development,0.000000,0.000000,0.250000,0.000000,1.000000,36
PYX,candidate,2022-09,2022-12,3,2022-10-01,development,0.177291,0.000000,0.693436,0.000000,1.132431,36
PYX,baseline_a,2022-10,2022-11,1,2022-11-01,development,1.333333,0.666667,2.000000,0.000000,2.500000,36
PYX,baseline_b,2022-10,2022-11,1,2022-11-01,development,1.000000,0.000000,1.250000,0.000000,2.000000,36
PYX,candidate,2022-10,2022-11,1,2022-11-01,development,1.019535,0.414243,1.553853,0.232407,2.099223,36
PYX,baseline_a,2022-10,2023-01,3,2022-11-01,development,1.333333,0.666667,2.000000,0.166667,2.333333,36
PYX,baseline_b,2022-10,2023-01,3,2022-11-01,development,1.000000,0.000000,1.250000,0.000000,2.000000,36
PYX,candidate,2022-10,2023-01,3,2022-11-01,development,0.963792,0.349127,1.479937,0.208816,1.918932,36
PYX,baseline_a,2022-11,2022-12,1,2022-12-01,development,1.333333,0.666667,2.000000,0.000000,2.500000,36
PYX,baseline_b,2022-11,2022-12,1,2022-12-01,development,0.000000,0.000000,0.250000,0.000000,1.000000,36
PYX,candidate,2022-11,2022-12,1,2022-12-01,development,0.378270,0.000000,0.912589,0.000000,1.457958,36
PYX,baseline_a,2022-11,2023-02,3,2022-12-01,development,1.333333,0.666667,2.000000,0.166667,2.333333,36
PYX,baseline_b,2022-11,2023-02,3,2022-12-01,development,0.000000,0.000000,0.250000,0.000000,1.000000,36
PYX,candidate,2022-11,2023-02,3,2022-12-01,development,0.772847,0.158182,1.288992,0.073514,1.727986,36
PYX,baseline_a,2022-12,2023-01,1,2023-01-01,development,1.666667,1.250000,2.333333,0.333333,2.833333,36
PYX,baseline_b,2022-12,2023-01,1,2023-01-01,development,1.000000,0.000000,2.000000,0.000000,2.500000,36
PYX,candidate,2022-12,2023-01,1,2023-01-01,development,0.882545,0.277254,1.546590,0.095418,2.289438,36
PYX,baseline_a,2022-12,2023-03,3,2023-01-01,development,1.666667,1.000000,2.333333,0.500000,2.833333,36
PYX,baseline_b,2022-12,2023-03,3,2023-01-01,development,1.000000,0.000000,2.000000,0.000000,2.500000,36
PYX,candidate,2022-12,2023-03,3,2023-01-01,development,0.985205,0.399203,1.586667,0.285873,2.428584,36
PYX,baseline_a,2023-01,2023-02,1,2023-02-01,development,0.666667,0.000000,1.333333,0.000000,1.833333,36
PYX,baseline_b,2023-01,2023-02,1,2023-02-01,development,0.000000,0.000000,1.000000,0.000000,1.500000,36
PYX,candidate,2023-01,2023-02,1,2023-02-01,development,0.658533,0.046059,1.322577,0.000000,2.065426,36
PYX,baseline_a,2023-01,2023-04,3,2023-02-01,development,0.666667,0.000000,1.333333,0.000000,1.833333,36
PYX,baseline_b,2023-01,2023-04,3,2023-02-01,development,0.000000,0.000000,1.000000,0.000000,1.500000,36
PYX,candidate,2023-01,2023-04,3,2023-02-01,development,0.342230,0.000000,0.943692,0.000000,1.785609,36
PYX,baseline_a,2023-02,2023-03,1,2023-03-01,development,1.000000,0.333333,1.666667,0.000000,2.000000,36
PYX,baseline_b,2023-02,2023-03,1,2023-03-01,development,1.000000,0.000000,2.000000,0.000000,2.500000,36
PYX,candidate,2023-02,2023-03,1,2023-03-01,development,0.885542,0.273068,1.419861,0.026973,2.180068,36
PYX,baseline_a,2023-02,2023-05,3,2023-03-01,development,1.000000,0.333333,1.666667,0.000000,2.166667,36
PYX,baseline_b,2023-02,2023-05,3,2023-03-01,development,0.000000,0.000000,1.000000,0.000000,1.500000,36
PYX,candidate,2023-02,2023-05,3,2023-03-01,development,0.449430,0.000000,0.965575,0.000000,1.783900,36
PYX,baseline_a,2023-03,2023-04,1,2023-04-01,development,1.333333,0.666667,2.000000,0.000000,2.333333,36
PYX,baseline_b,2023-03,2023-04,1,2023-04-01,development,0.000000,0.000000,1.000000,0.000000,1.500000,36
PYX,candidate,2023-03,2023-04,1,2023-04-01,development,0.440788,0.000000,0.975107,0.000000,1.735314,36
PYX,baseline_a,2023-03,2023-06,3,2023-04-01,development,1.333333,0.666667,2.000000,0.000000,2.500000,36
PYX,baseline_b,2023-03,2023-06,3,2023-04-01,development,1.000000,0.000000,2.000000,0.000000,2.500000,36
PYX,candidate,2023-03,2023-06,3,2023-04-01,development,0.496621,0.000000,1.012766,0.000000,1.831091,36
PYX,baseline_a,2023-04,2023-05,1,2023-05-01,development,1.666667,1.250000,2.333333,0.333333,2.666667,36
PYX,baseline_b,2023-04,2023-05,1,2023-05-01,development,0.000000,0.000000,1.000000,0.000000,1.500000,36
PYX,candidate,2023-04,2023-05,1,2023-05-01,development,0.611540,0.006249,1.187974,0.000000,1.906065,36
PYX,baseline_a,2023-04,2023-07,3,2023-05-01,development,1.666667,1.000000,2.333333,0.333333,2.833333,36
PYX,baseline_b,2023-04,2023-07,3,2023-05-01,development,0.000000,0.000000,1.000000,0.000000,1.500000,36
PYX,candidate,2023-04,2023-07,3,2023-05-01,development,0.753233,0.138568,1.354694,0.000000,2.087703,36
PYX,baseline_a,2023-05,2023-06,1,2023-06-01,development,3.333333,3.000000,4.000000,2.166667,4.500000,36
PYX,baseline_b,2023-05,2023-06,1,2023-06-01,development,1.000000,0.000000,2.000000,0.000000,3.000000,36
PYX,candidate,2023-05,2023-06,1,2023-06-01,development,0.942277,0.366027,1.606322,0.202926,2.661311,36
PYX,baseline_a,2023-05,2023-08,3,2023-06-01,development,3.333333,2.666667,4.000000,2.000000,4.666667,36
PYX,baseline_b,2023-05,2023-08,3,2023-06-01,development,0.000000,0.000000,1.000000,0.000000,2.000000,36
PYX,candidate,2023-05,2023-08,3,2023-06-01,development,1.000947,0.386282,1.634845,0.245971,2.873016,36
PYX,baseline_a,2023-06,2023-07,1,2023-07-01,development,3.000000,2.666667,3.666667,1.833333,4.166667,36
PYX,baseline_b,2023-06,2023-07,1,2023-07-01,development,0.000000,0.000000,1.000000,0.000000,2.000000,36
PYX,candidate,2023-06,2023-07,1,2023-07-01,development,1.532083,0.955832,2.329609,0.792732,3.251116,36
PYX,baseline_a,2023-06,2023-09,3,2023-07-01,development,3.000000,2.583333,3.666667,1.833333,4.333333,36
PYX,baseline_b,2023-06,2023-09,3,2023-07-01,development,1.000000,0.000000,2.000000,0.000000,3.000000,36
PYX,candidate,2023-06,2023-09,3,2023-07-01,development,2.066763,1.480761,2.735064,1.367431,3.938831,36
PYX,baseline_a,2023-07,2023-08,1,2023-08-01,development,3.666667,3.333333,4.333333,2.500000,4.833333,36
PYX,baseline_b,2023-07,2023-08,1,2023-08-01,development,0.000000,0.000000,1.000000,0.000000,2.000000,36
PYX,candidate,2023-07,2023-08,1,2023-08-01,development,1.482468,0.972249,2.363432,0.777834,3.201501,36
PYX,baseline_a,2023-07,2023-10,3,2023-08-01,development,3.666667,3.333333,4.416667,2.666667,5.000000,36
PYX,baseline_b,2023-07,2023-10,3,2023-08-01,development,3.000000,2.000000,4.000000,1.500000,5.000000,36
PYX,candidate,2023-07,2023-10,3,2023-08-01,development,3.086747,2.571774,3.806670,2.428089,5.054858,36
PYX,baseline_a,2023-08,2023-09,1,2023-09-01,development,5.000000,4.666667,5.666667,3.833333,6.666667,36
PYX,baseline_b,2023-08,2023-09,1,2023-09-01,development,1.000000,0.000000,2.000000,0.000000,3.500000,36
PYX,candidate,2023-08,2023-09,1,2023-09-01,development,5.127672,4.617453,6.044779,4.423039,7.093070,36
PYX,baseline_a,2023-08,2023-11,3,2023-09-01,development,5.000000,4.666667,6.000000,4.166667,6.500000,36
PYX,baseline_b,2023-08,2023-11,3,2023-09-01,development,0.000000,0.000000,1.000000,0.000000,2.500000,36
PYX,candidate,2023-08,2023-11,3,2023-09-01,development,10.336589,9.860545,11.133154,9.677931,12.467370,36
PYX,baseline_a,2023-09,2023-10,1,2023-10-01,development,8.333333,8.000000,9.000000,7.166667,10.666667,36
PYX,baseline_b,2023-09,2023-10,1,2023-10-01,development,3.000000,2.000000,4.000000,1.500000,6.000000,36
PYX,candidate,2023-09,2023-10,1,2023-10-01,development,8.529468,8.019250,9.519390,7.824835,10.959127,36
PYX,baseline_a,2023-09,2023-12,3,2023-10-01,development,8.333333,8.000000,9.333333,7.500000,10.500000,36
PYX,baseline_b,2023-09,2023-12,3,2023-10-01,development,2.000000,1.000000,3.000000,0.500000,5.000000,36
PYX,candidate,2023-09,2023-12,3,2023-10-01,development,13.693432,13.217388,14.703950,13.034775,16.207119,36
PYX,baseline_a,2023-10,2023-11,1,2023-11-01,development,13.000000,12.666667,13.666667,11.833333,16.500000,36
PYX,baseline_b,2023-10,2023-11,1,2023-11-01,development,0.000000,0.000000,1.250000,0.000000,4.500000,36
PYX,candidate,2023-10,2023-11,1,2023-11-01,development,13.406069,12.994474,14.566340,12.701435,17.472728,36
PYX,baseline_a,2023-10,2024-01,3,2023-11-01,unscored,13.000000,12.666667,14.083333,12.166667,16.833333,36
PYX,baseline_b,2023-10,2024-01,3,2023-11-01,unscored,0.000000,0.000000,1.250000,0.000000,4.500000,36
PYX,candidate,2023-10,2024-01,3,2023-11-01,unscored,24.334222,23.951051,25.917433,23.675564,28.499810,36
PYX,baseline_a,2023-11,2023-12,1,2023-12-01,development,15.000000,14.666667,15.750000,13.833333,18.666667,36
PYX,baseline_b,2023-11,2023-12,1,2023-12-01,development,2.000000,1.750000,4.000000,1.000000,10.000000,36
PYX,candidate,2023-11,2023-12,1,2023-12-01,development,16.189605,15.778011,17.695975,15.484971,20.256265,36
PYX,baseline_a,2023-11,2024-02,3,2023-12-01,unscored,15.000000,14.666667,16.333333,14.166667,20.833333,36
PYX,baseline_b,2023-11,2024-02,3,2023-12-01,unscored,1.000000,0.750000,3.000000,0.000000,9.000000,36
PYX,candidate,2023-11,2024-02,3,2023-12-01,unscored,34.420757,34.037586,36.268145,33.762100,40.027748,36
PYX,baseline_a,2023-12,2024-01,1,2024-01-01,locked,17.333333,17.000000,18.416667,16.166667,21.500000,36
PYX,baseline_b,2023-12,2024-01,1,2024-01-01,locked,0.000000,0.000000,2.000000,0.000000,10.500000,36
PYX,candidate,2023-12,2024-01,1,2024-01-01,locked,25.564830,25.153236,27.235212,24.860196,29.664257,36
PYX,baseline_a,2023-12,2024-03,3,2024-01-01,locked,17.333333,17.000000,18.666667,16.500000,25.166667,36
PYX,baseline_b,2023-12,2024-03,3,2024-01-01,locked,3.000000,2.750000,5.000000,2.000000,13.500000,36
PYX,candidate,2023-12,2024-03,3,2024-01-01,locked,58.063864,57.680692,60.008633,57.405206,63.670854,36
PYX,baseline_a,2024-01,2024-02,1,2024-02-01,locked,23.000000,22.666667,24.500000,21.833333,28.333333,36
PYX,baseline_b,2024-01,2024-02,1,2024-02-01,locked,1.000000,0.750000,3.250000,0.000000,13.500000,36
PYX,candidate,2024-01,2024-02,1,2024-02-01,locked,36.977717,36.566123,38.868584,36.273083,43.108111,36
PYX,baseline_a,2024-01,2024-04,3,2024-02-01,locked,23.000000,22.666667,24.416667,22.166667,32.833333,36
PYX,baseline_b,2024-01,2024-04,3,2024-02-01,locked,1.000000,0.750000,3.250000,0.000000,13.500000,36
PYX,candidate,2024-01,2024-04,3,2024-02-01,locked,57.047061,56.663889,59.119849,56.388403,64.378293,36
PYX,baseline_a,2024-02,2024-03,1,2024-03-01,locked,29.000000,28.666667,31.166667,27.833333,35.666667,36
PYX,baseline_b,2024-02,2024-03,1,2024-03-01,locked,3.000000,3.000000,6.000000,2.000000,18.000000,36
PYX,candidate,2024-02,2024-03,1,2024-03-01,locked,60.788717,60.377123,62.679585,60.084083,66.919111,36
PYX,baseline_a,2024-02,2024-05,3,2024-03-01,locked,29.000000,28.666667,30.916667,28.166667,39.833333,36
PYX,baseline_b,2024-02,2024-05,3,2024-03-01,locked,6.000000,6.000000,9.000000,5.000000,21.000000,36
PYX,candidate,2024-02,2024-05,3,2024-03-01,locked,92.476211,92.098414,94.548999,91.834072,99.807443,36
PYX,baseline_a,2024-03,2024-04,1,2024-04-01,locked,34.000000,33.666667,36.750000,32.833333,40.666667,36
PYX,baseline_b,2024-03,2024-04,1,2024-04-01,locked,1.000000,1.000000,4.750000,0.000000,17.500000,36
PYX,candidate,2024-03,2024-04,1,2024-04-01,locked,52.026991,51.516773,53.917858,51.215887,58.157385,36
PYX,baseline_a,2024-03,2024-06,3,2024-04-01,locked,34.000000,33.666667,37.250000,33.166667,46.166667,36
PYX,baseline_b,2024-03,2024-06,3,2024-04-01,locked,2.000000,2.000000,5.750000,1.000000,18.500000,36
PYX,candidate,2024-03,2024-06,3,2024-04-01,locked,90.071831,89.645699,92.144619,89.372499,97.403063,36
PYX,baseline_a,2024-04,2024-05,1,2024-05-01,locked,37.333333,37.000000,40.583333,36.166667,45.166667,36
PYX,baseline_b,2024-04,2024-05,1,2024-05-01,locked,6.000000,6.000000,13.000000,5.000000,30.000000,36
PYX,candidate,2024-04,2024-05,1,2024-05-01,locked,73.169435,72.593185,75.060303,72.218395,79.299829,36
PYX,baseline_a,2024-04,2024-07,3,2024-05-01,locked,37.333333,37.000000,42.750000,36.500000,52.333333,36
PYX,baseline_b,2024-04,2024-07,3,2024-05-01,locked,3.000000,3.000000,10.000000,2.000000,27.000000,36
PYX,candidate,2024-04,2024-07,3,2024-05-01,locked,109.139119,108.663075,111.211907,108.384143,116.470351,36
PYX,baseline_a,2024-05,2024-06,1,2024-06-01,locked,49.333333,49.000000,53.416667,48.166667,58.666667,36
PYX,baseline_b,2024-05,2024-06,1,2024-06-01,locked,2.000000,2.000000,12.250000,1.000000,34.000000,36
PYX,candidate,2024-05,2024-06,1,2024-06-01,locked,76.480037,75.874745,78.224949,74.481411,82.610431,36
PYX,baseline_a,2024-05,2024-08,3,2024-06-01,locked,49.333333,49.000000,56.583333,48.500000,67.166667,36
PYX,baseline_b,2024-05,2024-08,3,2024-06-01,locked,10.000000,10.000000,20.250000,9.000000,42.000000,36
PYX,candidate,2024-05,2024-08,3,2024-06-01,locked,124.534256,123.948254,126.607044,123.666344,131.865488,36
PYX,baseline_a,2024-06,2024-07,1,2024-07-01,locked,48.333333,48.000000,52.416667,47.166667,57.666667,36
PYX,baseline_b,2024-06,2024-07,1,2024-07-01,locked,3.000000,3.000000,14.750000,2.000000,35.000000,36
PYX,candidate,2024-06,2024-07,1,2024-07-01,locked,74.534626,73.908810,76.279538,71.461050,80.665020,36
PYX,baseline_a,2024-06,2024-09,3,2024-07-01,locked,48.333333,48.000000,55.583333,47.333333,66.166667,36
PYX,baseline_b,2024-06,2024-09,3,2024-07-01,locked,12.000000,12.000000,23.750000,11.000000,44.000000,36
PYX,candidate,2024-06,2024-09,3,2024-07-01,locked,115.919057,115.304342,117.991845,108.913630,123.250289,36
PYX,baseline_a,2024-07,2024-08,1,2024-08-01,locked,44.666667,44.333333,48.750000,43.333333,54.000000,36
PYX,baseline_b,2024-07,2024-08,1,2024-08-01,locked,10.000000,10.000000,24.500000,9.000000,42.000000,36
PYX,candidate,2024-07,2024-08,1,2024-08-01,locked,46.399028,45.711908,48.143940,40.800815,52.529422,36
PYX,baseline_a,2024-07,2024-10,3,2024-08-01,locked,44.666667,44.333333,51.916667,43.500000,62.500000,36
PYX,baseline_b,2024-07,2024-10,3,2024-08-01,locked,17.000000,17.000000,31.500000,16.000000,49.000000,36
PYX,candidate,2024-07,2024-10,3,2024-08-01,locked,63.868626,63.235791,65.941414,46.106990,71.199858,36
PYX,baseline_a,2024-08,2024-09,1,2024-09-01,locked,37.333333,37.000000,41.416667,36.000000,46.666667,36
PYX,baseline_b,2024-08,2024-09,1,2024-09-01,locked,12.000000,12.000000,28.250000,11.000000,45.500000,36
PYX,candidate,2024-08,2024-09,1,2024-09-01,locked,58.430087,57.742968,60.174999,52.831874,64.560481,36
PYX,baseline_a,2024-08,2024-11,3,2024-09-01,locked,37.333333,37.000000,44.583333,36.166667,55.166667,36
PYX,baseline_b,2024-08,2024-11,3,2024-09-01,locked,16.000000,16.000000,32.250000,15.000000,49.500000,36
PYX,candidate,2024-08,2024-11,3,2024-09-01,locked,65.637740,64.957701,67.710528,42.367702,72.968972,36
PYX,baseline_a,2024-09,2024-10,1,2024-10-01,locked,162.000000,161.666667,166.500000,160.666667,172.500000,36
PYX,baseline_b,2024-09,2024-10,1,2024-10-01,locked,17.000000,17.000000,37.000000,16.000000,53.000000,36
PYX,candidate,2024-09,2024-10,1,2024-10-01,locked,159.315706,158.672375,161.550032,153.717493,166.969455,36
PYX,baseline_a,2024-09,2024-12,3,2024-10-01,locked,162.000000,161.666667,171.416667,160.833333,182.000000,36
PYX,baseline_b,2024-09,2024-12,3,2024-10-01,locked,19.000000,19.000000,39.000000,18.000000,55.000000,36
PYX,candidate,2024-09,2024-12,3,2024-10-01,locked,196.721218,196.069089,199.101445,173.451180,206.053633,36
PYX,baseline_a,2024-10,2024-11,1,2024-11-01,locked,210.000000,209.666667,215.333333,208.666667,223.000000,36
PYX,baseline_b,2024-10,2024-11,1,2024-11-01,locked,16.000000,16.000000,45.250000,15.000000,56.500000,36
PYX,candidate,2024-10,2024-11,1,2024-11-01,locked,199.969346,199.326015,202.601009,194.371133,208.422197,36
PYX,baseline_a,2024-10,2025-01,3,2024-11-01,locked,210.000000,209.666667,220.750000,209.000000,231.000000,36
PYX,baseline_b,2024-10,2025-01,3,2024-11-01,locked,34.000000,34.000000,63.250000,33.000000,74.500000,36
PYX,candidate,2024-10,2025-01,3,2024-11-01,locked,283.174611,282.559897,286.586709,259.904574,292.974119,36
PYX,baseline_a,2024-11,2024-12,1,2024-12-01,locked,217.333333,217.000000,222.666667,215.833333,230.333333,36
PYX,baseline_b,2024-11,2024-12,1,2024-12-01,locked,19.000000,19.000000,49.250000,18.000000,67.500000,36
PYX,candidate,2024-11,2024-12,1,2024-12-01,locked,146.174816,145.399433,148.806479,128.766962,154.627667,36
PYX,baseline_a,2024-11,2025-02,3,2024-12-01,locked,217.333333,217.000000,228.916667,216.333333,244.166667,36
PYX,baseline_b,2024-11,2025-02,3,2024-12-01,locked,34.000000,34.000000,64.250000,33.000000,82.500000,36
PYX,candidate,2024-11,2025-02,3,2024-12-01,locked,197.381652,196.766938,201.979990,174.111615,207.181160,36
PYX,baseline_a,2024-12,2025-01,1,2025-01-01,locked,99.333333,98.916667,104.666667,90.833333,112.333333,36
PYX,baseline_b,2024-12,2025-01,1,2025-01-01,locked,34.000000,34.750000,65.250000,33.000000,82.500000,36
PYX,candidate,2024-12,2025-01,1,2025-01-01,locked,142.867205,141.950413,145.498868,108.705534,151.320056,36
PYX,baseline_a,2024-12,2025-03,3,2025-01-01,locked,99.333333,99.000000,110.916667,98.000000,126.166667,36
PYX,baseline_b,2024-12,2025-03,3,2025-01-01,locked,34.000000,34.750000,65.250000,33.000000,82.500000,36
PYX,candidate,2024-12,2025-03,3,2025-01-01,locked,165.105845,164.445187,169.704182,123.537998,174.905352,36
PYX,baseline_a,2025-01,2025-02,1,2025-02-01,locked,52.000000,51.333333,57.333333,35.166667,65.000000,36
PYX,baseline_b,2025-01,2025-02,1,2025-02-01,locked,34.000000,35.000000,65.250000,33.000000,82.500000,36
PYX,candidate,2025-01,2025-02,1,2025-02-01,locked,101.626882,100.117801,104.258545,58.119551,110.079733,36
PYX,baseline_a,2025-01,2025-04,3,2025-02-01,locked,52.000000,51.666667,63.583333,49.833333,78.833333,36
PYX,baseline_b,2025-01,2025-04,3,2025-02-01,locked,44.000000,45.000000,75.250000,43.000000,92.500000,36
PYX,candidate,2025-01,2025-04,3,2025-02-01,locked,70.850540,70.030568,75.448878,3.245066,80.650048,36
PYX,baseline_a,2025-02,2025-03,1,2025-03-01,locked,37.333333,36.500000,42.666667,15.166667,50.333333,36
PYX,baseline_b,2025-02,2025-03,1,2025-03-01,locked,34.000000,35.000000,65.250000,33.000000,82.500000,36
PYX,candidate,2025-02,2025-03,1,2025-03-01,locked,64.611013,61.585367,67.242676,4.057554,73.063864,36
PYX,baseline_a,2025-02,2025-05,3,2025-03-01,locked,37.333333,37.000000,48.916667,33.666667,64.166667,36
PYX,baseline_b,2025-02,2025-05,3,2025-03-01,locked,70.000000,71.000000,101.250000,69.000000,118.500000,36
PYX,candidate,2025-02,2025-05,3,2025-03-01,locked,43.570794,39.586184,48.169131,0.000000,53.370301,36
PYX,baseline_a,2025-03,2025-04,1,2025-04-01,locked,29.666667,28.333333,35.000000,7.500000,42.666667,36
PYX,baseline_b,2025-03,2025-04,1,2025-04-01,locked,44.000000,45.000000,75.250000,43.000000,92.500000,36
PYX,candidate,2025-03,2025-04,1,2025-04-01,locked,26.911203,22.527378,29.542866,0.000000,35.364054,36
PYX,baseline_a,2025-03,2025-06,3,2025-04-01,locked,29.666667,29.250000,41.250000,0.000000,56.500000,36
PYX,baseline_b,2025-03,2025-06,3,2025-04-01,locked,31.000000,32.000000,62.250000,30.000000,79.500000,36
PYX,candidate,2025-03,2025-06,3,2025-04-01,locked,19.425274,4.020925,24.023611,0.000000,29.224781,36
PYX,baseline_a,2025-04,2025-05,1,2025-05-01,locked,28.333333,27.000000,33.666667,6.166667,41.333333,36
PYX,baseline_b,2025-04,2025-05,1,2025-05-01,locked,70.000000,71.000000,101.250000,68.500000,118.500000,36
PYX,candidate,2025-04,2025-05,1,2025-05-01,locked,30.626399,26.242575,33.387642,0.000000,39.079250,36
PYX,baseline_a,2025-04,2025-07,3,2025-05-01,locked,28.333333,27.750000,39.916667,0.000000,55.166667,36
PYX,baseline_b,2025-04,2025-07,3,2025-05-01,locked,33.000000,34.000000,64.250000,31.500000,81.500000,36
PYX,candidate,2025-04,2025-07,3,2025-05-01,locked,20.527035,0.000000,25.125372,0.000000,30.326542,36
PYX,baseline_a,2025-05,2025-06,1,2025-06-01,locked,31.000000,29.666667,36.833333,8.833333,44.000000,36
PYX,baseline_b,2025-05,2025-06,1,2025-06-01,locked,31.000000,32.000000,62.250000,27.500000,79.500000,36
PYX,candidate,2025-05,2025-06,1,2025-06-01,locked,21.777084,17.393259,24.728280,0.000000,30.229935,36
PYX,baseline_a,2025-05,2025-08,3,2025-06-01,locked,31.000000,29.666667,42.583333,0.000000,57.833333,36
PYX,baseline_b,2025-05,2025-08,3,2025-06-01,locked,48.000000,49.000000,79.250000,44.500000,96.500000,36
PYX,candidate,2025-05,2025-08,3,2025-06-01,locked,19.285125,0.000000,23.883463,0.000000,29.084633,36
PYX,baseline_a,2025-06,2025-07,1,2025-07-01,locked,41.000000,39.666667,47.500000,18.833333,56.833333,36
PYX,baseline_b,2025-06,2025-07,1,2025-07-01,locked,33.000000,34.000000,64.250000,29.500000,81.500000,36
PYX,candidate,2025-06,2025-07,1,2025-07-01,locked,33.894244,29.510420,37.446644,0.000000,42.388276,36
PYX,baseline_a,2025-06,2025-09,3,2025-07-01,locked,41.000000,39.666667,55.166667,0.000000,71.500000,36
PYX,baseline_b,2025-06,2025-09,3,2025-07-01,locked,405.000000,406.000000,436.250000,401.500000,453.500000,36
PYX,candidate,2025-06,2025-09,3,2025-07-01,locked,48.665876,25.792752,54.033444,0.000000,60.589121,36
PYX,baseline_a,2025-07,2025-08,1,2025-08-01,locked,44.000000,42.666667,50.500000,21.833333,59.833333,36
PYX,baseline_b,2025-07,2025-08,1,2025-08-01,locked,48.000000,49.000000,79.250000,44.500000,96.500000,36
PYX,candidate,2025-07,2025-08,1,2025-08-01,locked,34.826218,30.442393,39.239931,0.000000,43.320250,36
PYX,baseline_a,2025-07,2025-10,3,2025-08-01,locked,44.000000,42.666667,58.166667,0.000000,74.500000,36
PYX,baseline_b,2025-07,2025-10,3,2025-08-01,locked,177.000000,178.000000,208.250000,173.500000,225.500000,36
PYX,candidate,2025-07,2025-10,3,2025-08-01,locked,52.080619,29.207495,57.659399,0.000000,68.773728,36
PYX,baseline_a,2025-08,2025-09,1,2025-09-01,locked,42.000000,40.583333,48.500000,19.833333,57.833333,36
PYX,baseline_b,2025-08,2025-09,1,2025-09-01,locked,405.000000,406.000000,436.250000,398.000000,453.500000,36
PYX,candidate,2025-08,2025-09,1,2025-09-01,locked,48.396233,41.269822,52.809946,0.000000,56.890265,36
PYX,baseline_a,2025-08,2025-11,3,2025-09-01,locked,42.000000,40.250000,56.166667,0.000000,72.500000,36
PYX,baseline_b,2025-08,2025-11,3,2025-09-01,locked,70.000000,71.000000,101.250000,63.000000,118.500000,36
PYX,candidate,2025-08,2025-11,3,2025-09-01,locked,42.035418,19.162294,48.461695,0.000000,58.728527,36
PYX,baseline_a,2025-09,2025-10,1,2025-10-01,locked,66.000000,64.583333,73.416667,43.833333,87.833333,36
PYX,baseline_b,2025-09,2025-10,1,2025-10-01,locked,177.000000,178.000000,208.250000,166.500000,225.500000,36
PYX,candidate,2025-09,2025-10,1,2025-10-01,locked,70.527319,63.400908,76.095103,9.973859,83.628232,36
PYX,baseline_a,2025-09,2025-12,3,2025-10-01,locked,66.000000,64.250000,83.250000,19.833333,102.833333,36
PYX,baseline_b,2025-09,2025-12,3,2025-10-01,locked,51.000000,52.000000,82.250000,40.500000,99.500000,36
PYX,candidate,2025-09,2025-12,3,2025-10-01,locked,55.729561,32.856437,64.515480,0.000000,84.753407,36
PYX,baseline_a,2025-10,2025-11,1,2025-11-01,locked,76.000000,74.583333,83.416667,53.833333,97.833333,36
PYX,baseline_b,2025-10,2025-11,1,2025-11-01,locked,70.000000,70.500000,101.250000,53.500000,118.500000,36
PYX,candidate,2025-10,2025-11,1,2025-11-01,locked,65.021302,57.894891,70.589086,4.467843,78.122215,36
PYX,baseline_a,2025-10,2026-01,3,2025-11-01,unscored,76.000000,74.250000,95.500000,29.833333,112.833333,36
PYX,baseline_b,2025-10,2026-01,3,2025-11-01,unscored,35.000000,35.500000,66.250000,18.500000,83.500000,36
PYX,candidate,2025-10,2026-01,3,2025-11-01,unscored,61.971555,39.098431,71.137289,0.000000,90.995401,36
PYX,baseline_a,2025-11,2025-12,1,2025-12-01,locked,77.000000,73.416667,84.416667,41.500000,98.833333,36
PYX,baseline_b,2025-11,2025-12,1,2025-12-01,locked,51.000000,51.500000,82.250000,23.000000,99.500000,36
PYX,candidate,2025-11,2025-12,1,2025-12-01,locked,41.841305,29.123883,47.409089,0.000000,54.942219,36
PYX,baseline_a,2025-11,2026-02,3,2025-12-01,unscored,77.000000,74.000000,96.500000,30.833333,113.833333,36
PYX,baseline_b,2025-11,2026-02,3,2025-12-01,unscored,26.000000,26.500000,57.250000,0.000000,74.500000,36
PYX,candidate,2025-11,2026-02,3,2025-12-01,unscored,43.060385,20.187261,52.226120,0.000000,72.084231,36
PYX,baseline_a,2025-12,2026-01,1,2026-01-01,recent,46.666667,35.833333,54.083333,5.166667,68.500000,36
PYX,baseline_b,2025-12,2026-01,1,2026-01-01,recent,35.000000,32.750000,66.250000,7.000000,83.500000,36
PYX,candidate,2025-12,2026-01,1,2026-01-01,recent,44.399928,31.682506,49.967712,0.000000,57.500841,36
PYX,baseline_a,2025-12,2026-03,3,2026-01-01,recent,46.666667,43.583333,66.166667,0.000000,83.500000,36
PYX,baseline_b,2025-12,2026-03,3,2026-01-01,recent,28.000000,25.750000,59.250000,0.000000,76.500000,36
PYX,candidate,2025-12,2026-03,3,2026-01-01,recent,47.121444,24.248320,56.287178,0.000000,76.145289,36
PYX,baseline_a,2026-01,2026-02,1,2026-02-01,recent,56.333333,45.500000,65.333333,14.833333,86.166667,36
PYX,baseline_b,2026-01,2026-02,1,2026-02-01,recent,26.000000,25.250000,58.250000,0.000000,85.000000,36
PYX,candidate,2026-01,2026-02,1,2026-02-01,recent,56.537147,43.819724,62.834546,0.000000,83.490752,36
PYX,baseline_a,2026-01,2026-04,3,2026-02-01,recent,56.333333,53.250000,77.333333,7.166667,93.166667,36
PYX,baseline_b,2026-01,2026-04,3,2026-02-01,recent,31.000000,30.250000,63.250000,3.000000,90.000000,36
PYX,candidate,2026-01,2026-04,3,2026-02-01,recent,49.364044,26.490920,59.096687,0.000000,87.165630,36
PYX,baseline_a,2026-02,2026-03,1,2026-03-01,recent,76.333333,65.500000,86.583333,34.833333,110.000000,36
PYX,baseline_b,2026-02,2026-03,1,2026-03-01,recent,28.000000,27.250000,61.250000,0.000000,92.000000,36
PYX,candidate,2026-02,2026-03,1,2026-03-01,recent,78.585987,65.868564,85.849026,18.032528,113.928872,36
PYX,baseline_a,2026-02,2026-05,3,2026-03-01,recent,76.333333,73.250000,97.333333,27.166667,113.166667,36
PYX,baseline_b,2026-02,2026-05,3,2026-03-01,recent,34.000000,33.250000,67.250000,6.000000,98.000000,36
PYX,candidate,2026-02,2026-05,3,2026-03-01,recent,75.184423,52.311299,86.112664,0.000000,118.441593,36
PYX,baseline_a,2026-03,2026-04,1,2026-04-01,recent,95.666667,84.833333,107.666667,54.166667,129.333333,36
PYX,baseline_b,2026-03,2026-04,1,2026-04-01,recent,31.000000,30.250000,66.000000,3.000000,95.500000,36
PYX,candidate,2026-03,2026-04,1,2026-04-01,recent,65.398430,52.681008,73.842441,4.844971,100.741315,36
PYX,baseline_a,2026-03,2026-06,3,2026-04-01,recent,95.666667,92.583333,117.166667,46.500000,141.333333,36
PYX,baseline_b,2026-03,2026-06,3,2026-04-01,recent,58.000000,57.250000,93.000000,30.000000,122.500000,36
PYX,candidate,2026-03,2026-06,3,2026-04-01,recent,70.429553,47.556429,85.344338,0.000000,119.338638,36
PYX,baseline_a,2026-04,2026-05,1,2026-05-01,recent,79.333333,63.833333,91.333333,34.000000,113.000000,36
PYX,baseline_b,2026-04,2026-05,1,2026-05-01,recent,34.000000,33.250000,69.000000,6.000000,98.500000,36
PYX,candidate,2026-04,2026-05,1,2026-05-01,recent,74.142418,55.896416,82.586429,13.588959,109.485303,36
PYX,baseline_a,2026-04,2026-07,3,2026-05-01,recent,79.333333,75.750000,100.833333,30.166667,125.000000,36
PYX,baseline_b,2026-04,2026-07,3,2026-05-01,recent,40.000000,39.250000,75.000000,12.000000,104.500000,36
PYX,candidate,2026-04,2026-07,3,2026-05-01,recent,66.529334,43.656210,81.444119,0.000000,115.438419,36
PYX,baseline_a,2026-05,2026-06,1,2026-06-01,recent,60.666667,44.083333,72.666667,15.333333,94.333333,36
PYX,baseline_b,2026-05,2026-06,1,2026-06-01,recent,58.000000,57.250000,93.000000,30.000000,122.500000,36
PYX,candidate,2026-05,2026-06,1,2026-06-01,recent,46.922470,18.325607,55.366481,0.000000,82.265355,36
PYX,baseline_a,2026-05,2026-08,3,2026-06-01,recent,60.666667,55.833333,82.166667,4.333333,106.333333,36
PYX,baseline_b,2026-05,2026-08,3,2026-06-01,recent,28.000000,27.250000,63.000000,0.000000,92.500000,36
PYX,candidate,2026-05,2026-08,3,2026-06-01,recent,44.919277,16.908744,59.834062,0.000000,93.828362,36
PYX,baseline_a,2026-06,2026-07,1,2026-07-01,recent,40.666667,21.000000,52.666667,0.000000,74.333333,36
PYX,baseline_b,2026-06,2026-07,1,2026-07-01,recent,40.000000,33.500000,75.000000,11.500000,104.500000,36
PYX,candidate,2026-06,2026-07,1,2026-07-01,recent,43.946984,15.350121,52.390995,0.000000,79.289869,36
PYX,baseline_a,2026-06,2026-09,3,2026-10-06,outlook,40.666667,33.166667,62.166667,0.000000,86.333333,36
PYX,baseline_b,2026-06,2026-09,3,2026-10-06,outlook,130.000000,123.500000,165.000000,101.500000,194.500000,36
PYX,candidate,2026-06,2026-09,3,2026-10-06,outlook,68.531047,33.496247,83.445832,0.000000,117.440132,36
PYX,baseline_a,2026-07,2026-08,1,2026-08-01,recent,32.333333,12.666667,44.333333,0.000000,66.000000,36
PYX,baseline_b,2026-07,2026-08,1,2026-08-01,recent,28.000000,19.000000,63.000000,0.000000,92.500000,36
PYX,candidate,2026-07,2026-08,1,2026-08-01,recent,32.210521,3.613657,40.654531,0.000000,67.553405,36
PYX,baseline_a,2026-07,2026-10,3,2026-10-06,outlook,32.333333,18.833333,53.833333,0.000000,78.000000,36
PYX,baseline_b,2026-07,2026-10,3,2026-10-06,outlook,70.000000,61.000000,105.000000,41.500000,134.500000,36
PYX,candidate,2026-07,2026-10,3,2026-10-06,outlook,48.824754,8.890743,63.739539,0.000000,97.733839,36
PYX,baseline_a,2026-08,2026-09,1,2026-10-06,outlook,33.000000,13.333333,45.000000,0.000000,66.666667,36
PYX,baseline_b,2026-08,2026-09,1,2026-10-06,outlook,130.000000,121.000000,165.000000,101.500000,194.500000,36
PYX,candidate,2026-08,2026-09,1,2026-10-06,outlook,56.921726,28.324863,64.184765,0.000000,92.264611,36
PYX,baseline_a,2026-08,2026-11,3,2026-10-06,outlook,33.000000,11.333333,54.500000,0.000000,78.666667,36
PYX,baseline_b,2026-08,2026-11,3,2026-10-06,outlook,31.000000,22.000000,66.000000,2.500000,95.500000,36
PYX,candidate,2026-08,2026-11,3,2026-10-06,outlook,42.894896,2.960885,57.809681,0.000000,91.803981,36
