product_code,model,origin,target,horizon,issue_date,period,point,lower50,upper50,lower80,upper80,calibration_n,actual,error,abs_error,covered50,covered80,width50,width80,wis
DSP,baseline_a,2021-10,2022-01,3,2021-11-01,development,404.333333,393.166667,456.250000,352.500000,481.500000,32,290,-114.333333,114.333333,false,false,63.083333,129.000000,100.601667
DSP,baseline_b,2021-10,2022-01,3,2021-11-01,development,258.000000,255.250000,311.500000,208.300000,363.800000,32,290,32.000000,32.000000,true,true,56.250000,155.500000,18.245000
DSP,candidate,2021-10,2022-01,3,2021-11-01,development,335.606655,282.499712,406.702214,220.146677,440.654997,32,290,-45.606655,45.606655,true,true,124.202502,220.508320,30.361914
DSP,baseline_a,2021-11,2022-02,3,2021-12-01,development,389.333333,378.666667,440.666667,338.000000,466.333333,33,350,-39.333333,39.333333,false,true,62.000000,128.333333,30.666667
DSP,baseline_b,2021-11,2022-02,3,2021-12-01,development,394.000000,392.000000,445.000000,345.600000,498.600000,33,350,-44.000000,44.000000,false,true,53.000000,153.000000,37.020000
DSP,candidate,2021-11,2022-02,3,2021-12-01,development,331.505947,280.731681,398.880985,216.495346,436.373114,33,350,18.494053,18.494053,true,true,118.149304,219.877768,24.308852
DSP,baseline_a,2021-12,2022-01,1,2022-01-01,development,403.666667,380.000000,434.500000,356.500000,471.833333,36,290,-113.666667,113.666667,false,false,54.500000,115.333333,95.396667
DSP,baseline_b,2021-12,2022-01,1,2022-01-01,development,258.000000,259.750000,312.250000,213.500000,359.000000,36,290,32.000000,32.000000,true,true,52.500000,145.500000,17.470000
DSP,candidate,2021-12,2022-01,1,2022-01-01,development,372.087410,317.941090,421.611287,273.178689,459.903623,36,290,-82.087410,82.087410,false,true,103.670197,186.724934,45.429935
DSP,baseline_a,2021-12,2022-03,3,2022-01-01,development,403.666667,393.583333,451.250000,352.833333,480.500000,34,428,24.333333,24.333333,true,true,57.666667,127.666667,15.740000
DSP,baseline_b,2021-12,2022-03,3,2022-01-01,development,327.000000,326.250000,387.750000,279.900000,430.400000,34,428,101.000000,101.000000,false,true,61.500000,150.500000,48.470000
DSP,candidate,2021-12,2022-03,3,2022-01-01,development,420.941133,370.600394,499.477733,306.379910,525.627124,34,428,7.058867,7.058867,true,true,128.877339,219.247214,23.069396
DSP,baseline_a,2022-01,2022-02,1,2022-02-01,development,358.000000,331.250000,388.833333,301.166667,426.166667,36,350,-8.000000,8.000000,true,true,57.583333,125.000000,12.358333
DSP,baseline_b,2022-01,2022-02,1,2022-02-01,development,394.000000,395.750000,448.250000,349.500000,495.000000,36,350,-44.000000,44.000000,false,true,52.500000,145.500000,38.170000
DSP,candidate,2022-01,2022-02,1,2022-02-01,development,319.814230,260.501317,369.338107,220.905510,407.630443,36,350,30.185770,30.185770,true,true,108.836790,186.724933,24.389830
DSP,baseline_a,2022-01,2022-04,3,2022-02-01,development,358.000000,346.333333,401.833333,304.666667,434.666667,35,417,59.000000,59.000000,false,true,55.500000,130.000000,28.616667
DSP,baseline_b,2022-01,2022-04,3,2022-02-01,development,345.000000,345.500000,402.500000,299.200000,447.200000,35,417,72.000000,72.000000,false,true,57.000000,148.000000,31.820000
DSP,candidate,2022-01,2022-04,3,2022-02-01,development,295.988665,246.081453,370.804744,181.876819,400.493481,35,417,121.011335,121.011335,false,false,124.723291,218.616662,70.499973
DSP,baseline_a,2022-02,2022-03,1,2022-03-01,development,345.333333,318.583333,376.166667,288.500000,413.500000,36,428,82.666667,82.666667,false,false,57.583334,125.000000,53.825000
DSP,baseline_b,2022-02,2022-03,1,2022-03-01,development,327.000000,324.250000,381.250000,279.500000,428.000000,36,428,101.000000,101.000000,false,true,57.000000,148.500000,50.540000
DSP,candidate,2022-02,2022-03,1,2022-03-01,development,370.165462,310.852548,419.689338,271.256741,457.981674,36,428,57.834538,57.834538,false,true,108.836790,186.724933,33.243849
DSP,baseline_a,2022-02,2022-05,3,2022-03-01,development,345.333333,332.416667,385.416667,292.166667,421.833333,36,419,73.666667,73.666667,false,true,53.000000,129.666666,38.653333
DSP,baseline_b,2022-02,2022-05,3,2022-03-01,development,317.000000,314.250000,371.250000,269.500000,418.000000,36,419,102.000000,102.000000,false,false,57.000000,148.500000,51.540000
DSP,candidate,2022-02,2022-05,3,2022-03-01,development,300.168713,250.695029,371.264272,186.506246,404.492354,36,419,118.831287,118.831287,false,false,120.569243,217.986108,69.439976
DSP,baseline_a,2022-03,2022-04,1,2022-04-01,development,356.000000,329.250000,386.833333,299.166667,428.833333,36,417,61.000000,61.000000,false,true,57.583333,129.666666,35.211667
DSP,baseline_b,2022-03,2022-04,1,2022-04-01,development,345.000000,346.750000,409.250000,297.500000,449.000000,36,417,72.000000,72.000000,false,true,62.500000,151.500000,29.810000
DSP,candidate,2022-03,2022-04,1,2022-04-01,development,371.111975,311.799061,425.833722,272.203254,458.928187,36,417,45.888025,45.888025,true,true,114.034661,186.724933,28.050068
DSP,baseline_a,2022-03,2022-06,3,2022-04-01,development,356.000000,343.083333,390.333333,302.833333,432.500000,36,413,57.000000,57.000000,false,true,47.250000,129.666667,30.378333
DSP,baseline_b,2022-03,2022-06,3,2022-04-01,development,360.000000,361.750000,424.250000,312.500000,464.000000,36,413,53.000000,53.000000,true,true,62.500000,151.500000,22.910000
DSP,candidate,2022-03,2022-06,3,2022-04-01,development,425.773166,376.299481,496.868724,312.110698,530.096807,36,413,-12.773166,12.773166,true,true,120.569243,217.986109,23.331002
DSP,baseline_a,2022-04,2022-05,1,2022-05-01,development,398.333333,371.583333,429.166667,341.500000,464.833333,36,419,20.666667,20.666667,true,true,57.583334,123.333333,14.825000
DSP,baseline_b,2022-04,2022-05,1,2022-05-01,development,317.000000,318.750000,383.750000,269.500000,421.000000,36,419,102.000000,102.000000,false,true,65.000000,151.500000,47.060000
DSP,candidate,2022-04,2022-05,1,2022-05-01,development,386.898407,327.585493,436.422283,287.989686,455.961116,36,419,32.101593,32.101593,true,true,108.836790,167.971430,24.022855
DSP,baseline_a,2022-04,2022-07,3,2022-05-01,development,398.333333,385.416667,432.666667,345.166667,472.333333,36,472,73.666667,73.666667,false,true,47.250000,127.166666,40.278333
DSP,baseline_b,2022-04,2022-07,3,2022-05-01,development,347.000000,348.750000,413.750000,299.500000,451.000000,36,472,125.000000,125.000000,false,false,65.000000,151.500000,69.260000
DSP,candidate,2022-04,2022-07,3,2022-05-01,development,523.475001,474.001316,594.570559,409.812533,627.798642,36,472,-51.475001,51.475001,false,true,120.569243,217.986109,31.871895
DSP,baseline_a,2022-05,2022-06,1,2022-06-01,development,421.333333,397.666667,452.166667,364.500000,487.833333,36,413,-8.333333,8.333333,true,true,54.500000,123.333333,12.050000
DSP,baseline_b,2022-05,2022-06,1,2022-06-01,development,360.000000,361.750000,435.500000,312.500000,464.500000,36,413,53.000000,53.000000,true,true,73.750000,152.000000,24.055000
DSP,candidate,2022-05,2022-06,1,2022-06-01,development,521.292799,467.146479,570.816676,430.451624,590.355509,36,413,-108.292799,108.292799,false,false,103.670197,159.903885,67.060976
DSP,baseline_a,2022-05,2022-08,3,2022-06-01,development,421.333333,408.416667,461.416667,368.166667,496.000000,36,483,61.666667,61.666667,false,true,53.000000,127.833333,31.380000
DSP,baseline_b,2022-05,2022-08,3,2022-06-01,development,433.000000,434.750000,508.500000,385.500000,537.500000,36,483,50.000000,50.000000,true,true,73.750000,152.000000,23.455000
DSP,candidate,2022-05,2022-08,3,2022-06-01,development,728.153691,678.680007,810.747375,614.491224,840.184093,36,483,-245.153691,245.153691,false,false,132.067368,225.692869,202.133682
DSP,baseline_a,2022-06,2022-07,1,2022-07-01,development,416.333333,397.416667,447.166667,359.500000,482.833333,36,472,55.666667,55.666667,false,true,49.750000,123.333333,30.975000
DSP,baseline_b,2022-06,2022-07,1,2022-07-01,development,347.000000,348.750000,422.500000,299.500000,451.500000,36,472,125.000000,125.000000,false,false,73.750000,152.000000,66.455000
DSP,candidate,2022-06,2022-07,1,2022-07-01,development,474.294610,416.594796,523.818486,375.385889,543.357319,36,472,-2.294610,2.294610,true,true,107.223690,167.971430,17.900148
DSP,baseline_a,2022-06,2022-09,3,2022-07-01,development,416.333333,403.416667,468.250000,363.166667,491.000000,36,399,-17.333333,17.333333,false,true,64.833333,127.833333,16.830000
DSP,baseline_b,2022-06,2022-09,3,2022-07-01,development,353.000000,354.750000,428.500000,305.500000,457.500000,36,399,46.000000,46.000000,true,true,73.750000,152.000000,22.655000
DSP,candidate,2022-06,2022-09,3,2022-07-01,development,448.265853,401.367295,530.859537,334.603386,560.296255,36,399,-49.265853,49.265853,false,true,129.492242,225.692869,32.777028
DSP,baseline_a,2022-07,2022-08,1,2022-08-01,development,434.666667,419.083333,469.333333,385.000000,501.166667,36,483,48.333333,48.333333,false,true,50.250000,116.166667,24.805000
DSP,baseline_b,2022-07,2022-08,1,2022-08-01,development,433.000000,434.750000,519.250000,385.500000,543.500000,36,483,50.000000,50.000000,true,true,84.500000,158.000000,24.770000
DSP,candidate,2022-07,2022-08,1,2022-08-01,development,582.087044,535.168185,631.610921,491.245869,651.149754,36,483,-99.087044,99.087044,false,false,96.442736,159.903885,60.023459
DSP,baseline_a,2022-07,2022-10,3,2022-08-01,development,434.666667,423.500000,489.166667,384.833333,509.333333,36,433,-1.666667,1.666667,true,true,65.666667,124.500000,11.880000
DSP,baseline_b,2022-07,2022-10,3,2022-08-01,development,427.000000,428.750000,513.250000,379.500000,537.500000,36,433,6.000000,6.000000,true,true,84.500000,158.000000,15.970000
DSP,candidate,2022-07,2022-10,3,2022-08-01,development,480.582781,433.684223,563.176465,383.338080,592.613183,36,433,-47.582781,47.582781,false,true,129.492242,209.275103,31.110474
DSP,baseline_a,2022-08,2022-09,1,2022-09-01,development,456.000000,440.416667,490.666667,406.333333,520.666667,36,399,-57.000000,57.000000,false,false,50.250000,114.333334,40.498333
DSP,baseline_b,2022-08,2022-09,1,2022-09-01,development,353.000000,354.750000,439.250000,305.500000,463.500000,36,399,46.000000,46.000000,true,true,84.500000,158.000000,23.970000
DSP,candidate,2022-08,2022-09,1,2022-09-01,development,378.667659,320.967845,428.191536,282.382416,447.730369,36,399,20.332341,20.332341,true,true,107.223691,165.347953,21.402755
DSP,baseline_a,2022-08,2022-11,3,2022-09-01,development,456.000000,444.833333,513.500000,406.166667,530.666667,36,441,-15.000000,15.000000,false,true,68.666667,124.500000,16.380000
DSP,baseline_b,2022-08,2022-11,3,2022-09-01,development,388.000000,389.750000,474.250000,340.500000,498.500000,36,441,53.000000,53.000000,true,true,84.500000,158.000000,25.370000
DSP,candidate,2022-08,2022-11,3,2022-09-01,development,392.961118,346.062560,475.554802,295.716418,504.991520,36,441,48.038882,48.038882,true,true,129.492242,209.275102,30.928005
DSP,baseline_a,2022-09,2022-10,1,2022-10-01,development,451.333333,435.750000,486.000000,393.166667,516.000000,36,433,-18.333333,18.333333,false,true,50.250000,122.833333,14.705000
DSP,baseline_b,2022-09,2022-10,1,2022-10-01,development,427.000000,428.750000,513.250000,379.500000,537.500000,36,433,6.000000,6.000000,true,true,84.500000,158.000000,15.970000
DSP,candidate,2022-09,2022-10,1,2022-10-01,development,430.634345,372.934531,480.158221,334.349102,499.697054,36,433,2.365655,2.365655,true,true,107.223690,165.347952,17.809418
DSP,baseline_a,2022-09,2022-12,3,2022-10-01,development,451.333333,440.166667,508.833333,404.333333,526.000000,36,568,116.666667,116.666667,false,false,68.666666,121.666667,75.533333
DSP,baseline_b,2022-09,2022-12,3,2022-10-01,development,396.000000,397.750000,482.250000,348.500000,506.500000,36,568,172.000000,172.000000,false,false,84.500000,158.000000,108.070000
DSP,candidate,2022-09,2022-12,3,2022-10-01,development,365.104668,318.583213,447.698352,267.859967,477.135070,36,568,202.895332,202.895332,false,false,129.115139,209.275103,146.328216
DSP,baseline_a,2022-10,2022-11,1,2022-11-01,development,438.333333,421.500000,473.000000,380.166667,503.000000,36,441,2.666667,2.666667,true,true,51.500000,122.833333,10.596667
DSP,baseline_b,2022-10,2022-11,1,2022-11-01,development,388.000000,389.750000,474.250000,340.500000,498.500000,36,441,53.000000,53.000000,true,true,84.500000,158.000000,25.370000
DSP,candidate,2022-10,2022-11,1,2022-11-01,development,421.437312,363.737498,469.274368,325.152069,490.500021,36,441,19.562688,19.562688,true,true,105.536870,165.347952,21.080143
DSP,baseline_a,2022-10,2023-01,3,2022-11-01,development,438.333333,427.166667,495.833333,391.333333,513.000000,36,967,528.666667,528.666667,false,false,68.666666,121.666667,487.533333
DSP,baseline_b,2022-10,2023-01,3,2022-11-01,development,290.000000,291.750000,376.250000,242.500000,400.500000,36,967,677.000000,677.000000,false,false,84.500000,158.000000,613.070000
DSP,candidate,2022-10,2023-01,3,2022-11-01,development,327.167577,279.164028,398.263135,229.922877,439.197979,36,967,639.832423,639.832423,false,false,119.099107,209.275102,586.862954
DSP,baseline_a,2022-11,2022-12,1,2022-12-01,development,424.333333,408.750000,459.000000,376.666667,489.000000,36,568,143.666667,143.666667,false,false,50.250000,112.333333,113.451667
DSP,baseline_b,2022-11,2022-12,1,2022-12-01,development,396.000000,401.250000,482.250000,348.500000,506.500000,36,568,172.000000,172.000000,false,false,81.000000,158.000000,107.720000
DSP,candidate,2022-11,2022-12,1,2022-12-01,development,376.715199,329.796340,424.552256,280.429957,445.777909,36,568,191.284801,191.284801,false,false,94.755916,165.347952,160.614404
DSP,baseline_a,2022-11,2023-02,3,2022-12-01,development,424.333333,413.166667,481.833333,381.333333,499.000000,36,611,186.666667,186.666667,false,false,68.666666,117.666667,145.373333
DSP,baseline_b,2022-11,2023-02,3,2022-12-01,development,350.000000,355.250000,436.250000,302.500000,460.500000,36,611,261.000000,261.000000,false,false,81.000000,158.000000,196.720000
DSP,candidate,2022-11,2023-02,3,2022-12-01,development,368.475899,320.472351,439.571458,271.231199,480.506301,36,611,242.524101,242.524101,false,false,119.099107,209.275102,189.554631
DSP,baseline_a,2022-12,2023-01,1,2023-01-01,development,480.666667,465.083333,524.000000,433.000000,556.166667,36,967,486.333333,486.333333,false,false,58.916667,123.166667,449.618333
DSP,baseline_b,2022-12,2023-01,1,2023-01-01,development,290.000000,295.250000,379.000000,242.500000,409.500000,36,967,677.000000,677.000000,false,false,83.750000,167.000000,608.655000
DSP,candidate,2022-12,2023-01,1,2023-01-01,development,490.045060,443.126200,537.882116,393.759817,559.107769,36,967,476.954940,476.954940,false,false,94.755916,165.347952,446.284544
DSP,baseline_a,2022-12,2023-03,3,2023-01-01,development,480.666667,469.500000,540.333333,437.666667,557.166667,36,552,71.333333,71.333333,false,true,70.833333,119.500000,30.796667
DSP,baseline_b,2022-12,2023-03,3,2023-01-01,development,428.000000,433.250000,517.000000,380.500000,547.500000,36,552,124.000000,124.000000,false,false,83.750000,167.000000,55.655000
DSP,candidate,2022-12,2023-03,3,2023-01-01,development,599.075876,551.072327,670.171434,501.831176,718.997187,36,552,-47.075876,47.075876,true,true,119.099107,217.166011,30.011726
DSP,baseline_a,2023-01,2023-02,1,2023-02-01,development,658.666667,648.583333,707.250000,611.000000,742.666667,36,611,-47.666667,47.666667,false,true,58.666667,131.666667,35.700000
DSP,baseline_b,2023-01,2023-02,1,2023-02-01,development,350.000000,365.750000,446.500000,302.500000,486.000000,36,611,261.000000,261.000000,false,false,80.750000,183.500000,183.415000
DSP,candidate,2023-01,2023-02,1,2023-02-01,development,1017.064007,974.541797,1071.785755,920.778764,1104.880220,36,611,-406.064007,406.064007,false,false,97.243958,184.101456,367.629480
DSP,baseline_a,2023-01,2023-04,3,2023-02-01,development,658.666667,649.750000,723.000000,630.333333,740.166667,36,505,-153.666667,153.666667,false,false,73.250000,109.833334,150.485000
DSP,baseline_b,2023-01,2023-04,3,2023-02-01,development,417.000000,432.750000,513.500000,369.500000,553.000000,36,505,88.000000,88.000000,true,true,80.750000,183.500000,33.015000
DSP,candidate,2023-01,2023-04,3,2023-02-01,development,1081.415602,1033.412053,1164.009286,984.170901,1202.749273,36,505,-576.415602,576.415602,false,false,130.597233,218.578372,540.119160
DSP,baseline_a,2023-02,2023-03,1,2023-03-01,development,715.333333,699.750000,763.916667,663.000000,799.333333,36,552,-163.333333,163.333333,false,false,64.166667,136.333333,148.036667
DSP,baseline_b,2023-02,2023-03,1,2023-03-01,development,428.000000,452.000000,529.250000,380.500000,575.500000,36,552,124.000000,124.000000,false,true,77.250000,195.000000,49.425000
DSP,candidate,2023-02,2023-03,1,2023-03-01,development,731.240118,673.540304,785.961866,629.529597,819.056331,36,552,-179.240118,179.240118,false,false,112.421562,189.526734,134.299210
DSP,baseline_a,2023-02,2023-05,3,2023-03-01,development,715.333333,706.416667,788.000000,687.000000,809.833333,36,594,-121.333333,121.333333,false,false,81.583333,122.833333,119.505000
DSP,baseline_b,2023-02,2023-05,3,2023-03-01,development,419.000000,443.000000,520.250000,371.500000,566.500000,36,594,175.000000,175.000000,false,false,77.250000,195.000000,91.025000
DSP,candidate,2023-02,2023-05,3,2023-03-01,development,612.286447,564.282898,694.880131,515.041747,736.831313,36,594,-18.286447,18.286447,true,true,130.597233,221.789566,25.588595
DSP,baseline_a,2023-03,2023-04,1,2023-04-01,development,710.000000,693.166667,758.583333,645.833333,794.000000,36,505,-205.000000,205.000000,false,false,65.416666,148.166667,185.068333
DSP,baseline_b,2023-03,2023-04,1,2023-04-01,development,417.000000,448.500000,520.250000,376.000000,564.500000,36,505,88.000000,88.000000,true,true,71.750000,188.500000,32.315000
DSP,candidate,2023-03,2023-04,1,2023-04-01,development,501.552943,431.511322,556.274691,395.655167,589.369156,36,505,3.447057,3.447057,true,true,124.763369,193.713989,20.914308
DSP,baseline_a,2023-03,2023-06,3,2023-04-01,development,710.000000,701.666667,782.666667,681.666667,804.500000,36,586,-124.000000,124.000000,false,false,81.000000,122.833333,122.346667
DSP,baseline_b,2023-03,2023-06,3,2023-04-01,development,413.000000,444.500000,516.250000,372.000000,560.500000,36,586,173.000000,173.000000,false,false,71.750000,188.500000,87.415000
DSP,candidate,2023-03,2023-06,3,2023-04-01,development,557.781369,510.578766,640.375053,472.021092,682.326235,36,586,28.218631,28.218631,true,true,129.796287,210.305143,27.035561
DSP,baseline_a,2023-04,2023-05,1,2023-05-01,development,556.000000,535.500000,604.583333,469.000000,640.000000,36,594,38.000000,38.000000,true,true,69.083333,171.000000,21.348333
DSP,baseline_b,2023-04,2023-05,1,2023-05-01,development,419.000000,454.000000,522.250000,397.500000,566.500000,36,594,175.000000,175.000000,false,false,68.250000,169.000000,88.285000
DSP,candidate,2023-04,2023-05,1,2023-05-01,development,471.566073,401.524452,526.287821,365.668297,559.382286,36,594,122.433927,122.433927,false,false,124.763369,193.713989,85.643639
DSP,baseline_a,2023-04,2023-07,3,2023-05-01,development,556.000000,547.666667,628.666667,513.000000,650.500000,36,463,-93.000000,93.000000,false,false,81.000000,137.500000,86.066667
DSP,baseline_b,2023-04,2023-07,3,2023-05-01,development,472.000000,507.000000,575.250000,450.500000,619.500000,36,463,-9.000000,9.000000,false,true,68.250000,169.000000,32.985000
DSP,candidate,2023-04,2023-07,3,2023-05-01,development,617.322027,569.318478,699.915711,503.659560,741.866893,36,463,-154.322027,154.322027,false,false,130.597233,238.207333,112.243637
DSP,baseline_a,2023-05,2023-06,1,2023-06-01,development,550.333333,533.500000,598.916667,486.166667,634.333333,36,586,35.666667,35.666667,true,true,65.416667,148.166666,19.601667
DSP,baseline_b,2023-05,2023-06,1,2023-06-01,development,413.000000,454.250000,521.750000,412.000000,573.000000,36,586,173.000000,173.000000,false,false,67.500000,161.000000,78.690000
DSP,candidate,2023-05,2023-06,1,2023-06-01,development,687.760326,641.146922,745.739200,581.862549,801.073978,36,586,-101.760326,101.760326,false,true,104.592278,219.211429,61.638519
DSP,baseline_a,2023-05,2023-08,3,2023-06-01,development,550.333333,542.000000,623.000000,507.333333,644.833333,36,566,15.666667,15.666667,true,true,81.000000,137.500000,16.733333
DSP,baseline_b,2023-05,2023-08,3,2023-06-01,development,483.000000,524.250000,591.750000,482.000000,643.000000,36,566,83.000000,83.000000,true,true,67.500000,161.000000,29.790000
DSP,candidate,2023-05,2023-08,3,2023-06-01,development,910.187029,862.984427,992.780713,822.179864,1034.731895,36,566,-344.187029,344.187029,false,false,129.796286,212.552031,311.584832
DSP,baseline_a,2023-06,2023-07,1,2023-07-01,development,561.666667,544.833333,610.250000,497.500000,645.666667,36,463,-98.666667,98.666667,false,false,65.416667,148.166667,78.735000
DSP,baseline_b,2023-06,2023-07,1,2023-07-01,development,472.000000,516.500000,588.500000,476.500000,644.500000,36,463,-9.000000,9.000000,false,false,72.000000,168.000000,42.520000
DSP,candidate,2023-06,2023-07,1,2023-07-01,development,659.974569,589.932948,714.696317,554.076792,773.288221,36,463,-196.974569,196.974569,false,false,124.763369,219.211429,147.843604
DSP,baseline_a,2023-06,2023-09,3,2023-07-01,development,561.666667,552.750000,634.333333,481.166667,656.166667,36,540,-21.666667,21.666667,false,true,81.583333,175.000000,24.591667
DSP,baseline_b,2023-06,2023-09,3,2023-07-01,development,399.000000,443.500000,515.500000,403.500000,571.500000,36,540,141.000000,141.000000,false,true,72.000000,168.000000,51.920000
DSP,candidate,2023-06,2023-09,3,2023-07-01,development,609.457790,562.255188,692.051474,521.450624,734.002656,36,540,-69.457790,69.457790,false,true,129.796286,212.552032,44.275343
DSP,baseline_a,2023-07,2023-08,1,2023-08-01,development,547.666667,527.166667,591.000000,462.666667,631.666667,36,566,18.333333,18.333333,true,true,63.833333,169.000000,16.810000
DSP,baseline_b,2023-07,2023-08,1,2023-08-01,development,483.000000,527.500000,599.500000,482.000000,655.500000,36,566,83.000000,83.000000,true,true,72.000000,173.500000,30.740000
DSP,candidate,2023-07,2023-08,1,2023-08-01,development,577.082356,503.875782,631.804104,469.205180,690.396009,36,566,-11.082356,11.082356,true,true,127.928322,221.190829,23.856937
DSP,baseline_a,2023-07,2023-10,3,2023-08-01,development,547.666667,535.916667,620.333333,444.000000,642.166667,36,485,-62.666667,62.666667,false,true,84.416666,198.166667,49.268333
DSP,baseline_b,2023-07,2023-10,3,2023-08-01,development,433.000000,477.500000,549.500000,432.000000,605.500000,36,485,52.000000,52.000000,true,true,72.000000,173.500000,24.540000
DSP,candidate,2023-07,2023-10,3,2023-08-01,development,475.662677,428.460075,558.256362,356.722878,600.207544,36,485,9.337323,9.337323,true,true,129.796287,243.484666,24.586480
DSP,baseline_a,2023-08,2023-09,1,2023-09-01,development,538.333333,517.833333,578.916667,453.333333,622.333333,36,540,1.666667,1.666667,true,true,61.083334,169.000000,13.201667
DSP,baseline_b,2023-08,2023-09,1,2023-09-01,development,399.000000,444.750000,515.500000,403.500000,571.500000,36,540,141.000000,141.000000,false,true,70.750000,168.000000,51.795000
DSP,candidate,2023-08,2023-09,1,2023-09-01,development,436.216111,366.174490,490.937859,329.902712,549.529764,36,540,103.783889,103.783889,false,true,124.763369,219.627052,61.643053
DSP,baseline_a,2023-08,2023-11,3,2023-09-01,development,538.333333,526.583333,611.000000,434.666667,632.833333,36,567,28.666667,28.666667,true,true,84.416667,198.166666,22.101667
DSP,baseline_b,2023-08,2023-11,3,2023-09-01,development,441.000000,486.750000,557.500000,445.500000,613.500000,36,567,126.000000,126.000000,false,true,70.750000,168.000000,42.795000
DSP,candidate,2023-08,2023-11,3,2023-09-01,development,458.799597,410.796048,541.393281,320.653462,583.344463,36,567,108.200403,108.200403,false,true,130.597233,262.691001,55.450132
DSP,baseline_a,2023-09,2023-10,1,2023-10-01,development,523.000000,502.500000,563.583333,438.000000,607.000000,36,485,-38.000000,38.000000,false,true,61.083333,169.000000,27.468333
DSP,baseline_b,2023-09,2023-10,1,2023-10-01,development,433.000000,480.500000,557.250000,437.500000,605.500000,36,485,52.000000,52.000000,true,true,76.750000,168.000000,24.795000
DSP,candidate,2023-09,2023-10,1,2023-10-01,development,565.053391,495.011769,619.775138,458.739991,678.162298,36,485,-80.053391,80.053391,false,true,124.763369,219.422307,41.268615
DSP,baseline_a,2023-09,2023-12,3,2023-10-01,development,523.000000,507.416667,594.583333,419.333333,617.500000,36,544,21.000000,21.000000,true,true,87.166666,198.166667,20.843333
DSP,baseline_b,2023-09,2023-12,3,2023-10-01,development,568.000000,615.500000,692.250000,572.500000,740.500000,36,544,-24.000000,24.000000,false,false,76.750000,168.000000,59.195000
DSP,candidate,2023-09,2023-12,3,2023-10-01,development,506.169872,456.526916,588.763556,368.023738,630.714738,36,544,37.830128,37.830128,true,true,132.236640,262.691000,31.297330
DSP,baseline_a,2023-10,2023-11,1,2023-11-01,development,530.333333,500.583333,570.916667,445.333333,614.333333,36,567,36.666667,36.666667,true,true,70.333334,169.000000,21.126667
DSP,baseline_b,2023-10,2023-11,1,2023-11-01,development,441.000000,490.500000,565.250000,459.000000,613.500000,36,567,126.000000,126.000000,false,true,74.750000,154.500000,39.555000
DSP,candidate,2023-10,2023-11,1,2023-11-01,development,486.231906,413.533836,540.953654,379.918507,599.340814,36,567,80.768094,80.768094,false,true,127.419818,219.422307,48.091031
DSP,baseline_a,2023-11,2023-12,1,2023-12-01,development,530.666667,500.916667,571.250000,445.666667,614.666667,36,544,13.333333,13.333333,true,true,70.333333,169.000000,16.460000
DSP,baseline_b,2023-11,2023-12,1,2023-12-01,development,568.000000,617.500000,693.250000,586.000000,740.500000,36,544,-24.000000,24.000000,false,false,75.750000,154.500000,64.755000
DSP,candidate,2023-11,2023-12,1,2023-12-01,development,505.403225,432.705155,563.382098,399.089826,618.512132,36,544,38.596775,38.596775,true,true,130.676943,219.422306,29.563942
DSP,baseline_a,2023-12,2024-01,1,2024-01-01,locked,532.000000,502.250000,572.583333,447.000000,616.000000,36,537,5.000000,5.000000,true,true,70.333333,169.000000,14.793333
DSP,baseline_b,2023-12,2024-01,1,2024-01-01,locked,967.000000,1016.500000,1092.250000,967.500000,1139.500000,36,537,-430.000000,430.000000,false,false,75.750000,172.000000,464.455000
DSP,candidate,2023-12,2024-01,1,2024-01-01,locked,532.545735,459.847665,587.267483,426.232336,645.654643,36,537,4.454265,4.454265,true,true,127.419818,219.422307,22.409727
DSP,baseline_a,2023-12,2024-03,3,2024-01-01,locked,532.000000,513.583333,596.083333,428.333333,626.500000,36,584,52.000000,52.000000,true,true,82.500000,198.166667,26.576667
DSP,baseline_b,2023-12,2024-03,3,2024-01-01,locked,552.000000,601.500000,677.250000,552.500000,724.500000,36,584,32.000000,32.000000,false,true,75.750000,172.000000,27.855000
DSP,candidate,2023-12,2024-03,3,2024-01-01,locked,566.894536,517.251580,649.488220,428.748402,688.228207,36,584,17.105464,17.105464,true,true,132.236640,259.479805,27.023949
DSP,baseline_a,2024-01,2024-02,1,2024-02-01,locked,549.333333,528.833333,589.916667,471.500000,633.333333,36,629,79.666667,79.666667,false,true,61.083334,161.833333,44.148333
DSP,baseline_b,2024-01,2024-02,1,2024-02-01,locked,611.000000,660.500000,736.250000,609.500000,783.500000,36,629,18.000000,18.000000,false,true,75.750000,174.000000,30.735000
DSP,candidate,2024-01,2024-02,1,2024-02-01,locked,537.947199,465.249130,592.668947,431.633800,651.056107,36,629,91.052801,91.052801,false,true,127.419817,219.422307,54.261855
DSP,baseline_a,2024-01,2024-04,3,2024-02-01,locked,549.333333,533.750000,613.416667,445.666667,643.833333,36,618,68.666667,68.666667,false,true,79.666667,198.166666,31.460000
DSP,baseline_b,2024-01,2024-04,3,2024-02-01,locked,505.000000,554.500000,630.250000,503.500000,677.500000,36,618,113.000000,113.000000,true,true,75.750000,174.000000,37.135000
DSP,candidate,2024-01,2024-04,3,2024-02-01,locked,503.680502,454.037546,591.679860,365.534368,625.014173,36,618,114.319498,114.319498,false,true,137.642314,259.479805,57.535379
DSP,baseline_a,2024-02,2024-03,1,2024-03-01,locked,570.000000,549.500000,610.583333,492.166667,651.166667,36,584,14.000000,14.000000,true,true,61.083333,159.000000,15.268333
DSP,baseline_b,2024-02,2024-03,1,2024-03-01,locked,552.000000,599.500000,677.250000,550.500000,724.500000,36,584,32.000000,32.000000,false,true,77.750000,174.000000,27.335000
DSP,candidate,2024-02,2024-03,1,2024-03-01,locked,655.303557,582.605488,710.025305,548.990158,752.721902,36,584,-71.303557,71.303557,true,true,127.419817,203.731744,35.151963
DSP,baseline_a,2024-02,2024-05,3,2024-03-01,locked,570.000000,554.416667,634.083333,466.333333,670.833333,36,645,75.000000,75.000000,false,true,79.666666,204.500000,35.513333
DSP,baseline_b,2024-02,2024-05,3,2024-03-01,locked,594.000000,641.500000,719.250000,592.500000,766.500000,36,645,51.000000,51.000000,true,true,77.750000,174.000000,24.935000
DSP,candidate,2024-02,2024-05,3,2024-03-01,locked,558.166299,508.523343,646.165657,420.020164,682.959709,36,645,86.833701,86.833701,true,true,137.642314,262.939545,41.648553
DSP,baseline_a,2024-03,2024-04,1,2024-04-01,locked,583.333333,562.833333,623.916667,505.500000,664.500000,36,618,34.666667,34.666667,true,true,61.083334,159.000000,19.401667
DSP,baseline_b,2024-03,2024-04,1,2024-04-01,locked,505.000000,550.750000,630.250000,503.500000,677.500000,36,618,113.000000,113.000000,true,true,79.500000,174.000000,37.510000
DSP,candidate,2024-03,2024-04,1,2024-04-01,locked,523.477464,452.966852,578.199211,418.450901,620.895808,36,618,94.522536,94.522536,false,true,125.232359,202.444907,55.445855
DSP,baseline_a,2024-03,2024-06,3,2024-04-01,locked,583.333333,567.750000,647.416667,479.666667,684.166667,36,534,-49.333333,49.333333,false,true,79.666667,204.500000,39.513333
DSP,baseline_b,2024-03,2024-06,3,2024-04-01,locked,586.000000,631.750000,711.250000,584.500000,758.500000,36,534,-52.000000,52.000000,false,false,79.500000,174.000000,84.610000
DSP,candidate,2024-03,2024-06,3,2024-04-01,locked,585.769365,537.765816,673.768723,447.623231,710.562776,36,534,-51.769365,51.769365,false,true,136.002907,262.939545,35.978072
DSP,baseline_a,2024-04,2024-05,1,2024-05-01,locked,610.333333,589.833333,650.916667,532.500000,691.500000,36,645,34.666667,34.666667,true,true,61.083334,159.000000,19.401667
DSP,baseline_b,2024-04,2024-05,1,2024-05-01,locked,594.000000,639.750000,719.250000,592.500000,766.500000,36,645,51.000000,51.000000,true,true,79.500000,174.000000,25.110000
DSP,candidate,2024-04,2024-05,1,2024-05-01,locked,582.421700,511.911089,637.143448,477.395138,681.574913,36,645,62.578300,62.578300,false,true,125.232359,204.179775,36.348708
DSP,baseline_a,2024-04,2024-07,3,2024-05-01,locked,610.333333,594.750000,679.666667,506.666667,711.166667,36,620,9.666667,9.666667,true,true,84.916667,204.500000,18.605000
DSP,baseline_b,2024-04,2024-07,3,2024-05-01,locked,463.000000,508.750000,588.250000,461.500000,635.500000,36,620,157.000000,157.000000,false,true,79.500000,174.000000,59.010000
DSP,candidate,2024-04,2024-07,3,2024-05-01,locked,717.588878,669.585329,805.588236,579.442743,842.382288,36,620,-97.588878,97.588878,false,true,136.002907,262.939545,63.469780
DSP,baseline_a,2024-05,2024-06,1,2024-06-01,locked,615.666667,598.833333,656.250000,537.833333,696.833333,36,534,-81.666667,81.666667,false,false,57.416667,159.000000,55.901667
DSP,baseline_b,2024-05,2024-06,1,2024-06-01,locked,586.000000,631.750000,710.250000,584.500000,758.500000,36,534,-52.000000,52.000000,false,false,78.500000,174.000000,84.510000
DSP,candidate,2024-05,2024-06,1,2024-06-01,locked,742.295424,671.784813,801.315903,637.268862,841.448637,36,534,-208.295424,208.295424,false,false,129.531090,204.179775,159.200855
DSP,baseline_a,2024-05,2024-08,3,2024-06-01,locked,615.666667,600.083333,687.583333,512.000000,716.500000,36,640,24.333333,24.333333,true,true,87.500000,204.500000,21.796667
DSP,baseline_b,2024-05,2024-08,3,2024-06-01,locked,566.000000,611.750000,690.250000,564.500000,738.500000,36,640,74.000000,74.000000,true,true,78.500000,174.000000,29.610000
DSP,candidate,2024-05,2024-08,3,2024-06-01,locked,944.004860,896.001311,1034.426963,805.858726,1068.798271,36,640,-304.004860,304.004860,false,false,138.425652,262.939545,253.905134
DSP,baseline_a,2024-06,2024-07,1,2024-07-01,locked,599.000000,578.500000,639.583333,508.833333,680.166667,36,620,21.000000,21.000000,true,true,61.083333,171.333334,17.161667
DSP,baseline_b,2024-06,2024-07,1,2024-07-01,locked,463.000000,504.750000,587.250000,446.500000,635.500000,36,620,157.000000,157.000000,false,true,82.500000,189.000000,60.310000
DSP,candidate,2024-06,2024-07,1,2024-07-01,locked,589.588470,516.097454,648.608948,445.822011,688.741682,36,620,30.411530,30.411530,true,true,132.511494,242.919671,29.050242
DSP,baseline_a,2024-06,2024-09,3,2024-07-01,locked,599.000000,580.583333,670.916667,495.333333,699.833333,36,610,11.000000,11.000000,true,true,90.333334,204.500000,19.413333
DSP,baseline_b,2024-06,2024-09,3,2024-07-01,locked,540.000000,581.750000,664.250000,523.500000,712.500000,36,610,70.000000,70.000000,true,true,82.500000,189.000000,29.810000
DSP,candidate,2024-06,2024-09,3,2024-07-01,locked,558.685923,508.867783,649.108026,420.539788,683.479333,36,610,51.314077,51.314077,true,true,140.240243,262.939545,34.804422
DSP,baseline_a,2024-07,2024-08,1,2024-08-01,locked,599.666667,579.166667,640.250000,509.500000,680.833333,36,640,40.333333,40.333333,true,true,61.083333,171.333333,21.028333
DSP,baseline_b,2024-07,2024-08,1,2024-08-01,locked,566.000000,607.750000,691.250000,549.500000,738.500000,36,640,74.000000,74.000000,true,true,83.500000,189.000000,30.710000
DSP,candidate,2024-07,2024-08,1,2024-08-01,locked,736.892068,663.401053,795.912547,593.125610,836.045281,36,640,-96.892068,96.892068,false,true,132.511494,242.919671,51.706771
DSP,baseline_a,2024-07,2024-10,3,2024-08-01,locked,599.666667,581.250000,671.583333,496.000000,700.500000,36,684,84.333333,84.333333,false,true,90.333333,204.500000,39.046667
DSP,baseline_b,2024-07,2024-10,3,2024-08-01,locked,485.000000,526.750000,610.250000,468.500000,657.500000,36,684,199.000000,199.000000,false,false,83.500000,189.000000,95.810000
DSP,candidate,2024-07,2024-10,3,2024-08-01,locked,613.070013,563.251873,703.492116,474.923879,737.863424,36,684,70.929987,70.929987,true,true,140.240243,262.939545,38.727603
DSP,baseline_a,2024-08,2024-09,1,2024-09-01,locked,598.000000,577.500000,636.583333,507.833333,668.333333,36,610,12.000000,12.000000,true,true,59.083333,160.500000,14.728333
DSP,baseline_b,2024-08,2024-09,1,2024-09-01,locked,540.000000,581.750000,664.250000,523.500000,712.500000,36,610,70.000000,70.000000,true,true,82.500000,189.000000,29.810000
DSP,candidate,2024-08,2024-09,1,2024-09-01,locked,516.672288,436.110392,575.692766,372.905829,615.825501,36,610,93.327712,93.327712,false,true,139.582374,242.919672,56.063460
DSP,baseline_a,2024-08,2024-11,3,2024-09-01,locked,598.000000,579.583333,667.333333,494.333333,690.000000,36,552,-46.000000,46.000000,false,true,87.750000,195.666667,36.835000
DSP,baseline_b,2024-08,2024-11,3,2024-09-01,locked,567.000000,608.750000,691.250000,550.500000,739.500000,36,552,-15.000000,15.000000,false,true,82.500000,189.000000,41.510000
DSP,candidate,2024-08,2024-11,3,2024-09-01,locked,543.316528,493.498388,633.738630,343.578669,668.109938,36,552,8.683472,8.683472,true,true,140.240242,324.531269,28.741969
DSP,baseline_a,2024-09,2024-10,1,2024-10-01,locked,623.333333,606.500000,661.916667,533.166667,693.666667,36,684,60.666667,60.666667,false,true,55.416667,160.500000,32.928333
DSP,baseline_b,2024-09,2024-10,1,2024-10-01,locked,485.000000,527.500000,609.250000,468.500000,657.500000,36,684,199.000000,199.000000,false,false,81.750000,189.000000,96.035000
DSP,candidate,2024-09,2024-10,1,2024-10-01,locked,625.261182,544.699286,688.866500,481.494723,724.414395,36,684,58.738818,58.738818,true,true,144.167214,242.919672,35.881272
DSP,baseline_a,2024-09,2024-12,3,2024-10-01,locked,623.333333,604.916667,692.666667,519.666667,715.333333,36,666,42.666667,42.666667,true,true,87.750000,195.666666,25.135000
DSP,baseline_b,2024-09,2024-12,3,2024-10-01,locked,544.000000,586.500000,668.250000,527.500000,716.500000,36,666,122.000000,122.000000,true,true,81.750000,189.000000,40.135000
DSP,candidate,2024-09,2024-12,3,2024-10-01,locked,575.154358,525.336218,665.576461,375.416499,699.947769,36,666,90.845642,90.845642,false,true,140.240243,324.531270,45.343819
DSP,baseline_a,2024-10,2024-11,1,2024-11-01,locked,644.666667,627.833333,683.250000,554.500000,715.000000,36,552,-92.666667,92.666667,false,false,55.416667,160.500000,61.828333
DSP,baseline_b,2024-10,2024-11,1,2024-11-01,locked,567.000000,609.500000,692.250000,550.500000,741.000000,36,552,-15.000000,15.000000,false,true,82.750000,190.500000,41.895000
DSP,candidate,2024-10,2024-11,1,2024-11-01,locked,679.027842,598.465946,742.633160,535.261383,778.181055,36,552,-127.027842,127.027842,false,true,144.167214,242.919672,68.125455
DSP,baseline_a,2024-10,2025-01,3,2024-11-01,locked,644.666667,626.250000,714.000000,541.000000,736.000000,36,613,-31.666667,31.666667,false,true,87.750000,195.000000,28.208333
DSP,baseline_b,2024-10,2025-01,3,2024-11-01,locked,537.000000,579.500000,662.250000,520.500000,711.000000,36,613,76.000000,76.000000,true,true,82.750000,190.500000,31.095000
DSP,candidate,2024-10,2025-01,3,2024-11-01,locked,614.237720,564.419580,704.659823,414.499861,739.031130,36,613,-1.237720,1.237720,true,true,140.240243,324.531269,27.252819
DSP,baseline_a,2024-11,2024-12,1,2024-12-01,locked,615.333333,592.083333,653.916667,519.666667,685.666667,36,666,50.666667,50.666667,false,true,61.833334,166.000000,27.790000
DSP,baseline_b,2024-11,2024-12,1,2024-12-01,locked,544.000000,576.000000,669.250000,524.500000,718.000000,36,666,122.000000,122.000000,true,true,93.250000,193.500000,41.465000
DSP,candidate,2024-11,2024-12,1,2024-12-01,locked,520.475248,434.686674,584.080566,367.341268,619.628461,36,666,145.524752,145.524752,false,false,149.393892,252.287193,105.452217
DSP,baseline_a,2024-11,2025-02,3,2024-12-01,locked,615.333333,589.250000,684.666667,511.666667,706.666667,36,561,-54.333333,54.333333,false,true,95.416667,195.000000,39.508333
DSP,baseline_b,2024-11,2025-02,3,2024-12-01,locked,629.000000,661.000000,754.250000,609.500000,803.000000,36,561,-68.000000,68.000000,false,false,93.250000,193.500000,90.065000
DSP,candidate,2024-11,2025-02,3,2024-12-01,locked,521.816893,471.998753,612.238995,322.079034,646.610303,36,561,39.183107,39.183107,true,true,140.240242,324.531269,34.841896
DSP,baseline_a,2024-12,2025-01,1,2025-01-01,locked,634.000000,610.750000,676.333333,538.333333,704.333333,36,613,-21.000000,21.000000,true,true,65.583333,166.000000,17.398333
DSP,baseline_b,2024-12,2025-01,1,2025-01-01,locked,537.000000,569.000000,662.250000,517.500000,711.000000,36,613,76.000000,76.000000,true,true,93.250000,193.500000,32.265000
DSP,candidate,2024-12,2025-01,1,2025-01-01,locked,633.292585,547.504010,700.418333,480.158605,746.401493,36,613,-20.292585,20.292585,true,true,152.914323,266.242888,29.999665
DSP,baseline_a,2024-12,2025-03,3,2025-01-01,locked,634.000000,607.916667,703.333333,530.333333,725.333333,36,753,119.000000,119.000000,false,false,95.416666,195.000000,72.075000
DSP,baseline_b,2024-12,2025-03,3,2025-01-01,locked,584.000000,616.000000,709.250000,564.500000,758.000000,36,753,169.000000,169.000000,false,true,93.250000,193.500000,68.365000
DSP,candidate,2024-12,2025-03,3,2025-01-01,locked,675.170574,625.352434,768.601632,475.432715,799.963985,36,753,77.829426,77.829426,true,true,143.249198,324.531270,42.872056
DSP,baseline_a,2025-01,2025-02,1,2025-02-01,locked,610.333333,591.333333,652.666667,523.166667,680.666667,36,561,-49.333333,49.333333,false,true,61.333334,157.500000,34.433333
DSP,baseline_b,2025-01,2025-02,1,2025-02-01,locked,629.000000,671.500000,754.250000,609.500000,803.000000,36,561,-68.000000,68.000000,false,false,82.750000,193.500000,93.215000
DSP,candidate,2025-01,2025-02,1,2025-02-01,locked,628.218637,543.955576,695.344385,475.084657,741.327545,36,561,-67.218637,67.218637,true,true,151.388809,266.242888,39.232324
DSP,baseline_a,2025-01,2025-04,3,2025-02-01,locked,610.333333,586.166667,679.666667,532.500000,701.666667,36,678,67.666667,67.666667,true,true,93.500000,169.166667,29.650000
DSP,baseline_b,2025-01,2025-04,3,2025-02-01,locked,618.000000,660.500000,743.250000,598.500000,792.000000,36,678,60.000000,60.000000,true,true,82.750000,193.500000,28.015000
DSP,candidate,2025-01,2025-04,3,2025-02-01,locked,590.224086,540.405946,683.655144,390.486227,715.017496,36,678,87.775914,87.775914,true,true,143.249198,324.531269,44.861353
DSP,baseline_a,2025-02,2025-03,1,2025-03-01,locked,613.333333,588.083333,655.666667,526.166667,683.666667,36,753,139.666667,139.666667,false,false,67.583334,157.500000,107.658333
DSP,baseline_b,2025-02,2025-03,1,2025-03-01,locked,584.000000,626.500000,709.250000,564.500000,758.000000,36,753,169.000000,169.000000,false,true,82.750000,193.500000,67.315000
DSP,candidate,2025-02,2025-03,1,2025-03-01,locked,595.734773,511.471712,662.860521,442.600793,708.843681,36,753,157.265227,157.265227,false,false,151.388809,266.242888,110.959961
DSP,baseline_a,2025-02,2025-05,3,2025-03-01,locked,613.333333,589.166667,682.666667,535.500000,704.666667,36,499,-114.333333,114.333333,false,false,93.500000,169.166667,89.650000
DSP,baseline_b,2025-02,2025-05,3,2025-03-01,locked,645.000000,687.500000,770.250000,625.500000,819.000000,36,499,-146.000000,146.000000,false,false,82.750000,193.500000,171.215000
DSP,candidate,2025-02,2025-05,3,2025-03-01,locked,518.390776,468.572636,611.821835,318.652917,643.184187,36,499,-19.390776,19.390776,true,true,143.249199,324.531270,31.184326
DSP,baseline_a,2025-03,2025-04,1,2025-04-01,locked,642.333333,617.083333,684.666667,555.166667,712.666667,36,678,35.666667,35.666667,true,true,67.583334,157.500000,20.191667
DSP,baseline_b,2025-03,2025-04,1,2025-04-01,locked,618.000000,660.500000,747.750000,598.500000,792.000000,36,678,60.000000,60.000000,true,true,87.250000,193.500000,28.465000
DSP,candidate,2025-03,2025-04,1,2025-04-01,locked,653.118232,568.855172,736.457503,499.984252,787.097571,36,678,24.881768,24.881768,true,true,167.602331,287.113319,33.221119
DSP,baseline_a,2025-03,2025-06,3,2025-04-01,locked,642.333333,618.166667,714.250000,564.500000,749.833333,36,524,-118.333333,118.333333,false,false,96.083333,185.333333,94.555000
DSP,baseline_b,2025-03,2025-06,3,2025-04-01,locked,534.000000,576.500000,663.750000,514.500000,708.000000,36,524,-10.000000,10.000000,false,true,87.250000,193.500000,39.465000
DSP,candidate,2025-03,2025-06,3,2025-04-01,locked,711.287196,661.469056,804.718254,511.549337,836.080606,36,524,-187.287196,187.287196,false,true,143.249198,324.531269,119.751232
DSP,baseline_a,2025-04,2025-05,1,2025-05-01,locked,664.000000,638.750000,702.583333,576.833333,734.166667,36,499,-165.000000,165.000000,false,false,63.833333,157.333334,132.710000
DSP,baseline_b,2025-04,2025-05,1,2025-05-01,locked,645.000000,687.500000,774.750000,625.500000,819.000000,36,499,-146.000000,146.000000,false,false,87.250000,193.500000,171.665000
DSP,candidate,2025-04,2025-05,1,2025-05-01,locked,656.409320,572.146259,739.748590,503.275340,790.388659,36,499,-157.409320,157.409320,false,false,167.602331,287.113319,90.695269
DSP,baseline_a,2025-04,2025-07,3,2025-05-01,locked,664.000000,639.833333,735.916667,586.166667,771.500000,36,721,57.000000,57.000000,true,true,96.083334,185.333333,28.421667
DSP,baseline_b,2025-04,2025-07,3,2025-05-01,locked,620.000000,662.500000,749.750000,600.500000,794.000000,36,721,101.000000,101.000000,true,true,87.250000,193.500000,36.665000
DSP,candidate,2025-04,2025-07,3,2025-05-01,locked,779.807681,729.989541,868.351028,580.069822,903.511068,36,721,-58.807681,58.807681,false,true,138.361487,323.441246,42.131151
DSP,baseline_a,2025-05,2025-06,1,2025-06-01,locked,643.333333,602.916667,681.916667,547.666667,713.500000,36,524,-119.333333,119.333333,false,false,79.000000,165.833333,79.433334
DSP,baseline_b,2025-05,2025-06,1,2025-06-01,locked,534.000000,562.500000,663.750000,496.000000,708.000000,36,524,-10.000000,10.000000,false,true,101.250000,212.000000,36.005000
DSP,candidate,2025-05,2025-06,1,2025-06-01,locked,558.531185,461.090373,641.870456,390.206466,692.510524,36,524,-34.531185,34.531185,true,true,180.780083,302.304058,37.076408
DSP,baseline_a,2025-05,2025-08,3,2025-06-01,locked,643.333333,608.083333,712.666667,539.666667,750.833333,36,507,-136.333333,136.333333,false,false,104.583334,211.166666,99.671667
DSP,baseline_b,2025-05,2025-08,3,2025-06-01,locked,640.000000,668.500000,769.750000,602.000000,814.000000,36,507,-133.000000,133.000000,false,false,101.250000,212.000000,147.805000
DSP,candidate,2025-05,2025-08,3,2025-06-01,locked,702.371080,652.552940,789.440335,502.633221,823.818572,36,507,-195.371080,195.371080,false,true,136.887395,321.185351,123.831546
DSP,baseline_a,2025-06,2025-07,1,2025-07-01,locked,567.000000,518.916667,605.583333,458.000000,637.166667,36,721,154.000000,154.000000,false,false,86.666666,179.166667,126.333333
DSP,baseline_b,2025-06,2025-07,1,2025-07-01,locked,620.000000,635.000000,749.750000,582.000000,794.000000,36,721,101.000000,101.000000,true,true,114.750000,212.000000,40.155000
DSP,candidate,2025-06,2025-07,1,2025-07-01,locked,566.071452,481.808391,649.410722,397.746733,700.050791,36,721,154.928548,154.928548,false,false,167.602331,302.304058,96.853500
DSP,baseline_a,2025-06,2025-09,3,2025-07-01,locked,567.000000,520.166667,636.333333,450.666667,674.500000,36,612,45.000000,45.000000,true,true,116.166666,223.833333,29.570000
DSP,baseline_b,2025-06,2025-09,3,2025-07-01,locked,610.000000,625.000000,739.750000,572.000000,784.000000,36,612,2.000000,2.000000,false,true,114.750000,212.000000,25.555000
DSP,candidate,2025-06,2025-09,3,2025-07-01,locked,537.614412,486.065820,624.683667,321.393969,659.061904,36,612,74.385588,74.385588,true,true,138.617847,337.667935,42.245620
DSP,baseline_a,2025-07,2025-08,1,2025-08-01,locked,581.333333,533.250000,619.916667,472.333333,691.000000,36,507,-74.333333,74.333333,false,true,86.666667,218.666667,42.780000
DSP,baseline_b,2025-07,2025-08,1,2025-08-01,locked,640.000000,655.000000,769.750000,602.000000,814.000000,36,507,-133.000000,133.000000,false,false,114.750000,212.000000,143.755000
DSP,candidate,2025-07,2025-08,1,2025-08-01,locked,817.517177,733.254117,909.138705,649.192458,967.743827,36,507,-310.517177,310.517177,false,false,175.884588,318.551369,239.812579
DSP,baseline_a,2025-07,2025-10,3,2025-08-01,locked,581.333333,534.500000,649.250000,465.000000,688.833333,36,640,58.666667,58.666667,true,true,114.750000,223.833333,32.161667
DSP,baseline_b,2025-07,2025-10,3,2025-08-01,locked,684.000000,699.000000,813.750000,646.000000,858.000000,36,640,-44.000000,44.000000,false,false,114.750000,212.000000,54.755000
DSP,candidate,2025-07,2025-10,3,2025-08-01,locked,700.190151,646.661207,787.259406,483.969708,821.637643,36,640,-60.190151,60.190151,false,true,140.598199,337.667935,42.269050
DSP,baseline_a,2025-08,2025-09,1,2025-09-01,locked,584.000000,532.750000,621.000000,475.000000,693.666667,36,612,28.000000,28.000000,true,true,88.250000,218.666667,23.171667
DSP,baseline_b,2025-08,2025-09,1,2025-09-01,locked,610.000000,612.250000,739.750000,550.000000,784.000000,36,612,2.000000,2.000000,false,true,127.500000,234.000000,22.610000
DSP,candidate,2025-08,2025-09,1,2025-09-01,locked,443.995703,359.732643,535.617232,255.888360,594.222353,36,612,168.004297,168.004297,false,false,175.884589,338.333993,102.386844
DSP,baseline_a,2025-08,2025-11,3,2025-09-01,locked,584.000000,533.416667,651.916667,464.166667,691.500000,36,610,26.000000,26.000000,true,true,118.500000,227.333333,26.143333
DSP,baseline_b,2025-08,2025-11,3,2025-09-01,locked,552.000000,554.250000,681.750000,492.000000,726.000000,36,610,58.000000,58.000000,true,true,127.500000,234.000000,33.710000
DSP,candidate,2025-08,2025-11,3,2025-09-01,locked,455.853567,402.324623,542.922822,264.524429,577.301059,36,610,154.146433,154.146433,false,false,140.598199,312.776630,97.310619
DSP,baseline_a,2025-09,2025-10,1,2025-10-01,locked,613.333333,565.250000,650.333333,504.333333,723.000000,36,640,26.666667,26.666667,true,true,85.083333,218.666667,22.588333
DSP,baseline_b,2025-09,2025-10,1,2025-10-01,locked,684.000000,683.250000,813.750000,624.000000,858.000000,36,640,-44.000000,44.000000,false,true,130.500000,234.000000,48.510000
DSP,candidate,2025-09,2025-10,1,2025-10-01,locked,607.533803,523.270743,701.160222,419.426460,763.630691,36,640,32.466197,32.466197,true,true,177.889479,344.204231,38.050357
DSP,baseline_a,2025-09,2025-12,3,2025-10-01,locked,613.333333,562.750000,681.250000,493.500000,720.833333,36,785,171.666667,171.666667,false,false,118.500000,227.333333,122.443334
DSP,baseline_b,2025-09,2025-12,3,2025-10-01,locked,666.000000,665.250000,795.750000,606.000000,840.000000,36,785,119.000000,119.000000,true,true,130.500000,234.000000,46.210000
DSP,candidate,2025-09,2025-12,3,2025-10-01,locked,561.924876,508.395931,648.994130,370.595738,683.372367,36,785,223.075124,223.075124,false,false,140.598199,312.776629,166.239311
DSP,baseline_a,2025-10,2025-11,1,2025-11-01,locked,586.333333,538.250000,623.333333,477.333333,696.000000,36,610,23.666667,23.666667,true,true,85.083333,218.666667,21.988333
DSP,baseline_b,2025-10,2025-11,1,2025-11-01,locked,552.000000,542.750000,681.750000,492.000000,726.000000,36,610,58.000000,58.000000,true,true,139.000000,234.000000,34.860000
DSP,candidate,2025-10,2025-11,1,2025-11-01,locked,621.469888,537.206828,715.096306,433.362545,777.566776,36,610,-11.469888,11.469888,true,true,177.889478,344.204231,33.851095
DSP,baseline_a,2025-11,2025-12,1,2025-12-01,locked,620.666667,572.583333,657.666667,511.666667,730.333333,36,785,164.333333,164.333333,false,false,85.083334,218.666666,122.921667
DSP,baseline_b,2025-11,2025-12,1,2025-12-01,locked,666.000000,656.750000,795.750000,606.000000,840.000000,36,785,119.000000,119.000000,true,true,139.000000,234.000000,47.060000
DSP,candidate,2025-11,2025-12,1,2025-12-01,locked,578.002826,493.739766,671.629244,389.895483,734.099714,36,785,206.997174,206.997174,false,false,177.889478,344.204231,138.664969
DSP,baseline_a,2025-12,2026-01,1,2026-01-01,recent,678.333333,630.250000,715.333333,569.333333,788.000000,36,1751,1072.666667,1072.666667,false,false,85.083333,218.666667,1031.255000
DSP,baseline_b,2025-12,2026-01,1,2026-01-01,recent,613.000000,603.750000,737.500000,553.000000,787.000000,36,1751,1138.000000,1138.000000,false,false,133.750000,234.000000,1041.335000
DSP,candidate,2025-12,2026-01,1,2026-01-01,recent,727.316344,643.053284,820.942762,539.209001,883.413232,36,1751,1023.683656,1023.683656,false,false,177.889478,344.204231,955.351451
DSP,baseline_a,2025-12,2026-03,3,2026-01-01,recent,678.333333,627.750000,746.250000,558.500000,787.000000,36,690,11.666667,11.666667,true,true,118.500000,228.500000,23.323333
DSP,baseline_b,2025-12,2026-03,3,2026-01-01,recent,753.000000,743.750000,877.500000,693.000000,927.000000,36,690,-63.000000,63.000000,false,false,133.750000,234.000000,58.035000
DSP,candidate,2025-12,2026-03,3,2026-01-01,recent,789.762208,730.608909,878.305555,598.433070,931.123168,36,690,-99.762208,99.762208,false,true,147.696646,332.690098,64.273274
DSP,baseline_a,2026-01,2026-02,1,2026-02-01,recent,1048.666667,1000.583333,1085.666667,939.666667,1158.333333,36,626,-422.666667,422.666667,false,false,85.083334,218.666666,377.088333
DSP,baseline_b,2026-01,2026-02,1,2026-02-01,recent,561.000000,551.750000,685.500000,501.000000,735.000000,36,626,65.000000,65.000000,true,true,133.750000,234.000000,35.735000
DSP,candidate,2026-01,2026-02,1,2026-02-01,recent,1513.415145,1429.152085,1607.041564,1325.307802,1669.512033,36,626,-887.415145,887.415145,false,false,177.889479,344.204231,810.024101
DSP,baseline_a,2026-01,2026-04,3,2026-02-01,recent,1048.666667,998.083333,1116.583333,928.833333,1157.333333,36,820,-228.666667,228.666667,false,false,118.500000,228.500000,181.490000
DSP,baseline_b,2026-01,2026-04,3,2026-02-01,recent,678.000000,668.750000,802.500000,618.000000,852.000000,36,820,142.000000,142.000000,false,true,133.750000,234.000000,58.135000
DSP,candidate,2026-01,2026-04,3,2026-02-01,recent,1441.373773,1382.220474,1529.917119,1250.044635,1582.734733,36,820,-621.373773,621.373773,false,false,147.696645,332.690098,549.258067
DSP,baseline_a,2026-02,2026-03,1,2026-03-01,recent,1054.000000,998.416667,1091.000000,912.666667,1163.666667,36,690,-364.000000,364.000000,false,false,92.583333,251.000000,304.531667
DSP,baseline_b,2026-02,2026-03,1,2026-03-01,recent,753.000000,743.750000,875.500000,693.000000,924.000000,36,690,-63.000000,63.000000,false,false,131.750000,231.000000,57.715000
DSP,candidate,2026-02,2026-03,1,2026-03-01,recent,828.567005,744.303944,922.193423,640.459661,984.663893,36,690,-138.567005,138.567005,false,true,177.889479,344.204232,80.992096
DSP,baseline_a,2026-02,2026-05,3,2026-03-01,recent,1054.000000,1003.416667,1114.916667,934.166667,1145.333333,36,608,-446.000000,446.000000,false,false,111.500000,211.166666,397.430000
DSP,baseline_b,2026-02,2026-05,3,2026-03-01,recent,499.000000,489.750000,621.500000,439.000000,670.000000,36,608,109.000000,109.000000,true,true,131.750000,231.000000,44.215000
DSP,candidate,2026-02,2026-05,3,2026-03-01,recent,703.312331,644.159032,790.381586,511.983193,824.759823,36,608,-95.312331,95.312331,false,true,146.222554,312.776630,60.659400
DSP,baseline_a,2026-03,2026-04,1,2026-04-01,recent,1022.333333,966.750000,1059.333333,880.166667,1132.000000,36,820,-202.333333,202.333333,false,false,92.583333,251.833333,142.565000
DSP,baseline_b,2026-03,2026-04,1,2026-04-01,recent,678.000000,666.750000,797.750000,612.500000,849.000000,36,820,142.000000,142.000000,false,true,131.000000,236.500000,59.860000
DSP,candidate,2026-03,2026-04,1,2026-04-01,recent,649.211462,564.948401,742.837880,472.019517,805.308350,36,820,170.788538,170.788538,false,false,177.889479,333.288833,102.019717
DSP,baseline_a,2026-03,2026-06,3,2026-04-01,recent,1022.333333,971.750000,1079.750000,902.500000,1113.666667,36,607,-415.333333,415.333333,false,false,108.000000,211.166667,366.413333
DSP,baseline_b,2026-03,2026-06,3,2026-04-01,recent,524.000000,512.750000,643.750000,458.500000,695.000000,36,607,83.000000,83.000000,true,true,131.000000,236.500000,39.160000
DSP,candidate,2026-03,2026-06,3,2026-04-01,recent,682.893359,620.386298,769.962613,491.564221,804.340851,36,607,-75.893359,75.893359,false,true,149.576315,312.776630,48.001888
DSP,baseline_a,2026-04,2026-05,1,2026-05-01,recent,712.000000,656.416667,749.000000,569.833333,821.666667,36,608,-104.000000,104.000000,false,true,92.583333,251.833334,59.498333
DSP,baseline_b,2026-04,2026-05,1,2026-05-01,recent,499.000000,487.750000,622.000000,433.500000,670.000000,36,608,109.000000,109.000000,true,true,134.250000,236.500000,44.685000
DSP,candidate,2026-04,2026-05,1,2026-05-01,recent,728.292069,644.029009,825.129944,551.100125,890.926831,36,608,-120.292069,120.292069,false,true,181.100935,339.826706,70.173179
DSP,baseline_a,2026-04,2026-07,3,2026-05-01,recent,712.000000,661.416667,769.416667,592.166667,803.333333,36,748,36.000000,36.000000,true,true,108.000000,211.166666,26.446667
DSP,baseline_b,2026-04,2026-07,3,2026-05-01,recent,721.000000,709.750000,844.000000,655.500000,892.000000,36,748,27.000000,27.000000,true,true,134.250000,236.500000,28.285000
DSP,candidate,2026-04,2026-07,3,2026-05-01,recent,887.867005,825.359944,974.936260,696.537867,1009.314497,36,748,-139.867005,139.867005,false,true,149.576316,312.776630,86.386075
DSP,baseline_a,2026-05,2026-06,1,2026-06-01,recent,706.000000,629.833333,741.916667,563.833333,815.666667,36,607,-99.000000,99.000000,false,true,112.083334,251.833334,50.215000
DSP,baseline_b,2026-05,2026-06,1,2026-06-01,recent,524.000000,512.750000,643.750000,458.500000,687.000000,36,607,83.000000,83.000000,true,true,131.000000,228.500000,38.840000
DSP,candidate,2026-05,2026-06,1,2026-06-01,recent,710.389468,612.280335,804.015886,533.197524,873.024230,36,607,-103.389468,103.389468,false,true,191.735551,339.826706,55.556651
DSP,baseline_a,2026-05,2026-08,3,2026-06-01,recent,706.000000,655.416667,763.416667,584.833333,797.333333,36,731,25.000000,25.000000,true,true,108.000000,212.500000,24.300000
DSP,baseline_b,2026-05,2026-08,3,2026-06-01,recent,507.000000,495.750000,626.750000,441.500000,670.000000,36,731,224.000000,224.000000,false,false,131.000000,228.500000,133.140000
DSP,candidate,2026-05,2026-08,3,2026-06-01,recent,873.802452,797.881027,960.871706,682.473314,995.249944,36,731,-142.802452,142.802452,false,true,162.990679,312.776630,84.123034
DSP,baseline_a,2026-06,2026-07,1,2026-07-01,recent,678.333333,593.916667,714.250000,536.166667,788.000000,36,748,69.666667,69.666667,false,true,120.333333,251.833333,49.540000
DSP,baseline_b,2026-06,2026-07,1,2026-07-01,recent,721.000000,709.750000,835.500000,655.500000,870.500000,36,748,27.000000,27.000000,true,true,125.750000,215.000000,26.575000
DSP,candidate,2026-06,2026-07,1,2026-07-01,recent,693.846245,595.329827,787.472663,516.654301,856.481007,36,748,54.153755,54.153755,true,true,192.142836,339.826706,43.638103
DSP,baseline_a,2026-07,2026-08,1,2026-08-01,recent,654.333333,578.166667,691.916667,512.166667,764.000000,36,731,76.666667,76.666667,false,true,113.750000,251.833333,52.415000
DSP,baseline_b,2026-07,2026-08,1,2026-08-01,recent,507.000000,495.750000,621.500000,441.500000,656.500000,36,731,224.000000,224.000000,false,false,125.750000,215.000000,139.575000
DSP,candidate,2026-07,2026-08,1,2026-08-01,recent,823.096724,738.833664,916.723142,675.108562,985.731486,36,731,-92.096724,92.096724,false,true,177.889478,310.622924,51.766675
DSQ,baseline_a,2021-10,2022-01,3,2021-11-01,development,1396.666667,916.500000,1843.666667,578.766667,2098.266667,32,1060,-336.666667,336.666667,true,true,927.166667,1519.500000,220.830000
DSQ,baseline_b,2021-10,2022-01,3,2021-11-01,development,858.000000,634.750000,1252.250000,0.000000,1793.700000,32,1060,202.000000,202.000000,true,true,617.500000,1793.700000,173.898000
DSQ,candidate,2021-10,2022-01,3,2021-11-01,development,1161.708247,751.263933,1692.200365,586.512331,2055.339915,32,1060,-101.708247,101.708247,true,true,940.936432,1468.827584,173.188396
DSQ,baseline_a,2021-11,2022-02,3,2021-12-01,development,1333.000000,870.333333,1771.666667,526.866667,2033.533333,33,2798,1465.000000,1465.000000,false,false,901.333334,1506.666666,1159.720000
DSQ,baseline_b,2021-11,2022-02,3,2021-12-01,development,1828.000000,1607.000000,2218.000000,693.600000,2758.400000,33,2798,970.000000,970.000000,false,false,611.000000,2064.800000,585.532000
DSQ,candidate,2021-11,2022-02,3,2021-12-01,development,1722.192113,1293.736656,2230.177004,1112.930865,2600.221411,33,2798,1075.807887,1075.807887,false,false,936.440348,1487.290546,674.537868
DSQ,baseline_a,2021-12,2022-01,1,2022-01-01,development,1348.333333,879.583333,1956.583333,551.833333,2254.833333,36,1060,-288.333333,288.333333,true,true,1077.000000,1703.000000,233.486667
DSQ,baseline_b,2021-12,2022-01,1,2022-01-01,development,858.000000,682.750000,1252.250000,0.000000,1809.500000,36,1060,202.000000,202.000000,true,true,569.500000,1809.500000,169.730000
DSQ,candidate,2021-12,2022-01,1,2022-01-01,development,1037.522257,490.378263,1681.093895,353.155372,1933.578905,36,1060,22.477743,22.477743,true,true,1190.715632,1580.423533,186.784053
DSQ,baseline_a,2021-12,2022-03,3,2022-01-01,development,1348.333333,903.583333,1769.583333,553.966667,2047.800000,34,2513,1164.666667,1164.666667,false,false,866.000000,1493.833333,862.733334
DSQ,baseline_b,2021-12,2022-03,3,2022-01-01,development,1949.000000,1743.250000,2328.500000,848.900000,2874.100000,34,2513,564.000000,564.000000,false,true,585.250000,2025.200000,326.133000
DSQ,candidate,2021-12,2022-03,3,2022-01-01,development,1341.471400,919.019657,1812.352534,735.703480,2203.898328,34,2513,1171.528600,1171.528600,false,false,893.332877,1468.194848,786.266457
DSQ,baseline_a,2022-01,2022-02,1,2022-02-01,development,1036.333333,567.583333,1644.583333,239.833333,1942.833333,36,2798,1761.666667,1761.666667,false,false,1077.000000,1703.000000,1331.586667
DSQ,baseline_b,2022-01,2022-02,1,2022-02-01,development,1828.000000,1652.750000,2222.250000,796.500000,2779.500000,36,2798,970.000000,970.000000,false,false,569.500000,1983.000000,567.970000
DSQ,candidate,2022-01,2022-02,1,2022-02-01,development,1671.389889,1124.245895,2314.961527,987.023004,2567.446537,36,2798,1126.610111,1126.610111,false,false,1190.715632,1580.423533,693.047301
DSQ,baseline_a,2022-01,2022-04,3,2022-02-01,development,1036.333333,609.500000,1440.166667,253.733333,1734.733333,35,1015,-21.333333,21.333333,true,true,830.666667,1481.000000,146.573333
DSQ,baseline_b,2022-01,2022-04,3,2022-02-01,development,1012.000000,821.500000,1381.000000,0.000000,1931.800000,35,1015,3.000000,3.000000,true,true,559.500000,1931.800000,133.822000
DSQ,candidate,2022-01,2022-04,3,2022-02-01,development,1161.320275,744.872246,1595.097653,559.045684,2008.144834,35,1015,-146.320275,146.320275,true,true,850.225407,1449.099150,172.250562
DSQ,baseline_a,2022-02,2022-03,1,2022-03-01,development,1623.666667,1154.916667,2231.916667,827.166667,2530.166667,36,2513,889.333333,889.333333,false,true,1077.000000,1703.000000,466.120000
DSQ,baseline_b,2022-02,2022-03,1,2022-03-01,development,1949.000000,1773.750000,2343.250000,917.500000,2900.500000,36,2513,564.000000,564.000000,false,true,569.500000,1983.000000,316.970000
DSQ,candidate,2022-02,2022-03,1,2022-03-01,development,1441.586879,894.442884,2085.158516,757.219993,2337.643526,36,2513,1071.413121,1071.413121,false,false,1190.715632,1580.423533,637.850312
DSQ,baseline_a,2022-02,2022-05,3,2022-03-01,development,1623.666667,1214.750000,2070.666667,852.833333,2328.000000,36,920,-703.666667,703.666667,false,true,855.916667,1475.166667,403.231667
DSQ,baseline_b,2022-02,2022-05,3,2022-03-01,development,895.000000,719.750000,1289.250000,0.000000,1846.500000,36,920,25.000000,25.000000,true,true,569.500000,1846.500000,135.810000
DSQ,candidate,2022-02,2022-05,3,2022-03-01,development,998.311878,587.867563,1528.803996,399.530617,1934.607154,36,920,-78.311878,78.311878,true,true,940.936433,1535.076537,171.159080
DSQ,baseline_a,2022-03,2022-04,1,2022-04-01,development,2123.666667,1684.083333,2782.916667,1402.166667,3039.333333,36,1015,-1108.666667,1108.666667,false,false,1098.833334,1637.166666,819.603333
DSQ,baseline_b,2022-03,2022-04,1,2022-04-01,development,1012.000000,836.750000,1458.250000,0.000000,1963.500000,36,1015,3.000000,3.000000,true,true,621.500000,1963.500000,141.290000
DSQ,candidate,2022-03,2022-04,1,2022-04-01,development,1353.885954,893.232262,2019.729063,711.029862,2265.940017,36,1015,-338.885954,338.885954,true,true,1126.496801,1554.910155,242.623277
DSQ,baseline_a,2022-03,2022-06,3,2022-04-01,development,2123.666667,1738.666667,2624.083333,1352.833333,2840.500000,36,1713,-410.666667,410.666667,false,true,885.416666,1487.666667,240.448333
DSQ,baseline_b,2022-03,2022-06,3,2022-04-01,development,2017.000000,1841.750000,2463.250000,985.500000,2968.500000,36,1713,-304.000000,304.000000,false,true,621.500000,1983.000000,253.770000
DSQ,candidate,2022-03,2022-06,3,2022-04-01,development,1439.678956,1029.234642,2045.977332,840.897695,2407.612867,36,1713,273.321044,273.321044,true,true,1016.742690,1566.715172,219.007085
DSQ,baseline_a,2022-04,2022-05,1,2022-05-01,development,2108.666667,1639.916667,2767.916667,1312.166667,3024.333333,36,920,-1188.666667,1188.666667,false,false,1128.000000,1712.166666,863.853334
DSQ,baseline_b,2022-04,2022-05,1,2022-05-01,development,895.000000,719.750000,1289.250000,0.000000,1809.500000,36,920,25.000000,25.000000,true,true,569.500000,1809.500000,134.330000
DSQ,candidate,2022-04,2022-05,1,2022-05-01,development,1055.343382,594.689689,1698.915020,412.487290,1967.397445,36,920,-135.343382,135.343382,true,true,1104.225331,1554.910155,199.687616
DSQ,baseline_a,2022-04,2022-07,3,2022-05-01,development,2108.666667,1723.666667,2555.666667,1337.833333,2823.833333,36,937,-1171.666667,1171.666667,false,false,832.000000,1486.000000,851.973333
DSQ,baseline_b,2022-04,2022-07,3,2022-05-01,development,968.000000,792.750000,1362.250000,0.000000,1882.500000,36,937,-31.000000,31.000000,true,true,569.500000,1882.500000,138.450000
DSQ,candidate,2022-04,2022-07,3,2022-05-01,development,1532.940148,1122.495833,2063.432265,934.158886,2469.235423,36,937,-595.940148,595.940148,false,true,940.936432,1535.076537,348.883067
DSQ,baseline_a,2022-05,2022-06,1,2022-06-01,development,1482.666667,1013.916667,2141.916667,686.166667,2398.333333,36,1713,230.333333,230.333333,true,true,1128.000000,1712.166666,227.353333
DSQ,baseline_b,2022-05,2022-06,1,2022-06-01,development,2017.000000,1841.750000,2411.250000,985.500000,2931.500000,36,1713,-304.000000,304.000000,false,true,569.500000,1946.000000,247.090000
DSQ,candidate,2022-05,2022-06,1,2022-06-01,development,1358.226925,958.783096,2001.798563,715.370833,2270.280988,36,1713,354.773075,354.773075,true,true,1043.015467,1554.910155,237.452568
DSQ,baseline_a,2022-05,2022-08,3,2022-06-01,development,1482.666667,1097.666667,1929.666667,774.833333,2197.833333,36,1129,-353.666667,353.666667,true,true,832.000000,1423.000000,210.853333
DSQ,baseline_b,2022-05,2022-08,3,2022-06-01,development,1227.000000,1051.750000,1621.250000,195.500000,2141.500000,36,1129,-98.000000,98.000000,true,true,569.500000,1946.000000,154.390000
DSQ,candidate,2022-05,2022-08,3,2022-06-01,development,1601.623625,1197.383402,2132.115743,1033.435865,2537.918901,36,1129,-472.623625,472.623625,false,true,934.732341,1504.483036,275.530641
DSQ,baseline_a,2022-06,2022-07,1,2022-07-01,development,1216.000000,755.000000,1875.250000,419.500000,2131.666667,36,937,-279.000000,279.000000,true,true,1120.250000,1712.166667,236.311667
DSQ,baseline_b,2022-06,2022-07,1,2022-07-01,development,968.000000,744.750000,1362.250000,0.000000,1882.500000,36,937,-31.000000,31.000000,true,true,617.500000,1882.500000,143.250000
DSQ,candidate,2022-06,2022-07,1,2022-07-01,development,1539.369963,1188.425309,2182.941600,896.513870,2451.424025,36,937,-602.369963,602.369963,false,true,994.516291,1554.910155,382.692152
DSQ,baseline_a,2022-06,2022-09,3,2022-07-01,development,1216.000000,831.000000,1663.000000,550.000000,1931.166667,36,1448,232.000000,232.000000,true,true,832.000000,1381.166667,184.846667
DSQ,baseline_b,2022-06,2022-09,3,2022-07-01,development,967.000000,743.750000,1361.250000,0.000000,1881.500000,36,1448,481.000000,481.000000,false,true,617.500000,1881.500000,267.910000
DSQ,candidate,2022-06,2022-09,3,2022-07-01,development,1319.257305,932.240832,1849.749422,799.297444,2255.552580,36,1448,128.742695,128.742695,true,true,917.508590,1456.255136,175.749603
DSQ,baseline_a,2022-07,2022-08,1,2022-08-01,development,1190.000000,729.000000,1849.250000,393.500000,2105.666667,36,1129,-61.000000,61.000000,true,true,1120.250000,1712.166667,192.711667
DSQ,baseline_b,2022-07,2022-08,1,2022-08-01,development,1227.000000,1003.750000,1585.500000,195.500000,2141.500000,36,1129,-98.000000,98.000000,true,true,581.750000,1946.000000,155.615000
DSQ,candidate,2022-07,2022-08,1,2022-08-01,development,1573.508257,1136.055388,2146.374022,930.652165,2485.562320,36,1129,-444.508257,444.508257,false,true,1010.318634,1554.910155,254.952076
DSQ,baseline_a,2022-07,2022-10,3,2022-08-01,development,1190.000000,805.000000,1637.000000,524.000000,1905.166667,36,762,-428.000000,428.000000,false,true,832.000000,1381.166667,241.246667
DSQ,baseline_b,2022-07,2022-10,3,2022-08-01,development,1996.000000,1772.750000,2354.500000,964.500000,2910.500000,36,762,-1234.000000,1234.000000,false,false,581.750000,1946.000000,868.115000
DSQ,candidate,2022-07,2022-10,3,2022-08-01,development,1501.969464,1097.729241,2032.461582,943.935584,2438.264740,36,762,-739.969464,739.969464,false,false,934.732341,1494.329156,508.306223
DSQ,baseline_a,2022-08,2022-09,1,2022-09-01,development,1259.666667,798.666667,1867.916667,463.166667,2139.833333,36,1448,188.333333,188.333333,true,true,1069.250000,1676.666666,211.658333
DSQ,baseline_b,2022-08,2022-09,1,2022-09-01,development,967.000000,743.750000,1232.500000,0.000000,1802.000000,36,1448,481.000000,481.000000,false,true,488.750000,1802.000000,303.355000
DSQ,candidate,2022-08,2022-09,1,2022-09-01,development,1183.450785,702.957287,1665.607443,540.594692,2080.983114,36,1448,264.549215,264.549215,true,true,962.650156,1540.388422,210.790395
DSQ,baseline_a,2022-08,2022-11,3,2022-09-01,development,1259.666667,874.666667,1646.083333,593.666667,1957.000000,36,789,-470.666667,470.666667,false,true,771.416666,1363.333333,260.075000
DSQ,baseline_b,2022-08,2022-11,3,2022-09-01,development,1036.000000,812.750000,1301.500000,4.500000,1871.000000,36,789,-247.000000,247.000000,false,true,488.750000,1866.500000,182.435000
DSQ,candidate,2022-08,2022-11,3,2022-09-01,development,1498.433074,1087.988759,1895.106696,940.399194,2356.716502,36,789,-709.433074,709.433074,false,false,807.117937,1416.317308,459.406282
DSQ,baseline_a,2022-09,2022-10,1,2022-10-01,development,1171.333333,710.333333,1779.583333,374.833333,2051.500000,36,762,-409.333333,409.333333,true,true,1069.250000,1676.666667,255.858333
DSQ,baseline_b,2022-09,2022-10,1,2022-10-01,development,1996.000000,1772.750000,2261.500000,964.500000,2722.000000,36,762,-1234.000000,1234.000000,false,false,488.750000,1757.500000,851.275000
DSQ,candidate,2022-09,2022-10,1,2022-10-01,development,1461.549674,981.056177,1907.871870,818.693582,2359.082004,36,762,-699.549674,699.549674,false,false,926.815693,1540.388422,404.506945
DSQ,baseline_a,2022-09,2022-12,3,2022-10-01,development,1171.333333,786.333333,1532.500000,505.333333,1868.666667,36,910,-261.333333,261.333333,true,true,746.166667,1363.333334,181.416667
DSQ,baseline_b,2022-09,2022-12,3,2022-10-01,development,1013.000000,789.750000,1278.500000,0.000000,1739.000000,36,910,-103.000000,103.000000,true,true,488.750000,1739.000000,139.035000
DSQ,candidate,2022-09,2022-12,3,2022-10-01,development,1216.875344,806.431030,1553.988744,658.841464,2075.158772,36,910,-306.875344,306.875344,true,true,747.557714,1416.317308,192.783533
DSQ,baseline_a,2022-10,2022-11,1,2022-11-01,development,1113.000000,696.750000,1721.250000,391.500000,1993.166667,36,789,-324.000000,324.000000,true,true,1024.500000,1601.666667,231.316667
DSQ,baseline_b,2022-10,2022-11,1,2022-11-01,development,1036.000000,812.750000,1301.500000,0.000000,1762.000000,36,789,-247.000000,247.000000,false,true,488.750000,1762.000000,178.255000
DSQ,candidate,2022-10,2022-11,1,2022-11-01,development,1437.360141,956.866643,1883.682336,794.504048,2334.892471,36,789,-648.360141,648.360141,false,false,926.815693,1540.388423,353.317411
DSQ,baseline_a,2022-10,2023-01,3,2022-11-01,development,1113.000000,717.083333,1474.166667,447.000000,1810.333333,36,915,-198.000000,198.000000,true,true,757.083334,1363.333333,169.841667
DSQ,baseline_b,2022-10,2023-01,3,2022-11-01,development,1060.000000,836.750000,1325.500000,0.000000,1786.000000,36,915,-145.000000,145.000000,true,true,488.750000,1786.000000,149.315000
DSQ,candidate,2022-10,2023-01,3,2022-11-01,development,975.117341,564.673026,1312.230741,369.023314,1833.400769,36,915,-60.117341,60.117341,true,true,747.557715,1464.377455,145.354338
DSQ,baseline_a,2022-11,2022-12,1,2022-12-01,development,999.666667,583.416667,1513.083333,278.166667,1879.833333,36,910,-89.666667,89.666667,true,true,929.666666,1601.666666,174.966667
DSQ,baseline_b,2022-11,2022-12,1,2022-12-01,development,1013.000000,778.750000,1224.000000,0.000000,1739.000000,36,910,-103.000000,103.000000,true,true,445.250000,1739.000000,134.685000
DSQ,candidate,2022-11,2022-12,1,2022-12-01,development,1017.572084,425.642678,1386.553293,367.028811,1915.104413,36,910,-107.572084,107.572084,true,true,960.910615,1548.075602,179.528502
DSQ,baseline_a,2022-11,2023-02,3,2022-12-01,development,999.666667,584.666667,1257.500000,333.666667,1684.666667,36,1404,404.333333,404.333333,false,true,672.833333,1351.000000,260.790000
DSQ,baseline_b,2022-11,2023-02,3,2022-12-01,development,2798.000000,2563.750000,3009.000000,1579.500000,3524.000000,36,1404,-1394.000000,1394.000000,false,false,445.250000,1944.500000,935.205000
DSQ,candidate,2022-11,2023-02,3,2022-12-01,development,1461.772762,1022.275263,1783.535112,827.026622,2320.056189,36,1404,-57.772762,57.772762,true,true,761.259849,1493.029567,147.401720
DSQ,baseline_a,2022-12,2023-01,1,2023-01-01,development,820.333333,418.750000,1333.750000,168.333333,1700.500000,36,915,94.666667,94.666667,true,true,915.000000,1532.166667,171.720000
DSQ,baseline_b,2022-12,2023-01,1,2023-01-01,development,1060.000000,832.500000,1271.000000,0.000000,1786.000000,36,915,-145.000000,145.000000,true,true,438.500000,1786.000000,144.290000
DSQ,candidate,2022-12,2023-01,1,2023-01-01,development,860.273947,379.780449,1229.255156,219.600986,1757.806277,36,915,54.726053,54.726053,true,true,849.474707,1538.205291,157.420893
DSQ,baseline_a,2022-12,2023-03,3,2023-01-01,development,820.333333,424.416667,1078.166667,239.833333,1505.333333,36,711,-109.333333,109.333333,true,true,653.750000,1265.500000,137.861667
DSQ,baseline_b,2022-12,2023-03,3,2023-01-01,development,2513.000000,2285.500000,2724.000000,1294.500000,3239.000000,36,711,-1802.000000,1802.000000,false,false,438.500000,1944.500000,1345.230000
DSQ,candidate,2022-12,2023-03,3,2023-01-01,development,1133.001062,722.556748,1454.763412,526.907035,1991.284490,36,711,-422.001062,422.001062,false,true,732.206664,1464.377455,220.818676
DSQ,baseline_a,2023-01,2023-02,1,2023-02-01,development,871.333333,501.083333,1384.750000,219.333333,1751.500000,36,1404,532.666667,532.666667,false,true,883.666667,1532.166667,263.886667
DSQ,baseline_b,2023-01,2023-02,1,2023-02-01,development,2798.000000,2617.000000,3009.000000,1579.500000,3524.000000,36,1404,-1394.000000,1394.000000,false,false,392.000000,1944.500000,951.180000
DSQ,candidate,2023-01,2023-02,1,2023-02-01,development,1443.496182,1042.028553,1812.477391,802.823221,2341.028511,36,1404,-39.496182,39.496182,true,true,770.448838,1538.205290,146.472332
DSQ,baseline_a,2023-01,2023-04,3,2023-02-01,development,871.333333,486.333333,1129.166667,369.666667,1556.333333,36,1345,473.666667,473.666667,false,true,642.833334,1186.666666,292.816667
DSQ,baseline_b,2023-01,2023-04,3,2023-02-01,development,1015.000000,834.000000,1226.000000,0.000000,1741.000000,36,1345,330.000000,330.000000,false,true,392.000000,1741.000000,222.440000
DSQ,candidate,2023-01,2023-04,3,2023-02-01,development,869.498918,465.258695,1191.261269,311.465038,1727.782346,36,1345,475.501082,475.501082,false,true,726.002574,1416.317308,285.848659
DSQ,baseline_a,2023-02,2023-03,1,2023-03-01,development,1076.333333,706.083333,1623.750000,424.333333,1956.500000,36,711,-365.333333,365.333333,true,true,917.666667,1532.166667,226.120000
DSQ,baseline_b,2023-02,2023-03,1,2023-03-01,development,2513.000000,2332.000000,2724.000000,1294.500000,3239.000000,36,711,-1802.000000,1802.000000,false,false,392.000000,1944.500000,1359.180000
DSQ,candidate,2023-02,2023-03,1,2023-03-01,development,1143.112755,741.645126,1512.093964,502.439794,2040.645085,36,711,-432.112755,432.112755,false,true,770.448838,1538.205291,237.253697
DSQ,baseline_a,2023-02,2023-05,3,2023-03-01,development,1076.333333,691.333333,1428.916667,574.666667,1761.333333,36,910,-166.333333,166.333333,true,true,737.583334,1186.666666,154.491667
DSQ,baseline_b,2023-02,2023-05,3,2023-03-01,development,920.000000,739.000000,1131.000000,0.000000,1646.000000,36,910,-10.000000,10.000000,true,true,392.000000,1646.000000,107.040000
DSQ,candidate,2023-02,2023-05,3,2023-03-01,development,671.621542,267.381319,993.383893,113.587662,1529.904970,36,910,238.378458,238.378458,true,true,726.002574,1416.317308,176.928641
DSQ,baseline_a,2023-03,2023-04,1,2023-04-01,development,1010.000000,636.250000,1315.916667,358.000000,1890.166667,36,1345,335.000000,335.000000,false,true,679.666667,1532.166667,207.886667
DSQ,baseline_b,2023-03,2023-04,1,2023-04-01,development,1015.000000,753.750000,1211.750000,0.000000,1537.500000,36,1345,330.000000,330.000000,false,true,458.000000,1537.500000,226.600000
DSQ,candidate,2023-03,2023-04,1,2023-04-01,development,794.313471,359.101841,1101.732507,153.640510,1691.845801,36,1345,550.686529,550.686529,false,true,742.630666,1538.205291,343.235581
DSQ,baseline_a,2023-03,2023-06,3,2023-04-01,development,1010.000000,625.000000,1267.833333,508.333333,1695.000000,36,1226,216.000000,216.000000,true,true,642.833333,1186.666667,154.950000
DSQ,baseline_b,2023-03,2023-06,3,2023-04-01,development,1713.000000,1451.750000,1909.750000,399.000000,2235.500000,36,1226,-487.000000,487.000000,false,true,458.000000,1836.500000,306.960000
DSQ,candidate,2023-03,2023-06,3,2023-04-01,development,785.695067,376.864351,1070.470974,227.661187,1643.978495,36,1226,440.304933,440.304933,false,true,693.606623,1416.317308,276.285952
DSQ,baseline_a,2023-04,2023-05,1,2023-05-01,development,1153.333333,791.500000,1537.750000,536.166667,2033.500000,36,910,-243.333333,243.333333,true,true,746.250000,1497.333333,183.185000
DSQ,baseline_b,2023-04,2023-05,1,2023-05-01,development,920.000000,739.000000,1131.000000,0.000000,1442.500000,36,910,-10.000000,10.000000,true,true,392.000000,1442.500000,98.900000
DSQ,candidate,2023-04,2023-05,1,2023-05-01,development,662.603633,264.234879,1066.301423,34.983893,1560.135962,36,910,247.396367,247.396367,true,true,802.066544,1525.152069,190.692011
DSQ,baseline_a,2023-04,2023-07,3,2023-05-01,development,1153.333333,781.583333,1505.916667,651.666667,1838.333333,36,1847,693.666667,693.666667,false,false,724.333334,1186.666666,398.533333
DSQ,baseline_b,2023-04,2023-07,3,2023-05-01,development,937.000000,756.000000,1148.000000,0.000000,1459.500000,36,1847,910.000000,910.000000,false,false,392.000000,1459.500000,714.180000
DSQ,candidate,2023-04,2023-07,3,2023-05-01,development,876.378595,467.547880,1198.140946,318.344715,1734.662023,36,1847,970.621405,970.621405,false,false,730.593066,1416.317308,628.315092
DSQ,baseline_a,2023-05,2023-06,1,2023-06-01,development,988.666667,634.250000,1373.083333,503.666667,1868.833333,36,1226,237.333333,237.333333,true,true,738.833333,1365.166666,175.956667
DSQ,baseline_b,2023-05,2023-06,1,2023-06-01,development,1713.000000,1532.000000,1924.000000,399.000000,2235.500000,36,1226,-487.000000,487.000000,false,true,392.000000,1836.500000,332.460000
DSQ,candidate,2023-05,2023-06,1,2023-06-01,development,928.552603,566.359948,1332.250393,300.932864,1826.084932,36,1226,297.447397,297.447397,true,true,765.890445,1525.152068,197.084607
DSQ,baseline_a,2023-05,2023-08,3,2023-06-01,development,988.666667,630.916667,1341.250000,487.000000,1673.666667,36,1007,18.333333,18.333333,true,true,710.333333,1186.666667,122.166667
DSQ,baseline_b,2023-05,2023-08,3,2023-06-01,development,1129.000000,948.000000,1340.000000,0.000000,1651.500000,36,1007,-122.000000,122.000000,true,true,392.000000,1651.500000,129.660000
DSQ,candidate,2023-05,2023-08,3,2023-06-01,development,1007.092219,598.261503,1328.854569,449.058339,1865.375647,36,1007,-0.092219,0.092219,true,true,730.593066,1416.317308,129.730443
DSQ,baseline_a,2023-06,2023-07,1,2023-07-01,development,1160.333333,805.916667,1544.750000,675.333333,2040.500000,36,1847,686.666667,686.666667,false,true,738.833333,1365.166667,386.723333
DSQ,baseline_b,2023-06,2023-07,1,2023-07-01,development,937.000000,675.750000,1148.000000,0.000000,1459.500000,36,1847,910.000000,910.000000,false,false,472.250000,1459.500000,722.205000
DSQ,candidate,2023-06,2023-07,1,2023-07-01,development,957.884649,595.691994,1361.582439,330.264909,1855.416978,36,1847,889.115351,889.115351,false,true,765.890445,1525.152069,509.585222
DSQ,baseline_a,2023-06,2023-09,3,2023-07-01,development,1160.333333,806.500000,1512.916667,711.000000,1845.333333,36,839,-321.333333,321.333333,true,true,706.416667,1134.333333,180.281667
DSQ,baseline_b,2023-06,2023-09,3,2023-07-01,development,1448.000000,1186.750000,1659.000000,134.000000,1970.500000,36,839,-609.000000,609.000000,false,true,472.250000,1836.500000,381.585000
DSQ,candidate,2023-06,2023-09,3,2023-07-01,development,898.054239,489.223524,1255.351406,340.020359,1756.337667,36,839,-59.054239,59.054239,true,true,766.127882,1416.317308,145.076328
DSQ,baseline_a,2023-07,2023-08,1,2023-08-01,development,1327.666667,973.250000,1712.083333,842.666667,2129.000000,36,1007,-320.666667,320.666667,true,true,738.833333,1286.333333,189.470000
DSQ,baseline_b,2023-07,2023-08,1,2023-08-01,development,1129.000000,867.750000,1390.000000,0.000000,1855.000000,36,1007,-122.000000,122.000000,true,true,522.250000,1855.000000,150.825000
DSQ,candidate,2023-07,2023-08,1,2023-08-01,development,1131.125559,768.932905,1534.823350,503.505820,2032.448108,36,1007,-124.125559,124.125559,true,true,765.890445,1528.942288,162.571848
DSQ,baseline_a,2023-07,2023-10,3,2023-08-01,development,1327.666667,973.833333,1748.916667,878.333333,2020.500000,36,1245,-82.666667,82.666667,true,true,775.083334,1142.166667,139.728333
DSQ,baseline_b,2023-07,2023-10,3,2023-08-01,development,762.000000,500.750000,1023.000000,0.000000,1488.000000,36,1245,483.000000,483.000000,false,true,522.250000,1488.000000,297.145000
DSQ,candidate,2023-07,2023-10,3,2023-08-01,development,1118.571990,709.741274,1567.675960,560.538110,2085.560949,36,1245,126.428010,126.428010,true,true,857.934686,1525.022839,172.079984
DSQ,baseline_a,2023-08,2023-09,1,2023-09-01,development,1360.000000,1011.583333,1744.416667,875.000000,2161.333333,36,839,-521.000000,521.000000,false,false,732.833334,1286.333333,312.370000
DSQ,baseline_b,2023-08,2023-09,1,2023-09-01,development,1448.000000,1267.000000,1709.000000,401.000000,2174.000000,36,839,-609.000000,609.000000,false,true,442.000000,1773.000000,408.120000
DSQ,candidate,2023-08,2023-09,1,2023-09-01,development,977.367679,660.117359,1381.065469,359.689807,1878.690227,36,839,-138.367679,138.367679,true,true,720.948110,1519.000420,160.528364
DSQ,baseline_a,2023-08,2023-11,3,2023-09-01,development,1360.000000,1006.166667,1781.250000,910.666667,2052.833333,36,773,-587.000000,587.000000,false,false,775.083333,1142.166666,388.928334
DSQ,baseline_b,2023-08,2023-11,3,2023-09-01,development,789.000000,608.000000,1050.000000,0.000000,1515.000000,36,773,-16.000000,16.000000,true,true,442.000000,1515.000000,108.000000
DSQ,candidate,2023-08,2023-11,3,2023-09-01,development,1190.067764,858.801105,1639.171734,632.033883,2157.056723,36,773,-417.067764,417.067764,false,true,780.370629,1525.022840,256.771971
DSQ,baseline_a,2023-09,2023-10,1,2023-10-01,development,1231.000000,869.166667,1615.416667,704.000000,2032.333333,36,1245,14.000000,14.000000,true,true,746.250000,1328.333333,130.558333
DSQ,baseline_b,2023-09,2023-10,1,2023-10-01,development,762.000000,581.000000,1023.000000,0.000000,1488.000000,36,1245,483.000000,483.000000,false,true,442.000000,1488.000000,289.120000
DSQ,candidate,2023-09,2023-10,1,2023-10-01,development,1075.954038,758.703718,1479.651828,458.276166,1977.276586,36,1245,169.045962,169.045962,true,true,720.948110,1519.000420,166.664020
DSQ,baseline_a,2023-09,2023-12,3,2023-10-01,development,1231.000000,877.166667,1652.250000,781.666667,1923.833333,36,833,-398.000000,398.000000,false,true,775.083333,1142.166666,220.461667
DSQ,baseline_b,2023-09,2023-12,3,2023-10-01,development,910.000000,729.000000,1171.000000,0.000000,1636.000000,36,833,-77.000000,77.000000,true,true,442.000000,1636.000000,125.040000
DSQ,candidate,2023-09,2023-12,3,2023-10-01,development,982.940631,651.673973,1432.044601,424.906751,1949.929590,36,833,-149.940631,149.940631,true,true,780.370628,1525.022839,169.026103
DSQ,baseline_a,2023-10,2023-11,1,2023-11-01,development,1030.333333,668.500000,1292.083333,503.333333,1831.666667,36,773,-257.333333,257.333333,true,true,623.583333,1328.333334,166.958333
DSQ,baseline_b,2023-10,2023-11,1,2023-11-01,development,789.000000,608.000000,1050.000000,0.000000,1312.500000,36,773,-16.000000,16.000000,true,true,442.000000,1312.500000,99.900000
DSQ,candidate,2023-10,2023-11,1,2023-11-01,development,1181.460064,864.209744,1493.238881,563.782192,2082.782612,36,773,-408.460064,408.460064,false,true,629.029137,1519.000420,241.838841
DSQ,baseline_a,2023-11,2023-12,1,2023-12-01,development,952.333333,590.500000,1214.083333,425.333333,1753.666667,36,833,-119.333333,119.333333,true,true,623.583333,1328.333334,139.358333
DSQ,baseline_b,2023-11,2023-12,1,2023-12-01,development,910.000000,761.500000,1171.000000,175.500000,1433.500000,36,833,-77.000000,77.000000,true,true,409.500000,1258.000000,106.670000
DSQ,candidate,2023-11,2023-12,1,2023-12-01,development,952.488310,635.237990,1264.267127,357.078719,1853.810859,36,833,-119.488310,119.488310,true,true,629.029137,1496.732140,146.669861
DSQ,baseline_a,2023-12,2024-01,1,2024-01-01,locked,950.333333,588.500000,1212.083333,423.333333,1751.666667,36,934,-16.333333,16.333333,true,true,623.583333,1328.333334,118.758333
DSQ,baseline_b,2023-12,2024-01,1,2024-01-01,locked,915.000000,766.500000,1126.000000,180.500000,1438.500000,36,934,19.000000,19.000000,true,true,359.500000,1258.000000,90.070000
DSQ,candidate,2023-12,2024-01,1,2024-01-01,locked,868.107299,550.856979,1179.886116,272.697708,1769.429847,36,934,65.892701,65.892701,true,true,629.029137,1496.732139,135.950739
DSQ,baseline_a,2023-12,2024-03,3,2024-01-01,locked,950.333333,576.583333,1225.416667,421.500000,1643.166667,36,797,-153.333333,153.333333,true,true,648.833334,1221.666667,144.416667
DSQ,baseline_b,2023-12,2024-03,3,2024-01-01,locked,711.000000,562.500000,922.000000,0.000000,1234.500000,36,797,86.000000,86.000000,true,true,359.500000,1234.500000,102.530000
DSQ,candidate,2023-12,2024-03,3,2024-01-01,locked,1142.057747,810.791089,1457.124763,607.775861,2109.046707,36,797,-345.057747,345.057747,false,true,646.333674,1501.270846,199.212186
DSQ,baseline_a,2024-01,2024-02,1,2024-02-01,locked,846.666667,501.500000,1108.416667,319.666667,1648.000000,36,1355,508.333333,508.333333,false,true,606.916667,1328.333333,314.125000
DSQ,baseline_b,2024-01,2024-02,1,2024-02-01,locked,1404.000000,1255.500000,1615.000000,669.500000,1927.500000,36,1355,-49.000000,49.000000,true,true,359.500000,1258.000000,96.070000
DSQ,candidate,2024-01,2024-02,1,2024-02-01,locked,1491.042831,1173.792511,1802.821648,895.633240,2392.365379,36,1355,-136.042831,136.042831,true,true,629.029137,1496.732139,149.980765
DSQ,baseline_a,2024-01,2024-04,3,2024-02-01,locked,846.666667,472.916667,1121.750000,317.833333,1539.500000,36,1225,378.333333,378.333333,false,true,648.833333,1221.666667,230.716667
DSQ,baseline_b,2024-01,2024-04,3,2024-02-01,locked,1345.000000,1196.500000,1556.000000,610.500000,1868.500000,36,1225,-120.000000,120.000000,true,true,359.500000,1258.000000,110.270000
DSQ,candidate,2024-01,2024-04,3,2024-02-01,locked,1002.738917,671.472259,1317.805933,468.457031,1969.727877,36,1225,222.261083,222.261083,true,true,646.333674,1501.270846,169.136418
DSQ,baseline_a,2024-02,2024-03,1,2024-03-01,locked,1040.666667,695.500000,1302.416667,513.666667,1749.833333,36,797,-243.666667,243.666667,true,true,606.916667,1236.166666,158.871667
DSQ,baseline_b,2024-02,2024-03,1,2024-03-01,locked,711.000000,562.500000,922.000000,0.000000,1234.500000,36,797,86.000000,86.000000,true,true,359.500000,1234.500000,102.530000
DSQ,candidate,2024-02,2024-03,1,2024-03-01,locked,1142.711847,825.461527,1415.485607,547.302255,2044.034395,36,797,-345.711847,345.711847,false,true,590.024080,1496.732140,199.398674
DSQ,baseline_a,2024-02,2024-05,3,2024-03-01,locked,1040.666667,666.916667,1315.333333,511.833333,1733.500000,36,2237,1196.333333,1196.333333,false,false,648.416666,1221.666667,923.041667
DSQ,baseline_b,2024-02,2024-05,3,2024-03-01,locked,910.000000,761.500000,1121.000000,175.500000,1433.500000,36,2237,1327.000000,1327.000000,false,false,359.500000,1258.000000,1119.470000
DSQ,candidate,2024-02,2024-05,3,2024-03-01,locked,767.863145,436.596487,1014.977250,233.581259,1734.852105,36,2237,1469.136855,1469.136855,false,false,578.380763,1501.270846,1101.384539
DSQ,baseline_a,2024-03,2024-04,1,2024-04-01,locked,1028.666667,683.500000,1260.750000,501.666667,1737.833333,36,1225,196.333333,196.333333,true,true,577.250000,1236.166666,146.438333
DSQ,baseline_b,2024-03,2024-04,1,2024-04-01,locked,1345.000000,1196.500000,1556.000000,610.500000,1868.500000,36,1225,-120.000000,120.000000,true,true,359.500000,1258.000000,110.270000
DSQ,candidate,2024-03,2024-04,1,2024-04-01,locked,953.191097,612.598670,1204.875676,357.781506,1748.217775,36,1225,271.808903,271.808903,false,true,592.277006,1390.436269,177.256662
DSQ,baseline_a,2024-03,2024-06,3,2024-04-01,locked,1028.666667,654.916667,1248.666667,499.833333,1612.333333,36,1057,28.333333,28.333333,true,true,593.750000,1112.500000,109.541667
DSQ,baseline_b,2024-03,2024-06,3,2024-04-01,locked,1226.000000,1077.500000,1437.000000,491.500000,1749.500000,36,1057,-169.000000,169.000000,false,true,359.500000,1258.000000,128.270000
DSQ,candidate,2024-03,2024-06,3,2024-04-01,locked,976.232950,616.329489,1132.384586,441.951063,1756.918107,36,1057,80.767050,80.767050,true,true,516.055097,1314.967044,120.357601
DSQ,baseline_a,2024-04,2024-05,1,2024-05-01,locked,1125.666667,797.666667,1357.750000,646.666667,1834.833333,36,2237,1111.333333,1111.333333,false,false,560.083333,1188.166666,838.368333
DSQ,baseline_b,2024-04,2024-05,1,2024-05-01,locked,910.000000,761.500000,1121.000000,175.500000,1433.500000,36,2237,1327.000000,1327.000000,false,false,359.500000,1258.000000,1119.470000
DSQ,candidate,2024-04,2024-05,1,2024-05-01,locked,748.915429,408.323002,1015.279566,153.505837,1543.942106,36,2237,1488.084571,1488.084571,false,false,606.956564,1390.436269,1179.841353
DSQ,baseline_a,2024-04,2024-07,3,2024-05-01,locked,1125.666667,751.916667,1394.250000,596.833333,1709.333333,36,1258,132.333333,132.333333,true,true,642.333333,1112.500000,135.200000
DSQ,baseline_b,2024-04,2024-07,3,2024-05-01,locked,1847.000000,1698.500000,2058.000000,1112.500000,2370.500000,36,1258,-589.000000,589.000000,false,true,359.500000,1258.000000,380.270000
DSQ,candidate,2024-04,2024-07,3,2024-05-01,locked,1057.045623,697.142163,1283.336050,522.763736,1837.730780,36,1258,200.954377,200.954377,true,true,586.193887,1314.967044,151.408946
DSQ,baseline_a,2024-05,2024-06,1,2024-06-01,locked,1419.666667,1098.166667,1681.416667,996.500000,2230.166667,36,1057,-362.666667,362.666667,false,true,583.250000,1233.666667,196.671667
DSQ,baseline_b,2024-05,2024-06,1,2024-06-01,locked,1226.000000,1077.500000,1487.000000,491.500000,1963.000000,36,1057,-169.000000,169.000000,false,true,409.500000,1471.500000,141.810000
DSQ,candidate,2024-05,2024-06,1,2024-06-01,locked,1128.765362,788.172935,1406.983888,533.355771,2063.508469,36,1057,-71.765362,71.765362,true,true,618.810953,1530.152698,137.440276
DSQ,baseline_a,2024-05,2024-08,3,2024-06-01,locked,1419.666667,1062.416667,1804.083333,890.833333,2117.833333,36,834,-585.666667,585.666667,false,false,741.666666,1227.000000,354.480000
DSQ,baseline_b,2024-05,2024-08,3,2024-06-01,locked,1007.000000,858.500000,1268.000000,272.500000,1744.000000,36,834,-173.000000,173.000000,false,true,409.500000,1471.500000,144.210000
DSQ,candidate,2024-05,2024-08,3,2024-06-01,locked,1258.666695,898.763235,1505.780799,724.384808,2225.655654,36,834,-424.666695,424.666695,false,true,607.017564,1501.270846,231.591223
DSQ,baseline_a,2024-06,2024-07,1,2024-07-01,locked,1506.333333,1178.333333,1738.416667,1083.166667,2294.333333,36,1258,-248.333333,248.333333,true,true,560.083334,1211.166666,154.121667
DSQ,baseline_b,2024-06,2024-07,1,2024-07-01,locked,1847.000000,1685.500000,2058.000000,1112.500000,2370.500000,36,1258,-589.000000,589.000000,false,true,372.500000,1258.000000,376.370000
DSQ,candidate,2024-06,2024-07,1,2024-07-01,locked,1221.116845,880.524418,1487.480982,625.707253,2016.143522,36,1258,36.883155,36.883155,true,true,606.956564,1390.436269,123.689738
DSQ,baseline_a,2024-06,2024-09,3,2024-07-01,locked,1506.333333,1149.083333,1774.916667,977.500000,2204.500000,36,842,-664.333333,664.333333,false,false,625.833334,1227.000000,421.563333
DSQ,baseline_b,2024-06,2024-09,3,2024-07-01,locked,839.000000,677.500000,1050.000000,104.500000,1362.500000,36,842,3.000000,3.000000,true,true,372.500000,1258.000000,88.170000
DSQ,candidate,2024-06,2024-09,3,2024-07-01,locked,1074.243180,714.339720,1300.533607,539.961294,1858.560783,36,842,-232.243180,232.243180,true,true,586.193887,1318.599489,157.812004
DSQ,baseline_a,2024-07,2024-08,1,2024-08-01,locked,1517.333333,1195.833333,1749.416667,1094.166667,2305.333333,36,834,-683.333333,683.333333,false,false,553.583334,1211.166666,489.271667
DSQ,baseline_b,2024-07,2024-08,1,2024-08-01,locked,1007.000000,845.500000,1218.000000,408.000000,1530.500000,36,834,-173.000000,173.000000,false,true,372.500000,1122.500000,121.350000
DSQ,candidate,2024-07,2024-08,1,2024-08-01,locked,1250.714626,933.464306,1517.078762,727.275516,2045.741303,36,834,-416.714626,416.714626,false,true,583.614456,1318.465787,234.228725
DSQ,baseline_a,2024-07,2024-10,3,2024-08-01,locked,1517.333333,1173.166667,1785.916667,1068.000000,2215.500000,36,825,-692.333333,692.333333,false,false,612.750000,1147.500000,482.108333
DSQ,baseline_b,2024-07,2024-10,3,2024-08-01,locked,1245.000000,1083.500000,1456.000000,646.000000,1768.500000,36,825,-420.000000,420.000000,false,true,372.500000,1122.500000,269.550000
DSQ,candidate,2024-07,2024-10,3,2024-08-01,locked,1248.464591,932.043646,1474.755018,714.182704,2032.782193,36,825,-423.464591,423.464591,false,true,542.711372,1318.599489,234.525493
DSQ,baseline_a,2024-08,2024-09,1,2024-09-01,locked,1049.666667,716.500000,1281.750000,570.666667,1837.666667,36,842,-207.666667,207.666667,true,true,565.250000,1267.000000,148.738333
DSQ,baseline_b,2024-08,2024-09,1,2024-09-01,locked,839.000000,669.000000,1035.750000,240.000000,1362.500000,36,842,3.000000,3.000000,true,true,366.750000,1122.500000,82.175000
DSQ,candidate,2024-08,2024-09,1,2024-09-01,locked,1033.502088,692.909661,1299.866225,510.062978,1828.528766,36,842,-191.502088,191.502088,true,true,606.956564,1318.465788,151.734706
DSQ,baseline_a,2024-08,2024-11,3,2024-09-01,locked,1049.666667,692.416667,1318.250000,521.500000,1747.833333,36,968,-81.666667,81.666667,true,true,625.833333,1226.333333,127.970000
DSQ,baseline_b,2024-08,2024-11,3,2024-09-01,locked,773.000000,603.000000,969.750000,174.000000,1296.500000,36,968,195.000000,195.000000,true,true,366.750000,1122.500000,120.575000
DSQ,candidate,2024-08,2024-11,3,2024-09-01,locked,1174.363339,811.303088,1400.653766,640.081452,1958.680941,36,968,-206.363339,206.363339,true,true,589.350678,1318.599489,152.951715
DSQ,baseline_a,2024-09,2024-10,1,2024-10-01,locked,978.000000,656.500000,1210.083333,512.833333,1766.000000,36,825,-153.000000,153.000000,true,true,553.583333,1253.166667,136.085000
DSQ,baseline_b,2024-09,2024-10,1,2024-10-01,locked,1245.000000,1075.000000,1441.750000,646.000000,1768.500000,36,825,-420.000000,420.000000,false,true,366.750000,1122.500000,265.575000
DSQ,candidate,2024-09,2024-10,1,2024-10-01,locked,1154.426762,813.834335,1420.790899,630.987652,1949.453439,36,825,-329.426762,329.426762,true,true,606.956564,1318.465787,179.319640
DSQ,baseline_a,2024-09,2024-12,3,2024-10-01,locked,978.000000,602.500000,1246.583333,391.666667,1676.166667,36,714,-264.000000,264.000000,true,true,644.083333,1284.500000,168.588333
DSQ,baseline_b,2024-09,2024-12,3,2024-10-01,locked,833.000000,663.000000,1029.750000,234.000000,1356.500000,36,714,-119.000000,119.000000,true,true,366.750000,1122.500000,105.375000
DSQ,candidate,2024-09,2024-12,3,2024-10-01,locked,984.439717,668.018772,1210.730143,450.157830,1768.757319,36,714,-270.439717,270.439717,true,true,542.711371,1318.599489,161.103060
DSQ,baseline_a,2024-10,2024-11,1,2024-11-01,locked,833.666667,512.166667,1038.500000,368.500000,1443.333333,36,968,134.333333,134.333333,true,true,526.333333,1074.833333,122.493333
DSQ,baseline_b,2024-10,2024-11,1,2024-11-01,locked,773.000000,581.500000,886.250000,174.000000,1296.500000,36,968,195.000000,195.000000,false,true,304.750000,1122.500000,147.075000
DSQ,candidate,2024-10,2024-11,1,2024-11-01,locked,1106.482784,765.890357,1358.167363,583.043674,1826.383724,36,968,-138.482784,138.482784,true,true,592.277006,1243.340050,136.657859
DSQ,baseline_a,2024-10,2025-01,3,2024-11-01,locked,833.666667,432.500000,1053.666667,208.000000,1417.333333,36,932,98.333333,98.333333,true,true,621.166667,1209.333333,130.156667
DSQ,baseline_b,2024-10,2025-01,3,2024-11-01,locked,934.000000,742.500000,1047.250000,335.000000,1457.500000,36,932,-2.000000,2.000000,true,true,304.750000,1122.500000,75.775000
DSQ,candidate,2024-10,2025-01,3,2024-11-01,locked,882.216630,519.156379,1088.497684,347.934744,1605.277874,36,932,49.783370,49.783370,true,true,569.341305,1257.343130,117.184530
DSQ,baseline_a,2024-11,2024-12,1,2024-12-01,locked,878.333333,558.166667,1083.166667,413.166667,1488.000000,36,714,-164.333333,164.333333,true,true,525.000000,1074.833333,128.360000
DSQ,baseline_b,2024-11,2024-12,1,2024-12-01,locked,833.000000,641.500000,946.250000,234.000000,1356.500000,36,714,-119.000000,119.000000,true,true,304.750000,1122.500000,99.175000
DSQ,candidate,2024-11,2024-12,1,2024-12-01,locked,930.447584,598.656025,1182.132163,492.137078,1650.348524,36,714,-216.447584,216.447584,true,true,583.476138,1158.211446,147.965588
DSQ,baseline_a,2024-11,2025-02,3,2024-12-01,locked,878.333333,477.166667,1098.333333,252.666667,1462.000000,36,1067,188.666667,188.666667,true,true,621.166666,1209.333333,148.223333
DSQ,baseline_b,2024-11,2025-02,3,2024-12-01,locked,1355.000000,1163.500000,1468.250000,756.000000,1878.500000,36,1067,-288.000000,288.000000,false,true,304.750000,1122.500000,171.575000
DSQ,candidate,2024-11,2025-02,3,2024-12-01,locked,1441.500850,1125.079905,1647.781903,992.855690,2164.562093,36,1067,-374.500850,374.500850,false,true,522.701998,1171.706403,197.270588
DSQ,baseline_a,2024-12,2025-01,1,2025-01-01,locked,835.666667,539.250000,1040.500000,370.500000,1445.333333,36,932,96.333333,96.333333,true,true,501.250000,1074.833333,112.385000
DSQ,baseline_b,2024-12,2025-01,1,2025-01-01,locked,934.000000,742.500000,1047.250000,335.000000,1457.500000,36,932,-2.000000,2.000000,true,true,304.750000,1122.500000,75.775000
DSQ,candidate,2024-12,2025-01,1,2025-01-01,locked,844.967458,513.175898,1096.652037,406.656952,1564.868398,36,932,87.032542,87.032542,true,true,583.476139,1158.211446,122.082580
DSQ,baseline_a,2024-12,2025-03,3,2025-01-01,locked,835.666667,434.500000,1055.666667,210.000000,1419.333333,36,747,-88.666667,88.666667,true,true,621.166667,1209.333333,128.223333
DSQ,baseline_b,2024-12,2025-03,3,2025-01-01,locked,797.000000,605.500000,910.250000,198.000000,1320.500000,36,747,-50.000000,50.000000,true,true,304.750000,1122.500000,85.375000
DSQ,candidate,2024-12,2025-03,3,2025-01-01,locked,1028.682647,712.261703,1234.963701,580.037488,1751.743891,36,747,-281.682647,281.682647,true,true,522.701998,1171.706403,155.474985
DSQ,baseline_a,2025-01,2025-02,1,2025-02-01,locked,871.333333,581.916667,1076.166667,406.166667,1481.000000,36,1067,195.666667,195.666667,true,true,494.250000,1074.833333,131.551667
DSQ,baseline_b,2025-01,2025-02,1,2025-02-01,locked,1355.000000,1163.500000,1395.250000,756.000000,1878.500000,36,1067,-288.000000,288.000000,false,true,231.750000,1122.500000,164.275000
DSQ,candidate,2025-01,2025-02,1,2025-02-01,locked,1405.932327,1074.140767,1657.616906,967.621821,2125.833267,36,1067,-338.932327,338.932327,false,true,583.476139,1158.211446,175.318844
DSQ,baseline_a,2025-01,2025-04,3,2025-02-01,locked,871.333333,470.166667,1091.333333,245.666667,1455.000000,36,1050,178.666667,178.666667,true,true,621.166666,1209.333333,146.223333
DSQ,baseline_b,2025-01,2025-04,3,2025-02-01,locked,1225.000000,1033.500000,1265.250000,626.000000,1748.500000,36,1050,-175.000000,175.000000,true,true,231.750000,1122.500000,103.075000
DSQ,candidate,2025-01,2025-04,3,2025-02-01,locked,956.682622,640.261678,1162.963676,508.037462,1679.743866,36,1050,93.317378,93.317378,true,true,522.701998,1171.706404,117.801932
DSQ,baseline_a,2025-02,2025-03,1,2025-03-01,locked,904.333333,614.916667,1100.166667,439.166667,1424.833333,36,747,-157.333333,157.333333,true,true,485.250000,985.666666,119.418333
DSQ,baseline_b,2025-02,2025-03,1,2025-03-01,locked,797.000000,539.750000,817.500000,198.000000,1279.000000,36,747,-50.000000,50.000000,true,true,277.750000,1081.000000,81.015000
DSQ,candidate,2025-02,2025-03,1,2025-03-01,locked,1012.705491,673.807944,1201.339054,574.394985,1465.435293,36,747,-265.705491,265.705491,true,true,527.531110,891.040308,141.535822
DSQ,baseline_a,2025-02,2025-05,3,2025-03-01,locked,904.333333,503.166667,1099.833333,278.666667,1343.333333,36,739,-165.333333,165.333333,true,true,596.666666,1064.666666,135.320000
DSQ,baseline_b,2025-02,2025-05,3,2025-03-01,locked,2237.000000,1979.750000,2257.500000,1638.000000,2719.000000,36,739,-1498.000000,1498.000000,false,false,277.750000,1081.000000,1226.515000
DSQ,candidate,2025-02,2025-05,3,2025-03-01,locked,774.927749,422.509226,921.723364,326.282589,1232.830756,36,739,-35.927749,35.927749,true,true,499.214138,906.548167,93.368890
DSQ,baseline_a,2025-03,2025-04,1,2025-04-01,locked,915.333333,625.916667,1105.500000,450.166667,1337.000000,36,1050,134.666667,134.666667,true,true,479.583333,886.833333,110.365000
DSQ,baseline_b,2025-03,2025-04,1,2025-04-01,locked,1225.000000,967.750000,1232.000000,626.000000,1630.500000,36,1050,-175.000000,175.000000,true,true,264.250000,1004.500000,101.605000
DSQ,candidate,2025-03,2025-04,1,2025-04-01,locked,887.253291,548.355744,994.789189,448.942785,1213.363527,36,1050,162.746709,162.746709,false,true,446.433445,764.420742,129.853840
DSQ,baseline_a,2025-03,2025-06,3,2025-04-01,locked,915.333333,514.166667,1061.750000,289.666667,1318.833333,36,962,46.666667,46.666667,true,true,547.583333,1029.166666,105.258333
DSQ,baseline_b,2025-03,2025-06,3,2025-04-01,locked,1057.000000,799.750000,1064.000000,458.000000,1462.500000,36,962,-95.000000,95.000000,true,true,264.250000,1004.500000,85.605000
DSQ,candidate,2025-03,2025-06,3,2025-04-01,locked,872.421128,520.002605,999.427809,423.775968,1229.234116,36,962,89.578872,89.578872,true,true,479.425204,805.458148,98.076621
DSQ,baseline_a,2025-04,2025-05,1,2025-05-01,locked,954.666667,691.916667,1144.833333,567.333333,1376.333333,36,739,-215.666667,215.666667,true,true,452.916666,809.000000,120.785000
DSQ,baseline_b,2025-04,2025-05,1,2025-05-01,locked,2237.000000,1979.750000,2244.000000,1638.000000,2642.500000,36,739,-1498.000000,1498.000000,false,false,264.250000,1004.500000,1222.105000
DSQ,candidate,2025-04,2025-05,1,2025-05-01,locked,754.479708,422.676554,918.801229,316.169202,1080.589944,36,739,-15.479708,15.479708,true,true,496.124675,764.420742,83.285239
DSQ,baseline_a,2025-04,2025-07,3,2025-05-01,locked,954.666667,553.500000,1135.833333,329.000000,1358.166667,36,1377,422.333333,422.333333,false,false,582.333333,1029.166667,287.866667
DSQ,baseline_b,2025-04,2025-07,3,2025-05-01,locked,1258.000000,1000.750000,1265.000000,659.000000,1663.500000,36,1377,119.000000,119.000000,false,true,264.250000,1004.500000,135.205000
DSQ,candidate,2025-04,2025-07,3,2025-05-01,locked,941.586920,589.168397,1068.593601,492.941760,1298.399908,36,1377,435.413080,435.413080,false,false,479.425204,805.458148,322.046059
DSQ,baseline_a,2025-05,2025-06,1,2025-06-01,locked,845.333333,594.750000,1035.500000,481.333333,1267.000000,36,962,116.666667,116.666667,true,true,440.750000,785.666667,98.835000
DSQ,baseline_b,2025-05,2025-06,1,2025-06-01,locked,1057.000000,765.000000,1056.250000,135.500000,1462.500000,36,962,-95.000000,95.000000,true,true,291.250000,1327.000000,101.205000
DSQ,candidate,2025-05,2025-06,1,2025-06-01,locked,895.958697,564.155544,1060.280219,457.648191,1222.068933,36,962,66.041303,66.041303,true,true,496.124675,764.420742,93.397558
DSQ,baseline_a,2025-05,2025-08,3,2025-06-01,locked,845.333333,480.583333,1026.500000,259.000000,1248.833333,36,607,-238.333333,238.333333,true,true,545.916667,989.833333,141.851667
DSQ,baseline_b,2025-05,2025-08,3,2025-06-01,locked,834.000000,542.000000,833.250000,0.000000,1239.500000,36,607,-227.000000,227.000000,true,true,291.250000,1239.500000,124.105000
DSQ,candidate,2025-05,2025-08,3,2025-06-01,locked,885.319345,532.900822,1012.326026,436.674185,1242.132333,36,607,-278.319345,278.319345,true,true,479.425204,805.458148,135.824715
DSQ,baseline_a,2025-06,2025-07,1,2025-07-01,locked,917.000000,666.416667,1065.083333,553.000000,1338.666667,36,1377,460.000000,460.000000,false,false,398.666666,785.666667,303.393333
DSQ,baseline_b,2025-06,2025-07,1,2025-07-01,locked,1258.000000,1000.750000,1257.250000,336.500000,1663.500000,36,1377,119.000000,119.000000,false,true,256.500000,1327.000000,150.430000
DSQ,candidate,2025-06,2025-07,1,2025-07-01,locked,946.500552,614.697399,1052.461636,508.190046,1231.128702,36,1377,430.499448,430.499448,false,false,437.764237,722.938656,346.957724
DSQ,baseline_a,2025-06,2025-09,3,2025-07-01,locked,917.000000,587.583333,1098.166667,330.666667,1320.500000,36,726,-191.000000,191.000000,true,true,510.583334,989.833333,128.851667
DSQ,baseline_b,2025-06,2025-09,3,2025-07-01,locked,842.000000,584.750000,841.250000,0.000000,1247.500000,36,726,-116.000000,116.000000,true,true,256.500000,1247.500000,98.750000
DSQ,candidate,2025-06,2025-09,3,2025-07-01,locked,763.778404,411.359881,865.373439,315.133244,1103.120099,36,726,-37.778404,37.778404,true,true,454.013558,787.986855,84.476511
DSQ,baseline_a,2025-07,2025-08,1,2025-08-01,locked,1026.000000,781.166667,1216.166667,662.000000,1510.166667,36,607,-419.000000,419.000000,false,false,435.000000,848.166667,252.893333
DSQ,baseline_b,2025-07,2025-08,1,2025-08-01,locked,834.000000,576.750000,841.000000,0.000000,1239.500000,36,607,-227.000000,227.000000,true,true,264.250000,1239.500000,121.405000
DSQ,candidate,2025-07,2025-08,1,2025-08-01,locked,934.415288,652.779479,1098.736809,510.001597,1298.388710,36,607,-327.415288,327.415288,false,true,445.957330,788.387113,159.926067
DSQ,baseline_a,2025-07,2025-10,3,2025-08-01,locked,1026.000000,747.666667,1221.500000,497.833333,1439.333333,36,997,-29.000000,29.000000,true,true,473.833333,941.500000,90.843333
DSQ,baseline_b,2025-07,2025-10,3,2025-08-01,locked,825.000000,567.750000,832.000000,0.000000,1230.500000,36,997,172.000000,172.000000,false,true,264.250000,1230.500000,176.045000
DSQ,candidate,2025-07,2025-10,3,2025-08-01,locked,910.969003,594.548059,1037.975685,486.903360,1348.828010,36,997,86.030997,86.030997,true,true,443.427626,861.924650,96.025948
DSQ,baseline_a,2025-08,2025-09,1,2025-09-01,locked,982.000000,731.416667,1172.166667,594.666667,1466.166667,36,726,-256.000000,256.000000,false,true,440.750000,871.500000,132.301667
DSQ,baseline_b,2025-08,2025-09,1,2025-09-01,locked,842.000000,584.750000,849.000000,0.000000,1247.500000,36,726,-116.000000,116.000000,true,true,264.250000,1247.500000,99.525000
DSQ,candidate,2025-08,2025-09,1,2025-09-01,locked,771.477555,490.344615,935.799077,358.890210,1135.450978,36,726,-45.477555,45.477555,true,true,445.454462,776.560768,84.703388
DSQ,baseline_a,2025-08,2025-11,3,2025-09-01,locked,982.000000,720.000000,1177.500000,453.833333,1395.333333,36,617,-365.000000,365.000000,false,true,457.500000,941.500000,197.610000
DSQ,baseline_b,2025-08,2025-11,3,2025-09-01,locked,968.000000,710.750000,975.000000,46.500000,1373.500000,36,617,-351.000000,351.000000,false,true,264.250000,1327.000000,187.205000
DSQ,candidate,2025-08,2025-11,3,2025-09-01,locked,861.187392,573.206570,988.194073,438.454565,1299.046399,36,617,-244.187392,244.187392,true,true,414.987503,860.591834,124.759902
DSQ,baseline_a,2025-09,2025-10,1,2025-10-01,locked,903.333333,647.000000,1053.250000,516.000000,1387.500000,36,997,93.666667,93.666667,true,true,406.250000,871.500000,94.218333
DSQ,baseline_b,2025-09,2025-10,1,2025-10-01,locked,825.000000,567.750000,824.250000,0.000000,1087.500000,36,997,172.000000,172.000000,false,true,256.500000,1087.500000,172.650000
DSQ,candidate,2025-09,2025-10,1,2025-10-01,locked,850.166383,569.033443,956.127467,437.579038,1214.139805,36,997,146.833617,146.833617,false,true,387.094024,776.560767,115.487570
DSQ,baseline_a,2025-09,2025-12,3,2025-10-01,locked,903.333333,641.333333,1084.500000,375.166667,1316.666667,36,760,-143.333333,143.333333,true,true,443.166667,941.500000,110.643333
DSQ,baseline_b,2025-09,2025-12,3,2025-10-01,locked,714.000000,456.750000,713.250000,0.000000,976.500000,36,760,46.000000,46.000000,false,true,256.500000,976.500000,92.610000
DSQ,candidate,2025-09,2025-12,3,2025-10-01,locked,721.565572,433.584751,823.160608,298.832746,1159.424579,36,760,38.434428,38.434428,true,true,389.575857,860.591833,81.068145
DSQ,baseline_a,2025-10,2025-11,1,2025-11-01,locked,776.666667,526.416667,926.583333,412.666667,1260.833333,36,617,-159.666667,159.666667,true,true,400.166666,848.166666,105.876667
DSQ,baseline_b,2025-10,2025-11,1,2025-11-01,locked,968.000000,736.000000,975.000000,369.000000,1230.500000,36,617,-351.000000,351.000000,false,true,239.000000,861.500000,176.160000
DSQ,candidate,2025-10,2025-11,1,2025-11-01,locked,867.593425,638.831364,1018.405315,490.507469,1231.566847,36,617,-250.593425,250.593425,false,true,379.573951,741.059378,126.451001
DSQ,baseline_a,2025-11,2025-12,1,2025-12-01,locked,780.000000,535.166667,929.916667,416.000000,1264.166667,36,760,-20.000000,20.000000,true,true,394.750000,848.166667,77.401667
DSQ,baseline_b,2025-11,2025-12,1,2025-12-01,locked,714.000000,471.750000,721.000000,115.000000,976.500000,36,760,46.000000,46.000000,false,true,249.250000,861.500000,84.185000
DSQ,candidate,2025-11,2025-12,1,2025-12-01,locked,713.109282,488.125238,863.921172,370.787195,1077.082705,36,760,46.890718,46.890718,true,true,375.795934,706.295510,75.209557
DSQ,baseline_a,2025-12,2026-01,1,2026-01-01,recent,791.333333,546.500000,941.250000,427.333333,1275.500000,36,741,-50.333333,50.333333,true,true,394.750000,848.166667,83.468333
DSQ,baseline_b,2025-12,2026-01,1,2026-01-01,recent,932.000000,689.750000,957.750000,333.000000,1194.500000,36,741,-191.000000,191.000000,true,true,268.000000,861.500000,99.460000
DSQ,candidate,2025-12,2026-01,1,2026-01-01,recent,695.103536,470.119491,845.915426,352.781449,1059.076958,36,741,45.896464,45.896464,true,true,375.795935,706.295509,75.010707
DSQ,baseline_a,2025-12,2026-03,3,2026-01-01,recent,791.333333,583.250000,972.500000,299.500000,1204.666667,36,736,-55.333333,55.333333,true,true,389.250000,905.166667,86.198333
DSQ,baseline_b,2025-12,2026-03,3,2026-01-01,recent,747.000000,504.750000,772.750000,148.000000,1009.500000,36,736,-11.000000,11.000000,true,true,268.000000,861.500000,63.460000
DSQ,candidate,2025-12,2026-03,3,2026-01-01,recent,832.710589,581.960116,934.305625,436.926282,1270.569596,36,736,-96.710589,96.710589,true,true,352.345509,833.643314,87.922401
DSQ,baseline_a,2026-01,2026-02,1,2026-02-01,recent,706.000000,461.166667,855.916667,342.000000,1190.166667,36,773,67.000000,67.000000,true,true,394.750000,848.166667,86.801667
DSQ,baseline_b,2026-01,2026-02,1,2026-02-01,recent,1067.000000,824.750000,1092.750000,468.000000,1329.500000,36,773,-294.000000,294.000000,false,true,268.000000,861.500000,140.760000
DSQ,candidate,2026-01,2026-02,1,2026-02-01,recent,1126.672756,901.688711,1277.484646,784.350669,1490.646179,36,773,-353.672756,353.672756,false,false,375.795935,706.295510,192.581717
DSQ,baseline_a,2026-01,2026-04,3,2026-02-01,recent,706.000000,503.166667,887.166667,214.166667,1119.333333,36,912,206.000000,206.000000,false,true,384.000000,905.166666,125.740000
DSQ,baseline_b,2026-01,2026-04,3,2026-02-01,recent,1050.000000,807.750000,1075.750000,451.000000,1312.500000,36,912,-138.000000,138.000000,true,true,268.000000,861.500000,88.860000
DSQ,candidate,2026-01,2026-04,3,2026-02-01,recent,810.930889,560.180415,912.525924,415.146582,1248.789895,36,912,101.069111,101.069111,true,true,352.345509,833.643313,88.794106
DSQ,baseline_a,2026-02,2026-03,1,2026-03-01,recent,758.000000,513.166667,892.416667,394.000000,1155.500000,36,736,-22.000000,22.000000,true,true,379.250000,761.500000,72.785000
DSQ,baseline_b,2026-02,2026-03,1,2026-03-01,recent,747.000000,504.750000,772.750000,209.000000,1009.500000,36,736,-11.000000,11.000000,true,true,268.000000,800.500000,61.020000
DSQ,candidate,2026-02,2026-03,1,2026-03-01,recent,809.118822,554.747380,959.930712,459.426520,1173.092244,36,736,-73.118822,73.118822,true,true,405.183332,713.665724,83.688727
DSQ,baseline_a,2026-02,2026-05,3,2026-03-01,recent,758.000000,555.166667,901.916667,266.166667,1170.500000,36,686,-72.000000,72.000000,true,true,346.750000,904.333333,85.248333
DSQ,baseline_b,2026-02,2026-05,3,2026-03-01,recent,739.000000,496.750000,764.750000,201.000000,1001.500000,36,686,-53.000000,53.000000,true,true,268.000000,800.500000,69.420000
DSQ,candidate,2026-02,2026-05,3,2026-03-01,recent,640.188115,367.778491,741.783150,244.403808,1078.047121,36,686,45.811885,45.811885,true,true,374.004659,833.643313,79.908575
DSQ,baseline_a,2026-03,2026-04,1,2026-04-01,recent,750.000000,506.583333,884.416667,408.333333,1147.500000,36,912,162.000000,162.000000,false,true,377.833334,739.166667,110.783333
DSQ,baseline_b,2026-03,2026-04,1,2026-04-01,recent,1050.000000,850.000000,1075.750000,596.500000,1312.500000,36,912,-138.000000,138.000000,true,true,225.750000,716.000000,78.815000
DSQ,candidate,2026-03,2026-04,1,2026-04-01,recent,763.152105,538.168060,913.963995,420.830017,1127.125527,36,912,148.847895,148.847895,true,true,375.795935,706.295510,95.600993
DSQ,baseline_a,2026-03,2026-06,3,2026-04-01,recent,750.000000,547.166667,893.916667,258.166667,1162.500000,36,898,148.000000,148.000000,false,true,346.750000,904.333333,102.081667
DSQ,baseline_b,2026-03,2026-06,3,2026-04-01,recent,962.000000,762.000000,987.750000,508.500000,1224.500000,36,898,-64.000000,64.000000,true,true,225.750000,716.000000,64.015000
DSQ,candidate,2026-03,2026-06,3,2026-04-01,recent,759.671849,508.921376,861.266885,399.892551,1197.530856,36,898,138.328151,138.328151,false,true,352.345509,797.638305,109.498959
DSQ,baseline_a,2026-04,2026-05,1,2026-05-01,recent,807.000000,563.583333,941.416667,465.333333,1155.666667,36,686,-121.000000,121.000000,true,true,377.833334,690.333334,89.596667
DSQ,baseline_b,2026-04,2026-05,1,2026-05-01,recent,739.000000,539.000000,746.000000,285.500000,922.500000,36,686,-53.000000,53.000000,true,true,207.000000,637.000000,56.780000
DSQ,candidate,2026-04,2026-05,1,2026-05-01,recent,643.301555,418.317511,790.638742,300.979468,927.929705,36,686,42.698445,42.698445,true,true,372.321231,626.950237,70.849822
DSQ,baseline_a,2026-04,2026-07,3,2026-05-01,recent,807.000000,604.166667,950.916667,315.166667,1197.500000,36,834,27.000000,27.000000,true,true,346.750000,882.333333,75.368333
DSQ,baseline_b,2026-04,2026-07,3,2026-05-01,recent,1377.000000,1177.000000,1384.000000,923.500000,1560.500000,36,834,-543.000000,543.000000,false,false,207.000000,637.000000,327.780000
DSQ,candidate,2026-04,2026-07,3,2026-05-01,recent,850.282846,599.532373,945.538157,490.503547,1187.178615,36,834,-16.282846,16.282846,true,true,346.005784,696.675068,65.724150
DSQ,baseline_a,2026-05,2026-06,1,2026-06-01,recent,778.000000,555.333333,912.416667,436.333333,1126.666667,36,898,120.000000,120.000000,true,true,357.083334,690.333334,87.321667
DSQ,baseline_b,2026-05,2026-06,1,2026-06-01,recent,962.000000,762.000000,969.000000,508.500000,1145.500000,36,898,-64.000000,64.000000,true,true,207.000000,637.000000,58.980000
DSQ,candidate,2026-05,2026-06,1,2026-06-01,recent,783.438109,558.454064,885.420920,441.116022,1068.066259,36,898,114.561891,114.561891,false,true,326.966856,626.950237,85.718705
DSQ,baseline_a,2026-05,2026-08,3,2026-06-01,recent,778.000000,575.166667,921.916667,286.166667,1168.500000,36,652,-126.000000,126.000000,true,true,346.750000,882.333333,95.168333
DSQ,baseline_b,2026-05,2026-08,3,2026-06-01,recent,607.000000,407.000000,614.000000,153.500000,790.500000,36,652,45.000000,45.000000,false,true,207.000000,637.000000,70.380000
DSQ,candidate,2026-05,2026-08,3,2026-06-01,recent,754.315463,503.564989,844.828961,394.536164,1083.152544,36,652,-102.315463,102.315463,true,true,341.263972,688.616380,82.134145
DSQ,baseline_a,2026-06,2026-07,1,2026-07-01,recent,832.000000,609.333333,955.583333,490.333333,1160.166667,36,834,2.000000,2.000000,true,true,346.250000,669.833334,61.818333
DSQ,baseline_b,2026-06,2026-07,1,2026-07-01,recent,1377.000000,1198.000000,1384.000000,991.500000,1560.500000,36,834,-543.000000,543.000000,false,false,186.000000,569.000000,358.560000
DSQ,candidate,2026-06,2026-07,1,2026-07-01,recent,868.691830,643.707785,962.606709,526.369743,1089.119262,36,834,-34.691830,34.691830,true,true,318.898924,562.749519,61.338239
DSQ,baseline_a,2026-07,2026-08,1,2026-08-01,recent,806.000000,583.333333,923.500000,464.333333,1002.000000,36,652,-154.000000,154.000000,true,true,340.166667,537.666667,86.323333
DSQ,baseline_b,2026-07,2026-08,1,2026-08-01,recent,607.000000,407.000000,606.250000,125.500000,752.500000,36,652,45.000000,45.000000,false,true,199.250000,627.000000,72.305000
DSQ,candidate,2026-07,2026-08,1,2026-08-01,recent,765.188340,540.204295,836.477452,422.866253,931.084675,36,652,-113.188340,113.188340,true,true,296.273157,508.218422,72.593721
LWS,baseline_a,2021-10,2022-01,3,2021-11-01,development,1635.000000,1256.416667,2177.500000,1175.633333,2469.400000,32,2684,1049.000000,1049.000000,false,false,921.083333,1293.766667,642.099000
LWS,baseline_b,2021-10,2022-01,3,2021-11-01,development,2624.000000,2454.750000,2991.500000,2195.900000,3070.700000,32,2684,60.000000,60.000000,true,true,536.750000,874.800000,100.667000
LWS,candidate,2021-10,2022-01,3,2021-11-01,development,2624.412216,2460.082269,2991.143490,2196.075970,3070.801937,32,2684,59.587784,59.587784,true,true,531.061221,874.725967,100.012718
LWS,baseline_a,2021-11,2022-02,3,2021-12-01,development,1659.333333,1259.000000,2158.333333,1201.266667,2493.133333,33,1264,-395.333333,395.333333,true,true,899.333333,1291.866666,220.674667
LWS,baseline_b,2021-11,2022-02,3,2021-12-01,development,1371.000000,1203.000000,1728.000000,947.800000,1817.400000,33,1264,-107.000000,107.000000,true,true,525.000000,869.600000,108.684000
LWS,candidate,2021-11,2022-02,3,2021-12-01,development,1371.135580,1208.903896,1727.273619,947.697812,1817.286628,33,1264,-107.135580,107.135580,true,true,518.369723,869.588816,108.047641
LWS,baseline_a,2021-12,2022-01,1,2022-01-01,development,1622.000000,1217.083333,1931.000000,1151.666667,2507.833333,36,2684,1062.000000,1062.000000,false,false,713.916667,1356.166666,709.705000
LWS,baseline_b,2021-12,2022-01,1,2022-01-01,development,2624.000000,2454.750000,2978.000000,2215.500000,3069.500000,36,2684,60.000000,60.000000,true,true,523.250000,854.000000,98.485000
LWS,candidate,2021-12,2022-01,1,2022-01-01,development,2624.387026,2460.038577,2978.151204,2215.616777,3105.696598,36,2684,59.612974,59.612974,true,true,518.112627,890.079821,99.337050
LWS,baseline_a,2021-12,2022-03,3,2022-01-01,development,1622.000000,1214.916667,2068.250000,1147.333333,2455.200000,34,1328,-294.000000,294.000000,true,true,853.333333,1307.866667,196.448000
LWS,baseline_b,2021-12,2022-03,3,2022-01-01,development,998.000000,831.500000,1354.000000,579.700000,1444.100000,34,1328,330.000000,330.000000,true,true,522.500000,864.400000,152.826000
LWS,candidate,2021-12,2022-03,3,2022-01-01,development,998.144910,864.727606,1353.497395,579.605621,1444.057285,34,1328,329.855090,329.855090,true,true,488.769789,864.451664,149.426063
LWS,baseline_a,2022-01,2022-02,1,2022-02-01,development,1676.333333,1271.416667,2193.000000,1206.000000,2569.666667,36,1264,-412.333333,412.333333,false,true,921.583333,1363.666667,232.138333
LWS,baseline_b,2022-01,2022-02,1,2022-02-01,development,1371.000000,1207.500000,1725.000000,962.500000,1816.500000,36,1264,-107.000000,107.000000,true,true,517.500000,854.000000,107.310000
LWS,candidate,2022-01,2022-02,1,2022-02-01,development,1371.148900,1295.314695,1724.913078,962.378651,1852.458471,36,1264,-107.148900,107.148900,false,true,429.598383,890.079820,112.518689
LWS,baseline_a,2022-01,2022-04,3,2022-02-01,development,1676.333333,1271.500000,2262.333333,1203.666667,2512.533333,35,2952,1275.666667,1275.666667,false,false,990.833333,1308.866666,858.224667
LWS,baseline_b,2022-01,2022-04,3,2022-02-01,development,2357.000000,2192.000000,2712.000000,1943.600000,2802.800000,35,2952,595.000000,595.000000,false,false,520.000000,859.200000,361.048000
LWS,candidate,2022-01,2022-04,3,2022-02-01,development,2357.283972,2252.681047,2711.850902,1943.643161,2802.957673,35,2952,594.716028,594.716028,false,false,459.169855,859.314512,354.909342
LWS,baseline_a,2022-02,2022-03,1,2022-03-01,development,1699.666667,1286.250000,2216.333333,1229.333333,2593.000000,36,1328,-371.666667,371.666667,true,true,930.083333,1363.666667,221.888333
LWS,baseline_b,2022-02,2022-03,1,2022-03-01,development,998.000000,834.500000,1352.000000,589.500000,1443.500000,36,1328,330.000000,330.000000,true,true,517.500000,854.000000,151.910000
LWS,candidate,2022-02,2022-03,1,2022-03-01,development,998.144416,877.217041,1351.908594,589.374167,1479.453988,36,1328,329.855584,329.855584,true,true,474.691553,890.079821,149.043465
LWS,baseline_a,2022-02,2022-05,3,2022-03-01,development,1699.666667,1297.083333,2242.166667,1229.000000,2535.666667,36,2187,487.333333,487.333333,true,true,945.083334,1306.666667,244.241667
LWS,baseline_b,2022-02,2022-05,3,2022-03-01,development,1390.000000,1226.500000,1744.000000,981.500000,1835.500000,36,2187,797.000000,797.000000,false,false,517.500000,854.000000,563.110000
LWS,candidate,2022-02,2022-05,3,2022-03-01,development,1390.084373,1269.174767,1743.865750,981.342041,1835.519402,36,2187,796.915627,796.915627,false,false,474.690983,854.177361,558.865257
LWS,baseline_a,2022-03,2022-04,1,2022-04-01,development,1758.666667,1345.250000,2275.333333,1288.333333,2652.000000,36,2952,1193.333333,1193.333333,false,false,930.083333,1363.666667,776.888333
LWS,baseline_b,2022-03,2022-04,1,2022-04-01,development,2357.000000,2236.250000,2711.000000,1948.500000,2802.500000,36,2952,595.000000,595.000000,false,false,474.750000,854.000000,356.835000
LWS,candidate,2022-03,2022-04,1,2022-04-01,development,2357.332080,2295.276351,2711.096258,1948.561831,2838.641652,36,2952,594.667920,594.667920,false,false,415.819907,890.079821,337.823604
LWS,baseline_a,2022-03,2022-06,3,2022-04-01,development,1758.666667,1362.083333,2301.166667,1288.000000,2594.666667,36,2194,435.333333,435.333333,true,true,939.083334,1306.666667,233.241667
LWS,baseline_b,2022-03,2022-06,3,2022-04-01,development,1147.000000,1026.250000,1501.000000,738.500000,1592.500000,36,2194,1047.000000,1047.000000,false,false,474.750000,854.000000,808.835000
LWS,candidate,2022-03,2022-06,3,2022-04-01,development,1147.075006,1085.060487,1500.856382,738.332673,1592.510034,36,2194,1046.924994,1046.924994,false,false,415.795895,854.177361,802.985116
LWS,baseline_a,2022-04,2022-05,1,2022-05-01,development,1848.000000,1434.583333,2541.416667,1377.666667,2752.333333,36,2187,339.000000,339.000000,true,true,1106.833334,1374.666666,233.470000
LWS,baseline_b,2022-04,2022-05,1,2022-05-01,development,1390.000000,1328.000000,1757.500000,1015.000000,1871.500000,36,2187,797.000000,797.000000,false,false,429.500000,856.500000,534.610000
LWS,candidate,2022-04,2022-05,1,2022-05-01,development,1390.170934,1358.681053,1756.921708,1014.454422,1945.520454,36,2187,796.829066,796.829066,false,false,398.240655,931.066032,505.055655
LWS,baseline_a,2022-04,2022-07,3,2022-05-01,development,1848.000000,1451.416667,2530.333333,1377.333333,2736.333333,36,1680,-168.000000,168.000000,true,true,1078.916666,1359.000000,195.851667
LWS,baseline_b,2022-04,2022-07,3,2022-05-01,development,2515.000000,2453.000000,2882.500000,2140.000000,2996.500000,36,1680,-835.000000,835.000000,false,false,429.500000,856.500000,737.410000
LWS,candidate,2022-04,2022-07,3,2022-05-01,development,2515.264155,2483.761339,2881.995429,2139.654460,2996.543382,36,1680,-835.264155,835.264155,false,false,398.234090,856.888922,746.518116
LWS,baseline_a,2022-05,2022-06,1,2022-06-01,development,2155.666667,1742.250000,2849.083333,1685.333333,3060.000000,36,2194,38.333333,38.333333,true,true,1106.833333,1374.666667,173.336667
LWS,baseline_b,2022-05,2022-06,1,2022-06-01,development,1147.000000,1085.000000,1514.500000,772.000000,1702.500000,36,2194,1047.000000,1047.000000,false,false,429.500000,930.500000,757.970000
LWS,candidate,2022-05,2022-06,1,2022-06-01,development,1147.171267,1115.681385,1513.922040,771.454754,1702.520787,36,2194,1046.828733,1046.828733,false,false,398.240655,931.066033,755.055323
LWS,baseline_a,2022-05,2022-08,3,2022-06-01,development,2155.666667,1759.083333,2838.000000,1685.000000,3044.000000,36,1739,-416.666667,416.666667,false,true,1078.916667,1359.000000,253.618333
LWS,baseline_b,2022-05,2022-08,3,2022-06-01,development,1121.000000,1059.000000,1488.500000,746.000000,1676.500000,36,1739,618.000000,618.000000,false,false,429.500000,930.500000,328.970000
LWS,candidate,2022-05,2022-08,3,2022-06-01,development,1121.141883,1089.639067,1487.873157,745.532188,1676.464927,36,1739,617.858117,617.858117,false,false,398.234090,930.932739,326.097108
LWS,baseline_a,2022-06,2022-07,1,2022-07-01,development,2444.333333,2030.916667,3137.750000,1974.000000,3348.666667,36,1680,-764.333333,764.333333,false,false,1106.833333,1374.666667,576.503333
LWS,baseline_b,2022-06,2022-07,1,2022-07-01,development,2515.000000,2483.750000,2914.250000,2162.500000,3161.000000,36,1680,-835.000000,835.000000,false,false,430.500000,998.500000,764.490000
LWS,candidate,2022-06,2022-07,1,2022-07-01,development,2644.208727,2653.209576,3043.116410,2374.200820,3290.009974,36,1680,-964.208727,964.208727,false,false,389.906834,915.809154,935.428953
LWS,baseline_a,2022-06,2022-09,3,2022-07-01,development,2444.333333,2047.750000,3126.666667,1973.666667,3332.666667,36,1764,-680.333333,680.333333,false,false,1078.916667,1359.000000,495.685000
LWS,baseline_b,2022-06,2022-09,3,2022-07-01,development,1263.000000,1231.750000,1662.250000,910.500000,1909.000000,36,1764,501.000000,501.000000,false,true,430.500000,998.500000,223.890000
LWS,candidate,2022-06,2022-09,3,2022-07-01,development,1327.636761,1324.666313,1726.505511,1057.697207,2023.452588,36,1764,436.363239,436.363239,false,true,401.839198,965.755381,181.084578
LWS,baseline_a,2022-07,2022-08,1,2022-08-01,development,2020.333333,1603.083333,2713.750000,1516.333333,2924.666667,36,1739,-281.333333,281.333333,true,true,1110.666667,1408.333334,223.666667
LWS,baseline_b,2022-07,2022-08,1,2022-08-01,development,1121.000000,1059.000000,1520.250000,746.000000,1767.000000,36,1739,618.000000,618.000000,false,true,461.250000,1021.000000,298.065000
LWS,candidate,2022-07,2022-08,1,2022-08-01,development,1121.175574,1089.685692,1520.083257,745.459061,1766.976821,36,1739,617.824426,617.824426,false,true,430.397565,1021.517760,295.032049
LWS,baseline_a,2022-07,2022-10,3,2022-08-01,development,2020.333333,1623.750000,2702.666667,1549.666667,2908.666667,36,1944,-76.333333,76.333333,true,true,1078.916667,1359.000000,177.518333
LWS,baseline_b,2022-07,2022-10,3,2022-08-01,development,2521.000000,2459.000000,2920.250000,2146.000000,3167.000000,36,1944,-577.000000,577.000000,false,false,461.250000,1021.000000,489.165000
LWS,candidate,2022-07,2022-10,3,2022-08-01,development,2521.329612,2489.826796,2920.198362,2145.719917,3217.145439,36,1944,-577.329612,577.329612,false,false,430.371566,1071.425522,500.378785
LWS,baseline_a,2022-08,2022-09,1,2022-09-01,development,1871.000000,1453.750000,2564.416667,1367.000000,2775.333333,36,1764,-107.000000,107.000000,true,true,1110.666667,1408.333333,188.800000
LWS,baseline_b,2022-08,2022-09,1,2022-09-01,development,1263.000000,1201.000000,1674.000000,888.000000,1920.500000,36,1764,501.000000,501.000000,false,true,473.000000,1032.500000,224.800000
LWS,candidate,2022-08,2022-09,1,2022-09-01,development,1316.705230,1285.215348,1727.711818,940.988717,1974.084729,36,1764,447.294770,447.294770,false,true,442.496470,1033.096012,189.547714
LWS,baseline_a,2022-08,2022-11,3,2022-09-01,development,1871.000000,1468.416667,2553.333333,1400.333333,2759.333333,36,1922,51.000000,51.000000,true,true,1084.916666,1359.000000,173.051667
LWS,baseline_b,2022-08,2022-11,3,2022-09-01,development,1194.000000,1132.000000,1605.000000,819.000000,1851.500000,36,1922,728.000000,728.000000,false,false,473.000000,1032.500000,389.200000
LWS,candidate,2022-08,2022-11,3,2022-09-01,development,1243.103128,1211.600311,1654.120094,867.493432,1950.489999,36,1922,678.896872,678.896872,false,true,442.519783,1082.996567,330.503178
LWS,baseline_a,2022-09,2022-10,1,2022-10-01,development,1727.666667,1310.416667,2421.083333,1223.666667,2632.000000,36,1944,216.333333,216.333333,true,true,1110.666666,1408.333333,210.666667
LWS,baseline_b,2022-09,2022-10,1,2022-10-01,development,2521.000000,2459.000000,2932.000000,2146.000000,3178.500000,36,1944,-577.000000,577.000000,false,false,473.000000,1032.500000,490.800000
LWS,candidate,2022-09,2022-10,1,2022-10-01,development,2662.610443,2631.120561,3073.617031,2286.893930,3319.989942,36,1944,-718.610443,718.610443,false,false,442.496470,1033.096012,641.301372
LWS,baseline_a,2022-09,2022-12,3,2022-10-01,development,1727.666667,1316.500000,2410.000000,1246.333333,2616.000000,36,1795,67.333333,67.333333,true,true,1093.500000,1369.666667,177.603333
LWS,baseline_b,2022-09,2022-12,3,2022-10-01,development,1151.000000,1089.000000,1562.000000,776.000000,1808.500000,36,1795,644.000000,644.000000,false,true,473.000000,1032.500000,310.600000
LWS,candidate,2022-09,2022-12,3,2022-10-01,development,1217.033681,1185.530864,1626.081041,841.423985,1924.420552,36,1795,577.966319,577.966319,false,true,440.550177,1082.996567,270.535728
LWS,baseline_a,2022-10,2022-11,1,2022-11-01,development,1815.666667,1398.416667,2509.083333,1311.666667,2720.000000,36,1922,106.333333,106.333333,true,true,1110.666666,1408.333333,188.666667
LWS,baseline_b,2022-10,2022-11,1,2022-11-01,development,1194.000000,1132.000000,1605.000000,785.500000,1851.500000,36,1922,728.000000,728.000000,false,false,473.000000,1066.000000,390.540000
LWS,candidate,2022-10,2022-11,1,2022-11-01,development,1242.904957,1211.415075,1653.911545,834.134708,1900.284456,36,1922,679.095043,679.095043,false,false,442.496470,1066.149748,338.636245
LWS,baseline_a,2022-10,2023-01,3,2022-11-01,development,1815.666667,1404.500000,2498.000000,1334.333333,2704.000000,36,2003,187.333333,187.333333,true,true,1093.500000,1369.666667,201.603333
LWS,baseline_b,2022-10,2023-01,3,2022-11-01,development,2684.000000,2622.000000,3095.000000,2275.500000,3341.500000,36,2003,-681.000000,681.000000,false,false,473.000000,1066.000000,582.740000
LWS,candidate,2022-10,2023-01,3,2022-11-01,development,2789.722248,2758.219431,3198.769608,2380.979915,3497.109119,36,2003,-786.722248,786.722248,false,false,440.550177,1116.129204,699.324374
LWS,baseline_a,2022-11,2022-12,1,2022-12-01,development,1876.666667,1459.416667,2570.083333,1372.666667,2781.000000,36,1795,-81.666667,81.666667,true,true,1110.666666,1408.333333,183.733333
LWS,baseline_b,2022-11,2022-12,1,2022-12-01,development,1151.000000,1119.750000,1609.250000,742.500000,1863.500000,36,1795,644.000000,644.000000,false,true,489.500000,1121.000000,296.890000
LWS,candidate,2022-11,2022-12,1,2022-12-01,development,1219.247594,1228.248444,1664.235825,810.477346,1907.262403,36,1795,575.752406,575.752406,false,true,435.987381,1096.785057,254.926292
LWS,baseline_a,2022-11,2023-02,3,2022-12-01,development,1876.666667,1465.500000,2559.000000,1395.333333,2765.000000,36,1875,-1.666667,1.666667,true,true,1093.500000,1369.666667,164.470000
LWS,baseline_b,2022-11,2023-02,3,2022-12-01,development,1264.000000,1232.750000,1722.250000,855.500000,1976.500000,36,1875,611.000000,611.000000,false,true,489.500000,1121.000000,277.090000
LWS,candidate,2022-11,2023-02,3,2022-12-01,development,1344.007089,1341.036641,1782.339934,935.264756,2081.913338,36,1875,530.992911,530.992911,false,true,441.303293,1146.648582,233.258881
LWS,baseline_a,2022-12,2023-01,1,2023-01-01,development,1887.000000,1469.750000,2580.416667,1383.000000,2791.333333,36,2003,116.000000,116.000000,true,true,1110.666667,1408.333333,190.600000
LWS,baseline_b,2022-12,2023-01,1,2023-01-01,development,2684.000000,2676.000000,3188.750000,2275.500000,3396.500000,36,2003,-681.000000,681.000000,false,false,512.750000,1121.000000,610.515000
LWS,candidate,2022-12,2023-01,1,2023-01-01,development,2893.433820,2930.118845,3357.912678,2484.663572,3581.448629,36,2003,-890.433820,890.433820,false,false,427.793833,1096.785057,828.250516
LWS,baseline_a,2022-12,2023-03,3,2023-01-01,development,1887.000000,1484.416667,2569.333333,1405.666667,2775.333333,36,2032,145.000000,145.000000,true,true,1084.916666,1369.666666,192.278333
LWS,baseline_b,2022-12,2023-03,3,2023-01-01,development,1328.000000,1320.000000,1832.750000,919.500000,2040.500000,36,2032,704.000000,704.000000,false,true,512.750000,1121.000000,316.615000
LWS,candidate,2022-12,2023-03,3,2023-01-01,development,1442.545813,1459.365501,1904.709574,1033.803480,2180.452062,36,2032,589.454187,589.454187,false,true,445.344073,1146.648582,259.207358
LWS,baseline_a,2023-01,2023-02,1,2023-02-01,development,1906.666667,1489.416667,2334.083333,1402.666667,2800.000000,36,1875,-31.666667,31.666667,true,true,844.666666,1397.333333,146.693333
LWS,baseline_b,2023-01,2023-02,1,2023-02-01,development,1264.000000,1202.000000,1722.250000,779.000000,1934.500000,36,1875,611.000000,611.000000,false,true,520.250000,1155.500000,281.545000
LWS,candidate,2023-01,2023-02,1,2023-02-01,development,1345.864118,1349.686704,1790.852348,860.726583,1994.323852,36,1875,529.135882,529.135882,false,true,441.165644,1133.597269,228.946692
LWS,baseline_a,2023-01,2023-04,3,2023-02-01,development,1906.666667,1504.083333,2440.416667,1425.333333,2795.000000,36,1881,-25.666667,25.666667,true,true,936.333334,1369.666667,153.553333
LWS,baseline_b,2023-01,2023-04,3,2023-02-01,development,2952.000000,2890.000000,3410.250000,2467.000000,3622.500000,36,1881,-1071.000000,1071.000000,false,false,520.250000,1155.500000,950.445000
LWS,candidate,2023-01,2023-04,3,2023-02-01,development,3136.550009,3128.422445,3574.882854,2651.405114,3784.927503,36,1881,-1255.550009,1255.550009,false,false,446.460409,1133.522389,1148.227962
LWS,baseline_a,2023-02,2023-03,1,2023-03-01,development,1891.000000,1477.583333,2318.416667,1387.000000,2784.333333,36,2032,141.000000,141.000000,true,true,840.833334,1397.333333,168.176667
LWS,baseline_b,2023-02,2023-03,1,2023-03-01,development,1328.000000,1320.000000,1832.750000,843.000000,1998.500000,36,2032,704.000000,704.000000,false,false,512.750000,1155.500000,331.395000
LWS,candidate,2023-02,2023-03,1,2023-03-01,development,1435.532158,1472.217182,1900.011016,950.394623,2083.991893,36,2032,596.467842,596.467842,false,true,427.793834,1133.597270,260.212436
LWS,baseline_a,2023-02,2023-05,3,2023-03-01,development,1891.000000,1488.416667,2424.750000,1409.666667,2779.333333,36,2174,283.000000,283.000000,true,true,936.333333,1369.666666,205.020000
LWS,baseline_b,2023-02,2023-05,3,2023-03-01,development,2187.000000,2179.000000,2691.750000,1702.000000,2857.500000,36,2174,-13.000000,13.000000,false,true,512.750000,1155.500000,102.095000
LWS,candidate,2023-02,2023-05,3,2023-03-01,development,2355.386767,2372.206455,2817.550529,1870.241872,3003.764262,36,2174,-181.386767,181.386767,false,true,445.344074,1133.522390,205.435238
LWS,baseline_a,2023-03,2023-04,1,2023-04-01,development,1970.000000,1556.583333,2397.416667,1466.000000,2863.333333,36,1881,-89.000000,89.000000,true,true,840.833334,1397.333333,157.776667
LWS,baseline_b,2023-03,2023-04,1,2023-04-01,development,2952.000000,2956.000000,3487.750000,2467.000000,3652.500000,36,1881,-1071.000000,1071.000000,false,false,531.750000,1185.500000,979.195000
LWS,candidate,2023-03,2023-04,1,2023-04-01,development,3246.887722,3283.572746,3766.195033,2761.750187,3895.347457,36,1881,-1365.887722,1365.887722,false,false,482.622287,1133.597270,1280.112837
LWS,baseline_a,2023-03,2023-06,3,2023-04-01,development,1970.000000,1567.416667,2503.750000,1488.666667,2858.333333,36,2198,228.000000,228.000000,true,true,936.333333,1369.666666,194.020000
LWS,baseline_b,2023-03,2023-06,3,2023-04-01,development,2194.000000,2198.000000,2729.750000,1709.000000,2894.500000,36,2198,4.000000,4.000000,true,true,531.750000,1185.500000,101.395000
LWS,candidate,2023-03,2023-06,3,2023-04-01,development,2389.095964,2425.803067,2908.791737,1903.951069,3037.473458,36,2198,-191.095964,191.095964,false,true,482.988670,1133.522389,222.980182
LWS,baseline_a,2023-04,2023-05,1,2023-05-01,development,1929.333333,1515.916667,2176.333333,1425.333333,2822.666667,36,2174,244.666667,244.666667,true,true,660.416666,1397.333334,170.868333
LWS,baseline_b,2023-04,2023-05,1,2023-05-01,development,2187.000000,2125.000000,2722.750000,1630.000000,2887.500000,36,2174,-13.000000,13.000000,true,true,597.750000,1257.500000,112.675000
LWS,candidate,2023-04,2023-05,1,2023-05-01,development,2336.306066,2340.128652,2855.613376,1708.475069,2984.765801,36,2174,-162.306066,162.306066,false,true,515.484724,1276.290732,201.512776
LWS,baseline_a,2023-04,2023-07,3,2023-05-01,development,1929.333333,1526.750000,2377.666667,1448.000000,2817.666667,36,2085,155.666667,155.666667,true,true,850.916667,1369.666667,171.011667
LWS,baseline_b,2023-04,2023-07,3,2023-05-01,development,1680.000000,1618.000000,2215.750000,1123.000000,2380.500000,36,2085,405.000000,405.000000,true,true,597.750000,1257.500000,191.075000
LWS,candidate,2023-04,2023-07,3,2023-05-01,development,1772.739638,1776.610459,2292.435411,1215.547300,2421.117133,36,2085,312.260362,312.260362,true,true,515.824952,1205.569833,162.257361
LWS,baseline_a,2023-05,2023-06,1,2023-06-01,development,2029.000000,1615.583333,2297.250000,1525.000000,2922.333333,36,2198,169.000000,169.000000,true,true,681.666667,1397.333333,157.860000
LWS,baseline_b,2023-05,2023-06,1,2023-06-01,development,2194.000000,2172.500000,2729.750000,1637.000000,2894.500000,36,2198,4.000000,4.000000,true,true,557.250000,1257.500000,106.825000
LWS,candidate,2023-05,2023-06,1,2023-06-01,development,2316.587575,2254.531846,2835.894886,1688.756579,2965.047310,36,2198,-118.587575,118.587575,false,true,581.363040,1276.290731,155.518187
LWS,baseline_a,2023-05,2023-08,3,2023-06-01,development,2029.000000,1632.416667,2477.333333,1547.666667,2917.333333,36,5691,3662.000000,3662.000000,false,false,844.916666,1369.666666,3266.611667
LWS,baseline_b,2023-05,2023-08,3,2023-06-01,development,1739.000000,1717.500000,2274.750000,1182.000000,2439.500000,36,5691,3952.000000,3952.000000,false,false,557.250000,1257.500000,3563.525000
LWS,candidate,2023-05,2023-08,3,2023-06-01,development,1818.649066,1756.634547,2338.344838,1261.456727,2467.026560,36,5691,3872.350934,3872.350934,false,false,581.710291,1205.569833,3511.515450
LWS,baseline_a,2023-06,2023-07,1,2023-07-01,development,2084.333333,1702.500000,2352.583333,1609.666667,2977.666667,36,2085,0.666667,0.666667,true,true,650.083333,1368.000000,119.861667
LWS,baseline_b,2023-06,2023-07,1,2023-07-01,development,1680.000000,1679.750000,2215.750000,1123.000000,2380.500000,36,2085,405.000000,405.000000,true,true,536.000000,1257.500000,184.900000
LWS,candidate,2023-06,2023-07,1,2023-07-01,development,1764.910793,1702.855064,2284.218104,1137.079797,2413.370528,36,2085,320.089207,320.089207,true,true,581.363040,1276.290731,173.205775
LWS,baseline_a,2023-06,2023-09,3,2023-07-01,development,2084.333333,1709.250000,2532.666667,1613.666667,2972.666667,36,2101,16.666667,16.666667,true,true,823.416667,1359.000000,140.035000
LWS,baseline_b,2023-06,2023-09,3,2023-07-01,development,1764.000000,1763.750000,2299.750000,1207.000000,2464.500000,36,2101,337.000000,337.000000,true,true,536.000000,1257.500000,171.300000
LWS,candidate,2023-06,2023-09,3,2023-07-01,development,1828.587136,1766.572617,2348.282909,1271.394798,2476.964630,36,2101,272.412864,272.412864,true,true,581.710292,1205.569832,160.876395
LWS,baseline_a,2023-07,2023-08,1,2023-08-01,development,2152.333333,1770.500000,2375.750000,1677.666667,3038.166667,36,5691,3538.666667,3538.666667,false,false,605.250000,1360.500000,3209.911667
LWS,baseline_b,2023-07,2023-08,1,2023-08-01,development,1739.000000,1738.750000,2243.750000,1182.000000,2413.000000,36,5691,3952.000000,3952.000000,false,false,505.000000,1231.000000,3580.240000
LWS,candidate,2023-07,2023-08,1,2023-08-01,development,1823.137740,1761.082012,2287.616598,1195.306744,2430.283874,36,5691,3867.862260,3867.862260,false,false,526.534586,1234.977130,3541.264807
LWS,baseline_a,2023-07,2023-10,3,2023-08-01,development,2152.333333,1777.250000,2473.416667,1681.666667,3040.666667,36,2339,186.666667,186.666667,true,true,696.166667,1359.000000,161.310000
LWS,baseline_b,2023-07,2023-10,3,2023-08-01,development,1944.000000,1943.750000,2448.750000,1387.000000,2618.000000,36,2339,395.000000,395.000000,true,true,505.000000,1231.000000,178.740000
LWS,candidate,2023-07,2023-10,3,2023-08-01,development,2019.189334,1957.174815,2481.353096,1461.996996,2625.476406,36,2339,319.810666,319.810666,true,true,524.178281,1163.479410,162.919138
LWS,baseline_a,2023-08,2023-09,1,2023-09-01,development,3324.666667,2983.250000,3592.916667,2850.000000,4299.666667,36,2101,-1223.666667,1223.666667,false,false,609.666667,1449.666667,1016.186667
LWS,baseline_b,2023-08,2023-09,1,2023-09-01,development,1764.000000,1780.750000,2299.750000,1389.000000,2480.000000,36,2101,337.000000,337.000000,true,true,519.000000,1091.000000,162.940000
LWS,candidate,2023-08,2023-09,1,2023-09-01,development,1888.612988,1892.435574,2407.920299,1442.857883,2537.072723,36,2101,212.387012,212.387012,true,true,515.484725,1094.214840,137.794468
LWS,baseline_a,2023-08,2023-11,3,2023-09-01,development,3324.666667,2972.083333,3773.000000,2854.000000,4319.000000,36,2315,-1009.666667,1009.666667,false,false,800.916667,1465.000000,819.058333
LWS,baseline_b,2023-08,2023-11,3,2023-09-01,development,1922.000000,1938.750000,2457.750000,1547.000000,2638.000000,36,2315,393.000000,393.000000,true,true,519.000000,1091.000000,174.140000
LWS,candidate,2023-08,2023-11,3,2023-09-01,development,2066.054460,2069.925281,2585.750233,1681.841673,2714.431955,36,2315,248.945540,248.945540,true,true,515.824952,1032.590282,142.675214
LWS,baseline_a,2023-09,2023-10,1,2023-10-01,development,3292.333333,2910.500000,3560.583333,2756.666667,4267.333333,36,2339,-953.333333,953.333333,false,false,650.083333,1510.666666,711.768333
LWS,baseline_b,2023-09,2023-10,1,2023-10-01,development,1944.000000,1980.750000,2479.750000,1602.000000,2660.000000,36,2339,395.000000,395.000000,true,true,499.000000,1058.000000,171.220000
LWS,candidate,2023-09,2023-10,1,2023-10-01,development,2098.589715,2135.274739,2617.897026,1658.131461,2747.049450,36,2339,240.410285,240.410285,true,true,482.622287,1088.917989,139.901005
LWS,baseline_a,2023-09,2023-12,3,2023-10-01,development,3292.333333,2939.750000,3740.666667,2821.666667,4286.666667,36,2009,-1283.333333,1283.333333,false,false,800.916667,1465.000000,1092.725000
LWS,baseline_b,2023-09,2023-12,3,2023-10-01,development,1795.000000,1831.750000,2330.750000,1453.000000,2511.000000,36,2009,214.000000,214.000000,true,true,499.000000,1058.000000,135.020000
LWS,candidate,2023-09,2023-12,3,2023-10-01,development,1929.540318,1966.247421,2449.236091,1545.327530,2577.917812,36,2009,79.459682,79.459682,true,true,482.988670,1032.590282,105.494415
LWS,baseline_a,2023-10,2023-11,1,2023-11-01,development,3377.000000,2963.583333,3600.416667,2750.666667,4352.000000,36,2315,-1062.000000,1062.000000,false,false,636.833334,1601.333333,773.836667
LWS,baseline_b,2023-10,2023-11,1,2023-11-01,development,1922.000000,1958.750000,2446.500000,1580.000000,2638.000000,36,2315,393.000000,393.000000,true,true,487.750000,1058.000000,169.695000
LWS,candidate,2023-10,2023-11,1,2023-11-01,development,2082.632068,2119.317092,2550.387116,1642.173813,2731.091803,36,2315,232.367932,232.367932,true,true,431.070024,1088.917990,133.137308
LWS,baseline_a,2023-11,2023-12,1,2023-12-01,development,2251.666667,1830.500000,2475.083333,1524.666667,3226.666667,36,2009,-242.666667,242.666667,true,true,644.583333,1702.000000,181.071667
LWS,baseline_b,2023-11,2023-12,1,2023-12-01,development,1795.000000,1845.250000,2319.500000,1453.000000,2511.000000,36,2009,214.000000,214.000000,true,true,474.250000,1058.000000,132.545000
LWS,candidate,2023-11,2023-12,1,2023-12-01,development,1945.404599,1995.307247,2413.159647,1504.946345,2593.864334,36,2009,63.595401,63.595401,true,true,417.852400,1088.917989,98.061040
LWS,baseline_a,2023-12,2024-01,1,2024-01-01,locked,2221.000000,1803.083333,2444.416667,1494.000000,3196.000000,36,2129,-92.000000,92.000000,true,true,641.333334,1702.000000,150.613333
LWS,baseline_b,2023-12,2024-01,1,2024-01-01,locked,2003.000000,2053.250000,2527.500000,1661.000000,2719.000000,36,2129,126.000000,126.000000,true,true,474.250000,1058.000000,114.945000
LWS,candidate,2023-12,2024-01,1,2024-01-01,locked,2178.910636,2228.813284,2646.665684,1738.452381,2827.370370,36,2129,-49.910636,49.910636,false,true,417.852400,1088.917989,135.249400
LWS,baseline_a,2023-12,2024-03,3,2024-01-01,locked,2221.000000,1824.416667,2542.083333,1721.333333,3215.333333,36,2134,-87.000000,87.000000,true,true,717.666666,1494.000000,148.926667
LWS,baseline_b,2023-12,2024-03,3,2024-01-01,locked,2032.000000,2082.250000,2556.500000,1690.000000,2748.000000,36,2134,102.000000,102.000000,true,true,474.250000,1058.000000,110.145000
LWS,candidate,2023-12,2024-03,3,2024-01-01,locked,2195.232468,2245.128094,2661.161942,1811.019680,2843.609963,36,2134,-61.232468,61.232468,false,true,416.033848,1032.590283,139.604727
LWS,baseline_a,2024-01,2024-02,1,2024-02-01,locked,2151.000000,1733.083333,2331.833333,1424.000000,3036.833333,36,2146,-5.000000,5.000000,true,true,598.750000,1612.833333,125.388333
LWS,baseline_b,2024-01,2024-02,1,2024-02-01,locked,1875.000000,1925.250000,2399.500000,1533.000000,2591.000000,36,2146,271.000000,271.000000,true,true,474.250000,1058.000000,143.945000
LWS,candidate,2024-01,2024-02,1,2024-02-01,locked,2034.706135,2038.528721,2502.461183,1594.247880,2683.165869,36,2146,111.293865,111.293865,true,true,463.932462,1088.917989,112.208739
LWS,baseline_a,2024-01,2024-04,3,2024-02-01,locked,2151.000000,1746.583333,2392.750000,1552.166667,3039.333333,36,2236,85.000000,85.000000,true,true,646.166667,1487.166666,141.103333
LWS,baseline_b,2024-01,2024-04,3,2024-02-01,locked,1881.000000,1931.250000,2405.500000,1539.000000,2597.000000,36,2236,355.000000,355.000000,true,true,474.250000,1058.000000,160.745000
LWS,candidate,2024-01,2024-04,3,2024-02-01,locked,2034.878426,2041.138295,2494.899083,1650.665638,2683.255920,36,2236,201.121574,201.121574,true,true,453.760788,1032.590282,126.904005
LWS,baseline_a,2024-02,2024-03,1,2024-03-01,locked,2094.666667,1676.750000,2275.500000,1367.666667,2980.500000,36,2134,39.333333,39.333333,true,true,598.750000,1612.833333,132.255000
LWS,baseline_b,2024-02,2024-03,1,2024-03-01,locked,2032.000000,2082.250000,2556.500000,1690.000000,2748.000000,36,2134,102.000000,102.000000,true,true,474.250000,1058.000000,110.145000
LWS,candidate,2024-02,2024-03,1,2024-03-01,locked,2196.989375,2200.811961,2664.744423,1756.531121,2845.449110,36,2134,-62.989375,62.989375,false,true,463.932462,1088.917989,129.272625
LWS,baseline_a,2024-02,2024-05,3,2024-03-01,locked,2094.666667,1690.250000,2336.416667,1495.833333,2983.000000,36,2116,21.333333,21.333333,true,true,646.166667,1487.166667,128.370000
LWS,baseline_b,2024-02,2024-05,3,2024-03-01,locked,2174.000000,2224.250000,2698.500000,1832.000000,2890.000000,36,2116,-58.000000,58.000000,false,true,474.250000,1058.000000,144.645000
LWS,candidate,2024-02,2024-05,3,2024-03-01,locked,2364.834221,2371.094090,2824.854878,1980.621433,3013.211715,36,2116,-248.834221,248.834221,false,true,453.760788,1032.590282,238.484170
LWS,baseline_a,2024-03,2024-04,1,2024-04-01,locked,2136.333333,1754.500000,2317.166667,1472.666667,3022.166667,36,2236,99.666667,99.666667,true,true,562.666667,1549.500000,138.180000
LWS,baseline_b,2024-03,2024-04,1,2024-04-01,locked,1881.000000,1958.250000,2405.500000,1539.000000,2597.000000,36,2236,355.000000,355.000000,true,true,447.250000,1058.000000,158.045000
LWS,candidate,2024-03,2024-04,1,2024-04-01,locked,2037.485156,2040.586251,2505.240204,1597.026902,2685.944891,36,2236,198.514844,198.514844,true,true,464.653953,1088.917989,129.725084
LWS,baseline_a,2024-03,2024-06,3,2024-04-01,locked,2136.333333,1739.750000,2378.083333,1537.500000,3024.666667,36,2122,-14.333333,14.333333,true,true,638.333333,1487.166667,126.186667
LWS,baseline_b,2024-03,2024-06,3,2024-04-01,locked,2198.000000,2275.250000,2722.500000,1856.000000,2914.000000,36,2122,-76.000000,76.000000,false,true,447.250000,1058.000000,163.545000
LWS,candidate,2024-03,2024-06,3,2024-04-01,locked,2395.746396,2402.006265,2855.767053,2011.533608,3044.123890,36,2122,-273.746396,273.746396,false,true,453.760788,1032.590282,253.431475
LWS,baseline_a,2024-04,2024-05,1,2024-05-01,locked,2172.000000,1790.166667,2320.000000,1508.333333,3057.833333,36,2116,-56.000000,56.000000,true,true,529.833333,1549.500000,126.163333
LWS,baseline_b,2024-04,2024-05,1,2024-05-01,locked,2174.000000,2251.250000,2698.500000,1832.000000,2890.000000,36,2116,-58.000000,58.000000,false,true,447.250000,1058.000000,152.745000
LWS,candidate,2024-04,2024-05,1,2024-05-01,locked,2369.609857,2372.710952,2837.364905,1929.151603,3018.069592,36,2116,-253.609857,253.609857,false,true,464.653953,1088.917989,243.428467
LWS,baseline_a,2024-04,2024-07,3,2024-05-01,locked,2172.000000,1775.416667,2369.500000,1573.166667,3060.333333,36,2143,-29.000000,29.000000,true,true,594.083333,1487.166666,124.695000
LWS,baseline_b,2024-04,2024-07,3,2024-05-01,locked,2085.000000,2162.250000,2609.500000,1743.000000,2801.000000,36,2143,58.000000,58.000000,false,true,447.250000,1058.000000,106.345000
LWS,candidate,2024-04,2024-07,3,2024-05-01,locked,2285.010311,2291.270181,2745.030968,1900.797523,2933.387806,36,2143,-142.010311,142.010311,false,true,453.760787,1032.590283,174.389825
LWS,baseline_a,2024-05,2024-06,1,2024-06-01,locked,2162.000000,1780.166667,2310.000000,1498.333333,3047.833333,36,2122,-40.000000,40.000000,true,true,529.833333,1549.500000,122.963333
LWS,baseline_b,2024-05,2024-06,1,2024-06-01,locked,2198.000000,2248.250000,2722.500000,1856.000000,2914.000000,36,2122,-76.000000,76.000000,false,true,474.250000,1058.000000,155.445000
LWS,candidate,2024-05,2024-06,1,2024-06-01,locked,2395.514369,2342.334048,2863.269417,1909.404219,3043.974103,36,2122,-273.514369,273.514369,false,true,520.935369,1134.569884,240.312825
LWS,baseline_a,2024-05,2024-08,3,2024-06-01,locked,2162.000000,1765.416667,2359.500000,1563.166667,3050.333333,36,1963,-199.000000,199.000000,true,true,594.083333,1487.166666,158.695000
LWS,baseline_b,2024-05,2024-08,3,2024-06-01,locked,5691.000000,5741.250000,6215.500000,5349.000000,6407.000000,36,1963,-3728.000000,3728.000000,false,false,474.250000,1058.000000,3701.045000
LWS,candidate,2024-05,2024-08,3,2024-06-01,locked,6122.102842,6078.731245,6582.123499,5709.020926,6770.480337,36,1963,-4159.102842,4159.102842,false,false,503.392254,1061.459411,4069.319039
LWS,baseline_a,2024-06,2024-07,1,2024-07-01,locked,2158.000000,1816.583333,2306.000000,1494.333333,3043.833333,36,2143,-15.000000,15.000000,true,true,489.416667,1549.500000,113.921667
LWS,baseline_b,2024-06,2024-07,1,2024-07-01,locked,2085.000000,2101.750000,2609.500000,1743.000000,2801.000000,36,2143,58.000000,58.000000,true,true,507.750000,1058.000000,104.695000
LWS,candidate,2024-06,2024-07,1,2024-07-01,locked,2263.297938,2189.268682,2731.052986,1767.235533,2911.757673,36,2143,-120.297938,120.297938,false,true,541.784304,1144.522140,142.526376
LWS,baseline_a,2024-06,2024-09,3,2024-07-01,locked,2158.000000,1782.916667,2355.500000,1576.833333,3046.333333,36,1943,-215.000000,215.000000,true,true,572.583333,1469.500000,159.038333
LWS,baseline_b,2024-06,2024-09,3,2024-07-01,locked,2101.000000,2117.750000,2625.500000,1759.000000,2817.000000,36,1943,-158.000000,158.000000,false,true,507.750000,1058.000000,194.595000
LWS,candidate,2024-06,2024-09,3,2024-07-01,locked,2222.023180,2149.314934,2682.043837,1796.485176,2870.400674,36,1943,-279.023180,279.023180,false,true,532.728903,1073.915498,234.560120
LWS,baseline_a,2024-07,2024-08,1,2024-08-01,locked,2127.000000,1785.583333,2249.250000,1463.333333,2740.500000,36,1963,-164.000000,164.000000,true,true,463.666667,1277.166667,130.253333
LWS,baseline_b,2024-07,2024-08,1,2024-08-01,locked,5691.000000,5707.750000,6215.500000,5349.000000,6407.000000,36,1963,-3728.000000,3728.000000,false,false,507.750000,1058.000000,3690.995000
LWS,candidate,2024-07,2024-08,1,2024-08-01,locked,6082.094638,5972.086069,6549.849686,5586.032232,6730.554372,36,1963,-4119.094638,4119.094638,false,false,577.763617,1144.522140,3980.223495
LWS,baseline_a,2024-07,2024-10,3,2024-08-01,locked,2127.000000,1751.916667,2313.833333,1545.833333,2789.166667,36,2258,131.000000,131.000000,true,true,561.916666,1243.333334,132.125000
LWS,baseline_b,2024-07,2024-10,3,2024-08-01,locked,2339.000000,2355.750000,2863.500000,1997.000000,3055.000000,36,2258,-81.000000,81.000000,false,true,507.750000,1058.000000,148.395000
LWS,candidate,2024-07,2024-10,3,2024-08-01,locked,2441.437766,2325.583503,2901.458423,2015.899762,3089.815260,36,2258,-183.437766,183.437766,false,true,575.874920,1073.915498,164.265066
LWS,baseline_a,2024-08,2024-09,1,2024-09-01,locked,2076.000000,1782.166667,2198.250000,1439.666667,2689.500000,36,1943,-133.000000,133.000000,true,true,416.083333,1249.833333,118.201667
LWS,baseline_b,2024-08,2024-09,1,2024-09-01,locked,2101.000000,2100.750000,2625.500000,1472.000000,2817.000000,36,1943,-158.000000,158.000000,false,true,524.750000,1345.000000,200.975000
LWS,candidate,2024-08,2024-09,1,2024-09-01,locked,2132.326668,2013.311503,2600.081716,1327.804537,2780.786403,36,1943,-189.326668,189.326668,false,true,586.770213,1452.981866,182.786231
LWS,baseline_a,2024-08,2024-11,3,2024-09-01,locked,2076.000000,1763.416667,2262.833333,1494.833333,2738.166667,36,1839,-237.000000,237.000000,true,true,499.416666,1243.333334,147.075000
LWS,baseline_b,2024-08,2024-11,3,2024-09-01,locked,2315.000000,2314.750000,2839.500000,1686.000000,3031.000000,36,1839,-476.000000,476.000000,false,true,524.750000,1345.000000,391.775000
LWS,candidate,2024-08,2024-11,3,2024-09-01,locked,2263.692850,2111.838424,2723.713507,1581.666920,2912.070344,36,1839,-424.692850,424.692850,false,true,611.875083,1330.403424,308.477585
LWS,baseline_a,2024-09,2024-10,1,2024-10-01,locked,2016.333333,1764.000000,2138.583333,1380.000000,2629.833333,36,2258,241.666667,241.666667,false,true,374.583333,1249.833333,183.551667
LWS,baseline_b,2024-09,2024-10,1,2024-10-01,locked,2339.000000,2314.750000,2863.500000,1710.000000,3055.000000,36,2258,-81.000000,81.000000,false,true,548.750000,1345.000000,147.575000
LWS,candidate,2024-09,2024-10,1,2024-10-01,locked,2362.012460,2231.212490,2829.767508,1557.490328,3010.472194,36,2258,-104.012460,104.012460,true,true,598.555018,1452.981866,138.777268
LWS,baseline_a,2024-09,2024-12,3,2024-10-01,locked,2016.333333,1781.583333,2203.166667,1435.166667,2678.500000,36,2174,157.666667,157.666667,true,true,421.583334,1243.333333,123.425000
LWS,baseline_b,2024-09,2024-12,3,2024-10-01,locked,2009.000000,1984.750000,2533.500000,1380.000000,2725.000000,36,2174,165.000000,165.000000,true,true,548.750000,1345.000000,141.675000
LWS,candidate,2024-09,2024-12,3,2024-10-01,locked,1955.400757,1771.586690,2415.421414,1273.374827,2603.778251,36,2174,218.599243,218.599243,true,true,643.834724,1330.403424,161.319458
LWS,baseline_a,2024-10,2024-11,1,2024-11-01,locked,2054.666667,1802.333333,2176.916667,1418.333333,2346.500000,36,1839,-215.666667,215.666667,true,true,374.583334,928.166667,117.718333
LWS,baseline_b,2024-10,2024-11,1,2024-11-01,locked,2315.000000,2252.500000,2839.500000,1686.000000,3031.000000,36,1839,-476.000000,476.000000,false,true,587.000000,1345.000000,373.100000
LWS,candidate,2024-10,2024-11,1,2024-11-01,locked,2255.299429,2124.499459,2723.054477,1450.777297,2903.759163,36,1839,-416.299429,416.299429,false,true,598.555018,1452.981866,315.434446
LWS,baseline_a,2024-10,2025-01,3,2024-11-01,locked,2054.666667,1819.916667,2218.083333,1473.500000,2516.000000,36,2159,104.333333,104.333333,true,true,398.166666,1042.500000,102.383333
LWS,baseline_b,2024-10,2025-01,3,2024-11-01,locked,2129.000000,2066.500000,2653.500000,1500.000000,2845.000000,36,2159,30.000000,30.000000,true,true,587.000000,1345.000000,118.500000
LWS,candidate,2024-10,2025-01,3,2024-11-01,locked,2106.222571,1920.870255,2566.243228,1424.196641,2754.600065,36,2159,52.777429,52.777429,true,true,645.372973,1330.403424,128.308920
LWS,baseline_a,2024-11,2024-12,1,2024-12-01,locked,2013.333333,1790.916667,2135.583333,1377.000000,2305.166667,36,2174,160.666667,160.666667,false,true,344.666666,928.166667,119.093333
LWS,baseline_b,2024-11,2024-12,1,2024-12-01,locked,2009.000000,1931.750000,2533.500000,1380.000000,2725.000000,36,2174,165.000000,165.000000,true,true,601.750000,1345.000000,146.975000
LWS,candidate,2024-11,2024-12,1,2024-12-01,locked,1940.648553,1771.587336,2408.403601,1136.126421,2589.108287,36,2174,233.351447,233.351447,true,true,636.816265,1452.981866,168.471191
LWS,baseline_a,2024-11,2025-02,3,2024-12-01,locked,2013.333333,1792.833333,2176.750000,1432.166667,2474.666667,36,1768,-245.333333,245.333333,false,true,383.916667,1042.500000,139.091667
LWS,baseline_b,2024-11,2025-02,3,2024-12-01,locked,2146.000000,2068.750000,2670.500000,1517.000000,2862.000000,36,1768,-378.000000,378.000000,false,true,601.750000,1345.000000,309.875000
LWS,candidate,2024-11,2025-02,3,2024-12-01,locked,2022.301099,1816.770571,2482.321756,1340.275169,2670.678594,36,1768,-254.301099,254.301099,false,true,665.551185,1330.403425,190.139704
LWS,baseline_a,2024-12,2025-01,1,2025-01-01,locked,2090.333333,1913.416667,2236.250000,1502.000000,2382.166667,36,2159,68.666667,68.666667,true,true,322.833333,880.166667,81.223333
LWS,baseline_b,2024-12,2025-01,1,2025-01-01,locked,2129.000000,2051.750000,2653.500000,1500.000000,2845.000000,36,2159,30.000000,30.000000,true,true,601.750000,1345.000000,119.975000
LWS,candidate,2024-12,2025-01,1,2025-01-01,locked,2101.209020,1932.147803,2568.964068,1296.686889,2749.668755,36,2159,57.790980,57.790980,true,true,636.816265,1452.981866,133.359097
LWS,baseline_a,2024-12,2025-03,3,2025-01-01,locked,2090.333333,1887.333333,2255.250000,1541.833333,2551.666667,36,1873,-217.333333,217.333333,false,true,367.916667,1009.833334,126.385000
LWS,baseline_b,2024-12,2025-03,3,2025-01-01,locked,2134.000000,2056.750000,2658.500000,1505.000000,2850.000000,36,1873,-261.000000,261.000000,false,true,601.750000,1345.000000,239.675000
LWS,candidate,2024-12,2025-03,3,2025-01-01,locked,2027.559759,1822.029231,2487.580416,1345.533829,2675.937253,36,1873,-154.559759,154.559759,true,true,665.551185,1330.403424,150.683207
LWS,baseline_a,2025-01,2025-02,1,2025-02-01,locked,2057.333333,1880.416667,2179.583333,1469.000000,2300.500000,36,1768,-289.333333,289.333333,false,true,299.166666,831.500000,166.010000
LWS,baseline_b,2025-01,2025-02,1,2025-02-01,locked,2146.000000,2068.750000,2670.500000,1517.000000,2862.000000,36,1768,-378.000000,378.000000,false,true,601.750000,1345.000000,309.875000
LWS,candidate,2025-01,2025-02,1,2025-02-01,locked,2033.862088,1864.800872,2501.617136,1229.339957,2682.321823,36,1768,-265.862088,265.862088,false,true,636.816264,1452.981866,213.693667
LWS,baseline_a,2025-01,2025-04,3,2025-02-01,locked,2057.333333,1854.333333,2213.500000,1508.833333,2416.500000,36,2156,98.666667,98.666667,true,true,359.166667,907.666667,91.956667
LWS,baseline_b,2025-01,2025-04,3,2025-02-01,locked,2236.000000,2158.750000,2760.500000,1607.000000,2952.000000,36,2156,-80.000000,80.000000,false,true,601.750000,1345.000000,131.075000
LWS,candidate,2025-01,2025-04,3,2025-02-01,locked,2122.419583,1916.889055,2582.440240,1440.393653,2770.797077,36,2156,33.580417,33.580417,true,true,665.551185,1330.403424,126.487339
LWS,baseline_a,2025-02,2025-03,1,2025-03-01,locked,2033.666667,1856.750000,2155.916667,1465.666667,2276.833333,36,1873,-160.666667,160.666667,true,true,299.166667,811.166666,94.496667
LWS,baseline_b,2025-02,2025-03,1,2025-03-01,locked,2134.000000,2056.750000,2658.500000,1505.000000,2850.000000,36,1873,-261.000000,261.000000,false,true,601.750000,1345.000000,239.675000
LWS,candidate,2025-02,2025-03,1,2025-03-01,locked,2018.562954,1813.165488,2486.318002,1214.040822,2667.022688,36,1873,-145.562954,145.562954,true,true,673.152514,1452.981866,154.547117
LWS,baseline_a,2025-02,2025-05,3,2025-03-01,locked,2033.666667,1830.666667,2189.833333,1485.166667,2392.833333,36,1908,-125.666667,125.666667,true,true,359.166666,907.666666,97.356667
LWS,baseline_b,2025-02,2025-05,3,2025-03-01,locked,2116.000000,2038.750000,2640.500000,1487.000000,2832.000000,36,1908,-208.000000,208.000000,false,true,601.750000,1345.000000,207.875000
LWS,candidate,2025-02,2025-05,3,2025-03-01,locked,2027.543127,1777.342187,2487.563784,1345.517197,2675.920622,36,1908,-119.543127,119.543127,true,true,710.221597,1330.403425,148.146922
LWS,baseline_a,2025-03,2025-04,1,2025-04-01,locked,1933.333333,1771.833333,2055.583333,1406.500000,2176.500000,36,2156,222.666667,222.666667,false,true,283.750000,770.000000,143.875000
LWS,baseline_b,2025-03,2025-04,1,2025-04-01,locked,2236.000000,2135.750000,2760.500000,1607.000000,2952.000000,36,2156,-80.000000,80.000000,true,true,624.750000,1345.000000,132.275000
LWS,candidate,2025-03,2025-04,1,2025-04-01,locked,2104.324515,1898.927050,2572.079563,1299.802384,2752.784250,36,2156,51.675485,51.675485,true,true,673.152513,1452.981866,135.769623
LWS,baseline_a,2025-03,2025-06,3,2025-04-01,locked,1933.333333,1730.333333,2089.500000,1384.833333,2292.500000,36,1933,-0.333333,0.333333,true,true,359.166667,907.666667,72.290000
LWS,baseline_b,2025-03,2025-06,3,2025-04-01,locked,2122.000000,2021.750000,2646.500000,1493.000000,2838.000000,36,1933,-189.000000,189.000000,false,true,624.750000,1345.000000,189.575000
LWS,candidate,2025-03,2025-06,3,2025-04-01,locked,2020.279741,1770.078801,2480.300398,1338.253811,2668.657236,36,1933,-87.279741,87.279741,true,true,710.221597,1330.403425,141.694245
LWS,baseline_a,2025-04,2025-05,1,2025-05-01,locked,1932.333333,1770.833333,2054.583333,1405.500000,2164.500000,36,1908,-24.333333,24.333333,true,true,283.750000,759.000000,63.601667
LWS,baseline_b,2025-04,2025-05,1,2025-05-01,locked,2116.000000,2015.750000,2545.000000,1487.000000,2832.000000,36,1908,-208.000000,208.000000,false,true,529.250000,1345.000000,191.425000
LWS,candidate,2025-04,2025-05,1,2025-05-01,locked,2022.815460,1817.417995,2374.706058,1218.293329,2671.275195,36,1908,-114.815460,114.815460,true,true,557.288063,1452.981866,136.811173
LWS,baseline_a,2025-04,2025-07,3,2025-05-01,locked,1932.333333,1729.333333,2080.000000,1383.833333,2187.833333,36,2688,755.666667,755.666667,false,false,350.666667,804.000000,661.626667
LWS,baseline_b,2025-04,2025-07,3,2025-05-01,locked,2143.000000,2042.750000,2572.000000,1514.000000,2859.000000,36,2688,545.000000,545.000000,false,true,529.250000,1345.000000,262.125000
LWS,candidate,2025-04,2025-07,3,2025-05-01,locked,2014.305354,1764.104413,2363.254163,1332.279424,2662.682848,36,2688,673.694646,673.694646,false,false,599.149750,1330.403424,387.895237
LWS,baseline_a,2025-05,2025-06,1,2025-06-01,locked,1979.000000,1817.500000,2087.750000,1452.166667,2198.500000,36,1933,-46.000000,46.000000,true,true,270.250000,746.333333,66.078333
LWS,baseline_b,2025-05,2025-06,1,2025-06-01,locked,2122.000000,1951.500000,2519.500000,1493.000000,2796.000000,36,1933,-189.000000,189.000000,false,true,568.000000,1303.000000,154.120000
LWS,candidate,2025-05,2025-06,1,2025-06-01,locked,2017.667601,1812.270135,2277.997616,1213.145469,2624.813735,36,1933,-84.667601,84.667601,true,true,465.727481,1411.668266,119.972999
LWS,baseline_a,2025-05,2025-08,3,2025-06-01,locked,1979.000000,1776.000000,2113.500000,1430.500000,2186.666667,36,2045,66.000000,66.000000,true,true,337.500000,756.166667,77.196667
LWS,baseline_b,2025-05,2025-08,3,2025-06-01,locked,1963.000000,1792.500000,2360.500000,1334.000000,2637.000000,36,2045,82.000000,82.000000,true,true,568.000000,1303.000000,125.320000
LWS,candidate,2025-05,2025-08,3,2025-06-01,locked,2162.679969,1912.479029,2476.827907,1480.654039,2766.336121,36,2045,-117.679969,117.679969,true,true,564.348878,1285.682082,131.398165
LWS,baseline_a,2025-06,2025-07,1,2025-07-01,locked,1999.000000,1837.500000,2107.750000,1472.166667,2218.500000,36,2688,689.000000,689.000000,false,false,270.250000,746.333333,614.578333
LWS,baseline_b,2025-06,2025-07,1,2025-07-01,locked,2143.000000,1949.250000,2536.500000,1514.000000,2774.000000,36,2688,545.000000,545.000000,false,true,587.250000,1260.000000,278.725000
LWS,candidate,2025-06,2025-07,1,2025-07-01,locked,2005.223672,1799.826206,2240.339828,1200.701540,2591.333796,36,2688,682.776328,682.776328,false,false,440.513622,1390.632256,453.962468
LWS,baseline_a,2025-06,2025-09,3,2025-07-01,locked,1999.000000,1796.000000,2110.000000,1450.500000,2186.000000,36,2063,64.000000,64.000000,true,true,314.000000,735.500000,73.620000
LWS,baseline_b,2025-06,2025-09,3,2025-07-01,locked,1943.000000,1749.250000,2336.500000,1314.000000,2574.000000,36,2063,120.000000,120.000000,true,true,587.250000,1260.000000,133.125000
LWS,candidate,2025-06,2025-09,3,2025-07-01,locked,1864.278963,1614.078023,2146.653702,1182.253033,2447.989216,36,2063,198.721037,198.721037,true,true,532.575679,1265.736183,143.631223
LWS,baseline_a,2025-07,2025-08,1,2025-08-01,locked,2176.333333,2036.416667,2298.583333,1891.000000,2408.500000,36,2045,-131.333333,131.333333,true,true,262.166666,517.500000,73.183333
LWS,baseline_b,2025-07,2025-08,1,2025-08-01,locked,1963.000000,1797.250000,2360.500000,1436.500000,2594.000000,36,2045,82.000000,82.000000,true,true,563.250000,1157.500000,119.025000
LWS,candidate,2025-07,2025-08,1,2025-08-01,locked,2182.528797,2013.467580,2442.858813,1615.073861,2789.674931,36,2045,-137.528797,137.528797,true,true,429.391233,1174.601070,117.428925
LWS,baseline_a,2025-07,2025-10,3,2025-08-01,locked,2176.333333,1973.333333,2310.833333,1627.833333,2384.000000,36,2218,41.666667,41.666667,true,true,337.500000,756.166667,72.330000
LWS,baseline_b,2025-07,2025-10,3,2025-08-01,locked,2258.000000,2092.250000,2655.500000,1731.500000,2889.000000,36,2218,-40.000000,40.000000,true,true,563.250000,1157.500000,110.625000
LWS,candidate,2025-07,2025-10,3,2025-08-01,locked,2192.305831,1986.775303,2506.453769,1691.294600,2795.961983,36,2218,25.694169,25.694169,true,true,519.678466,1104.667383,101.293376
LWS,baseline_a,2025-08,2025-09,1,2025-09-01,locked,2222.000000,2090.250000,2344.250000,1956.000000,2454.166667,36,2063,-159.000000,159.000000,false,true,254.000000,498.166667,88.026667
LWS,baseline_b,2025-08,2025-09,1,2025-09-01,locked,1943.000000,1777.250000,2336.500000,1416.500000,2570.500000,36,2063,120.000000,120.000000,true,true,559.250000,1154.000000,126.085000
LWS,candidate,2025-08,2025-09,1,2025-09-01,locked,1881.892899,1712.831682,2117.009055,1314.437963,2468.003023,36,2063,181.107101,181.107101,true,true,404.177373,1153.565060,122.781760
LWS,baseline_a,2025-08,2025-11,3,2025-09-01,locked,2222.000000,2078.000000,2356.500000,1759.166667,2429.666667,36,1855,-367.000000,367.000000,false,true,278.500000,670.500000,217.270000
LWS,baseline_b,2025-08,2025-11,3,2025-09-01,locked,1839.000000,1673.250000,2232.500000,1312.500000,2466.500000,36,1855,16.000000,16.000000,true,true,559.250000,1154.000000,105.285000
LWS,candidate,2025-08,2025-11,3,2025-09-01,locked,1844.088574,1638.558046,2126.463313,1343.077343,2427.798827,36,1855,10.911426,10.911426,true,true,487.905267,1084.721484,94.361671
LWS,baseline_a,2025-09,2025-10,1,2025-10-01,locked,2265.333333,2125.833333,2387.583333,1999.333333,2497.500000,36,2218,-47.333333,47.333333,true,true,261.750000,498.166667,55.568333
LWS,baseline_b,2025-09,2025-10,1,2025-10-01,locked,2258.000000,2092.250000,2622.500000,1731.500000,2885.500000,36,2218,-40.000000,40.000000,true,true,530.250000,1154.000000,107.185000
LWS,candidate,2025-09,2025-10,1,2025-10-01,locked,2192.213425,2023.152208,2424.827236,1624.758489,2778.323549,36,2218,25.786575,25.786575,true,true,401.675028,1153.565060,91.467420
LWS,baseline_a,2025-09,2025-12,3,2025-10-01,locked,2265.333333,2154.666667,2399.833333,2024.166667,2473.000000,36,1963,-302.333333,302.333333,false,false,245.166666,448.833333,204.070000
LWS,baseline_b,2025-09,2025-12,3,2025-10-01,locked,2174.000000,2008.250000,2538.500000,1647.500000,2801.500000,36,1963,-211.000000,211.000000,false,true,530.250000,1154.000000,159.485000
LWS,candidate,2025-09,2025-12,3,2025-10-01,locked,2088.348660,1882.818132,2343.161031,1587.337429,2672.058913,36,1963,-125.348660,125.348660,true,true,460.342899,1084.721484,114.492881
LWS,baseline_a,2025-10,2025-11,1,2025-11-01,locked,2108.666667,1969.166667,2217.416667,1842.666667,2340.833333,36,1855,-253.666667,253.666667,false,true,248.250000,498.166666,141.151667
LWS,baseline_b,2025-10,2025-11,1,2025-11-01,locked,1839.000000,1738.750000,2203.500000,1412.000000,2466.500000,36,1855,16.000000,16.000000,true,true,464.750000,1054.500000,91.855000
LWS,candidate,2025-10,2025-11,1,2025-11-01,locked,1849.678687,1699.929955,2082.292497,1504.771788,2435.788811,36,1855,5.321313,5.321313,true,true,382.362542,931.017023,76.541198
LWS,baseline_a,2025-11,2025-12,1,2025-12-01,locked,2045.333333,1885.916667,2149.083333,1773.833333,2277.500000,36,1963,-82.333333,82.333333,true,true,263.166666,503.666667,62.930000
LWS,baseline_b,2025-11,2025-12,1,2025-12-01,locked,2174.000000,2073.750000,2515.500000,1747.000000,2752.000000,36,1963,-211.000000,211.000000,false,true,441.750000,1005.000000,170.875000
LWS,candidate,2025-11,2025-12,1,2025-12-01,locked,2089.070063,1939.321332,2306.452305,1744.163165,2641.514207,36,1963,-126.070063,126.070063,true,true,367.130973,897.351042,97.821152
LWS,baseline_a,2025-12,2026-01,1,2026-01-01,recent,2012.000000,1852.583333,2115.750000,1740.500000,2244.166667,36,1789,-223.000000,223.000000,false,true,263.166667,503.666667,116.496667
LWS,baseline_b,2025-12,2026-01,1,2026-01-01,recent,2159.000000,1993.250000,2446.500000,1732.000000,2634.000000,36,1789,-370.000000,370.000000,false,true,453.250000,902.000000,237.105000
LWS,candidate,2025-12,2026-01,1,2026-01-01,recent,2110.680324,1960.931592,2312.663210,1765.773425,2535.292869,36,1789,-321.680324,321.680324,false,true,351.731618,769.519444,199.062641
LWS,baseline_a,2025-12,2026-03,3,2026-01-01,recent,2012.000000,1809.000000,2146.500000,1677.333333,2219.666667,36,1988,-24.000000,24.000000,true,true,337.500000,542.333334,60.243333
LWS,baseline_b,2025-12,2026-03,3,2026-01-01,recent,1873.000000,1707.250000,2160.500000,1446.000000,2348.000000,36,1988,115.000000,115.000000,true,true,453.250000,902.000000,104.405000
LWS,candidate,2025-12,2026-03,3,2026-01-01,recent,1881.052204,1695.699889,2086.543196,1529.194189,2306.453992,36,1988,106.947796,106.947796,true,true,390.843307,777.259803,91.564282
LWS,baseline_a,2026-01,2026-02,1,2026-02-01,recent,1869.000000,1707.500000,1945.416667,1597.500000,2101.166667,36,2109,240.000000,240.000000,false,false,237.916667,503.666667,160.505000
LWS,baseline_b,2026-01,2026-02,1,2026-02-01,recent,1768.000000,1602.250000,2055.500000,1394.000000,2243.000000,36,2109,341.000000,341.000000,false,true,453.250000,849.000000,168.885000
LWS,candidate,2026-01,2026-02,1,2026-02-01,recent,1780.175819,1630.427087,1982.158704,1482.578472,2204.788363,36,2109,328.824181,328.824181,false,true,351.731617,722.209891,180.562912
LWS,baseline_a,2026-01,2026-04,3,2026-02-01,recent,1869.000000,1653.416667,1980.000000,1525.666667,2076.333333,36,1901,32.000000,32.000000,true,true,326.583333,550.666666,61.085000
LWS,baseline_b,2026-01,2026-04,3,2026-02-01,recent,2156.000000,1990.250000,2443.500000,1782.000000,2631.000000,36,1901,-255.000000,255.000000,false,true,453.250000,849.000000,165.985000
LWS,candidate,2026-01,2026-04,3,2026-02-01,recent,2125.860562,1940.508247,2331.351554,1824.179610,2551.262351,36,1901,-224.860562,224.860562,false,true,390.843307,727.082741,128.943052
LWS,baseline_a,2026-02,2026-03,1,2026-03-01,recent,1953.666667,1792.166667,2063.666667,1682.166667,2194.500000,36,1988,34.333333,34.333333,true,true,271.500000,512.333333,54.510000
LWS,baseline_b,2026-02,2026-03,1,2026-03-01,recent,1873.000000,1707.250000,2160.500000,1499.000000,2273.000000,36,1988,115.000000,115.000000,true,true,453.250000,774.000000,99.285000
LWS,candidate,2026-02,2026-03,1,2026-03-01,recent,1879.149902,1729.401170,2081.132788,1581.552555,2203.606596,36,1988,108.850098,108.850098,true,true,351.731618,622.054041,81.825343
LWS,baseline_a,2026-02,2026-05,3,2026-03-01,recent,1953.666667,1738.083333,2064.666667,1610.333333,2161.000000,36,1941,-12.666667,12.666667,true,true,326.583334,550.666667,57.218333
LWS,baseline_b,2026-02,2026-05,3,2026-03-01,recent,1908.000000,1742.250000,2195.500000,1534.000000,2308.000000,36,1941,33.000000,33.000000,true,true,453.250000,774.000000,82.885000
LWS,candidate,2026-02,2026-05,3,2026-03-01,recent,1923.567532,1738.215217,2129.058524,1621.886580,2243.731171,36,1941,17.432468,17.432468,true,true,390.843307,621.844591,67.444608
LWS,baseline_a,2026-03,2026-04,1,2026-04-01,recent,1962.000000,1800.500000,2038.416667,1690.500000,2202.833333,36,1901,-61.000000,61.000000,true,true,237.916667,512.333333,56.485000
LWS,baseline_b,2026-03,2026-04,1,2026-04-01,recent,2156.000000,1990.250000,2384.250000,1782.000000,2550.000000,36,1901,-255.000000,255.000000,false,true,394.000000,768.000000,156.820000
LWS,candidate,2026-03,2026-04,1,2026-04-01,recent,2138.265759,1988.517027,2323.724796,1840.668412,2418.515505,36,1901,-237.265759,237.265759,false,true,335.207769,577.847093,139.094623
LWS,baseline_a,2026-03,2026-06,3,2026-04-01,recent,1962.000000,1746.416667,2062.083333,1618.666667,2169.333333,36,2059,97.000000,97.000000,true,true,315.666666,550.666666,72.993333
LWS,baseline_b,2026-03,2026-06,3,2026-04-01,recent,1933.000000,1767.250000,2161.250000,1559.000000,2327.000000,36,2059,126.000000,126.000000,true,true,394.000000,768.000000,95.320000
LWS,candidate,2026-03,2026-06,3,2026-04-01,recent,1954.394023,1769.041708,2153.715194,1652.713071,2270.429537,36,2059,104.605977,104.605977,true,true,384.673486,617.716466,84.097203
LWS,baseline_a,2026-04,2026-05,1,2026-05-01,recent,1999.333333,1837.833333,2075.750000,1727.833333,2240.166667,36,1941,-58.333333,58.333333,true,true,237.916667,512.333334,55.951667
LWS,baseline_b,2026-04,2026-05,1,2026-05-01,recent,1908.000000,1742.250000,2136.250000,1592.500000,2302.000000,36,1941,33.000000,33.000000,true,true,394.000000,709.500000,74.380000
LWS,candidate,2026-04,2026-05,1,2026-05-01,recent,1922.084373,1772.335641,2107.543410,1652.396144,2202.334119,36,1941,18.915627,18.915627,true,true,335.207769,549.937975,59.301421
LWS,baseline_a,2026-04,2026-07,3,2026-05-01,recent,1999.333333,1783.750000,2099.416667,1656.000000,2206.666667,36,2161,161.666667,161.666667,false,true,315.666667,550.666667,110.560000
LWS,baseline_b,2026-04,2026-07,3,2026-05-01,recent,2688.000000,2522.250000,2916.250000,2372.500000,3082.000000,36,2161,-527.000000,527.000000,false,false,394.000000,709.500000,402.280000
LWS,candidate,2026-04,2026-07,3,2026-05-01,recent,2554.965747,2369.613432,2754.286918,2278.580959,2871.001261,36,2161,-393.965747,393.965747,false,false,384.673486,592.420302,271.435066
LWS,baseline_a,2026-05,2026-06,1,2026-06-01,recent,1943.333333,1781.833333,1990.000000,1671.833333,2174.666667,36,2059,115.666667,115.666667,false,true,208.166667,502.833334,91.663333
LWS,baseline_b,2026-05,2026-06,1,2026-06-01,recent,1933.000000,1767.250000,2161.250000,1617.500000,2327.000000,36,2059,126.000000,126.000000,true,true,394.000000,709.500000,92.980000
LWS,candidate,2026-05,2026-06,1,2026-06-01,recent,1948.652341,1809.115005,2134.111378,1678.964113,2228.902087,36,2059,110.347659,110.347659,true,true,324.996373,549.937974,76.566688
LWS,baseline_a,2026-05,2026-08,3,2026-06-01,recent,1943.333333,1727.750000,2031.750000,1600.000000,2115.500000,36,1606,-337.333333,337.333333,false,true,304.000000,515.500000,167.186667
LWS,baseline_b,2026-05,2026-08,3,2026-06-01,recent,2045.000000,1879.250000,2273.250000,1729.500000,2439.000000,36,1606,-439.000000,439.000000,false,false,394.000000,709.500000,314.280000
LWS,candidate,2026-05,2026-08,3,2026-06-01,recent,2066.362464,1881.010149,2265.683635,1789.977676,2382.397978,36,1606,-460.362464,460.362464,false,false,384.673486,592.420302,337.831783
LWS,baseline_a,2026-06,2026-07,1,2026-07-01,recent,1967.000000,1805.500000,2013.666667,1695.500000,2198.333333,36,2161,194.000000,194.000000,false,true,208.166667,502.833333,138.663333
LWS,baseline_b,2026-06,2026-07,1,2026-07-01,recent,2688.000000,2522.250000,2916.250000,2372.500000,3082.000000,36,2161,-527.000000,527.000000,false,false,394.000000,709.500000,402.280000
LWS,candidate,2026-06,2026-07,1,2026-07-01,recent,2558.332330,2418.794993,2743.791367,2288.644101,2838.582076,36,2161,-397.332330,397.332330,false,false,324.996374,549.937975,288.139260
LWS,baseline_a,2026-07,2026-08,1,2026-08-01,recent,2053.666667,1892.166667,2130.083333,1782.166667,2285.000000,36,1606,-447.666667,447.666667,false,false,237.916666,502.833333,318.371667
LWS,baseline_b,2026-07,2026-08,1,2026-08-01,recent,2045.000000,1851.250000,2222.250000,1671.000000,2419.000000,36,1606,-439.000000,439.000000,false,false,371.000000,748.000000,278.920000
LWS,candidate,2026-07,2026-08,1,2026-08-01,recent,2066.278655,1909.774772,2195.025829,1768.681308,2303.159521,36,1606,-460.278655,460.278655,false,false,285.251057,534.478213,328.542397
NIK,baseline_a,2021-10,2022-01,3,2021-11-01,development,778.666667,731.250000,884.416667,639.833333,919.266667,32,838,59.333333,59.333333,true,true,153.166667,279.433334,38.360667
NIK,baseline_b,2021-10,2022-01,3,2021-11-01,development,911.000000,893.000000,1079.250000,728.600000,1218.300000,32,838,-73.000000,73.000000,false,true,186.250000,489.700000,74.813000
NIK,candidate,2021-10,2022-01,3,2021-11-01,development,1243.616573,1131.437768,1469.624537,768.846180,1586.434336,32,838,-405.616573,405.616573,false,true,338.186769,817.588156,265.020625
NIK,baseline_a,2021-11,2022-02,3,2021-12-01,development,773.666667,725.000000,875.666667,629.933333,913.533333,33,651,-122.666667,122.666667,false,true,150.666667,283.600000,80.544000
NIK,baseline_b,2021-11,2022-02,3,2021-12-01,development,814.000000,775.000000,982.000000,639.200000,1117.600000,33,651,-163.000000,163.000000,false,true,207.000000,478.400000,122.036000
NIK,candidate,2021-11,2022-02,3,2021-12-01,development,1100.660958,989.448548,1322.525975,629.507715,1443.017154,33,651,-449.660958,449.660958,false,true,333.077427,813.509439,291.159731
NIK,baseline_a,2021-12,2022-01,1,2022-01-01,development,787.666667,738.500000,863.333333,689.666667,897.833333,36,838,50.333333,50.333333,true,true,124.833333,208.166666,30.876667
NIK,baseline_b,2021-12,2022-01,1,2022-01-01,development,911.000000,846.500000,1076.750000,719.500000,1203.500000,36,838,-73.000000,73.000000,false,true,230.250000,484.000000,60.385000
NIK,candidate,2021-12,2022-01,1,2022-01-01,development,1029.863735,855.135041,1216.284410,637.148430,1304.381563,36,838,-191.863735,191.863735,false,true,361.149369,667.233133,108.031026
NIK,baseline_a,2021-12,2022-03,3,2022-01-01,development,787.666667,738.000000,887.833333,644.400000,926.800000,34,766,-21.666667,21.666667,true,true,149.833333,282.400000,30.612667
NIK,baseline_b,2021-12,2022-03,3,2022-01-01,development,882.000000,832.500000,1049.250000,705.200000,1181.900000,34,766,-116.000000,116.000000,false,true,216.750000,476.700000,90.543000
NIK,candidate,2021-12,2022-03,3,2022-01-01,development,746.301253,632.189662,961.061043,267.327341,1088.195881,34,766,19.698747,19.698747,true,true,328.871381,820.868540,69.661629
NIK,baseline_a,2022-01,2022-02,1,2022-02-01,development,768.000000,723.250000,843.666667,687.166667,878.166667,36,651,-117.000000,117.000000,false,false,120.416667,191.000000,86.448333
NIK,baseline_b,2022-01,2022-02,1,2022-02-01,development,814.000000,756.000000,979.750000,646.000000,1106.500000,36,651,-163.000000,163.000000,false,true,223.750000,460.500000,115.395000
NIK,candidate,2022-01,2022-02,1,2022-02-01,development,797.238547,622.509853,983.659222,458.252936,1071.756375,36,651,-146.238547,146.238547,true,true,361.149369,613.503439,89.902784
NIK,baseline_a,2022-01,2022-04,3,2022-02-01,development,768.000000,718.666667,866.333333,625.200000,906.400000,35,965,197.000000,197.000000,false,false,147.666666,281.200000,128.321333
NIK,baseline_b,2022-01,2022-04,3,2022-02-01,development,976.000000,913.000000,1142.500000,803.600000,1272.200000,35,965,-11.000000,11.000000,true,true,229.500000,468.600000,43.894000
NIK,candidate,2022-01,2022-04,3,2022-02-01,development,919.039138,803.573157,1126.693701,440.148993,1260.472198,35,965,45.960862,45.960862,true,true,323.120544,820.323205,74.317155
NIK,baseline_a,2022-02,2022-03,1,2022-03-01,development,744.000000,694.833333,815.666667,636.666667,854.166667,36,766,22.000000,22.000000,true,true,120.833334,217.500000,25.183333
NIK,baseline_b,2022-02,2022-03,1,2022-03-01,development,882.000000,802.500000,1047.750000,705.500000,1174.500000,36,766,-116.000000,116.000000,false,true,245.250000,469.000000,81.085000
NIK,candidate,2022-02,2022-03,1,2022-03-01,development,623.453868,448.725174,809.874542,284.468256,897.971696,36,766,142.546132,142.546132,true,true,361.149368,613.503440,89.164301
NIK,baseline_a,2022-02,2022-05,3,2022-03-01,development,744.000000,690.583333,840.500000,601.666667,881.666667,36,918,174.000000,174.000000,false,false,149.916667,280.000000,106.525000
NIK,baseline_b,2022-02,2022-05,3,2022-03-01,development,884.000000,804.500000,1049.750000,707.500000,1176.500000,36,918,34.000000,34.000000,true,true,245.250000,469.000000,50.085000
NIK,candidate,2022-02,2022-05,3,2022-03-01,development,475.751393,321.569331,676.300728,0.000000,816.722886,36,918,442.248607,442.248607,false,false,354.731397,816.722886,293.782331
NIK,baseline_a,2022-03,2022-04,1,2022-04-01,development,751.666667,702.500000,823.333333,644.333333,861.833333,36,965,213.333333,213.333333,false,false,120.833333,217.500000,161.383333
NIK,baseline_b,2022-03,2022-04,1,2022-04-01,development,976.000000,896.500000,1141.750000,821.500000,1268.500000,36,965,-11.000000,11.000000,true,true,245.250000,447.000000,44.605000
NIK,candidate,2022-03,2022-04,1,2022-04-01,development,919.660154,744.931460,1106.080828,580.674542,1194.177982,36,965,45.339846,45.339846,true,true,361.149368,613.503440,69.723044
NIK,baseline_a,2022-03,2022-06,3,2022-04-01,development,751.666667,702.666667,848.166667,609.333333,889.333333,36,924,172.333333,172.333333,false,false,145.500000,280.000000,104.416667
NIK,baseline_b,2022-03,2022-06,3,2022-04-01,development,884.000000,804.500000,1049.750000,729.500000,1176.500000,36,924,40.000000,40.000000,true,true,245.250000,447.000000,50.405000
NIK,candidate,2022-03,2022-06,3,2022-04-01,development,678.542275,524.360213,879.091610,199.735897,1019.513768,36,924,245.457725,245.457725,false,true,354.731397,819.777871,135.319156
NIK,baseline_a,2022-04,2022-05,1,2022-05-01,development,794.000000,744.833333,865.666667,686.666667,957.000000,36,918,124.000000,124.000000,false,true,120.833334,270.333333,68.630000
NIK,baseline_b,2022-04,2022-05,1,2022-05-01,development,884.000000,826.000000,1049.750000,753.000000,1176.500000,36,918,34.000000,34.000000,true,true,223.750000,423.500000,46.115000
NIK,candidate,2022-04,2022-05,1,2022-05-01,development,770.937828,596.209134,957.358502,431.952216,1045.455656,36,918,147.062172,147.062172,true,true,361.149368,613.503440,90.067509
NIK,baseline_a,2022-04,2022-07,3,2022-05-01,development,794.000000,745.000000,890.500000,651.666667,941.166667,36,1374,580.000000,580.000000,false,false,145.500000,289.500000,508.663333
NIK,baseline_b,2022-04,2022-07,3,2022-05-01,development,981.000000,923.000000,1146.750000,850.000000,1273.500000,36,1374,393.000000,393.000000,false,false,223.750000,423.500000,249.015000
NIK,candidate,2022-04,2022-07,3,2022-05-01,development,844.586121,690.404059,1045.135456,365.779743,1185.557613,36,1374,529.413879,529.413879,false,false,354.731397,819.777870,381.069803
NIK,baseline_a,2022-05,2022-06,1,2022-06-01,development,883.000000,841.500000,971.333333,792.500000,1051.333333,36,924,41.000000,41.000000,true,true,129.833333,258.833333,31.536667
NIK,baseline_b,2022-05,2022-06,1,2022-06-01,development,884.000000,826.000000,1049.750000,753.000000,1176.500000,36,924,40.000000,40.000000,true,true,223.750000,423.500000,47.315000
NIK,candidate,2022-05,2022-06,1,2022-06-01,development,835.554329,660.825635,993.404998,496.568718,1110.072157,36,924,88.445671,88.445671,true,true,332.579363,613.503439,75.487208
NIK,baseline_a,2022-05,2022-08,3,2022-06-01,development,883.000000,835.583333,988.750000,740.666667,1046.500000,36,1003,120.000000,120.000000,false,true,153.166667,305.833333,57.250000
NIK,baseline_b,2022-05,2022-08,3,2022-06-01,development,738.000000,680.000000,903.750000,607.000000,1030.500000,36,1003,265.000000,265.000000,false,true,223.750000,423.500000,132.015000
NIK,candidate,2022-05,2022-08,3,2022-06-01,development,716.886347,562.704285,917.435683,238.079970,1076.791239,36,1003,286.113653,286.113653,false,true,354.731398,838.711269,160.470048
NIK,baseline_a,2022-06,2022-07,1,2022-07-01,development,935.666667,902.750000,1024.000000,845.166667,1104.000000,36,1374,438.333333,438.333333,false,false,121.250000,258.833333,358.145000
NIK,baseline_b,2022-06,2022-07,1,2022-07-01,development,981.000000,959.500000,1146.750000,866.000000,1273.500000,36,1374,393.000000,393.000000,false,false,187.250000,407.500000,244.725000
NIK,candidate,2022-06,2022-07,1,2022-07-01,development,970.393482,795.664788,1128.244151,631.407871,1244.911310,36,1374,403.606518,403.606518,false,false,332.579363,613.503439,288.457193
NIK,baseline_a,2022-06,2022-09,3,2022-07-01,development,935.666667,888.250000,1052.916667,793.333333,1108.833333,36,759,-176.666667,176.666667,false,false,164.666667,315.500000,129.853333
NIK,baseline_b,2022-06,2022-09,3,2022-07-01,development,701.000000,679.500000,866.750000,586.000000,993.500000,36,759,58.000000,58.000000,true,true,187.250000,407.500000,46.625000
NIK,candidate,2022-06,2022-09,3,2022-07-01,development,704.993802,550.811740,932.756996,226.187424,1064.898694,36,759,54.006198,54.006198,true,true,381.945256,838.711270,82.544216
NIK,baseline_a,2022-07,2022-08,1,2022-08-01,development,1072.000000,1039.083333,1162.500000,981.500000,1285.000000,36,1003,-69.000000,69.000000,false,true,123.416667,303.500000,52.715000
NIK,baseline_b,2022-07,2022-08,1,2022-08-01,development,738.000000,716.500000,906.250000,623.000000,1066.500000,36,1003,265.000000,265.000000,false,true,189.750000,443.500000,128.415000
NIK,candidate,2022-07,2022-08,1,2022-08-01,development,883.794184,709.065490,1070.214858,544.808572,1200.986503,36,1003,119.205816,119.205816,true,true,361.149368,656.177931,86.203217
NIK,baseline_a,2022-07,2022-10,3,2022-08-01,development,1072.000000,1042.250000,1194.000000,929.666667,1257.500000,36,835,-237.000000,237.000000,false,false,151.750000,327.833333,196.455000
NIK,baseline_b,2022-07,2022-10,3,2022-08-01,development,897.000000,875.500000,1065.250000,782.000000,1225.500000,36,835,-62.000000,62.000000,false,true,189.750000,443.500000,65.315000
NIK,candidate,2022-07,2022-10,3,2022-08-01,development,1048.304625,894.122563,1298.443891,569.498247,1428.349054,36,835,-213.304625,213.304625,false,true,404.321328,858.850807,141.096115
NIK,baseline_a,2022-08,2022-09,1,2022-09-01,development,1100.333333,1056.666667,1190.833333,1007.333333,1313.333333,36,759,-341.333333,341.333333,false,false,134.166666,306.000000,312.323333
NIK,baseline_b,2022-08,2022-09,1,2022-09-01,development,701.000000,694.500000,879.750000,588.000000,1029.500000,36,759,58.000000,58.000000,true,true,185.250000,441.500000,47.785000
NIK,candidate,2022-08,2022-09,1,2022-09-01,development,879.185882,704.457188,1065.606557,540.200270,1196.378201,36,759,-120.185882,120.185882,true,true,361.149369,656.177931,86.399231
NIK,baseline_a,2022-08,2022-11,3,2022-09-01,development,1100.333333,1070.583333,1223.833333,958.000000,1285.833333,36,831,-269.333333,269.333333,false,false,153.250000,327.833333,228.938333
NIK,baseline_b,2022-08,2022-11,3,2022-09-01,development,723.000000,716.500000,901.750000,610.000000,1051.500000,36,831,108.000000,108.000000,true,true,185.250000,441.500000,57.785000
NIK,candidate,2022-08,2022-11,3,2022-09-01,development,880.016836,725.834774,1148.733217,401.210458,1260.061265,36,831,-49.016836,49.016836,true,true,422.898443,858.850807,86.447244
NIK,baseline_a,2022-09,2022-10,1,2022-10-01,development,1045.333333,989.416667,1135.833333,903.500000,1258.333333,36,835,-210.333333,210.333333,false,false,146.416666,354.833333,160.068333
NIK,baseline_b,2022-09,2022-10,1,2022-10-01,development,897.000000,890.500000,1075.750000,784.000000,1225.500000,36,835,-62.000000,62.000000,false,true,185.250000,441.500000,70.785000
NIK,candidate,2022-09,2022-10,1,2022-10-01,development,1038.496182,863.767488,1194.996635,699.510571,1355.688501,36,835,-203.496182,203.496182,false,true,331.229147,656.177930,111.576264
NIK,baseline_a,2022-09,2022-12,3,2022-10-01,development,1045.333333,1015.583333,1168.833333,885.000000,1230.833333,36,782,-263.333333,263.333333,false,false,153.250000,345.833333,216.458333
NIK,baseline_b,2022-09,2022-12,3,2022-10-01,development,743.000000,736.500000,921.750000,630.000000,1071.500000,36,782,39.000000,39.000000,true,true,185.250000,441.500000,43.985000
NIK,candidate,2022-09,2022-12,3,2022-10-01,development,842.861516,688.679454,1097.533272,364.055138,1222.905945,36,782,-60.861516,60.861516,true,true,408.853818,858.850807,87.411717
NIK,baseline_a,2022-10,2022-11,1,2022-11-01,development,865.666667,808.166667,954.000000,693.166667,1078.666667,36,831,-34.666667,34.666667,true,true,145.833333,385.500000,36.936667
NIK,baseline_b,2022-10,2022-11,1,2022-11-01,development,723.000000,716.500000,901.750000,618.500000,1051.500000,36,831,108.000000,108.000000,true,true,185.250000,433.000000,57.445000
NIK,candidate,2022-10,2022-11,1,2022-11-01,development,744.048002,569.319308,900.548455,456.121277,1061.240321,36,831,86.951998,86.951998,true,true,331.229147,605.119044,74.718076
NIK,baseline_a,2022-10,2023-01,3,2022-11-01,development,865.666667,814.500000,989.166667,689.333333,1051.166667,36,834,-31.666667,31.666667,true,true,174.666667,361.833334,38.273333
NIK,baseline_b,2022-10,2023-01,3,2022-11-01,development,838.000000,831.500000,1016.750000,733.500000,1166.500000,36,834,-4.000000,4.000000,true,true,185.250000,433.000000,36.645000
NIK,candidate,2022-10,2023-01,3,2022-11-01,development,861.834796,634.564748,1116.506552,383.028418,1241.879225,36,834,-27.834796,27.834796,true,true,481.941804,858.850807,88.115172
NIK,baseline_a,2022-11,2022-12,1,2022-12-01,development,808.333333,750.833333,880.000000,635.833333,1021.333333,36,782,-26.333333,26.333333,true,true,129.166667,385.500000,33.603333
NIK,baseline_b,2022-11,2022-12,1,2022-12-01,development,743.000000,736.500000,921.750000,638.500000,1071.500000,36,782,39.000000,39.000000,true,true,185.250000,433.000000,43.645000
NIK,candidate,2022-11,2022-12,1,2022-12-01,development,802.029227,627.300533,948.446571,514.102502,1076.547055,36,782,-20.029227,20.029227,true,true,321.146038,562.444553,58.618231
NIK,baseline_a,2022-11,2023-02,3,2022-12-01,development,808.333333,729.916667,926.833333,614.166667,993.833333,36,854,45.666667,45.666667,true,true,196.916666,379.666666,44.011667
NIK,baseline_b,2022-11,2023-02,3,2022-12-01,development,651.000000,644.500000,829.750000,546.500000,979.500000,36,854,203.000000,203.000000,false,true,185.250000,433.000000,86.145000
NIK,candidate,2022-11,2023-02,3,2022-12-01,development,778.995942,551.725895,985.443455,300.189565,1159.040372,36,854,75.004058,75.004058,true,true,433.717560,858.850807,92.726600
NIK,baseline_a,2022-12,2023-01,1,2023-01-01,development,816.000000,758.500000,870.333333,643.500000,1029.000000,36,834,18.000000,18.000000,true,true,111.833333,385.500000,30.203333
NIK,baseline_b,2022-12,2023-01,1,2023-01-01,development,838.000000,831.500000,1016.750000,733.500000,1166.500000,36,834,-4.000000,4.000000,true,true,185.250000,433.000000,36.645000
NIK,candidate,2022-12,2023-01,1,2023-01-01,development,895.445334,743.415527,1041.862678,655.241110,1169.963163,36,834,-61.445334,61.445334,true,true,298.447151,514.722053,62.722664
NIK,baseline_a,2022-12,2023-03,3,2023-01-01,development,816.000000,689.000000,922.000000,603.333333,1001.500000,36,992,176.000000,176.000000,false,true,233.000000,398.166667,102.426667
NIK,baseline_b,2022-12,2023-03,3,2023-01-01,development,766.000000,759.500000,944.750000,661.500000,1094.500000,36,992,226.000000,226.000000,false,true,185.250000,433.000000,99.945000
NIK,candidate,2022-12,2023-03,3,2023-01-01,development,948.454119,808.819474,1154.901631,484.429868,1328.498548,36,992,43.545881,43.545881,true,true,346.082157,844.068680,77.080139
NIK,baseline_a,2023-01,2023-02,1,2023-02-01,development,815.666667,758.166667,859.000000,643.166667,984.000000,36,854,38.333333,38.333333,true,true,100.833333,340.833333,31.383333
NIK,baseline_b,2023-01,2023-02,1,2023-02-01,development,651.000000,644.500000,817.000000,546.500000,943.500000,36,854,203.000000,203.000000,false,true,172.500000,397.000000,88.530000
NIK,candidate,2023-01,2023-02,1,2023-02-01,development,744.376522,592.346714,890.793866,504.172298,1018.894350,36,854,109.623478,109.623478,true,true,298.447152,514.722052,72.358293
NIK,baseline_a,2023-01,2023-04,3,2023-02-01,development,815.666667,688.666667,912.166667,603.000000,988.833333,36,879,63.333333,63.333333,true,true,223.500000,385.833333,50.450000
NIK,baseline_b,2023-01,2023-04,3,2023-02-01,development,965.000000,958.500000,1131.000000,860.500000,1257.500000,36,879,-86.000000,86.000000,false,true,172.500000,397.000000,82.130000
NIK,candidate,2023-01,2023-04,3,2023-02-01,development,1138.274832,998.640187,1344.722345,674.250582,1518.319262,36,879,-259.274832,259.274832,false,true,346.082158,844.068680,168.082004
NIK,baseline_a,2023-02,2023-03,1,2023-03-01,development,823.333333,767.416667,866.666667,650.833333,991.666667,36,992,168.666667,168.666667,false,false,99.250000,340.833334,107.558333
NIK,baseline_b,2023-02,2023-03,1,2023-03-01,development,766.000000,759.500000,943.500000,661.500000,1058.500000,36,992,226.000000,226.000000,false,true,184.000000,397.000000,98.880000
NIK,candidate,2023-02,2023-03,1,2023-03-01,development,980.303799,828.273991,1126.721143,740.099575,1254.821627,36,992,11.696201,11.696201,true,true,298.447152,514.722052,52.772837
NIK,baseline_a,2023-02,2023-05,3,2023-03-01,development,823.333333,696.333333,919.833333,610.666667,996.500000,36,963,139.666667,139.666667,false,true,223.500000,385.833333,82.983334
NIK,baseline_b,2023-02,2023-05,3,2023-03-01,development,918.000000,911.500000,1095.500000,813.500000,1210.500000,36,963,45.000000,45.000000,true,true,184.000000,397.000000,43.280000
NIK,candidate,2023-02,2023-05,3,2023-03-01,development,1076.193877,966.693593,1282.641390,612.169627,1456.238307,36,963,-113.193877,113.193877,false,true,315.947797,844.068680,89.473739
NIK,baseline_a,2023-03,2023-04,1,2023-04-01,development,893.333333,837.416667,947.666667,720.833333,1084.000000,36,879,-14.333333,14.333333,true,true,110.250000,363.166667,28.418333
NIK,baseline_b,2023-03,2023-04,1,2023-04-01,development,965.000000,958.500000,1142.500000,860.500000,1253.000000,36,879,-86.000000,86.000000,false,true,184.000000,392.500000,83.100000
NIK,candidate,2023-03,2023-04,1,2023-04-01,development,1223.810427,1071.780620,1367.270627,983.606203,1474.585681,36,879,-344.810427,344.810427,false,false,295.490007,490.979478,237.104994
NIK,baseline_a,2023-03,2023-06,3,2023-04-01,development,893.333333,766.333333,989.833333,680.666667,1068.333333,36,966,72.666667,72.666667,true,true,223.500000,387.666666,52.390000
NIK,baseline_b,2023-03,2023-06,3,2023-04-01,development,924.000000,917.500000,1101.500000,819.500000,1212.000000,36,966,42.000000,42.000000,true,true,184.000000,392.500000,42.500000
NIK,candidate,2023-03,2023-06,3,2023-04-01,development,1042.786017,933.285733,1223.312980,578.761767,1422.830446,36,966,-76.786017,76.786017,true,true,290.027247,844.068679,78.122675
NIK,baseline_a,2023-04,2023-05,1,2023-05-01,development,908.333333,852.416667,962.666667,735.833333,1099.000000,36,963,54.666667,54.666667,false,true,110.250000,363.166667,36.618333
NIK,baseline_b,2023-04,2023-05,1,2023-05-01,development,918.000000,896.500000,1095.500000,813.500000,1206.000000,36,963,45.000000,45.000000,true,true,199.000000,392.500000,44.600000
NIK,candidate,2023-04,2023-05,1,2023-05-01,development,932.366440,780.336633,1075.826640,644.439715,1183.141694,36,963,30.633560,30.633560,true,true,295.490007,538.701979,57.223792
NIK,baseline_a,2023-04,2023-07,3,2023-05-01,development,908.333333,781.333333,1004.833333,695.666667,1083.333333,36,900,-8.333333,8.333333,true,true,223.500000,387.666666,39.523333
NIK,baseline_b,2023-04,2023-07,3,2023-05-01,development,1374.000000,1352.500000,1551.500000,1269.500000,1662.000000,36,900,-474.000000,474.000000,false,false,199.000000,392.500000,459.200000
NIK,candidate,2023-04,2023-07,3,2023-05-01,development,1147.670125,1008.035479,1328.197088,683.645874,1527.714554,36,900,-247.670125,247.670125,false,true,320.161609,844.068680,158.527125
NIK,baseline_a,2023-05,2023-06,1,2023-06-01,development,944.666667,904.750000,1002.250000,802.833333,1135.333333,36,966,21.333333,21.333333,true,true,97.500000,332.500000,27.316667
NIK,baseline_b,2023-05,2023-06,1,2023-06-01,development,924.000000,902.500000,1101.500000,819.500000,1212.000000,36,966,42.000000,42.000000,true,true,199.000000,392.500000,44.000000
NIK,candidate,2023-05,2023-06,1,2023-06-01,development,914.070224,762.040416,1057.530424,626.143498,1164.845478,36,966,51.929776,51.929776,true,true,295.490008,538.701980,61.483035
NIK,baseline_a,2023-05,2023-08,3,2023-06-01,development,944.666667,866.250000,1051.166667,749.500000,1119.666667,36,1761,816.333333,816.333333,false,false,184.916667,370.166667,737.031666
NIK,baseline_b,2023-05,2023-08,3,2023-06-01,development,1003.000000,981.500000,1180.500000,898.500000,1291.000000,36,1761,758.000000,758.000000,false,false,199.000000,392.500000,607.400000
NIK,candidate,2023-05,2023-08,3,2023-06-01,development,803.749594,664.114949,972.891225,339.725344,1183.794024,36,1761,957.250406,957.250406,false,false,308.776276,844.068680,802.216356
NIK,baseline_a,2023-06,2023-07,1,2023-07-01,development,936.000000,904.333333,993.583333,794.166667,1126.666667,36,900,-36.000000,36.000000,false,true,89.250000,332.500000,31.158333
NIK,baseline_b,2023-06,2023-07,1,2023-07-01,development,1374.000000,1352.500000,1551.500000,1269.500000,1662.000000,36,900,-474.000000,474.000000,false,false,199.000000,392.500000,459.200000
NIK,candidate,2023-06,2023-07,1,2023-07-01,development,1197.069931,1045.040123,1340.530131,909.143206,1447.845185,36,900,-297.069931,297.069931,false,false,295.490008,538.701979,172.184398
NIK,baseline_a,2023-06,2023-09,3,2023-07-01,development,936.000000,884.833333,1042.500000,740.833333,1111.000000,36,896,-40.000000,40.000000,true,true,157.666667,370.166667,38.573333
NIK,baseline_b,2023-06,2023-09,3,2023-07-01,development,759.000000,737.500000,936.500000,654.500000,1047.000000,36,896,137.000000,137.000000,true,true,199.000000,392.500000,63.000000
NIK,candidate,2023-06,2023-09,3,2023-07-01,development,666.955532,527.320886,836.097162,202.931281,1046.999961,36,896,229.044468,229.044468,false,true,308.776276,844.068680,134.410404
NIK,baseline_a,2023-07,2023-08,1,2023-08-01,development,943.000000,908.000000,994.416667,801.166667,1089.333333,36,1761,818.000000,818.000000,false,false,86.416667,288.166666,759.068333
NIK,baseline_b,2023-07,2023-08,1,2023-08-01,development,1003.000000,947.750000,1169.000000,890.000000,1248.500000,36,1761,758.000000,758.000000,false,false,221.250000,358.500000,629.865000
NIK,candidate,2023-07,2023-08,1,2023-08-01,development,718.642741,543.914048,843.683637,417.625516,911.279999,36,1761,1042.357259,1042.357259,false,false,299.769589,493.654483,965.009136
NIK,baseline_a,2023-07,2023-10,3,2023-08-01,development,943.000000,891.833333,1039.500000,747.833333,1118.000000,36,1010,67.000000,67.000000,true,true,147.666667,370.166667,42.973333
NIK,baseline_b,2023-07,2023-10,3,2023-08-01,development,835.000000,779.750000,1001.000000,722.000000,1080.500000,36,1010,175.000000,175.000000,false,true,221.250000,358.500000,75.065000
NIK,candidate,2023-07,2023-10,3,2023-08-01,development,707.898806,486.002806,837.060424,243.874555,1065.495859,36,1010,302.101194,302.101194,false,true,351.057618,821.621304,197.566683
NIK,baseline_a,2023-08,2023-09,1,2023-09-01,development,1209.000000,1174.000000,1266.583333,1067.166667,1399.666667,36,896,-313.000000,313.000000,false,false,92.583333,332.500000,264.825000
NIK,baseline_b,2023-08,2023-09,1,2023-09-01,development,759.000000,703.750000,936.500000,646.000000,1047.000000,36,896,137.000000,137.000000,true,true,232.750000,401.000000,66.715000
NIK,candidate,2023-08,2023-09,1,2023-09-01,development,863.015871,688.287177,1006.476071,561.998646,1113.791125,36,896,32.984129,32.984129,true,true,318.188894,551.792479,60.487414
NIK,baseline_a,2023-08,2023-11,3,2023-09-01,development,1209.000000,1157.833333,1315.500000,1013.833333,1395.500000,36,964,-245.000000,245.000000,false,false,157.666667,381.666667,177.500000
NIK,baseline_b,2023-08,2023-11,3,2023-09-01,development,831.000000,775.750000,1008.500000,718.000000,1119.000000,36,964,133.000000,133.000000,true,true,232.750000,401.000000,65.915000
NIK,candidate,2023-08,2023-11,3,2023-09-01,development,996.456591,774.560591,1165.598221,532.432340,1376.501020,36,964,-32.456591,32.456591,true,true,391.037630,844.068680,79.357828
NIK,baseline_a,2023-09,2023-10,1,2023-10-01,development,1185.666667,1144.750000,1243.250000,1013.166667,1376.333333,36,1010,-175.666667,175.666667,false,false,98.500000,363.166666,114.676667
NIK,baseline_b,2023-09,2023-10,1,2023-10-01,development,835.000000,779.750000,1001.000000,722.000000,1123.000000,36,1010,175.000000,175.000000,false,true,221.250000,401.000000,76.765000
NIK,candidate,2023-09,2023-10,1,2023-10-01,development,1061.087972,886.359278,1186.128867,760.070746,1253.725229,36,1010,-51.087972,51.087972,true,true,299.769589,493.654483,59.940733
NIK,baseline_a,2023-09,2023-12,3,2023-10-01,development,1185.666667,1134.500000,1292.166667,990.500000,1372.166667,36,878,-307.666667,307.666667,false,false,157.666667,381.666667,240.166667
NIK,baseline_b,2023-09,2023-12,3,2023-10-01,development,782.000000,726.750000,948.000000,669.000000,1070.000000,36,878,96.000000,96.000000,true,true,221.250000,401.000000,57.365000
NIK,candidate,2023-09,2023-12,3,2023-10-01,development,962.911662,741.015662,1127.949979,498.887412,1324.022693,36,878,-84.911662,84.911662,true,true,386.934317,825.135281,88.681175
NIK,baseline_a,2023-10,2023-11,1,2023-11-01,development,1222.333333,1165.583333,1273.750000,1045.333333,1368.666667,36,964,-258.333333,258.333333,false,false,108.166667,323.333334,188.583333
NIK,baseline_b,2023-10,2023-11,1,2023-11-01,development,831.000000,775.750000,997.000000,718.000000,1076.500000,36,964,133.000000,133.000000,true,true,221.250000,358.500000,63.065000
NIK,candidate,2023-10,2023-11,1,2023-11-01,development,991.628141,834.273229,1116.669037,690.610916,1184.265399,36,964,-27.628141,27.628141,true,true,282.395808,493.654483,53.511388
NIK,baseline_a,2023-11,2023-12,1,2023-12-01,development,956.666667,894.416667,1008.083333,762.333333,1103.000000,36,878,-78.666667,78.666667,false,true,113.666666,340.666667,47.293333
NIK,baseline_b,2023-11,2023-12,1,2023-12-01,development,782.000000,726.750000,948.000000,669.000000,1027.500000,36,878,96.000000,96.000000,true,true,221.250000,358.500000,55.665000
NIK,candidate,2023-11,2023-12,1,2023-12-01,development,931.647468,774.292556,1043.666531,630.630243,1121.073964,36,878,-53.647468,53.647468,true,true,269.373975,490.443721,57.284640
NIK,baseline_a,2023-12,2024-01,1,2024-01-01,locked,950.666667,879.250000,1002.083333,756.333333,1097.000000,36,973,22.333333,22.333333,true,true,122.833333,340.666667,30.376667
NIK,baseline_b,2023-12,2024-01,1,2024-01-01,locked,834.000000,778.750000,978.000000,721.000000,1079.500000,36,973,139.000000,139.000000,true,true,199.250000,358.500000,62.065000
NIK,candidate,2023-12,2024-01,1,2024-01-01,locked,993.636690,866.937642,1105.655753,709.657259,1183.063186,36,973,-20.636690,20.636690,true,true,238.718111,473.405927,46.935386
NIK,baseline_a,2023-12,2024-03,3,2024-01-01,locked,950.666667,822.500000,1043.916667,709.666667,1125.666667,36,961,10.333333,10.333333,true,true,221.416667,416.000000,40.848333
NIK,baseline_b,2023-12,2024-03,3,2024-01-01,locked,992.000000,936.750000,1136.000000,879.000000,1237.500000,36,961,-31.000000,31.000000,true,true,199.250000,358.500000,40.465000
NIK,candidate,2023-12,2024-03,3,2024-01-01,locked,1084.789014,945.154369,1249.827330,657.150249,1445.900044,36,961,-123.789014,123.789014,true,true,304.672961,788.749795,86.775091
NIK,baseline_a,2024-01,2024-02,1,2024-02-01,locked,938.333333,866.916667,989.750000,744.000000,1084.666667,36,1004,65.666667,65.666667,false,true,122.833333,340.666667,44.743333
NIK,baseline_b,2024-01,2024-02,1,2024-02-01,locked,854.000000,798.750000,999.500000,741.000000,1099.500000,36,1004,150.000000,150.000000,false,true,200.750000,358.500000,66.215000
NIK,candidate,2024-01,2024-02,1,2024-02-01,locked,942.140816,834.602897,1054.159878,704.948259,1131.567312,36,1004,61.859184,61.859184,true,true,219.556981,426.619053,51.392297
NIK,baseline_a,2024-01,2024-04,3,2024-02-01,locked,938.333333,785.833333,1031.583333,691.166667,1113.333333,36,1018,79.666667,79.666667,true,true,245.750000,422.166666,57.395000
NIK,baseline_b,2024-01,2024-04,3,2024-02-01,locked,879.000000,823.750000,1024.500000,766.000000,1124.500000,36,1018,139.000000,139.000000,true,true,200.750000,358.500000,62.215000
NIK,candidate,2024-01,2024-04,3,2024-02-01,locked,1088.109410,974.444506,1253.147726,750.717966,1449.220440,36,1018,-70.109410,70.109410,true,true,278.703220,698.502474,69.832303
NIK,baseline_a,2024-02,2024-03,1,2024-03-01,locked,951.666667,880.250000,1009.083333,757.333333,1098.000000,36,961,9.333333,9.333333,true,true,128.833333,340.666667,28.376667
NIK,baseline_b,2024-02,2024-03,1,2024-03-01,locked,992.000000,936.750000,1145.750000,879.000000,1237.500000,36,961,-31.000000,31.000000,true,true,209.000000,358.500000,41.440000
NIK,candidate,2024-02,2024-03,1,2024-03-01,locked,1104.844156,997.306237,1216.863218,867.651599,1294.270652,36,961,-143.844156,143.844156,false,true,219.556981,426.619053,82.311786
NIK,baseline_a,2024-02,2024-05,3,2024-03-01,locked,951.666667,799.166667,1044.916667,704.500000,1126.666667,36,1070,118.333333,118.333333,false,true,245.750000,422.166667,75.161666
NIK,baseline_b,2024-02,2024-05,3,2024-03-01,locked,963.000000,907.750000,1116.750000,850.000000,1208.500000,36,1070,107.000000,107.000000,true,true,209.000000,358.500000,56.640000
NIK,candidate,2024-02,2024-05,3,2024-03-01,locked,1214.569390,1122.587174,1379.607706,950.348817,1575.680420,36,1070,-144.569390,144.569390,false,true,257.020532,625.331603,100.664065
NIK,baseline_a,2024-03,2024-04,1,2024-04-01,locked,979.333333,907.916667,1036.750000,785.000000,1125.666667,36,1018,38.666667,38.666667,true,true,128.833333,340.666667,34.243333
NIK,baseline_b,2024-03,2024-04,1,2024-04-01,locked,879.000000,823.750000,1032.750000,766.000000,1124.500000,36,1018,139.000000,139.000000,true,true,209.000000,358.500000,63.040000
NIK,candidate,2024-03,2024-04,1,2024-04-01,locked,1051.734621,925.634170,1145.474743,814.542064,1222.284556,36,1018,-33.734621,33.734621,true,true,219.840573,407.742492,45.040681
NIK,baseline_a,2024-03,2024-06,3,2024-04-01,locked,979.333333,826.833333,1072.583333,732.166667,1154.333333,36,945,-34.333333,34.333333,true,true,245.750000,422.166666,48.328333
NIK,baseline_b,2024-03,2024-06,3,2024-04-01,locked,966.000000,910.750000,1119.750000,853.000000,1211.500000,36,945,-21.000000,21.000000,true,true,209.000000,358.500000,39.440000
NIK,candidate,2024-03,2024-06,3,2024-04-01,locked,1126.337864,1012.672960,1291.376180,862.117290,1487.448894,36,945,-181.337864,181.337864,false,true,278.703220,625.331604,116.220343
NIK,baseline_a,2024-04,2024-05,1,2024-05-01,locked,994.333333,922.916667,1045.750000,800.000000,1140.666667,36,1070,75.666667,75.666667,false,true,122.833333,340.666667,50.743333
NIK,baseline_b,2024-04,2024-05,1,2024-05-01,locked,963.000000,907.750000,1104.750000,850.000000,1208.500000,36,1070,107.000000,107.000000,true,true,197.000000,358.500000,55.440000
NIK,candidate,2024-04,2024-05,1,2024-05-01,locked,1126.603343,1000.502893,1220.343466,889.410787,1297.153278,36,1070,-56.603343,56.603343,true,true,219.840573,407.742491,49.614426
NIK,baseline_a,2024-04,2024-07,3,2024-05-01,locked,994.333333,841.833333,1076.666667,747.166667,1169.333333,36,952,-42.333333,42.333333,true,true,234.833334,422.166666,48.836667
NIK,baseline_b,2024-04,2024-07,3,2024-05-01,locked,900.000000,844.750000,1041.750000,787.000000,1145.500000,36,952,52.000000,52.000000,true,true,197.000000,358.500000,44.440000
NIK,candidate,2024-04,2024-07,3,2024-05-01,locked,1177.973210,1064.308306,1343.011526,913.752636,1539.084240,36,952,-225.973210,225.973210,false,true,278.703220,625.331604,143.001551
NIK,baseline_a,2024-05,2024-06,1,2024-06-01,locked,1016.333333,944.916667,1073.750000,822.000000,1162.666667,36,945,-71.333333,71.333333,true,true,128.833333,340.666667,40.776667
NIK,baseline_b,2024-05,2024-06,1,2024-06-01,locked,966.000000,910.750000,1105.000000,853.000000,1183.000000,36,945,-21.000000,21.000000,true,true,194.250000,330.000000,36.825000
NIK,candidate,2024-05,2024-06,1,2024-06-01,locked,1086.995936,960.895485,1174.321352,849.803379,1233.628222,36,945,-141.995936,141.995936,false,true,213.425867,383.824843,71.452962
NIK,baseline_a,2024-05,2024-08,3,2024-06-01,locked,1016.333333,863.833333,1113.666667,769.166667,1191.333333,36,1007,-9.333333,9.333333,true,true,249.833334,422.166666,43.736667
NIK,baseline_b,2024-05,2024-08,3,2024-06-01,locked,1761.000000,1705.750000,1900.000000,1648.000000,1978.000000,36,1007,-754.000000,754.000000,false,false,194.250000,330.000000,719.325000
NIK,candidate,2024-05,2024-08,3,2024-06-01,locked,1570.645775,1453.390033,1699.807393,1306.425202,1891.028199,36,1007,-563.645775,563.645775,false,false,246.417360,584.602997,459.081105
NIK,baseline_a,2024-06,2024-07,1,2024-07-01,locked,1011.000000,937.833333,1068.416667,816.666667,1157.333333,36,952,-59.000000,59.000000,true,true,130.583334,340.666666,38.485000
NIK,baseline_b,2024-06,2024-07,1,2024-07-01,locked,900.000000,844.750000,1037.500000,787.000000,1114.500000,36,952,52.000000,52.000000,true,true,192.750000,327.500000,42.775000
NIK,candidate,2024-06,2024-07,1,2024-07-01,locked,1086.554436,944.096446,1173.879853,849.361880,1233.186723,36,952,-134.554436,134.554436,true,true,229.783407,383.824843,65.242222
NIK,baseline_a,2024-06,2024-09,3,2024-07-01,locked,1011.000000,858.500000,1108.333333,763.833333,1186.000000,36,819,-192.000000,192.000000,false,true,249.833333,422.166667,96.070000
NIK,baseline_b,2024-06,2024-09,3,2024-07-01,locked,896.000000,840.750000,1033.500000,783.000000,1110.500000,36,819,-77.000000,77.000000,false,true,192.750000,327.500000,56.475000
NIK,candidate,2024-06,2024-09,3,2024-07-01,locked,740.488263,611.504155,832.667040,476.267690,1060.870687,36,819,78.511737,78.511737,true,true,221.162885,584.602997,61.202756
NIK,baseline_a,2024-07,2024-08,1,2024-08-01,locked,989.000000,915.833333,1040.416667,794.666667,1135.333333,36,1007,18.000000,18.000000,true,true,124.583334,340.666666,29.685000
NIK,baseline_b,2024-07,2024-08,1,2024-08-01,locked,1761.000000,1705.750000,1898.500000,1648.000000,1975.500000,36,1007,-754.000000,754.000000,false,false,192.750000,327.500000,719.075000
NIK,candidate,2024-07,2024-08,1,2024-08-01,locked,1397.261821,1254.803831,1476.962399,1160.069265,1541.636088,36,1007,-390.261821,390.261821,false,false,222.158568,381.566823,275.880132
NIK,baseline_a,2024-07,2024-10,3,2024-08-01,locked,989.000000,836.500000,1078.333333,741.833333,1164.000000,36,1014,25.000000,25.000000,true,true,241.833333,422.166667,46.070000
NIK,baseline_b,2024-07,2024-10,3,2024-08-01,locked,1010.000000,954.750000,1147.500000,897.000000,1224.500000,36,1014,4.000000,4.000000,true,true,192.750000,327.500000,33.175000
NIK,candidate,2024-07,2024-10,3,2024-08-01,locked,804.566347,650.804838,874.792557,540.345773,1098.673770,36,1014,209.433653,209.433653,false,true,223.987719,558.327997,142.301600
NIK,baseline_a,2024-08,2024-09,1,2024-09-01,locked,968.000000,898.416667,1019.416667,775.000000,1114.333333,36,819,-149.000000,149.000000,false,true,121.000000,339.333333,87.240000
NIK,baseline_b,2024-08,2024-09,1,2024-09-01,locked,896.000000,831.250000,1033.500000,765.000000,1110.500000,36,819,-77.000000,77.000000,false,true,202.250000,345.500000,54.345000
NIK,candidate,2024-08,2024-09,1,2024-09-01,locked,594.798619,452.340628,674.499197,310.819188,739.172885,36,819,224.201381,224.201381,false,false,222.158569,428.353697,173.921448
NIK,baseline_a,2024-08,2024-11,3,2024-09-01,locked,968.000000,839.833333,1057.333333,720.833333,1143.000000,36,926,-42.000000,42.000000,true,true,217.500000,422.166667,47.036667
NIK,baseline_b,2024-08,2024-11,3,2024-09-01,locked,964.000000,899.250000,1101.500000,833.000000,1178.500000,36,926,-38.000000,38.000000,true,true,202.250000,345.500000,41.645000
NIK,candidate,2024-08,2024-11,3,2024-09-01,locked,665.521339,476.191785,735.747549,328.129895,959.628763,36,926,260.478661,260.478661,false,true,259.555764,631.498868,179.412244
NIK,baseline_a,2024-09,2024-10,1,2024-10-01,locked,926.000000,856.416667,977.416667,733.000000,1072.333333,36,1014,88.000000,88.000000,false,true,121.000000,339.333333,57.906667
NIK,baseline_b,2024-09,2024-10,1,2024-10-01,locked,1010.000000,936.000000,1147.500000,879.000000,1224.500000,36,1014,4.000000,4.000000,true,true,211.500000,345.500000,35.770000
NIK,candidate,2024-09,2024-10,1,2024-10-01,locked,793.894989,651.436998,873.595567,509.915558,938.699141,36,1014,220.105011,220.105011,false,false,222.158569,428.783583,169.670319
NIK,baseline_a,2024-09,2024-12,3,2024-10-01,locked,926.000000,797.833333,1015.333333,678.833333,1101.000000,36,1009,83.000000,83.000000,true,true,217.500000,422.166667,55.236667
NIK,baseline_b,2024-09,2024-12,3,2024-10-01,locked,878.000000,804.000000,1015.500000,747.000000,1092.500000,36,1009,131.000000,131.000000,true,true,211.500000,345.500000,61.170000
NIK,candidate,2024-09,2024-12,3,2024-10-01,locked,716.712006,527.382452,786.938216,379.320562,1010.819429,36,1009,292.287994,292.287994,false,true,259.555764,631.498867,198.497843
NIK,baseline_a,2024-10,2024-11,1,2024-11-01,locked,946.666667,877.083333,998.083333,753.666667,1093.000000,36,926,-20.666667,20.666667,true,true,121.000000,339.333333,29.806667
NIK,baseline_b,2024-10,2024-11,1,2024-11-01,locked,964.000000,899.250000,1101.500000,833.000000,1178.500000,36,926,-38.000000,38.000000,true,true,202.250000,345.500000,41.645000
NIK,candidate,2024-10,2024-11,1,2024-11-01,locked,852.576817,716.162005,939.902233,602.293760,1036.160408,36,926,73.423183,73.423183,true,true,223.740228,433.866648,54.413325
NIK,baseline_a,2024-10,2025-01,3,2024-11-01,locked,946.666667,818.500000,1036.000000,699.500000,1121.666667,36,931,-15.666667,15.666667,true,true,217.500000,422.166667,41.770000
NIK,baseline_b,2024-10,2025-01,3,2024-11-01,locked,973.000000,908.250000,1110.500000,842.000000,1187.500000,36,931,-42.000000,42.000000,true,true,202.250000,345.500000,42.445000
NIK,candidate,2024-10,2025-01,3,2024-11-01,locked,891.174568,737.413059,967.055546,558.728865,1185.281991,36,931,39.825432,39.825432,true,true,229.642487,626.553126,55.991460
NIK,baseline_a,2024-11,2024-12,1,2024-12-01,locked,919.666667,850.083333,971.083333,726.666667,1066.000000,36,1009,89.333333,89.333333,false,true,121.000000,339.333333,58.706667
NIK,baseline_b,2024-11,2024-12,1,2024-12-01,locked,878.000000,834.000000,1015.500000,747.000000,1092.500000,36,1009,131.000000,131.000000,true,true,181.500000,345.500000,58.170000
NIK,candidate,2024-11,2024-12,1,2024-12-01,locked,825.868443,689.453632,913.193859,575.585386,1009.452035,36,1009,183.131557,183.131557,false,true,223.740227,433.866649,114.677456
NIK,baseline_a,2024-11,2025-02,3,2024-12-01,locked,919.666667,841.250000,1009.000000,672.500000,1094.666667,36,921,1.333333,1.333333,true,true,167.750000,422.166667,33.928333
NIK,baseline_b,2024-11,2025-02,3,2024-12-01,locked,1004.000000,960.000000,1141.500000,873.000000,1218.500000,36,921,-83.000000,83.000000,false,true,181.500000,345.500000,64.170000
NIK,candidate,2024-11,2025-02,3,2024-12-01,locked,927.982916,774.221407,1039.225132,595.537213,1222.090339,36,921,-6.982916,6.982916,true,true,265.003725,626.553126,52.959081
NIK,baseline_a,2024-12,2025-01,1,2025-01-01,locked,983.000000,913.416667,1040.416667,790.000000,1129.333333,36,931,-52.000000,52.000000,true,true,127.000000,339.333333,36.673333
NIK,baseline_b,2024-12,2025-01,1,2025-01-01,locked,973.000000,940.250000,1110.500000,872.000000,1187.500000,36,931,-42.000000,42.000000,false,true,170.250000,315.500000,41.745000
NIK,candidate,2024-12,2025-01,1,2025-01-01,locked,1009.065179,885.287159,1102.805302,811.385221,1210.683463,36,931,-78.065179,78.065179,true,true,217.518143,399.298242,53.336780
NIK,baseline_a,2024-12,2025-03,3,2025-01-01,locked,983.000000,920.583333,1074.833333,735.833333,1158.000000,36,935,-48.000000,48.000000,true,true,154.250000,422.166667,41.911667
NIK,baseline_b,2024-12,2025-03,3,2025-01-01,locked,961.000000,928.250000,1098.500000,860.000000,1175.500000,36,935,-26.000000,26.000000,true,true,170.250000,315.500000,34.845000
NIK,candidate,2024-12,2025-03,3,2025-01-01,locked,1032.907797,903.923689,1247.244154,779.435319,1330.102392,36,935,-97.907797,97.907797,true,true,343.320465,550.667073,75.940289
NIK,baseline_a,2025-01,2025-02,1,2025-02-01,locked,955.333333,885.750000,1012.750000,762.333333,1101.666667,36,921,-34.333333,34.333333,true,true,127.000000,339.333334,33.140000
NIK,baseline_b,2025-01,2025-02,1,2025-02-01,locked,1004.000000,971.250000,1141.500000,903.000000,1218.500000,36,921,-83.000000,83.000000,false,true,170.250000,315.500000,66.345000
NIK,candidate,2025-01,2025-02,1,2025-02-01,locked,978.219336,889.623982,1071.959459,803.351972,1179.837621,36,921,-57.219336,57.219336,true,true,182.335477,376.485649,44.736841
NIK,baseline_a,2025-01,2025-04,3,2025-02-01,locked,955.333333,892.916667,1047.166667,708.166667,1130.333333,36,1071,115.666667,115.666667,false,true,154.250000,422.166666,64.978333
NIK,baseline_b,2025-01,2025-04,3,2025-02-01,locked,1018.000000,985.250000,1155.500000,917.000000,1232.500000,36,1071,53.000000,53.000000,true,true,170.250000,315.500000,40.245000
NIK,candidate,2025-01,2025-04,3,2025-02-01,locked,1073.496864,957.654203,1287.833221,836.675197,1370.691459,36,1071,-2.496864,2.496864,true,true,330.179018,534.016262,54.877925
NIK,baseline_a,2025-02,2025-03,1,2025-03-01,locked,953.666667,892.166667,1011.083333,760.666667,1100.000000,36,935,-18.666667,18.666667,true,true,118.916666,339.333333,29.198333
NIK,baseline_b,2025-02,2025-03,1,2025-03-01,locked,961.000000,928.250000,1098.500000,876.500000,1175.500000,36,935,-26.000000,26.000000,true,true,170.250000,299.000000,34.185000
NIK,candidate,2025-02,2025-03,1,2025-03-01,locked,970.151680,904.551385,1063.891803,796.481511,1171.769964,36,935,-35.151680,35.151680,true,true,159.340418,375.288453,37.975916
NIK,baseline_a,2025-02,2025-05,3,2025-03-01,locked,953.666667,911.583333,1045.500000,706.500000,1128.666667,36,923,-30.666667,30.666667,true,true,133.916667,422.166667,36.411667
NIK,baseline_b,2025-02,2025-05,3,2025-03-01,locked,1070.000000,1037.250000,1207.500000,985.500000,1284.500000,36,923,-147.000000,147.000000,false,false,170.250000,299.000000,129.085000
NIK,candidate,2025-02,2025-05,3,2025-03-01,locked,1124.211365,1032.229149,1338.547721,904.572447,1421.405959,36,923,-201.211365,201.211365,false,true,306.318572,516.833512,135.239130
NIK,baseline_a,2025-03,2025-04,1,2025-04-01,locked,929.000000,867.500000,986.416667,736.000000,1075.333333,36,1071,142.000000,142.000000,false,true,118.916667,339.333333,87.698333
NIK,baseline_b,2025-03,2025-04,1,2025-04-01,locked,1018.000000,990.750000,1155.500000,938.000000,1232.500000,36,1071,53.000000,53.000000,true,true,164.750000,294.500000,38.855000
NIK,candidate,2025-03,2025-04,1,2025-04-01,locked,1028.256421,962.656126,1115.581837,854.586252,1229.874705,36,1071,42.743579,42.743579,true,true,152.925711,375.288453,38.852825
NIK,baseline_a,2025-03,2025-06,3,2025-04-01,locked,929.000000,885.250000,1020.833333,681.833333,1104.000000,36,851,-78.000000,78.000000,false,true,135.583333,422.166667,59.745000
NIK,baseline_b,2025-03,2025-06,3,2025-04-01,locked,945.000000,917.750000,1082.500000,865.000000,1159.500000,36,851,-94.000000,94.000000,false,false,164.750000,294.500000,79.355000
NIK,candidate,2025-03,2025-06,3,2025-04-01,locked,1036.454537,934.725219,1250.790893,816.815619,1333.649131,36,851,-185.454537,185.454537,false,true,316.065674,516.833512,122.860903
NIK,baseline_a,2025-04,2025-05,1,2025-05-01,locked,975.666667,914.166667,1033.083333,782.666667,1108.666667,36,923,-52.666667,52.666667,true,true,118.916666,326.000000,35.465000
NIK,baseline_b,2025-04,2025-05,1,2025-05-01,locked,1070.000000,1042.750000,1207.500000,990.000000,1284.500000,36,923,-147.000000,147.000000,false,false,164.750000,294.500000,132.355000
NIK,candidate,2025-04,2025-05,1,2025-05-01,locked,1126.037433,1060.437138,1213.362849,952.367264,1327.655717,36,923,-203.037433,203.037433,false,false,152.925711,375.288453,137.633357
NIK,baseline_a,2025-04,2025-07,3,2025-05-01,locked,975.666667,931.916667,1066.833333,728.500000,1148.833333,36,914,-61.666667,61.666667,false,true,134.916666,420.333333,49.805000
NIK,baseline_b,2025-04,2025-07,3,2025-05-01,locked,952.000000,924.750000,1089.500000,872.000000,1166.500000,36,914,-38.000000,38.000000,false,true,164.750000,294.500000,40.155000
NIK,candidate,2025-04,2025-07,3,2025-05-01,locked,1124.569541,1022.840223,1338.905897,904.930623,1421.764135,36,914,-210.569541,210.569541,false,true,316.065674,516.833512,137.929905
NIK,baseline_a,2025-05,2025-06,1,2025-06-01,locked,976.333333,914.833333,1020.750000,783.333333,1092.000000,36,851,-125.333333,125.333333,false,true,105.916667,308.666667,73.538333
NIK,baseline_b,2025-05,2025-06,1,2025-06-01,locked,945.000000,912.250000,1082.500000,860.500000,1159.500000,36,851,-94.000000,94.000000,false,false,170.250000,299.000000,76.085000
NIK,candidate,2025-05,2025-06,1,2025-06-01,locked,967.677296,879.081941,1044.482683,764.410489,1169.295580,36,851,-116.677296,116.677296,false,true,165.400742,404.885091,67.303713
NIK,baseline_a,2025-05,2025-08,3,2025-06-01,locked,976.333333,932.583333,1056.833333,729.166667,1132.333333,36,857,-119.333333,119.333333,false,true,124.250000,403.166666,82.651666
NIK,baseline_b,2025-05,2025-08,3,2025-06-01,locked,1007.000000,974.250000,1144.500000,922.500000,1221.500000,36,857,-150.000000,150.000000,false,false,170.250000,299.000000,132.085000
NIK,candidate,2025-05,2025-08,3,2025-06-01,locked,1249.752913,1133.910252,1360.995129,1030.113996,1538.953737,36,857,-392.752913,392.752913,false,false,227.084877,508.839741,301.622359
NIK,baseline_a,2025-06,2025-07,1,2025-07-01,locked,948.333333,878.750000,991.000000,755.333333,1064.000000,36,914,-34.333333,34.333333,true,true,112.250000,308.666667,30.438333
NIK,baseline_b,2025-06,2025-07,1,2025-07-01,locked,952.000000,913.000000,1089.500000,862.000000,1166.500000,36,914,-38.000000,38.000000,true,true,176.500000,304.500000,37.430000
NIK,candidate,2025-06,2025-07,1,2025-07-01,locked,975.597767,858.043325,1040.347951,772.330960,1177.216051,36,914,-61.597767,61.597767,true,true,182.304626,404.885091,46.745420
NIK,baseline_a,2025-06,2025-09,3,2025-07-01,locked,948.333333,892.833333,1022.750000,701.166667,1078.166667,36,870,-78.333333,78.333333,false,true,129.916667,377.000000,52.871667
NIK,baseline_b,2025-06,2025-09,3,2025-07-01,locked,819.000000,780.000000,956.500000,729.000000,1033.500000,36,870,51.000000,51.000000,true,true,176.500000,304.500000,40.030000
NIK,candidate,2025-06,2025-09,3,2025-07-01,locked,846.287986,717.303878,922.168964,626.649069,1135.488810,36,870,23.712014,23.712014,true,true,204.865086,508.839741,45.582501
NIK,baseline_a,2025-07,2025-08,1,2025-08-01,locked,896.000000,826.416667,934.416667,703.000000,984.666667,36,857,-39.000000,39.000000,true,true,108.000000,281.666667,29.866667
NIK,baseline_b,2025-07,2025-08,1,2025-08-01,locked,1007.000000,968.000000,1141.000000,917.000000,1196.000000,36,857,-150.000000,150.000000,false,false,173.000000,279.000000,126.860000
NIK,candidate,2025-07,2025-08,1,2025-08-01,locked,1150.567776,1033.013333,1204.979904,947.300968,1301.736462,36,857,-293.567776,293.567776,false,false,171.966571,354.435494,196.613352
NIK,baseline_a,2025-07,2025-10,3,2025-08-01,locked,896.000000,830.250000,964.416667,648.833333,1015.166667,36,945,49.000000,49.000000,true,true,134.166667,366.333334,37.870000
NIK,baseline_b,2025-07,2025-10,3,2025-08-01,locked,1014.000000,975.000000,1148.000000,924.000000,1203.000000,36,945,-69.000000,69.000000,false,true,173.000000,279.000000,54.260000
NIK,candidate,2025-07,2025-10,3,2025-08-01,locked,918.071714,764.310205,977.327377,698.432796,1191.367870,36,945,26.928286,26.928286,true,true,213.017172,492.935074,46.404777
NIK,baseline_a,2025-08,2025-09,1,2025-09-01,locked,874.000000,811.916667,912.416667,681.000000,962.666667,36,870,-4.000000,4.000000,true,true,100.500000,281.666667,22.116667
NIK,baseline_b,2025-08,2025-09,1,2025-09-01,locked,819.000000,772.000000,950.500000,698.500000,981.500000,36,870,51.000000,51.000000,true,true,178.500000,283.000000,39.370000
NIK,candidate,2025-08,2025-09,1,2025-09-01,locked,718.555277,594.777256,763.595405,470.023298,864.932794,36,870,151.444723,151.444723,false,false,168.818149,394.909496,107.555860
NIK,baseline_a,2025-08,2025-11,3,2025-09-01,locked,874.000000,785.666667,938.250000,626.833333,991.000000,36,882,8.000000,8.000000,true,true,152.583333,364.166667,31.425000
NIK,baseline_b,2025-08,2025-11,3,2025-09-01,locked,926.000000,879.000000,1057.500000,805.500000,1088.500000,36,882,-44.000000,44.000000,true,true,178.500000,283.000000,37.970000
NIK,candidate,2025-08,2025-11,3,2025-09-01,locked,705.457782,523.090750,751.618742,468.636115,950.219347,36,882,176.542218,176.542218,false,true,228.527992,481.583232,129.577075
NIK,baseline_a,2025-09,2025-10,1,2025-10-01,locked,880.333333,826.083333,918.750000,718.000000,969.000000,36,945,64.666667,64.666667,false,true,92.666667,251.000000,42.740000
NIK,baseline_b,2025-09,2025-10,1,2025-10-01,locked,1014.000000,967.000000,1145.500000,893.500000,1176.500000,36,945,-69.000000,69.000000,false,true,178.500000,283.000000,51.770000
NIK,candidate,2025-09,2025-10,1,2025-10-01,locked,878.799021,757.652440,933.211149,630.267042,1046.087161,36,945,66.200979,66.200979,false,true,175.558709,415.820119,52.144412
NIK,baseline_a,2025-09,2025-12,3,2025-10-01,locked,880.333333,802.250000,944.583333,633.166667,997.333333,36,914,33.666667,33.666667,true,true,142.333333,364.166666,35.533333
NIK,baseline_b,2025-09,2025-12,3,2025-10-01,locked,1009.000000,962.000000,1140.500000,888.500000,1171.500000,36,914,-95.000000,95.000000,false,true,178.500000,283.000000,67.370000
NIK,candidate,2025-09,2025-12,3,2025-10-01,locked,774.868563,592.501531,815.624107,538.046895,1019.630127,36,914,139.131437,139.131437,false,true,223.122576,481.583232,108.752231
NIK,baseline_a,2025-10,2025-11,1,2025-11-01,locked,890.666667,838.500000,933.333333,753.500000,979.333333,36,882,-8.666667,8.666667,true,true,94.833333,225.833333,20.250000
NIK,baseline_b,2025-10,2025-11,1,2025-11-01,locked,926.000000,877.250000,1057.500000,805.500000,1088.500000,36,882,-44.000000,44.000000,true,true,180.250000,283.000000,38.145000
NIK,candidate,2025-10,2025-11,1,2025-11-01,locked,799.389694,711.671486,862.334327,551.087090,966.677834,36,882,82.610306,82.610306,false,true,150.662841,415.590744,56.078244
NIK,baseline_a,2025-11,2025-12,1,2025-12-01,locked,899.000000,846.833333,941.666667,761.833333,987.666667,36,914,15.000000,15.000000,true,true,94.833334,225.833334,21.516667
NIK,baseline_b,2025-11,2025-12,1,2025-12-01,locked,1009.000000,958.750000,1140.500000,888.500000,1171.500000,36,914,-95.000000,95.000000,false,true,181.750000,283.000000,66.395000
NIK,candidate,2025-11,2025-12,1,2025-12-01,locked,833.977450,746.259241,896.922083,585.674845,1001.265590,36,914,80.022550,80.022550,false,true,150.662842,415.590745,54.525591
NIK,baseline_a,2025-12,2026-01,1,2026-01-01,recent,913.666667,861.500000,956.333333,776.500000,1002.333333,36,853,-60.666667,60.666667,false,true,94.833333,225.833333,34.050000
NIK,baseline_b,2025-12,2026-01,1,2026-01-01,recent,931.000000,860.000000,1062.500000,810.000000,1093.500000,36,853,-78.000000,78.000000,false,true,202.500000,283.500000,49.990000
NIK,candidate,2025-12,2026-01,1,2026-01-01,recent,824.001216,736.283008,892.007746,575.698612,991.289356,36,853,28.998784,28.998784,true,true,155.724738,415.590744,37.995860
NIK,baseline_a,2025-12,2026-03,3,2026-01-01,recent,913.666667,869.916667,977.916667,758.000000,1030.666667,36,979,65.333333,65.333333,false,true,108.000000,272.666667,35.206666
NIK,baseline_b,2025-12,2026-03,3,2026-01-01,recent,935.000000,864.000000,1066.500000,814.000000,1097.500000,36,979,44.000000,44.000000,true,true,202.500000,283.500000,40.390000
NIK,candidate,2025-12,2026-03,3,2026-01-01,recent,858.409743,704.648234,934.290720,621.588075,1103.171307,36,979,120.590257,120.590257,false,true,229.642486,481.583232,84.229341
NIK,baseline_a,2026-01,2026-02,1,2026-02-01,recent,883.000000,828.750000,925.666667,745.833333,971.666667,36,948,65.000000,65.000000,false,true,96.916667,225.833334,40.658333
NIK,baseline_b,2026-01,2026-02,1,2026-02-01,recent,921.000000,843.750000,1052.500000,800.000000,1083.500000,36,948,27.000000,27.000000,true,true,208.750000,283.500000,37.615000
NIK,candidate,2026-01,2026-02,1,2026-02-01,recent,847.059598,759.341390,915.066128,598.756994,1014.347738,36,948,100.940402,100.940402,false,true,155.724738,415.590744,65.557733
NIK,baseline_a,2026-01,2026-04,3,2026-02-01,recent,883.000000,839.250000,947.250000,727.333333,1000.000000,36,875,-8.000000,8.000000,true,true,108.000000,272.666667,23.306667
NIK,baseline_b,2026-01,2026-04,3,2026-02-01,recent,1071.000000,993.750000,1202.500000,950.000000,1233.500000,36,875,-196.000000,196.000000,false,false,208.750000,283.500000,148.915000
NIK,candidate,2026-01,2026-04,3,2026-02-01,recent,977.528357,823.766849,1059.342379,740.706690,1222.289922,36,875,-102.528357,102.528357,true,true,235.575530,481.583232,63.326554
NIK,baseline_a,2026-02,2026-03,1,2026-03-01,recent,905.000000,850.750000,962.166667,767.833333,993.666667,36,979,74.000000,74.000000,false,true,111.416667,225.833334,41.708333
NIK,baseline_b,2026-02,2026-03,1,2026-03-01,recent,935.000000,857.750000,1048.000000,814.000000,1079.500000,36,979,44.000000,44.000000,true,true,190.250000,265.500000,38.445000
NIK,candidate,2026-02,2026-03,1,2026-03-01,recent,913.312270,825.594061,981.318800,665.009666,1080.600410,36,979,65.687730,65.687730,true,true,155.724739,415.590744,45.333650
NIK,baseline_a,2026-02,2026-05,3,2026-03-01,recent,905.000000,861.250000,969.250000,749.333333,1022.000000,36,921,16.000000,16.000000,true,true,108.000000,272.666667,24.906667
NIK,baseline_b,2026-02,2026-05,3,2026-03-01,recent,923.000000,845.750000,1036.000000,802.000000,1067.500000,36,921,-2.000000,2.000000,true,true,190.250000,265.500000,30.045000
NIK,candidate,2026-02,2026-05,3,2026-03-01,recent,956.852460,803.090951,1060.425976,720.030792,1201.614024,36,921,-35.852460,35.852460,true,true,257.335025,481.583232,52.167324
NIK,baseline_a,2026-03,2026-04,1,2026-04-01,recent,926.666667,872.416667,983.833333,789.500000,1008.500000,36,875,-51.666667,51.666667,true,true,111.416666,219.000000,30.235000
NIK,baseline_b,2026-03,2026-04,1,2026-04-01,recent,1071.000000,993.750000,1169.750000,950.000000,1210.000000,36,875,-196.000000,196.000000,false,false,176.000000,260.000000,144.700000
NIK,candidate,2026-03,2026-04,1,2026-04-01,recent,1056.230847,968.512638,1124.237377,807.928242,1223.518987,36,875,-181.230847,181.230847,false,true,155.724739,415.590745,105.847328
NIK,baseline_a,2026-03,2026-06,3,2026-04-01,recent,926.666667,882.916667,990.500000,771.000000,1026.000000,36,932,5.333333,5.333333,true,true,107.583333,255.000000,22.025000
NIK,baseline_b,2026-03,2026-06,3,2026-04-01,recent,851.000000,773.750000,949.750000,730.000000,990.000000,36,932,81.000000,81.000000,true,true,176.000000,260.000000,44.200000
NIK,candidate,2026-03,2026-06,3,2026-04-01,recent,958.898867,805.137358,1084.124419,722.077200,1203.660431,36,932,-26.898867,26.898867,true,true,278.987061,481.583231,52.541809
NIK,baseline_a,2026-04,2026-05,1,2026-05-01,recent,934.000000,879.750000,991.166667,796.833333,1015.833333,36,921,-13.000000,13.000000,true,true,111.416667,219.000000,22.501667
NIK,baseline_b,2026-04,2026-05,1,2026-05-01,recent,923.000000,845.750000,1021.750000,774.500000,1062.000000,36,921,-2.000000,2.000000,true,true,176.000000,287.500000,29.500000
NIK,candidate,2026-04,2026-05,1,2026-05-01,recent,909.630699,821.912490,977.637229,717.496559,1076.918839,36,921,11.369301,11.369301,true,true,155.724739,359.422280,32.223225
NIK,baseline_a,2026-04,2026-07,3,2026-05-01,recent,934.000000,890.250000,987.083333,778.333333,1033.333333,36,912,-22.000000,22.000000,true,true,96.833333,255.000000,24.283333
NIK,baseline_b,2026-04,2026-07,3,2026-05-01,recent,914.000000,836.750000,1012.750000,765.500000,1053.000000,36,912,-2.000000,2.000000,true,true,176.000000,287.500000,29.500000
NIK,candidate,2026-04,2026-07,3,2026-05-01,recent,974.598385,845.614277,1099.823937,756.327010,1219.359949,36,912,-62.598385,62.598385,true,true,254.209660,463.032939,56.461961
NIK,baseline_a,2026-05,2026-06,1,2026-06-01,recent,925.000000,870.750000,970.166667,787.833333,1006.833333,36,932,7.000000,7.000000,true,true,99.416667,219.000000,20.101667
NIK,baseline_b,2026-05,2026-06,1,2026-06-01,recent,851.000000,773.750000,949.750000,702.500000,990.000000,36,932,81.000000,81.000000,true,true,176.000000,287.500000,45.300000
NIK,candidate,2026-05,2026-06,1,2026-06-01,recent,888.179256,800.461048,956.185786,696.045116,1055.467396,36,932,43.820744,43.820744,true,true,155.724738,359.422280,38.713514
NIK,baseline_a,2026-05,2026-08,3,2026-06-01,recent,925.000000,881.250000,974.000000,769.333333,1006.333333,36,831,-94.000000,94.000000,false,true,92.750000,237.000000,57.655000
NIK,baseline_b,2026-05,2026-08,3,2026-06-01,recent,857.000000,779.750000,955.750000,708.500000,996.000000,36,831,-26.000000,26.000000,true,true,176.000000,287.500000,34.300000
NIK,candidate,2026-05,2026-08,3,2026-06-01,recent,1039.714036,910.729928,1164.939588,821.442661,1284.475600,36,831,-208.714036,208.714036,false,true,254.209660,463.032939,117.577062
NIK,baseline_a,2026-06,2026-07,1,2026-07-01,recent,909.333333,855.083333,954.500000,772.166667,991.166667,36,912,2.666667,2.666667,true,true,99.416667,219.000000,19.235000
NIK,baseline_b,2026-06,2026-07,1,2026-07-01,recent,914.000000,836.750000,1012.750000,765.500000,1053.000000,36,912,-2.000000,2.000000,true,true,176.000000,287.500000,29.500000
NIK,candidate,2026-06,2026-07,1,2026-07-01,recent,1000.059766,912.341557,1068.066296,807.925626,1167.347906,36,912,-88.059766,88.059766,false,true,155.724739,359.422280,47.697941
NIK,baseline_a,2026-07,2026-08,1,2026-08-01,recent,921.666667,867.416667,966.833333,784.500000,1003.500000,36,831,-90.666667,90.666667,false,true,99.416666,219.000000,51.401667
NIK,baseline_b,2026-07,2026-08,1,2026-08-01,recent,857.000000,786.000000,955.750000,736.000000,996.000000,36,831,-26.000000,26.000000,true,true,169.750000,260.000000,32.575000
NIK,candidate,2026-07,2026-08,1,2026-08-01,recent,1020.838466,940.274641,1088.844997,858.300965,1188.126607,36,831,-189.838466,189.838466,false,false,148.570356,329.825642,120.647997
NPT,baseline_a,2021-10,2022-01,3,2021-11-01,development,425.333333,398.416667,475.666667,283.233333,543.800000,32,461,35.666667,35.666667,true,true,77.250000,260.566667,25.281000
NPT,baseline_b,2021-10,2022-01,3,2021-11-01,development,423.000000,404.750000,508.500000,346.500000,613.800000,32,461,38.000000,38.000000,true,true,103.750000,267.300000,28.667000
NPT,candidate,2021-10,2022-01,3,2021-11-01,development,475.111483,452.406289,533.799978,409.447340,556.286336,32,461,-14.111483,14.111483,true,true,81.393689,146.838996,16.835225
NPT,baseline_a,2021-11,2022-02,3,2021-12-01,development,454.000000,422.333333,496.333333,317.133333,570.600000,33,379,-75.000000,75.000000,false,true,74.000000,253.466667,49.872000
NPT,baseline_b,2021-11,2022-02,3,2021-12-01,development,507.000000,488.000000,588.000000,424.200000,694.600000,33,379,-128.000000,128.000000,false,false,100.000000,270.400000,108.096000
NPT,candidate,2021-11,2022-02,3,2021-12-01,development,428.515524,402.091300,481.972139,360.015482,509.540207,33,379,-49.515524,49.515524,false,true,79.880839,149.524725,33.108698
NPT,baseline_a,2021-12,2022-01,1,2022-01-01,development,458.666667,410.000000,504.583333,364.666667,588.666667,36,461,2.333333,2.333333,true,true,94.583333,224.000000,18.885000
NPT,baseline_b,2021-12,2022-01,1,2022-01-01,development,423.000000,400.500000,522.250000,337.500000,601.000000,36,461,38.000000,38.000000,true,true,121.750000,263.500000,30.315000
NPT,candidate,2021-12,2022-01,1,2022-01-01,development,408.995342,362.622471,463.712632,319.551760,520.826369,36,461,52.004658,52.004658,true,true,101.090161,201.274609,28.560932
NPT,baseline_a,2021-12,2022-03,3,2022-01-01,development,458.666667,426.250000,497.833333,327.033333,573.400000,34,446,-12.666667,12.666667,true,true,71.583333,246.366667,19.546333
NPT,baseline_b,2021-12,2022-03,3,2022-01-01,development,513.000000,483.500000,594.000000,426.900000,697.400000,34,446,-67.000000,67.000000,false,true,110.500000,270.500000,50.270000
NPT,candidate,2021-12,2022-03,3,2022-01-01,development,469.757000,434.448863,522.657662,398.961384,550.631514,34,446,-23.757000,23.757000,true,true,88.208799,151.670130,19.639085
NPT,baseline_a,2022-01,2022-02,1,2022-02-01,development,412.333333,363.666667,458.250000,318.333333,542.333333,36,379,-33.333333,33.333333,true,true,94.583333,224.000000,25.085000
NPT,baseline_b,2022-01,2022-02,1,2022-02-01,development,507.000000,484.500000,592.500000,421.500000,685.000000,36,379,-128.000000,128.000000,false,false,108.000000,263.500000,106.140000
NPT,candidate,2022-01,2022-02,1,2022-02-01,development,414.320334,367.947463,466.918526,324.876752,526.151361,36,379,-35.320334,35.320334,true,true,98.971063,201.274609,25.012157
NPT,baseline_a,2022-01,2022-04,3,2022-02-01,development,412.333333,380.166667,451.333333,285.933333,525.200000,35,642,229.666667,229.666667,false,false,71.166666,239.266667,185.607333
NPT,baseline_b,2022-01,2022-04,3,2022-02-01,development,614.000000,588.000000,695.000000,528.200000,795.200000,35,642,28.000000,28.000000,true,true,107.000000,267.000000,26.980000
NPT,candidate,2022-01,2022-04,3,2022-02-01,development,534.876715,502.529882,587.221424,464.354650,615.601059,35,642,107.123285,107.123285,false,false,84.691542,151.246409,68.414674
NPT,baseline_a,2022-02,2022-03,1,2022-03-01,development,402.000000,353.333333,447.916667,308.000000,532.000000,36,446,44.000000,44.000000,true,true,94.583334,224.000000,27.218333
NPT,baseline_b,2022-02,2022-03,1,2022-03-01,development,513.000000,474.500000,594.000000,421.000000,691.000000,36,446,-67.000000,67.000000,false,true,119.500000,270.000000,47.550000
NPT,candidate,2022-02,2022-03,1,2022-03-01,development,475.163743,428.790871,527.761935,385.720161,586.994770,36,446,-29.163743,29.163743,true,true,98.971064,201.274609,23.780839
NPT,baseline_a,2022-02,2022-05,3,2022-03-01,development,402.000000,367.250000,439.333333,280.833333,513.000000,36,408,6.000000,6.000000,true,true,72.083333,232.166667,17.695000
NPT,baseline_b,2022-02,2022-05,3,2022-03-01,development,466.000000,427.500000,547.000000,374.000000,644.000000,36,408,-58.000000,58.000000,false,true,119.500000,270.000000,42.150000
NPT,candidate,2022-02,2022-05,3,2022-03-01,development,386.727840,348.047362,438.516595,316.479325,467.302014,36,408,21.272160,21.272160,true,true,90.469233,150.822689,19.334263
NPT,baseline_a,2022-03,2022-04,1,2022-04-01,development,428.666667,380.000000,474.583333,334.666667,558.666667,36,642,213.333333,213.333333,false,false,94.583333,224.000000,161.385000
NPT,baseline_b,2022-03,2022-04,1,2022-04-01,development,614.000000,557.000000,695.000000,522.000000,792.000000,36,642,28.000000,28.000000,true,true,138.000000,270.000000,30.200000
NPT,candidate,2022-03,2022-04,1,2022-04-01,development,520.478505,474.105634,573.076698,431.034924,632.309532,36,642,121.521495,121.521495,false,false,98.971064,201.274608,73.697898
NPT,baseline_a,2022-03,2022-06,3,2022-04-01,development,428.666667,393.916667,466.000000,307.500000,539.666667,36,471,42.333333,42.333333,false,true,72.083333,232.166667,26.961667
NPT,baseline_b,2022-03,2022-06,3,2022-04-01,development,509.000000,452.000000,590.000000,417.000000,687.000000,36,471,-38.000000,38.000000,true,true,138.000000,270.000000,32.200000
NPT,candidate,2022-03,2022-06,3,2022-04-01,development,390.530678,351.850199,442.319433,320.282163,471.104852,36,471,80.469322,80.469322,false,true,90.469234,150.822689,42.645922
NPT,baseline_a,2022-04,2022-05,1,2022-05-01,development,489.000000,440.333333,539.083333,395.000000,632.833333,36,408,-81.000000,81.000000,false,true,98.750000,237.833333,48.521667
NPT,baseline_b,2022-04,2022-05,1,2022-05-01,development,466.000000,409.000000,547.000000,374.000000,644.000000,36,408,-58.000000,58.000000,false,true,138.000000,270.000000,36.600000
NPT,candidate,2022-04,2022-05,1,2022-05-01,development,393.660913,348.863624,448.378203,304.217332,515.665952,36,408,14.339087,14.339087,true,true,99.514579,211.448620,21.277220
NPT,baseline_a,2022-04,2022-07,3,2022-05-01,development,489.000000,454.250000,539.333333,367.833333,623.666667,36,479,-10.000000,10.000000,true,true,85.083333,255.833334,20.741667
NPT,baseline_b,2022-04,2022-07,3,2022-05-01,development,520.000000,463.000000,601.000000,428.000000,698.000000,36,479,-41.000000,41.000000,true,true,138.000000,270.000000,32.800000
NPT,candidate,2022-04,2022-07,3,2022-05-01,development,438.187801,408.802272,496.876296,367.939286,519.855800,36,479,40.812199,40.812199,true,true,88.074024,151.916514,23.046503
NPT,baseline_a,2022-05,2022-06,1,2022-06-01,development,498.666667,442.500000,548.750000,404.666667,642.500000,36,471,-27.666667,27.666667,true,true,106.250000,237.833333,25.671667
NPT,baseline_b,2022-05,2022-06,1,2022-06-01,development,509.000000,449.750000,590.000000,417.000000,687.000000,36,471,-38.000000,38.000000,true,true,140.250000,270.000000,32.425000
NPT,candidate,2022-05,2022-06,1,2022-06-01,development,409.108534,364.311245,463.825824,319.664953,531.113574,36,471,61.891466,61.891466,false,true,99.514579,211.448621,33.657366
NPT,baseline_a,2022-05,2022-08,3,2022-06-01,development,498.666667,463.916667,549.000000,377.500000,633.333333,36,457,-41.666667,41.666667,false,true,85.083333,255.833333,29.841667
NPT,baseline_b,2022-05,2022-08,3,2022-06-01,development,324.000000,264.750000,405.000000,232.000000,502.000000,36,457,133.000000,133.000000,false,true,140.250000,270.000000,72.225000
NPT,candidate,2022-05,2022-08,3,2022-06-01,development,385.013126,355.627597,443.701621,314.764611,466.681125,36,457,71.986874,71.986874,false,true,88.074024,151.916514,34.600789
NPT,baseline_a,2022-06,2022-07,1,2022-07-01,development,507.000000,450.833333,557.083333,413.000000,650.833333,36,479,-28.000000,28.000000,true,true,106.250000,237.833333,25.738333
NPT,baseline_b,2022-06,2022-07,1,2022-07-01,development,520.000000,460.750000,601.000000,428.000000,698.000000,36,479,-41.000000,41.000000,true,true,140.250000,270.000000,33.025000
NPT,candidate,2022-06,2022-07,1,2022-07-01,development,449.835680,405.038391,507.108126,360.392099,571.840720,36,479,29.164320,29.164320,true,true,102.069735,211.448621,24.497782
NPT,baseline_a,2022-06,2022-09,3,2022-07-01,development,507.000000,472.250000,557.333333,385.833333,641.666667,36,423,-84.000000,84.000000,false,true,85.083333,255.833334,55.241667
NPT,baseline_b,2022-06,2022-09,3,2022-07-01,development,352.000000,292.750000,433.000000,260.000000,530.000000,36,423,71.000000,71.000000,true,true,140.250000,270.000000,39.025000
NPT,candidate,2022-06,2022-09,3,2022-07-01,development,337.642086,308.256557,412.414777,267.393571,419.310085,36,423,85.357914,85.357914,false,false,104.158220,151.916514,39.274121
NPT,baseline_a,2022-07,2022-08,1,2022-08-01,development,452.666667,396.500000,502.750000,358.666667,596.500000,36,457,4.333333,4.333333,true,true,106.250000,237.833333,21.005000
NPT,baseline_b,2022-07,2022-08,1,2022-08-01,development,324.000000,264.750000,405.000000,232.000000,502.000000,36,457,133.000000,133.000000,false,true,140.250000,270.000000,72.225000
NPT,candidate,2022-07,2022-08,1,2022-08-01,development,398.864840,354.067551,453.582129,309.421258,520.869879,36,457,58.135160,58.135160,false,true,99.514578,211.448621,31.403583
NPT,baseline_a,2022-07,2022-10,3,2022-08-01,development,452.666667,417.916667,503.000000,331.500000,587.333333,36,592,139.333333,139.333333,false,false,85.083333,255.833333,84.075000
NPT,baseline_b,2022-07,2022-10,3,2022-08-01,development,600.000000,540.750000,681.000000,508.000000,778.000000,36,592,-8.000000,8.000000,true,true,140.250000,270.000000,26.425000
NPT,candidate,2022-07,2022-10,3,2022-08-01,development,473.003491,443.617962,531.691985,402.754976,554.671490,36,592,118.996509,118.996509,false,false,88.074023,151.916514,77.737975
NPT,baseline_a,2022-08,2022-09,1,2022-09-01,development,469.000000,412.833333,519.083333,375.000000,612.833333,36,423,-46.000000,46.000000,true,true,106.250000,237.833333,29.338333
NPT,baseline_b,2022-08,2022-09,1,2022-09-01,development,352.000000,292.750000,437.500000,260.000000,530.000000,36,423,71.000000,71.000000,true,true,144.750000,270.000000,39.475000
NPT,candidate,2022-08,2022-09,1,2022-09-01,development,348.115995,310.557332,404.449365,258.672413,470.121034,36,423,74.884005,74.884005,false,true,93.892033,211.448621,40.244203
NPT,baseline_a,2022-08,2022-11,3,2022-09-01,development,469.000000,427.833333,519.333333,347.833333,603.666667,36,495,26.000000,26.000000,true,true,91.500000,255.833334,24.583333
NPT,baseline_b,2022-08,2022-11,3,2022-09-01,development,410.000000,350.750000,495.500000,318.000000,588.000000,36,495,85.000000,85.000000,true,true,144.750000,270.000000,42.275000
NPT,candidate,2022-08,2022-11,3,2022-09-01,development,460.345527,432.960416,532.931716,390.097012,542.013526,36,495,34.654473,34.654473,true,true,99.971300,151.916514,23.004685
NPT,baseline_a,2022-09,2022-10,1,2022-10-01,development,453.000000,396.833333,503.083333,359.000000,596.833333,36,592,139.000000,139.000000,false,true,106.250000,237.833333,83.505000
NPT,baseline_b,2022-09,2022-10,1,2022-10-01,development,600.000000,540.750000,685.500000,508.000000,778.000000,36,592,-8.000000,8.000000,true,true,144.750000,270.000000,26.875000
NPT,candidate,2022-09,2022-10,1,2022-10-01,development,500.991728,463.433066,560.065965,411.548147,622.996768,36,592,91.008272,91.008272,false,true,96.632899,211.448621,49.096503
NPT,baseline_a,2022-09,2022-12,3,2022-10-01,development,453.000000,411.833333,503.333333,331.833333,587.666667,36,741,288.000000,288.000000,false,false,91.500000,255.833334,233.383333
NPT,baseline_b,2022-09,2022-12,3,2022-10-01,development,366.000000,306.750000,451.500000,274.000000,544.000000,36,741,375.000000,375.000000,false,false,144.750000,270.000000,294.875000
NPT,candidate,2022-09,2022-12,3,2022-10-01,development,488.985017,461.599906,564.373949,418.736502,572.669462,36,741,252.014983,252.014983,false,false,102.774043,153.932960,204.820355
NPT,baseline_a,2022-10,2022-11,1,2022-11-01,development,490.666667,434.500000,551.500000,396.666667,637.500000,36,495,4.333333,4.333333,true,true,117.000000,240.833333,22.200000
NPT,baseline_b,2022-10,2022-11,1,2022-11-01,development,410.000000,350.750000,495.500000,318.000000,588.000000,36,495,85.000000,85.000000,true,true,144.750000,270.000000,42.275000
NPT,candidate,2022-10,2022-11,1,2022-11-01,development,494.566111,457.007448,559.705712,405.122529,616.571150,36,495,0.433889,0.433889,true,true,102.698264,211.448621,18.814549
NPT,baseline_a,2022-10,2023-01,3,2022-11-01,development,490.666667,449.500000,570.583333,369.500000,634.833333,36,530,39.333333,39.333333,true,true,121.083333,265.333333,30.588333
NPT,baseline_b,2022-10,2023-01,3,2022-11-01,development,461.000000,401.750000,546.500000,369.000000,639.000000,36,530,69.000000,69.000000,true,true,144.750000,270.000000,39.075000
NPT,candidate,2022-10,2023-01,3,2022-11-01,development,489.233462,461.848351,567.991787,418.984947,585.474061,36,530,40.766538,40.766538,true,true,106.143436,166.489114,25.427216
NPT,baseline_a,2022-11,2022-12,1,2022-12-01,development,503.333333,447.166667,564.166667,409.333333,650.166667,36,741,237.666667,237.666667,false,false,117.000000,240.833334,175.933333
NPT,baseline_b,2022-11,2022-12,1,2022-12-01,development,366.000000,306.750000,454.500000,274.000000,544.000000,36,741,375.000000,375.000000,false,false,147.750000,270.000000,293.975000
NPT,candidate,2022-11,2022-12,1,2022-12-01,development,508.433730,477.730839,573.573330,418.990148,630.438769,36,741,232.566270,232.566270,false,false,95.842491,211.448621,175.750608
NPT,baseline_a,2022-11,2023-02,3,2022-12-01,development,503.333333,462.166667,583.250000,382.166667,647.500000,36,593,89.666667,89.666667,false,true,121.083333,265.333333,44.555000
NPT,baseline_b,2022-11,2023-02,3,2022-12-01,development,379.000000,319.750000,467.500000,287.000000,557.000000,36,593,214.000000,214.000000,false,false,147.750000,270.000000,132.975000
NPT,candidate,2022-11,2023-02,3,2022-12-01,development,490.552672,463.167562,569.310998,420.304157,586.793272,36,593,102.447328,102.447328,false,false,106.143436,166.489115,49.721666
NPT,baseline_a,2022-12,2023-01,1,2023-01-01,development,609.333333,553.166667,671.916667,515.333333,787.333333,36,530,-79.333333,79.333333,false,true,118.750000,272.000000,47.888333
NPT,baseline_b,2022-12,2023-01,1,2023-01-01,development,461.000000,401.750000,549.500000,369.000000,664.000000,36,530,69.000000,69.000000,true,true,147.750000,295.000000,40.375000
NPT,candidate,2022-12,2023-01,1,2023-01-01,development,530.435718,499.732828,606.595361,440.992137,654.905079,36,530,-0.435718,0.435718,true,true,106.862533,213.912942,19.329915
NPT,baseline_a,2022-12,2023-03,3,2023-01-01,development,609.333333,568.166667,689.583333,488.166667,780.666667,36,834,224.666667,224.666667,false,false,121.416666,292.500000,147.875000
NPT,baseline_b,2022-12,2023-03,3,2023-01-01,development,446.000000,386.750000,534.500000,354.000000,649.000000,36,834,388.000000,388.000000,false,false,147.750000,295.000000,297.975000
NPT,candidate,2022-12,2023-03,3,2023-01-01,development,661.767089,634.381978,741.751913,591.518574,774.826986,36,834,172.232911,172.232911,false,false,107.369935,183.308412,113.084353
NPT,baseline_a,2023-01,2023-02,1,2023-02-01,development,588.666667,509.833333,651.250000,494.666667,766.666667,36,593,4.333333,4.333333,true,true,141.416667,272.000000,25.888333
NPT,baseline_b,2023-01,2023-02,1,2023-02-01,development,379.000000,319.750000,467.500000,287.000000,582.000000,36,593,214.000000,214.000000,false,false,147.750000,295.000000,123.975000
NPT,candidate,2023-01,2023-02,1,2023-02-01,development,544.710947,514.008057,609.850548,455.267366,669.180308,36,593,48.289053,48.289053,true,true,95.842491,213.912942,27.798577
NPT,baseline_a,2023-01,2023-04,3,2023-02-01,development,588.666667,547.500000,639.000000,467.500000,760.000000,36,749,160.333333,160.333333,false,true,91.500000,292.500000,96.916667
NPT,baseline_b,2023-01,2023-04,3,2023-02-01,development,642.000000,582.750000,730.500000,550.000000,845.000000,36,749,107.000000,107.000000,false,true,147.750000,295.000000,55.375000
NPT,candidate,2023-01,2023-04,3,2023-02-01,development,788.867829,761.482718,867.626155,718.619314,901.927726,36,749,-39.867829,39.867829,false,true,106.143437,183.308412,30.913333
NPT,baseline_a,2023-02,2023-03,1,2023-03-01,development,621.333333,542.500000,683.916667,527.333333,799.333333,36,834,212.666667,212.666667,false,false,141.416667,272.000000,141.455000
NPT,baseline_b,2023-02,2023-03,1,2023-03-01,development,446.000000,386.750000,553.500000,354.000000,659.000000,36,834,388.000000,388.000000,false,false,166.750000,305.000000,288.675000
NPT,candidate,2023-02,2023-03,1,2023-03-01,development,675.479106,644.776216,740.618707,586.035525,799.948467,36,834,158.520894,158.520894,false,false,95.842491,213.912942,100.818076
NPT,baseline_a,2023-02,2023-05,3,2023-03-01,development,621.333333,580.166667,675.500000,500.166667,792.666667,36,565,-56.333333,56.333333,false,true,95.333333,292.500000,38.566667
NPT,baseline_b,2023-02,2023-05,3,2023-03-01,development,408.000000,348.750000,515.500000,316.000000,621.000000,36,565,157.000000,157.000000,false,true,166.750000,305.000000,80.075000
NPT,candidate,2023-02,2023-05,3,2023-03-01,development,605.452870,578.067760,684.372695,535.204356,718.512768,36,565,-40.452870,40.452870,false,true,106.304935,183.308412,31.280508
NPT,baseline_a,2023-03,2023-04,1,2023-04-01,development,652.333333,573.500000,714.916667,558.333333,859.333333,36,749,96.666667,96.666667,false,true,141.416667,301.000000,59.148333
NPT,baseline_b,2023-03,2023-04,1,2023-04-01,development,642.000000,582.750000,749.500000,550.000000,855.000000,36,749,107.000000,107.000000,true,true,166.750000,305.000000,50.275000
NPT,candidate,2023-03,2023-04,1,2023-04-01,development,787.356979,756.654088,852.496579,697.913397,927.861717,36,749,-38.356979,38.356979,false,true,95.842491,229.948320,29.515213
NPT,baseline_a,2023-03,2023-06,3,2023-04-01,development,652.333333,611.166667,706.500000,531.166667,839.166667,36,713,60.666667,60.666667,false,true,95.333333,308.000000,36.586667
NPT,baseline_b,2023-03,2023-06,3,2023-04-01,development,471.000000,411.750000,578.500000,379.000000,684.000000,36,713,242.000000,242.000000,false,false,166.750000,305.000000,142.675000
NPT,candidate,2023-03,2023-06,3,2023-04-01,development,600.211701,572.826591,679.131526,529.963186,713.271599,36,713,112.788299,112.788299,false,true,106.304935,183.308413,54.067879
NPT,baseline_a,2023-04,2023-05,1,2023-05-01,development,725.333333,646.500000,787.916667,631.333333,895.500000,36,565,-160.333333,160.333333,false,false,141.416667,264.166667,115.908333
NPT,baseline_b,2023-04,2023-05,1,2023-05-01,development,408.000000,348.750000,509.000000,316.000000,611.000000,36,565,157.000000,157.000000,false,true,160.250000,295.000000,81.625000
NPT,candidate,2023-04,2023-05,1,2023-05-01,development,563.716461,527.636965,622.790697,474.272879,685.721500,36,565,1.283539,1.283539,true,true,95.153732,211.448621,18.230026
NPT,baseline_a,2023-04,2023-07,3,2023-05-01,development,725.333333,684.166667,779.500000,604.166667,880.000000,36,701,-24.333333,24.333333,true,true,95.333333,275.833333,25.433333
NPT,baseline_b,2023-04,2023-07,3,2023-05-01,development,479.000000,419.750000,580.000000,387.000000,682.000000,36,701,222.000000,222.000000,false,false,160.250000,295.000000,128.225000
NPT,candidate,2023-04,2023-07,3,2023-05-01,development,631.445513,592.776474,706.834445,561.196998,736.230819,36,701,69.554487,69.554487,true,true,114.057971,175.033821,32.318047
NPT,baseline_a,2023-05,2023-06,1,2023-06-01,development,716.000000,637.166667,778.583333,622.000000,886.166667,36,713,-3.000000,3.000000,true,true,141.416666,264.166667,25.308333
NPT,baseline_b,2023-05,2023-06,1,2023-06-01,development,471.000000,425.750000,584.500000,385.500000,674.000000,36,713,242.000000,242.000000,false,false,158.750000,288.500000,142.815000
NPT,candidate,2023-05,2023-06,1,2023-06-01,development,592.096919,561.394029,651.171156,517.393965,714.101959,36,713,120.903081,120.903081,false,true,89.777127,196.707994,65.758186
NPT,baseline_a,2023-05,2023-08,3,2023-06-01,development,716.000000,674.833333,770.166667,626.500000,870.666667,36,690,-26.000000,26.000000,true,true,95.333334,244.166667,24.500000
NPT,baseline_b,2023-05,2023-08,3,2023-06-01,development,457.000000,411.750000,570.500000,371.500000,660.000000,36,690,233.000000,233.000000,false,false,158.750000,288.500000,133.815000
NPT,candidate,2023-05,2023-08,3,2023-06-01,development,557.473169,518.804130,632.862101,496.109265,662.258475,36,690,132.526831,132.526831,false,false,114.057971,166.149210,78.508901
NPT,baseline_a,2023-06,2023-07,1,2023-07-01,development,675.666667,619.500000,738.250000,587.166667,845.833333,36,701,25.333333,25.333333,true,true,118.750000,258.666666,27.288333
NPT,baseline_b,2023-06,2023-07,1,2023-07-01,development,479.000000,433.750000,613.000000,393.500000,692.000000,36,701,222.000000,222.000000,false,false,179.250000,298.500000,113.065000
NPT,candidate,2023-06,2023-07,1,2023-07-01,development,663.235059,632.532168,728.374659,588.532104,785.240098,36,701,37.764941,37.764941,true,true,95.842491,196.707994,25.005557
NPT,baseline_a,2023-06,2023-09,3,2023-07-01,development,675.666667,640.916667,743.583333,586.166667,830.333333,36,546,-129.666667,129.666667,false,false,102.666666,244.166666,100.000000
NPT,baseline_b,2023-06,2023-09,3,2023-07-01,development,423.000000,377.750000,557.000000,337.500000,636.000000,36,546,123.000000,123.000000,true,true,179.250000,298.500000,54.465000
NPT,candidate,2023-06,2023-09,3,2023-07-01,development,501.450239,462.781200,580.370064,440.086335,611.406031,36,546,44.549761,44.549761,true,true,117.588864,171.319696,27.521626
NPT,baseline_a,2023-07,2023-08,1,2023-08-01,development,659.666667,603.500000,705.500000,571.166667,829.833333,36,690,30.333333,30.333333,true,true,102.000000,258.666666,26.613333
NPT,baseline_b,2023-07,2023-08,1,2023-08-01,development,457.000000,411.750000,591.000000,371.500000,675.000000,36,690,233.000000,233.000000,false,false,179.250000,303.500000,122.265000
NPT,candidate,2023-07,2023-08,1,2023-08-01,development,645.152056,614.449165,704.226293,570.449101,766.364344,36,690,44.847944,44.847944,true,true,89.777128,195.915243,25.783911
NPT,baseline_a,2023-07,2023-10,3,2023-08-01,development,659.666667,624.916667,727.583333,570.166667,814.333333,36,861,201.333333,201.333333,false,false,102.666666,244.166666,132.333333
NPT,baseline_b,2023-07,2023-10,3,2023-08-01,development,592.000000,546.750000,726.000000,506.500000,810.000000,36,861,269.000000,269.000000,false,false,179.250000,303.500000,158.265000
NPT,candidate,2023-07,2023-10,3,2023-08-01,development,774.201492,735.532454,850.106924,712.837588,884.157284,36,861,86.798508,86.798508,false,true,114.574470,171.319696,40.027167
NPT,baseline_a,2023-08,2023-09,1,2023-09-01,development,701.333333,647.166667,747.166667,612.833333,871.500000,36,546,-155.333333,155.333333,false,false,100.000000,258.666667,118.613333
NPT,baseline_b,2023-08,2023-09,1,2023-09-01,development,423.000000,377.750000,565.000000,337.500000,650.500000,36,546,123.000000,123.000000,true,true,187.250000,313.000000,55.845000
NPT,candidate,2023-08,2023-09,1,2023-09-01,development,567.355446,551.393518,626.429683,511.380428,688.567734,36,546,-21.355446,21.355446,false,true,75.036165,177.187306,21.019605
NPT,baseline_a,2023-08,2023-11,3,2023-09-01,development,701.333333,673.666667,769.250000,621.833333,856.000000,36,687,-14.333333,14.333333,true,true,95.583333,234.166667,21.791667
NPT,baseline_b,2023-08,2023-11,3,2023-09-01,development,495.000000,449.750000,637.000000,409.500000,722.500000,36,687,192.000000,192.000000,false,true,187.250000,313.000000,89.645000
NPT,candidate,2023-08,2023-11,3,2023-09-01,development,733.785998,706.001291,814.640734,672.422094,849.678402,36,687,-46.785998,46.785998,false,true,108.639443,177.256308,34.911913
NPT,baseline_a,2023-09,2023-10,1,2023-10-01,development,645.666667,591.500000,691.500000,552.166667,815.833333,36,861,215.333333,215.333333,false,false,100.000000,263.666666,149.480000
NPT,baseline_b,2023-09,2023-10,1,2023-10-01,development,592.000000,546.750000,734.000000,506.500000,819.500000,36,861,269.000000,269.000000,false,false,187.250000,313.000000,152.445000
NPT,candidate,2023-09,2023-10,1,2023-10-01,development,735.745524,712.438004,794.819761,679.770507,856.957812,36,861,125.254476,125.254476,false,false,82.381757,177.187305,68.465534
NPT,baseline_a,2023-09,2023-12,3,2023-10-01,development,645.666667,618.000000,713.583333,566.166667,800.333333,36,850,204.333333,204.333333,false,false,95.583333,234.166666,134.225000
NPT,baseline_b,2023-09,2023-12,3,2023-10-01,development,741.000000,695.750000,883.000000,655.500000,968.500000,36,850,109.000000,109.000000,true,true,187.250000,313.000000,53.045000
NPT,candidate,2023-09,2023-12,3,2023-10-01,development,717.751992,689.967285,798.606728,656.388088,833.644396,36,850,132.248008,132.248008,false,false,108.639443,177.256308,71.503349
NPT,baseline_a,2023-10,2023-11,1,2023-11-01,development,699.000000,644.833333,744.833333,605.500000,906.000000,36,687,-12.000000,12.000000,true,true,100.000000,300.500000,24.420000
NPT,baseline_b,2023-10,2023-11,1,2023-11-01,development,495.000000,449.750000,637.000000,409.500000,732.500000,36,687,192.000000,192.000000,false,true,187.250000,323.000000,90.045000
NPT,candidate,2023-10,2023-11,1,2023-11-01,development,739.744998,716.437477,798.819234,683.769980,861.750037,36,687,-52.744998,52.744998,false,true,82.381757,177.980057,37.681368
NPT,baseline_a,2023-11,2023-12,1,2023-12-01,development,698.000000,643.833333,741.750000,604.500000,905.000000,36,850,152.000000,152.000000,false,true,97.916667,300.500000,95.511667
NPT,baseline_b,2023-11,2023-12,1,2023-12-01,development,741.000000,695.750000,906.750000,655.500000,978.500000,36,850,109.000000,109.000000,true,true,211.000000,323.000000,55.820000
NPT,candidate,2023-11,2023-12,1,2023-12-01,development,781.687144,750.984253,840.761380,725.326230,903.692183,36,850,68.312856,68.312856,false,true,89.777127,178.365953,33.470370
NPT,baseline_a,2023-12,2024-01,1,2024-01-01,locked,799.333333,745.166667,856.500000,705.833333,1006.333333,36,786,-13.333333,13.333333,true,true,111.333333,300.500000,25.820000
NPT,baseline_b,2023-12,2024-01,1,2024-01-01,locked,530.000000,484.750000,695.750000,444.500000,767.500000,36,786,256.000000,256.000000,false,false,211.000000,323.000000,128.720000
NPT,candidate,2023-12,2024-01,1,2024-01-01,locked,720.469245,697.161724,783.966058,664.108330,842.474284,36,786,65.530755,65.530755,false,true,86.804334,178.365954,29.734799
NPT,baseline_a,2023-12,2024-03,3,2024-01-01,locked,799.333333,771.666667,892.000000,719.833333,1002.166667,36,1072,272.666667,272.666667,false,false,120.333333,282.333334,177.793333
NPT,baseline_b,2023-12,2024-03,3,2024-01-01,locked,834.000000,788.750000,999.750000,748.500000,1071.500000,36,1072,238.000000,238.000000,false,false,211.000000,323.000000,110.720000
NPT,candidate,2023-12,2024-03,3,2024-01-01,locked,878.422479,838.543211,964.140542,817.058575,1004.044738,36,1072,193.577521,193.577521,false,false,125.597331,186.986163,129.080572
NPT,baseline_a,2024-01,2024-02,1,2024-02-01,locked,774.333333,737.833333,831.500000,680.833333,981.333333,36,1044,269.666667,269.666667,false,false,93.666667,300.500000,185.386667
NPT,baseline_b,2024-01,2024-02,1,2024-02-01,locked,593.000000,547.750000,785.500000,507.500000,842.000000,36,1044,451.000000,451.000000,false,false,237.750000,334.500000,311.555000
NPT,candidate,2024-01,2024-02,1,2024-02-01,locked,742.674930,728.665076,808.901211,693.109001,864.679970,36,1044,301.325070,301.325070,false,false,80.236135,171.570969,240.918994
NPT,baseline_a,2024-01,2024-04,3,2024-02-01,locked,774.333333,746.666667,867.000000,694.833333,977.166667,36,983,208.666667,208.666667,false,false,120.333333,282.333334,113.793333
NPT,baseline_b,2024-01,2024-04,3,2024-02-01,locked,749.000000,703.750000,941.500000,663.500000,998.000000,36,983,234.000000,234.000000,false,true,237.750000,334.500000,100.555000
NPT,candidate,2024-01,2024-04,3,2024-02-01,locked,1027.211531,999.426824,1112.929594,968.013388,1152.833790,36,983,-44.211531,44.211531,false,true,113.502770,184.820402,34.156129
NPT,baseline_a,2024-02,2024-03,1,2024-03-01,locked,893.333333,856.833333,999.083333,799.833333,1106.333333,36,1072,178.666667,178.666667,false,true,142.250000,306.500000,91.385000
NPT,baseline_b,2024-02,2024-03,1,2024-03-01,locked,834.000000,788.750000,1033.000000,748.500000,1096.500000,36,1072,238.000000,238.000000,false,true,244.250000,348.000000,101.545000
NPT,candidate,2024-02,2024-03,1,2024-03-01,locked,958.637648,944.627794,1028.593291,909.071718,1082.509178,36,1072,113.362352,113.362352,false,true,83.965497,173.437460,55.369202
NPT,baseline_a,2024-02,2024-05,3,2024-03-01,locked,893.333333,865.666667,1004.416667,813.833333,1107.833333,36,787,-106.333333,106.333333,false,false,138.750000,294.000000,89.101667
NPT,baseline_b,2024-02,2024-05,3,2024-03-01,locked,565.000000,519.750000,764.000000,479.500000,827.500000,36,787,222.000000,222.000000,false,true,244.250000,348.000000,91.945000
NPT,candidate,2024-02,2024-05,3,2024-03-01,locked,830.760135,802.975428,921.470848,771.561992,963.147555,36,787,-43.760135,43.760135,false,true,118.495420,191.585563,34.655163
NPT,baseline_a,2024-03,2024-04,1,2024-04-01,locked,967.333333,930.833333,1101.833333,873.833333,1180.333333,36,983,15.666667,15.666667,true,true,171.000000,306.500000,32.493333
NPT,baseline_b,2024-03,2024-04,1,2024-04-01,locked,749.000000,710.250000,965.000000,663.500000,1011.500000,36,983,234.000000,234.000000,false,true,254.750000,348.000000,93.395000
NPT,candidate,2024-03,2024-04,1,2024-04-01,locked,1139.997312,1136.780193,1218.912384,1094.446324,1263.868842,36,983,-156.997312,156.997312,false,false,82.132191,169.422518,152.480189
NPT,baseline_a,2024-03,2024-06,3,2024-04-01,locked,967.333333,939.666667,1109.083333,887.833333,1194.500000,36,822,-145.333333,145.333333,false,false,169.416666,306.666667,131.675000
NPT,baseline_b,2024-03,2024-06,3,2024-04-01,locked,713.000000,674.250000,929.000000,627.500000,975.500000,36,822,109.000000,109.000000,true,true,254.750000,348.000000,61.195000
NPT,candidate,2024-03,2024-06,3,2024-04-01,locked,945.281746,928.758884,1048.898063,897.130985,1097.661617,36,822,-123.281746,123.281746,false,false,120.139179,200.530632,117.447440
NPT,baseline_a,2024-04,2024-05,1,2024-05-01,locked,1033.000000,996.500000,1140.250000,939.500000,1246.000000,36,787,-246.000000,246.000000,false,false,143.750000,306.500000,220.635000
NPT,baseline_b,2024-04,2024-05,1,2024-05-01,locked,565.000000,530.750000,789.750000,489.500000,827.500000,36,787,222.000000,222.000000,true,true,259.000000,338.000000,83.820000
NPT,candidate,2024-04,2024-05,1,2024-05-01,locked,831.353635,817.343781,910.268706,760.252094,955.225165,36,787,-44.353635,44.353635,false,true,92.924925,194.973071,38.099655
NPT,baseline_a,2024-04,2024-07,3,2024-05-01,locked,1033.000000,1005.333333,1177.583333,953.500000,1260.166667,36,827,-206.000000,206.000000,false,false,172.250000,306.666667,192.625000
NPT,baseline_b,2024-04,2024-07,3,2024-05-01,locked,701.000000,666.750000,925.750000,625.500000,963.500000,36,827,126.000000,126.000000,true,true,259.000000,338.000000,64.620000
NPT,candidate,2024-04,2024-07,3,2024-05-01,locked,973.573507,945.788800,1077.189824,925.422746,1125.953378,36,827,-146.573507,146.573507,false,false,131.401024,200.530632,137.360647
NPT,baseline_a,2024-05,2024-06,1,2024-06-01,locked,947.333333,910.833333,1054.583333,820.166667,1160.333333,36,822,-125.333333,125.333333,false,true,143.750000,340.166666,88.581666
NPT,baseline_b,2024-05,2024-06,1,2024-06-01,locked,713.000000,678.750000,937.750000,637.500000,975.500000,36,822,109.000000,109.000000,true,true,259.000000,338.000000,61.220000
NPT,candidate,2024-05,2024-06,1,2024-06-01,locked,899.800599,876.493079,978.715671,828.699058,1023.672129,36,822,-77.800599,77.800599,false,false,102.222592,194.973071,58.058157
NPT,baseline_a,2024-05,2024-08,3,2024-06-01,locked,947.333333,912.583333,1091.916667,852.166667,1174.500000,36,920,-27.333333,27.333333,true,true,179.333334,322.333333,36.293333
NPT,baseline_b,2024-05,2024-08,3,2024-06-01,locked,690.000000,655.750000,914.750000,614.500000,952.500000,36,920,230.000000,230.000000,false,true,259.000000,338.000000,87.520000
NPT,candidate,2024-05,2024-08,3,2024-06-01,locked,866.268130,826.388861,969.884447,818.117369,1018.648001,36,920,53.731870,53.731870,true,true,143.495586,200.530632,33.117158
NPT,baseline_a,2024-06,2024-07,1,2024-07-01,locked,864.000000,809.666667,971.250000,723.666667,1077.000000,36,827,-37.000000,37.000000,true,true,161.583333,353.333333,37.691667
NPT,baseline_b,2024-06,2024-07,1,2024-07-01,locked,701.000000,666.750000,925.750000,625.500000,963.500000,36,827,126.000000,126.000000,true,true,259.000000,338.000000,64.620000
NPT,candidate,2024-06,2024-07,1,2024-07-01,locked,944.905121,914.202230,1023.820193,861.275780,1068.776651,36,827,-117.905121,117.905121,false,false,109.617963,207.500871,91.434059
NPT,baseline_a,2024-06,2024-09,3,2024-07-01,locked,864.000000,822.833333,1008.583333,746.000000,1091.166667,36,702,-162.000000,162.000000,false,false,185.750000,345.166667,130.715000
NPT,baseline_b,2024-06,2024-09,3,2024-07-01,locked,546.000000,511.750000,770.750000,470.500000,808.500000,36,702,156.000000,156.000000,true,true,259.000000,338.000000,70.620000
NPT,candidate,2024-06,2024-09,3,2024-07-01,locked,720.380882,680.332473,823.997199,659.814987,872.760753,36,702,-18.380882,18.380882,true,true,143.664726,212.945766,26.560480
NPT,baseline_a,2024-07,2024-08,1,2024-08-01,locked,812.000000,757.666667,919.250000,671.666667,1025.000000,36,920,108.000000,108.000000,false,true,161.583333,353.333333,52.191667
NPT,baseline_b,2024-07,2024-08,1,2024-08-01,locked,690.000000,675.750000,914.750000,625.000000,952.500000,36,920,230.000000,230.000000,false,true,239.000000,327.500000,85.100000
NPT,candidate,2024-07,2024-08,1,2024-08-01,locked,826.052091,789.972596,904.967163,723.713249,949.923621,36,920,93.947909,93.947909,false,true,114.994567,226.210372,45.350588
NPT,baseline_a,2024-07,2024-10,3,2024-08-01,locked,812.000000,766.666667,956.583333,674.500000,1039.166667,36,1029,217.000000,217.000000,false,true,189.916666,364.666667,105.945000
NPT,baseline_b,2024-07,2024-10,3,2024-08-01,locked,861.000000,846.750000,1085.750000,796.000000,1123.500000,36,1029,168.000000,168.000000,true,true,239.000000,327.500000,70.600000
NPT,candidate,2024-07,2024-10,3,2024-08-01,locked,969.270418,927.990732,1072.886736,871.821412,1121.650289,36,1029,59.729582,59.729582,true,true,144.896004,249.828877,36.428672
NPT,baseline_a,2024-08,2024-09,1,2024-09-01,locked,856.333333,817.083333,972.083333,744.166667,1069.333333,36,702,-154.333333,154.333333,false,false,155.000000,325.166666,122.273333
NPT,baseline_b,2024-08,2024-09,1,2024-09-01,locked,546.000000,565.000000,776.750000,483.500000,808.500000,36,702,156.000000,156.000000,true,true,211.750000,325.000000,65.375000
NPT,candidate,2024-08,2024-09,1,2024-09-01,locked,711.369718,680.666827,803.112899,627.740376,835.241248,36,702,-9.369718,9.369718,true,true,122.446072,207.500872,22.418586
NPT,baseline_a,2024-08,2024-11,3,2024-09-01,locked,856.333333,815.166667,1000.916667,738.333333,1083.500000,36,940,83.666667,83.666667,true,true,185.750000,345.166667,49.115000
NPT,baseline_b,2024-08,2024-11,3,2024-09-01,locked,687.000000,706.000000,917.750000,624.500000,949.500000,36,940,253.000000,253.000000,false,true,211.750000,325.000000,93.675000
NPT,candidate,2024-08,2024-11,3,2024-09-01,locked,899.450611,859.402202,1003.066928,838.884716,1051.830482,36,940,40.549389,40.549389,true,true,143.664726,212.945766,30.994181
NPT,baseline_a,2024-09,2024-10,1,2024-10-01,locked,816.333333,777.083333,932.083333,676.500000,1029.333333,36,1029,212.666667,212.666667,false,true,155.000000,352.833333,110.913334
NPT,baseline_b,2024-09,2024-10,1,2024-10-01,locked,861.000000,896.500000,1091.750000,798.500000,1123.500000,36,1029,168.000000,168.000000,true,true,195.250000,325.000000,66.125000
NPT,candidate,2024-09,2024-10,1,2024-10-01,locked,993.298503,962.595612,1085.041684,909.669161,1117.170033,36,1029,35.701497,35.701497,true,true,122.446072,207.500872,27.684941
NPT,baseline_a,2024-09,2024-12,3,2024-10-01,locked,816.333333,775.166667,960.916667,698.333333,1043.500000,36,1131,314.666667,314.666667,false,false,185.750000,345.166667,198.348333
NPT,baseline_b,2024-09,2024-12,3,2024-10-01,locked,850.000000,885.500000,1080.750000,787.500000,1112.500000,36,1131,281.000000,281.000000,false,false,195.250000,325.000000,116.225000
NPT,candidate,2024-09,2024-12,3,2024-10-01,locked,966.574078,926.559989,1070.190395,906.008183,1118.953949,36,1131,164.425922,164.425922,false,false,143.630406,212.945766,84.908318
NPT,baseline_a,2024-10,2024-11,1,2024-11-01,locked,883.666667,844.416667,999.416667,743.833333,1096.666667,36,940,56.333333,56.333333,true,true,155.000000,352.833334,40.880000
NPT,baseline_b,2024-10,2024-11,1,2024-11-01,locked,687.000000,722.500000,917.750000,624.500000,949.500000,36,940,253.000000,253.000000,false,true,195.250000,325.000000,92.025000
NPT,candidate,2024-10,2024-11,1,2024-11-01,locked,902.253120,871.550229,981.168191,818.623778,1025.641105,36,940,37.746880,37.746880,true,true,109.617962,207.017327,26.791865
NPT,baseline_a,2024-10,2025-01,3,2024-11-01,locked,883.666667,842.500000,1054.250000,765.666667,1110.833333,36,1036,152.333333,152.333333,true,true,211.750000,345.166666,65.448333
NPT,baseline_b,2024-10,2025-01,3,2024-11-01,locked,786.000000,821.500000,1016.750000,723.500000,1048.500000,36,1036,250.000000,250.000000,false,true,195.250000,325.000000,90.225000
NPT,candidate,2024-10,2025-01,3,2024-11-01,locked,884.865311,844.851222,988.481629,824.299416,1037.245182,36,1036,151.134689,151.134689,false,true,143.630407,212.945766,72.115158
NPT,baseline_a,2024-11,2024-12,1,2024-12-01,locked,890.333333,851.083333,1006.083333,750.500000,1103.333333,36,1131,240.666667,240.666667,false,false,155.000000,352.833333,138.780000
NPT,baseline_b,2024-11,2024-12,1,2024-12-01,locked,850.000000,911.250000,1083.250000,800.500000,1112.500000,36,1131,281.000000,281.000000,false,false,172.000000,312.000000,112.380000
NPT,candidate,2024-11,2024-12,1,2024-12-01,locked,981.696037,958.388517,1060.611109,916.423239,1105.084023,36,1131,149.303963,149.303963,false,false,102.222592,188.660784,86.151430
NPT,baseline_a,2024-11,2025-02,3,2024-12-01,locked,890.333333,855.416667,1060.916667,772.333333,1117.500000,36,910,19.666667,19.666667,true,true,205.500000,345.166667,38.290000
NPT,baseline_b,2024-11,2025-02,3,2024-12-01,locked,1044.000000,1105.250000,1277.250000,994.500000,1306.500000,36,910,-134.000000,134.000000,false,false,172.000000,312.000000,168.380000
NPT,candidate,2024-11,2025-02,3,2024-12-01,locked,923.284730,895.500022,1026.901047,875.133969,1075.664601,36,910,-13.284730,13.284730,true,true,131.401025,200.530632,23.818274
NPT,baseline_a,2024-12,2025-01,1,2025-01-01,locked,1033.333333,999.083333,1175.583333,893.500000,1247.666667,36,1036,2.666667,2.666667,true,true,176.500000,354.166667,32.350000
NPT,baseline_b,2024-12,2025-01,1,2025-01-01,locked,786.000000,856.500000,1021.000000,746.500000,1061.000000,36,1036,250.000000,250.000000,false,true,164.500000,314.500000,85.030000
NPT,candidate,2024-12,2025-01,1,2025-01-01,locked,915.717045,903.350896,1007.460227,867.167729,1052.996265,36,1036,120.282955,120.282955,false,true,104.109331,185.828536,53.316575
NPT,baseline_a,2024-12,2025-03,3,2025-01-01,locked,1033.333333,1002.416667,1235.416667,915.333333,1284.500000,36,1080,46.666667,46.666667,true,true,233.000000,369.166667,47.400000
NPT,baseline_b,2024-12,2025-03,3,2025-01-01,locked,1072.000000,1142.500000,1307.000000,1032.500000,1347.000000,36,1080,8.000000,8.000000,false,true,164.500000,314.500000,55.630000
NPT,candidate,2024-12,2025-03,3,2025-01-01,locked,1134.166598,1114.441687,1242.706137,1088.667834,1302.496015,36,1080,-54.166598,54.166598,false,false,128.264450,213.828181,49.456700
NPT,baseline_a,2025-01,2025-02,1,2025-02-01,locked,1035.666667,1001.416667,1177.916667,895.833333,1250.000000,36,910,-125.666667,125.666667,false,true,176.500000,354.166667,93.516667
NPT,baseline_b,2025-01,2025-02,1,2025-02-01,locked,1044.000000,1125.500000,1283.000000,1004.500000,1319.000000,36,910,-134.000000,134.000000,false,false,157.500000,314.500000,179.130000
NPT,candidate,2025-01,2025-02,1,2025-02-01,locked,977.145254,964.779104,1075.946774,928.595938,1114.424473,36,910,-67.145254,67.145254,false,false,111.167670,185.828535,61.328976
NPT,baseline_a,2025-01,2025-04,3,2025-02-01,locked,1035.666667,1004.750000,1237.750000,917.666667,1286.833333,36,1425,389.333333,389.333333,false,false,233.000000,369.166666,246.100000
NPT,baseline_b,2025-01,2025-04,3,2025-02-01,locked,983.000000,1064.500000,1222.000000,943.500000,1258.000000,36,1425,442.000000,442.000000,false,false,157.500000,314.500000,264.730000
NPT,candidate,2025-01,2025-04,3,2025-02-01,locked,1299.160997,1279.436086,1413.501348,1253.662232,1467.490413,36,1425,125.839003,125.839003,false,true,134.065262,213.828181,51.726915
NPT,baseline_a,2025-02,2025-03,1,2025-03-01,locked,1025.666667,986.416667,1167.916667,885.666667,1240.000000,36,1080,54.333333,54.333333,true,true,181.500000,354.333333,43.190000
NPT,baseline_b,2025-02,2025-03,1,2025-03-01,locked,1072.000000,1153.500000,1311.000000,1032.500000,1347.000000,36,1080,8.000000,8.000000,false,true,157.500000,314.500000,59.330000
NPT,candidate,2025-02,2025-03,1,2025-03-01,locked,1153.609065,1141.242915,1252.410585,1093.663939,1290.888284,36,1080,-73.609065,73.609065,false,false,111.167670,197.224345,63.690295
NPT,baseline_a,2025-02,2025-05,3,2025-03-01,locked,1025.666667,999.333333,1227.750000,907.666667,1276.833333,36,1057,31.333333,31.333333,true,true,228.416667,369.166666,43.875000
NPT,baseline_b,2025-02,2025-05,3,2025-03-01,locked,787.000000,868.500000,1026.000000,747.500000,1062.000000,36,1057,270.000000,270.000000,false,true,157.500000,314.500000,94.730000
NPT,candidate,2025-02,2025-05,3,2025-03-01,locked,947.811666,933.252898,1062.152018,903.825833,1116.141082,36,1057,109.188334,109.188334,true,true,128.899120,212.315249,43.220189
NPT,baseline_a,2025-03,2025-04,1,2025-04-01,locked,1008.666667,969.416667,1150.916667,868.666667,1223.000000,36,1425,416.333333,416.333333,false,false,181.500000,354.333333,306.023333
NPT,baseline_b,2025-03,2025-04,1,2025-04-01,locked,983.000000,1064.500000,1222.000000,960.000000,1258.000000,36,1425,442.000000,442.000000,false,false,157.500000,298.000000,264.070000
NPT,candidate,2025-03,2025-04,1,2025-04-01,locked,1262.182918,1249.816768,1360.984438,1191.805759,1399.462137,36,1425,162.817082,162.817082,false,false,111.167670,207.656378,87.807809
NPT,baseline_a,2025-03,2025-06,3,2025-04-01,locked,1008.666667,982.333333,1210.750000,890.666667,1259.833333,36,1085,76.333333,76.333333,true,true,228.416667,369.166666,52.875000
NPT,baseline_b,2025-03,2025-06,3,2025-04-01,locked,822.000000,903.500000,1061.000000,799.000000,1097.000000,36,1085,263.000000,263.000000,false,true,157.500000,298.000000,89.870000
NPT,candidate,2025-03,2025-06,3,2025-04-01,locked,1000.589995,986.031228,1114.930347,955.091231,1168.919412,36,1085,84.410005,84.410005,true,true,128.899119,213.828181,38.325040
NPT,baseline_a,2025-04,2025-05,1,2025-05-01,locked,1138.333333,1099.083333,1280.583333,998.333333,1364.833333,36,1057,-81.333333,81.333333,false,true,181.500000,366.500000,65.910000
NPT,baseline_b,2025-04,2025-05,1,2025-05-01,locked,787.000000,888.500000,1031.000000,764.000000,1115.000000,36,1057,270.000000,270.000000,false,true,142.500000,351.000000,92.690000
NPT,candidate,2025-04,2025-05,1,2025-05-01,locked,953.311348,940.945199,1052.112868,882.934189,1107.223777,36,1057,103.688652,103.688652,false,true,111.167669,224.289588,42.780934
NPT,baseline_a,2025-04,2025-07,3,2025-05-01,locked,1138.333333,1112.000000,1340.416667,1020.333333,1418.666667,36,1272,133.666667,133.666667,true,true,228.416667,398.333334,65.508333
NPT,baseline_b,2025-04,2025-07,3,2025-05-01,locked,827.000000,928.500000,1071.000000,804.000000,1155.000000,36,1272,445.000000,445.000000,false,false,142.500000,351.000000,244.490000
NPT,candidate,2025-04,2025-07,3,2025-05-01,locked,1087.828257,1073.269489,1208.535390,1042.329492,1256.157673,36,1272,184.171743,184.171743,false,false,135.265901,213.828181,90.636841
NPT,baseline_a,2025-05,2025-06,1,2025-06-01,locked,1187.333333,1148.083333,1329.583333,1047.333333,1413.833333,36,1085,-102.333333,102.333333,false,true,181.500000,366.500000,78.510000
NPT,baseline_b,2025-05,2025-06,1,2025-06-01,locked,822.000000,930.500000,1072.750000,822.000000,1150.000000,36,1085,263.000000,263.000000,false,true,142.250000,328.000000,84.845000
NPT,candidate,2025-05,2025-06,1,2025-06-01,locked,1048.364639,1035.998489,1154.471716,977.987479,1202.277067,36,1085,36.635361,36.635361,true,true,118.473227,224.289588,28.145978
NPT,baseline_a,2025-05,2025-08,3,2025-06-01,locked,1187.333333,1161.000000,1389.416667,1069.333333,1467.666667,36,977,-210.333333,210.333333,false,false,228.416667,398.333334,191.375000
NPT,baseline_b,2025-05,2025-08,3,2025-06-01,locked,920.000000,1028.500000,1170.750000,920.000000,1248.000000,36,977,57.000000,57.000000,false,true,142.250000,328.000000,59.345000
NPT,candidate,2025-05,2025-08,3,2025-06-01,locked,1031.072947,1016.514180,1151.780080,985.574182,1199.402363,36,977,-54.072947,54.072947,false,false,135.265900,213.828181,52.129651
NPT,baseline_a,2025-06,2025-07,1,2025-07-01,locked,1189.000000,1134.666667,1331.250000,1049.000000,1415.500000,36,1272,83.000000,83.000000,true,true,196.583333,366.500000,50.918333
NPT,baseline_b,2025-06,2025-07,1,2025-07-01,locked,827.000000,936.000000,1080.750000,865.500000,1155.000000,36,1272,445.000000,445.000000,false,false,144.750000,289.500000,238.355000
NPT,candidate,2025-06,2025-07,1,2025-07-01,locked,1121.648774,1109.282624,1227.755851,1051.271614,1275.561202,36,1272,150.351226,150.351226,false,true,118.473227,224.289588,68.586811
NPT,baseline_a,2025-06,2025-09,3,2025-07-01,locked,1189.000000,1162.666667,1391.083333,1071.000000,1469.333333,36,824,-365.000000,365.000000,false,false,228.416666,398.333333,346.041667
NPT,baseline_b,2025-06,2025-09,3,2025-07-01,locked,702.000000,811.000000,955.750000,740.500000,1030.000000,36,824,122.000000,122.000000,true,true,144.750000,289.500000,50.455000
NPT,candidate,2025-06,2025-09,3,2025-07-01,locked,879.882227,865.323459,1000.589359,834.383462,1048.211643,36,824,-55.882227,55.882227,false,false,135.265900,213.828181,53.938931
NPT,baseline_a,2025-07,2025-08,1,2025-08-01,locked,1138.000000,1083.666667,1280.250000,998.000000,1364.500000,36,977,-161.000000,161.000000,false,false,196.583333,366.500000,117.585000
NPT,baseline_b,2025-07,2025-08,1,2025-08-01,locked,920.000000,1039.500000,1177.750000,990.000000,1301.500000,36,977,57.000000,57.000000,false,false,138.250000,311.500000,67.885000
NPT,candidate,2025-07,2025-08,1,2025-08-01,locked,1064.046977,1051.680827,1179.139480,993.669817,1218.483037,36,977,-87.046977,87.046977,false,false,127.458653,224.813220,75.688047
NPT,baseline_a,2025-07,2025-10,3,2025-08-01,locked,1138.000000,1111.666667,1340.083333,1020.000000,1418.333333,36,1293,155.000000,155.000000,true,true,228.416666,398.333333,69.775000
NPT,baseline_b,2025-07,2025-10,3,2025-08-01,locked,1029.000000,1148.500000,1286.750000,1099.000000,1410.500000,36,1293,264.000000,264.000000,false,true,138.250000,311.500000,81.585000
NPT,candidate,2025-07,2025-10,3,2025-08-01,locked,1293.304583,1278.745816,1420.745838,1247.805819,1471.506910,36,1293,-0.304583,0.304583,true,true,142.000022,223.701091,23.208962
NPT,baseline_a,2025-08,2025-09,1,2025-09-01,locked,1111.333333,1031.500000,1253.583333,956.500000,1337.833333,36,824,-287.333333,287.333333,false,false,222.083333,381.333333,230.928333
NPT,baseline_b,2025-08,2025-09,1,2025-09-01,locked,702.000000,811.000000,959.750000,765.000000,1083.500000,36,824,122.000000,122.000000,true,true,148.750000,318.500000,52.015000
NPT,candidate,2025-08,2025-09,1,2025-09-01,locked,893.035737,867.429908,1008.128240,817.330905,1047.471797,36,824,-69.035737,69.035737,false,true,140.698332,230.140892,54.454579
NPT,baseline_a,2025-08,2025-11,3,2025-09-01,locked,1111.333333,1085.000000,1313.416667,973.833333,1391.666667,36,935,-176.333333,176.333333,false,false,228.416667,417.833334,150.355000
NPT,baseline_b,2025-08,2025-11,3,2025-09-01,locked,940.000000,1049.000000,1197.750000,1003.000000,1321.500000,36,935,-5.000000,5.000000,false,false,148.750000,318.500000,101.415000
NPT,candidate,2025-08,2025-11,3,2025-09-01,locked,1153.552063,1129.799445,1280.993317,1103.122591,1331.754390,36,935,-218.552063,218.552063,false,false,151.193872,228.631799,213.143886
NPT,baseline_a,2025-09,2025-10,1,2025-10-01,locked,1024.333333,937.750000,1166.583333,866.500000,1250.833333,36,1293,268.666667,268.666667,false,false,228.833333,384.333333,159.423334
NPT,baseline_b,2025-09,2025-10,1,2025-10-01,locked,1029.000000,1147.750000,1286.750000,1092.000000,1410.500000,36,1293,264.000000,264.000000,false,true,139.000000,318.500000,81.940000
NPT,candidate,2025-09,2025-10,1,2025-10-01,locked,1247.888374,1208.032232,1362.980877,1172.183542,1402.324435,36,1293,45.111626,45.111626,true,true,154.948645,230.140893,33.722825
NPT,baseline_a,2025-09,2025-12,3,2025-10-01,locked,1024.333333,998.000000,1226.416667,870.666667,1304.666667,36,1226,201.666667,201.666667,true,true,228.416667,434.000000,80.535000
NPT,baseline_b,2025-09,2025-12,3,2025-10-01,locked,1131.000000,1249.750000,1388.750000,1194.000000,1512.500000,36,1226,95.000000,95.000000,false,true,139.000000,318.500000,55.140000
NPT,candidate,2025-09,2025-12,3,2025-10-01,locked,1236.969544,1196.955454,1364.410798,1182.849771,1415.171871,36,1226,-10.969544,10.969544,true,true,167.455344,232.322100,28.232327
NPT,baseline_a,2025-10,2025-11,1,2025-11-01,locked,1031.333333,944.750000,1190.000000,873.500000,1270.500000,36,935,-96.333333,96.333333,false,true,245.250000,397.000000,63.571667
NPT,baseline_b,2025-10,2025-11,1,2025-11-01,locked,940.000000,1062.750000,1203.250000,1017.000000,1321.500000,36,935,-5.000000,5.000000,false,false,140.500000,304.500000,111.130000
NPT,candidate,2025-10,2025-11,1,2025-11-01,locked,1138.635193,1098.779050,1253.727696,1062.930361,1293.071253,36,935,-203.635193,203.635193,false,false,154.948646,230.140892,182.111303
NPT,baseline_a,2025-11,2025-12,1,2025-12-01,locked,1017.333333,919.500000,1176.000000,859.500000,1256.500000,36,1226,208.666667,208.666667,false,true,256.500000,397.000000,103.263333
NPT,baseline_b,2025-11,2025-12,1,2025-12-01,locked,1131.000000,1253.750000,1394.250000,1194.000000,1512.500000,36,1226,95.000000,95.000000,false,true,140.500000,318.500000,56.890000
NPT,candidate,2025-11,2025-12,1,2025-12-01,locked,1202.399125,1155.947650,1317.491628,1119.975337,1356.835185,36,1226,23.600875,23.600875,true,true,161.543978,236.859848,30.348967
NPT,baseline_a,2025-12,2026-01,1,2026-01-01,recent,1151.333333,1053.500000,1310.000000,993.500000,1379.333333,36,1007,-144.333333,144.333333,false,true,256.500000,385.833333,88.550000
NPT,baseline_b,2025-12,2026-01,1,2026-01-01,recent,1036.000000,1154.750000,1293.750000,1099.000000,1370.500000,36,1007,-29.000000,29.000000,false,false,139.000000,271.500000,126.460000
NPT,candidate,2025-12,2026-01,1,2026-01-01,recent,1086.055935,1039.604460,1192.163012,1003.632147,1235.883529,36,1007,-79.055935,79.055935,false,true,152.558552,232.251382,53.398881
NPT,baseline_a,2025-12,2026-03,3,2026-01-01,recent,1151.333333,1116.750000,1352.750000,982.166667,1400.000000,36,1242,90.666667,90.666667,true,true,236.000000,417.833333,58.446667
NPT,baseline_b,2025-12,2026-03,3,2026-01-01,recent,1080.000000,1198.750000,1337.750000,1143.000000,1414.500000,36,1242,162.000000,162.000000,true,true,139.000000,271.500000,57.160000
NPT,candidate,2025-12,2026-03,3,2026-01-01,recent,1282.187195,1240.907509,1398.238170,1227.162782,1450.516611,36,1242,-40.187195,40.187195,true,true,157.330661,223.353829,32.704658
NPT,baseline_a,2026-01,2026-02,1,2026-02-01,recent,1056.000000,947.916667,1214.666667,898.166667,1284.000000,36,1052,-4.000000,4.000000,true,true,266.750000,385.833333,42.908333
NPT,baseline_b,2026-01,2026-02,1,2026-02-01,recent,910.000000,1028.750000,1167.750000,942.500000,1244.500000,36,1052,142.000000,142.000000,true,true,139.000000,302.000000,54.380000
NPT,candidate,2026-01,2026-02,1,2026-02-01,recent,1078.742833,1022.397771,1184.849910,995.691377,1228.570428,36,1052,-26.742833,26.742833,true,true,162.452139,232.879051,30.908943
NPT,baseline_a,2026-01,2026-04,3,2026-02-01,recent,1056.000000,1021.416667,1257.416667,886.833333,1304.666667,36,1188,132.000000,132.000000,true,true,236.000000,417.833334,66.713333
NPT,baseline_b,2026-01,2026-04,3,2026-02-01,recent,1425.000000,1543.750000,1682.750000,1457.500000,1759.500000,36,1188,-237.000000,237.000000,false,false,139.000000,302.000000,323.480000
NPT,candidate,2026-01,2026-04,3,2026-02-01,recent,1392.606652,1348.733667,1508.657627,1303.024665,1560.936068,36,1188,-204.606652,204.606652,false,false,159.923960,257.911403,177.533515
NPT,baseline_a,2026-02,2026-03,1,2026-03-01,recent,1095.000000,986.916667,1253.666667,937.166667,1323.000000,36,1242,147.000000,147.000000,true,true,266.750000,385.833333,71.508333
NPT,baseline_b,2026-02,2026-03,1,2026-03-01,recent,1080.000000,1198.750000,1337.750000,1112.500000,1414.500000,36,1242,162.000000,162.000000,true,true,139.000000,302.000000,58.380000
NPT,candidate,2026-02,2026-03,1,2026-03-01,recent,1252.420092,1196.075030,1358.527169,1169.368636,1402.247686,36,1242,-10.420092,10.420092,true,true,162.452139,232.879050,27.644394
NPT,baseline_a,2026-02,2026-05,3,2026-03-01,recent,1095.000000,1060.416667,1296.416667,925.833333,1343.666667,36,1068,-27.000000,27.000000,true,true,236.000000,417.833334,45.713333
NPT,baseline_b,2026-02,2026-05,3,2026-03-01,recent,1057.000000,1175.750000,1314.750000,1089.500000,1391.500000,36,1068,11.000000,11.000000,false,false,139.000000,302.000000,79.880000
NPT,candidate,2026-02,2026-05,3,2026-03-01,recent,1010.294979,966.421995,1126.345954,920.712993,1178.624396,36,1068,57.705021,57.705021,true,true,159.923959,257.911403,37.849856
NPT,baseline_a,2026-03,2026-04,1,2026-04-01,recent,1100.333333,992.250000,1248.583333,942.500000,1328.333333,36,1188,87.666667,87.666667,true,true,256.333333,385.833333,58.600000
NPT,baseline_b,2026-03,2026-04,1,2026-04-01,recent,1425.000000,1543.750000,1678.750000,1457.500000,1700.500000,36,1188,-237.000000,237.000000,false,false,135.000000,243.000000,320.720000
NPT,candidate,2026-03,2026-04,1,2026-04-01,recent,1381.762959,1325.417897,1478.146053,1298.711502,1519.042178,36,1188,-193.762959,193.762959,false,false,152.728156,220.330676,162.090394
NPT,baseline_a,2026-03,2026-06,3,2026-04-01,recent,1100.333333,1065.750000,1270.916667,931.166667,1345.166667,36,981,-119.333333,119.333333,false,true,205.166667,414.000000,94.843333
NPT,baseline_b,2026-03,2026-06,3,2026-04-01,recent,1085.000000,1203.750000,1338.750000,1117.500000,1360.500000,36,981,-104.000000,104.000000,false,false,135.000000,243.000000,187.720000
NPT,candidate,2026-03,2026-06,3,2026-04-01,recent,1063.468289,1019.595305,1173.556614,973.886302,1221.248594,36,981,-82.468289,82.468289,false,true,153.961309,247.362292,57.222402
NPT,baseline_a,2026-04,2026-05,1,2026-05-01,recent,1160.666667,1052.583333,1308.916667,1002.833333,1388.666667,36,1068,-92.666667,92.666667,true,true,256.333334,385.833334,59.600000
NPT,baseline_b,2026-04,2026-05,1,2026-05-01,recent,1057.000000,1175.750000,1310.750000,1058.500000,1332.500000,36,1068,11.000000,11.000000,false,true,135.000000,274.000000,69.760000
NPT,candidate,2026-04,2026-05,1,2026-05-01,recent,979.441251,911.823376,1075.824346,876.965202,1116.720470,36,1068,88.558749,88.558749,true,true,164.000970,239.755268,43.702058
NPT,baseline_a,2026-04,2026-07,3,2026-05-01,recent,1160.666667,1126.083333,1327.250000,991.500000,1405.500000,36,1117,-43.666667,43.666667,false,true,201.166667,414.000000,49.043333
NPT,baseline_b,2026-04,2026-07,3,2026-05-01,recent,1272.000000,1390.750000,1525.750000,1273.500000,1547.500000,36,1117,-155.000000,155.000000,false,false,135.000000,274.000000,227.560000
NPT,candidate,2026-04,2026-07,3,2026-05-01,recent,1068.530026,1023.674878,1178.618351,942.836026,1226.310331,36,1117,48.469974,48.469974,true,true,154.943473,283.474305,36.527314
NPT,baseline_a,2026-05,2026-06,1,2026-06-01,recent,1166.000000,1068.166667,1314.250000,1011.166667,1394.000000,36,981,-185.000000,185.000000,false,false,246.083333,382.833333,123.855000
NPT,baseline_b,2026-05,2026-06,1,2026-06-01,recent,1085.000000,1194.000000,1338.750000,1086.500000,1360.500000,36,981,-104.000000,104.000000,false,false,144.750000,274.000000,173.635000
NPT,candidate,2026-05,2026-06,1,2026-06-01,recent,1041.159411,973.541536,1137.542506,938.683362,1178.438631,36,981,-60.159411,60.159411,true,true,164.000970,239.755269,38.022190
NPT,baseline_a,2026-05,2026-08,3,2026-06-01,recent,1166.000000,1138.916667,1332.583333,996.833333,1410.833333,36,917,-249.000000,249.000000,false,false,193.666666,414.000000,206.426667
NPT,baseline_b,2026-05,2026-08,3,2026-06-01,recent,977.000000,1086.000000,1230.750000,978.500000,1252.500000,36,917,-60.000000,60.000000,false,false,144.750000,274.000000,129.635000
NPT,candidate,2026-05,2026-08,3,2026-06-01,recent,971.237121,926.381973,1081.325446,845.543121,1129.017426,36,917,-54.237121,54.237121,false,true,154.943473,283.474305,41.433533
NPT,baseline_a,2026-06,2026-07,1,2026-07-01,recent,1079.000000,970.916667,1227.250000,920.833333,1307.000000,36,1117,38.000000,38.000000,true,true,256.333333,386.166667,48.680000
NPT,baseline_b,2026-06,2026-07,1,2026-07-01,recent,1272.000000,1377.500000,1525.750000,1255.000000,1547.500000,36,1117,-155.000000,155.000000,false,false,148.250000,292.500000,216.925000
NPT,candidate,2026-06,2026-07,1,2026-07-01,recent,1079.470359,1011.852484,1169.376398,976.994310,1216.749579,36,1117,37.529641,37.529641,true,true,157.523914,239.755269,32.848530
NPT,baseline_a,2026-07,2026-08,1,2026-08-01,recent,1055.333333,947.250000,1203.583333,897.166667,1283.333333,36,917,-138.333333,138.333333,false,true,256.333333,386.166666,80.846667
NPT,baseline_b,2026-07,2026-08,1,2026-08-01,recent,977.000000,1062.500000,1230.750000,910.500000,1252.500000,36,917,-60.000000,60.000000,false,true,168.250000,342.000000,100.705000
NPT,candidate,2026-07,2026-08,1,2026-08-01,recent,963.160128,895.542253,1053.066167,860.684079,1100.439347,36,917,-46.160128,46.160128,true,true,157.523914,239.755268,34.574628
OZD,baseline_a,2021-10,2022-01,3,2021-11-01,development,48.000000,44.333333,56.500000,37.800000,65.066667,32,39,-9.000000,9.000000,false,true,12.166667,27.266667,6.240667
OZD,baseline_b,2021-10,2022-01,3,2021-11-01,development,32.000000,35.250000,50.000000,30.100000,56.700000,32,39,7.000000,7.000000,true,true,14.750000,26.600000,3.939000
OZD,candidate,2021-10,2022-01,3,2021-11-01,development,69.855489,62.793754,79.789315,48.256245,91.230276,32,39,-30.855489,30.855489,false,false,16.995561,42.974031,22.809615
OZD,baseline_a,2021-11,2022-02,3,2021-12-01,development,51.000000,47.666667,59.666667,40.933333,67.800000,33,34,-17.000000,17.000000,false,false,12.000000,26.866667,13.914667
OZD,baseline_b,2021-11,2022-02,3,2021-12-01,development,73.000000,77.000000,91.000000,71.200000,97.400000,33,34,-39.000000,39.000000,false,false,14.000000,26.200000,42.328000
OZD,candidate,2021-11,2022-02,3,2021-12-01,development,54.769743,47.003278,64.555825,31.682348,75.293283,33,34,-20.769743,20.769743,false,true,17.552547,43.610935,12.854952
OZD,baseline_a,2021-12,2022-01,1,2022-01-01,development,49.666667,46.500000,55.833333,39.666667,64.666667,36,39,-10.666667,10.666667,false,false,9.333333,25.000000,7.333333
OZD,baseline_b,2021-12,2022-01,1,2022-01-01,development,32.000000,36.750000,50.000000,30.500000,57.000000,36,39,7.000000,7.000000,true,true,13.250000,26.500000,3.785000
OZD,candidate,2021-12,2022-01,1,2022-01-01,development,52.289071,45.135840,60.141870,37.575145,67.709427,36,39,-13.289071,13.289071,false,true,15.006030,30.134282,7.818124
OZD,baseline_a,2021-12,2022-03,3,2022-01-01,development,49.666667,46.750000,58.250000,39.733333,66.200000,34,48,-1.666667,1.666667,true,true,11.500000,26.466667,2.542000
OZD,baseline_b,2021-12,2022-03,3,2022-01-01,development,60.000000,64.250000,78.000000,58.300000,85.000000,34,48,-12.000000,12.000000,false,false,13.750000,26.700000,15.463000
OZD,candidate,2021-12,2022-03,3,2022-01-01,development,51.653007,40.442746,61.282808,28.077950,71.325299,34,48,-3.653007,3.653007,true,true,20.840062,43.247349,4.544502
OZD,baseline_a,2022-01,2022-02,1,2022-02-01,development,46.333333,41.250000,52.500000,35.666667,61.333333,36,34,-12.333333,12.333333,false,false,11.250000,25.666666,8.185000
OZD,baseline_b,2022-01,2022-02,1,2022-02-01,development,73.000000,77.750000,91.000000,71.500000,98.000000,36,34,-39.000000,39.000000,false,false,13.250000,26.500000,42.685000
OZD,candidate,2022-01,2022-02,1,2022-02-01,development,45.667035,36.833891,53.422905,30.369696,61.087390,36,34,-11.667035,11.667035,false,true,16.589014,30.717694,6.354573
OZD,baseline_a,2022-01,2022-04,3,2022-02-01,development,46.333333,42.333333,54.833333,36.533333,62.600000,35,59,12.666667,12.666667,false,true,12.500000,26.066667,6.492667
OZD,baseline_b,2022-01,2022-04,3,2022-02-01,development,47.000000,51.500000,65.000000,45.400000,72.000000,35,59,12.000000,12.000000,true,true,13.500000,26.600000,4.814000
OZD,candidate,2022-01,2022-04,3,2022-02-01,development,40.349644,26.290167,49.823164,16.431372,59.170689,35,59,18.650356,18.650356,false,true,23.532997,42.739317,11.463678
OZD,baseline_a,2022-02,2022-03,1,2022-03-01,development,42.000000,35.250000,48.166667,31.166667,57.000000,36,48,6.000000,6.000000,true,true,12.916667,25.833333,3.525000
OZD,baseline_b,2022-02,2022-03,1,2022-03-01,development,60.000000,63.250000,78.000000,56.500000,85.000000,36,48,-12.000000,12.000000,false,false,14.750000,28.500000,14.515000
OZD,candidate,2022-02,2022-03,1,2022-03-01,development,37.514210,27.732943,45.270081,22.216872,52.934566,36,48,10.485790,10.485790,false,true,17.537138,30.717694,6.171547
OZD,baseline_a,2022-02,2022-05,3,2022-03-01,development,42.000000,37.333333,50.416667,31.000000,58.000000,36,54,12.000000,12.000000,false,true,13.083334,27.000000,6.221667
OZD,baseline_b,2022-02,2022-05,3,2022-03-01,development,34.000000,37.250000,52.000000,30.500000,59.000000,36,54,20.000000,20.000000,false,true,14.750000,28.500000,7.415000
OZD,candidate,2022-02,2022-05,3,2022-03-01,development,35.072985,18.755731,44.390223,11.196488,53.042782,36,54,18.927015,18.927015,false,false,25.634492,41.846294,12.249502
OZD,baseline_a,2022-03,2022-04,1,2022-04-01,development,40.333333,33.583333,46.500000,29.500000,55.333333,36,59,18.666667,18.666667,false,false,12.916667,25.833333,12.525000
OZD,baseline_b,2022-03,2022-04,1,2022-04-01,development,47.000000,48.000000,65.000000,39.500000,72.000000,36,59,12.000000,12.000000,true,true,17.000000,32.500000,5.400000
OZD,candidate,2022-03,2022-04,1,2022-04-01,development,39.200386,29.419118,47.219724,23.903047,54.620742,36,59,19.799614,19.799614,false,false,17.800606,30.717695,13.432505
OZD,baseline_a,2022-03,2022-06,3,2022-04-01,development,40.333333,35.666667,48.750000,29.333333,56.333333,36,41,0.666667,0.666667,true,true,13.083333,27.000000,2.521667
OZD,baseline_b,2022-03,2022-06,3,2022-04-01,development,26.000000,27.000000,44.000000,18.500000,51.000000,36,41,15.000000,15.000000,true,true,17.000000,32.500000,6.000000
OZD,candidate,2022-03,2022-06,3,2022-04-01,development,34.708359,18.391105,43.423865,10.831863,52.678157,36,41,6.291641,6.291641,true,true,25.032760,41.846294,5.435456
OZD,baseline_a,2022-04,2022-05,1,2022-05-01,development,47.000000,40.250000,53.833333,36.166667,62.500000,36,54,7.000000,7.000000,false,true,13.583333,26.333333,3.878333
OZD,baseline_b,2022-04,2022-05,1,2022-05-01,development,34.000000,35.000000,52.000000,26.500000,59.000000,36,54,20.000000,20.000000,false,true,17.000000,32.500000,7.800000
OZD,candidate,2022-04,2022-05,1,2022-05-01,development,49.840747,40.059480,58.985363,34.543409,65.814639,36,54,4.159253,4.159253,true,true,18.925883,31.271230,3.975288
OZD,baseline_a,2022-04,2022-07,3,2022-05-01,development,47.000000,42.333333,55.750000,36.000000,63.000000,36,42,-5.000000,5.000000,false,true,13.416667,27.000000,3.555000
OZD,baseline_b,2022-04,2022-07,3,2022-05-01,development,51.000000,52.000000,69.000000,43.500000,76.000000,36,42,-9.000000,9.000000,false,false,17.000000,32.500000,9.400000
OZD,candidate,2022-04,2022-07,3,2022-05-01,development,50.403396,34.086142,59.720635,26.526900,70.841592,36,42,-8.403396,8.403396,true,true,25.634493,44.314692,6.016716
OZD,baseline_a,2022-05,2022-06,1,2022-06-01,development,53.666667,46.916667,60.416667,42.833333,69.166667,36,41,-12.666667,12.666667,false,false,13.500000,26.333334,8.036667
OZD,baseline_b,2022-05,2022-06,1,2022-06-01,development,26.000000,27.000000,44.500000,18.500000,51.000000,36,41,15.000000,15.000000,true,true,17.500000,32.500000,6.050000
OZD,candidate,2022-05,2022-06,1,2022-06-01,development,45.143151,35.361883,54.287767,29.845812,61.117043,36,41,-4.143151,4.143151,true,true,18.925884,31.271231,3.972068
OZD,baseline_a,2022-05,2022-08,3,2022-06-01,development,53.666667,49.000000,63.416667,42.666667,69.666667,36,17,-36.666667,36.666667,false,false,14.416667,27.000000,32.921667
OZD,baseline_b,2022-05,2022-08,3,2022-06-01,development,38.000000,39.000000,56.500000,30.500000,63.000000,36,17,-21.000000,21.000000,false,false,17.500000,32.500000,21.450000
OZD,candidate,2022-05,2022-08,3,2022-06-01,development,37.681977,21.364723,46.999216,13.805481,58.258502,36,17,-20.681977,20.681977,false,true,25.634493,44.453021,10.223855
OZD,baseline_a,2022-06,2022-07,1,2022-07-01,development,51.333333,43.333333,58.083333,39.666667,66.833333,36,42,-9.333333,9.333333,false,true,14.750000,27.166666,4.961666
OZD,baseline_b,2022-06,2022-07,1,2022-07-01,development,51.000000,54.250000,69.500000,43.500000,76.000000,36,42,-9.000000,9.000000,false,false,15.250000,32.500000,10.125000
OZD,candidate,2022-06,2022-07,1,2022-07-01,development,50.029010,41.195867,59.173626,34.731672,66.002902,36,42,-8.029010,8.029010,true,true,17.977759,31.271230,4.654427
OZD,baseline_a,2022-06,2022-09,3,2022-07-01,development,51.333333,47.666667,61.083333,40.333333,67.333333,36,52,0.666667,0.666667,true,true,13.416666,27.000000,2.555000
OZD,baseline_b,2022-06,2022-09,3,2022-07-01,development,57.000000,60.250000,75.500000,49.500000,82.000000,36,52,-5.000000,5.000000,false,true,15.250000,32.500000,7.125000
OZD,candidate,2022-06,2022-09,3,2022-07-01,development,44.673178,28.355924,53.990417,20.796682,65.249704,36,52,7.326822,7.326822,true,true,25.634493,44.453022,5.806935
OZD,baseline_a,2022-07,2022-08,1,2022-08-01,development,45.666667,37.333333,51.833333,34.000000,61.166667,36,17,-28.666667,28.666667,false,false,14.500000,27.166667,23.203333
OZD,baseline_b,2022-07,2022-08,1,2022-08-01,development,38.000000,39.000000,56.000000,28.500000,63.000000,36,17,-21.000000,21.000000,false,false,17.000000,34.500000,20.680000
OZD,candidate,2022-07,2022-08,1,2022-08-01,development,32.576770,23.743627,40.467578,17.279432,48.550662,36,17,-15.576770,15.576770,false,false,16.723951,31.271230,8.847822
OZD,baseline_a,2022-07,2022-10,3,2022-08-01,development,45.666667,40.916667,54.416667,34.666667,61.666667,36,48,2.333333,2.333333,true,true,13.500000,27.000000,2.896667
OZD,baseline_b,2022-07,2022-10,3,2022-08-01,development,49.000000,50.000000,67.000000,39.500000,74.000000,36,48,-1.000000,1.000000,false,true,17.000000,34.500000,4.080000
OZD,candidate,2022-07,2022-10,3,2022-08-01,development,44.141958,27.824704,52.857464,20.265461,64.718483,36,48,3.858042,3.858042,true,true,25.032760,44.453022,5.053005
OZD,baseline_a,2022-08,2022-09,1,2022-09-01,development,33.333333,24.000000,39.500000,20.833333,48.833333,36,52,18.666667,18.666667,false,false,15.500000,28.000000,12.670000
OZD,baseline_b,2022-08,2022-09,1,2022-09-01,development,57.000000,57.500000,75.000000,46.000000,82.000000,36,52,-5.000000,5.000000,false,true,17.500000,36.000000,6.390000
OZD,candidate,2022-08,2022-09,1,2022-09-01,development,28.742720,18.821887,34.982432,12.301532,44.716611,36,52,23.257280,23.257280,false,false,16.160545,32.415079,17.284496
OZD,baseline_a,2022-08,2022-11,3,2022-09-01,development,33.333333,27.333333,42.083333,19.500000,49.333333,36,53,19.666667,19.666667,false,false,14.750000,29.833333,12.435000
OZD,baseline_b,2022-08,2022-11,3,2022-09-01,development,47.000000,47.500000,65.000000,36.000000,72.000000,36,53,6.000000,6.000000,true,true,17.500000,36.000000,4.390000
OZD,candidate,2022-08,2022-11,3,2022-09-01,development,44.346593,25.686050,53.062099,20.470097,64.923118,36,53,8.653407,8.653407,true,true,27.376049,44.453021,6.246407
OZD,baseline_a,2022-09,2022-10,1,2022-10-01,development,37.000000,27.666667,43.750000,24.500000,54.166667,36,48,11.000000,11.000000,false,true,16.083333,29.666667,6.695000
OZD,baseline_b,2022-09,2022-10,1,2022-10-01,development,49.000000,47.750000,67.000000,38.000000,74.000000,36,48,-1.000000,1.000000,true,true,19.250000,36.000000,3.565000
OZD,candidate,2022-09,2022-10,1,2022-10-01,development,42.442926,32.522094,51.587542,26.001738,59.876516,36,48,5.557074,5.557074,true,true,19.065448,33.874778,4.372951
OZD,baseline_a,2022-09,2022-12,3,2022-10-01,development,37.000000,31.000000,45.750000,23.166667,53.000000,36,55,18.000000,18.000000,false,false,14.750000,29.833333,10.768333
OZD,baseline_b,2022-09,2022-12,3,2022-10-01,development,53.000000,51.750000,71.000000,42.000000,78.000000,36,55,2.000000,2.000000,true,true,19.250000,36.000000,3.765000
OZD,candidate,2022-09,2022-12,3,2022-10-01,development,56.574713,37.914170,65.290219,32.698217,77.151238,36,55,-1.574713,1.574713,true,true,27.376049,44.453021,4.830668
OZD,baseline_a,2022-10,2022-11,1,2022-11-01,development,39.000000,29.666667,46.083333,26.500000,56.166667,36,53,14.000000,14.000000,false,true,16.416666,29.666667,8.395000
OZD,baseline_b,2022-10,2022-11,1,2022-11-01,development,47.000000,45.750000,65.000000,36.000000,72.000000,36,53,6.000000,6.000000,true,true,19.250000,36.000000,4.565000
OZD,candidate,2022-10,2022-11,1,2022-11-01,development,63.572551,53.651718,72.717167,47.131363,81.006141,36,53,-10.572551,10.572551,false,true,19.065449,33.874778,5.636733
OZD,baseline_a,2022-10,2023-01,3,2022-11-01,development,39.000000,33.000000,47.750000,25.166667,55.000000,36,70,31.000000,31.000000,false,false,14.750000,29.833333,23.768333
OZD,baseline_b,2022-10,2023-01,3,2022-11-01,development,39.000000,37.750000,57.000000,28.000000,64.000000,36,70,31.000000,31.000000,false,false,19.250000,36.000000,17.165000
OZD,candidate,2022-10,2023-01,3,2022-11-01,development,55.308682,36.648139,64.024188,31.432186,75.885207,36,70,14.691318,14.691318,false,true,27.376049,44.453021,9.844314
OZD,baseline_a,2022-11,2022-12,1,2022-12-01,development,51.000000,41.666667,59.250000,38.500000,68.166667,36,55,4.000000,4.000000,true,true,17.583333,29.666667,3.745000
OZD,baseline_b,2022-11,2022-12,1,2022-12-01,development,53.000000,51.750000,71.000000,42.000000,78.000000,36,55,2.000000,2.000000,true,true,19.250000,36.000000,3.765000
OZD,candidate,2022-11,2022-12,1,2022-12-01,development,54.992852,45.300094,64.137468,40.559932,72.426443,36,55,0.007148,0.007148,true,true,18.837374,31.866511,3.159827
OZD,baseline_a,2022-11,2023-02,3,2022-12-01,development,51.000000,45.000000,60.750000,37.166667,69.500000,36,90,39.000000,39.000000,false,false,15.750000,32.333333,30.568333
OZD,baseline_b,2022-11,2023-02,3,2022-12-01,development,34.000000,32.750000,52.000000,23.000000,59.000000,36,90,56.000000,56.000000,false,false,19.250000,36.000000,42.165000
OZD,candidate,2022-11,2023-02,3,2022-12-01,development,50.535116,34.217862,59.315410,27.021765,71.111641,36,90,39.464884,39.464884,false,false,25.097548,44.089876,31.995506
OZD,baseline_a,2022-12,2023-01,1,2023-01-01,development,52.000000,42.666667,59.083333,39.500000,69.166667,36,70,18.000000,18.000000,false,false,16.416666,29.666667,11.128333
OZD,baseline_b,2022-12,2023-01,1,2023-01-01,development,39.000000,37.750000,55.500000,28.000000,62.500000,36,70,31.000000,31.000000,false,false,17.750000,34.500000,18.155000
OZD,candidate,2022-12,2023-01,1,2023-01-01,development,50.739614,41.046855,57.081809,36.306693,68.173204,36,70,19.260386,19.260386,false,false,16.034954,31.866511,12.628228
OZD,baseline_a,2022-12,2023-03,3,2023-01-01,development,52.000000,46.000000,61.750000,38.166667,70.833333,36,93,41.000000,41.000000,false,false,15.750000,32.666666,32.448333
OZD,baseline_b,2022-12,2023-03,3,2023-01-01,development,48.000000,46.750000,64.500000,37.000000,71.500000,36,93,45.000000,45.000000,false,false,17.750000,34.500000,32.155000
OZD,candidate,2022-12,2023-03,3,2023-01-01,development,51.366364,35.049110,60.146658,27.853013,71.942889,36,93,41.633636,41.633636,false,false,25.097548,44.089876,34.164258
OZD,baseline_a,2023-01,2023-02,1,2023-02-01,development,59.333333,50.000000,67.583333,46.833333,77.666667,36,90,30.666667,30.666667,false,false,17.583333,30.833334,23.025000
OZD,baseline_b,2023-01,2023-02,1,2023-02-01,development,34.000000,32.750000,52.000000,23.000000,60.000000,36,90,56.000000,56.000000,false,false,19.250000,37.000000,41.805000
OZD,candidate,2023-01,2023-02,1,2023-02-01,development,58.974267,49.281508,68.118883,44.541346,77.826467,36,90,31.025733,31.025733,false,false,18.837375,33.285121,23.042149
OZD,baseline_a,2023-01,2023-04,3,2023-02-01,development,59.333333,53.333333,71.333333,45.500000,79.833333,36,92,32.666667,32.666667,false,false,18.000000,34.333333,22.840000
OZD,baseline_b,2023-01,2023-04,3,2023-02-01,development,59.000000,57.750000,77.000000,48.000000,85.000000,36,92,33.000000,33.000000,false,false,19.250000,37.000000,18.805000
OZD,candidate,2023-01,2023-04,3,2023-02-01,development,56.738276,43.529441,66.055514,33.224925,77.314801,36,92,35.261724,35.261724,false,false,22.526073,44.089876,27.320421
OZD,baseline_a,2023-02,2023-03,1,2023-03-01,development,71.666667,63.333333,83.416667,59.166667,90.333333,36,93,21.333333,21.333333,false,false,20.083334,31.166666,12.421667
OZD,baseline_b,2023-02,2023-03,1,2023-03-01,development,48.000000,46.750000,66.500000,37.000000,76.500000,36,93,45.000000,45.000000,false,false,19.750000,39.500000,29.755000
OZD,candidate,2023-02,2023-03,1,2023-03-01,development,74.089925,64.397166,85.760570,59.657004,93.619925,36,93,18.910075,18.910075,false,true,21.363404,33.962921,10.172644
OZD,baseline_a,2023-02,2023-05,3,2023-03-01,development,71.666667,65.666667,83.833333,57.833333,97.833333,36,177,105.333333,105.333333,false,false,18.166666,40.000000,93.416667
OZD,baseline_b,2023-02,2023-05,3,2023-03-01,development,54.000000,52.750000,72.500000,43.000000,82.500000,36,177,123.000000,123.000000,false,false,19.750000,39.500000,107.755000
OZD,candidate,2023-02,2023-05,3,2023-03-01,development,70.163537,56.954702,80.290100,46.650187,95.752863,36,177,106.836463,106.836463,false,false,23.335398,49.102676,96.847754
OZD,baseline_a,2023-03,2023-04,1,2023-04-01,development,84.333333,76.000000,98.666667,71.833333,103.000000,36,92,7.666667,7.666667,true,true,22.666667,31.166667,5.046667
OZD,baseline_b,2023-03,2023-04,1,2023-04-01,development,59.000000,57.750000,79.000000,48.000000,89.500000,36,92,33.000000,33.000000,false,false,21.250000,41.500000,16.585000
OZD,candidate,2023-03,2023-04,1,2023-04-01,development,79.431164,69.738406,91.176661,64.998244,98.961165,36,92,12.568836,12.568836,false,true,21.438255,33.962921,6.345445
OZD,baseline_a,2023-03,2023-06,3,2023-04-01,development,84.333333,78.333333,98.166667,70.500000,117.166667,36,134,49.666667,49.666667,false,false,19.833334,46.666667,34.850000
OZD,baseline_b,2023-03,2023-06,3,2023-04-01,development,41.000000,39.750000,61.000000,30.000000,71.500000,36,134,93.000000,93.000000,false,false,21.250000,41.500000,76.585000
OZD,candidate,2023-03,2023-06,3,2023-04-01,development,67.172383,53.963548,79.206214,43.659033,99.639038,36,134,66.827617,66.827617,false,false,25.242666,55.980005,53.790889
OZD,baseline_a,2023-04,2023-05,1,2023-05-01,development,91.666667,83.333333,106.000000,79.166667,110.333333,36,177,85.333333,85.333333,false,false,22.666667,31.166666,75.646667
OZD,baseline_b,2023-04,2023-05,1,2023-05-01,development,54.000000,52.750000,74.500000,43.000000,86.000000,36,177,123.000000,123.000000,false,false,21.750000,43.000000,105.895000
OZD,candidate,2023-04,2023-05,1,2023-05-01,development,86.038114,76.345355,99.345895,71.605193,105.568114,36,177,90.961886,90.961886,false,false,23.000540,33.962921,81.485344
OZD,baseline_a,2023-04,2023-07,3,2023-05-01,development,91.666667,85.666667,109.166667,77.833333,125.333333,36,161,69.333333,69.333333,false,false,23.500000,47.500000,53.116667
OZD,baseline_b,2023-04,2023-07,3,2023-05-01,development,42.000000,40.750000,62.500000,31.000000,74.000000,36,161,119.000000,119.000000,false,false,21.750000,43.000000,101.895000
OZD,candidate,2023-04,2023-07,3,2023-05-01,development,82.824082,69.615247,98.505159,59.310731,118.445290,36,161,78.175918,78.175918,false,false,28.889912,59.134559,62.909378
OZD,baseline_a,2023-05,2023-06,1,2023-06-01,development,120.666667,112.333333,136.083333,108.166667,140.666667,36,134,13.333333,13.333333,true,true,23.750000,32.500000,6.341667
OZD,baseline_b,2023-05,2023-06,1,2023-06-01,development,41.000000,39.750000,63.750000,30.000000,80.000000,36,134,93.000000,93.000000,false,false,24.000000,50.000000,72.700000
OZD,candidate,2023-05,2023-06,1,2023-06-01,development,110.293719,100.600960,126.042973,95.860798,131.822166,36,134,23.706281,23.706281,false,false,25.442013,35.961368,12.777857
OZD,baseline_a,2023-05,2023-08,3,2023-06-01,development,120.666667,114.666667,139.083333,106.833333,157.500000,36,391,270.333333,270.333333,false,false,24.416666,50.666667,252.701667
OZD,baseline_b,2023-05,2023-08,3,2023-06-01,development,17.000000,15.750000,39.750000,6.000000,56.000000,36,391,374.000000,374.000000,false,false,24.000000,50.000000,353.700000
OZD,candidate,2023-05,2023-08,3,2023-06-01,development,83.042219,69.833384,101.761740,59.528869,120.765008,36,391,307.957781,307.957781,false,false,31.928356,61.236139,291.023138
OZD,baseline_a,2023-06,2023-07,1,2023-07-01,development,134.333333,126.333333,149.750000,121.833333,154.333333,36,161,26.666667,26.666667,false,false,23.416667,32.500000,16.141667
OZD,baseline_b,2023-06,2023-07,1,2023-07-01,development,42.000000,40.750000,67.500000,31.000000,89.500000,36,161,119.000000,119.000000,false,false,26.750000,58.500000,94.815000
OZD,candidate,2023-06,2023-07,1,2023-07-01,development,141.857024,133.192128,158.785402,127.424103,165.338804,36,161,19.142976,19.142976,false,true,25.593274,37.914701,8.790350
OZD,baseline_a,2023-06,2023-09,3,2023-07-01,development,134.333333,128.333333,154.416667,120.500000,174.333333,36,547,412.666667,412.666667,false,false,26.083334,53.833333,393.395000
OZD,baseline_b,2023-06,2023-09,3,2023-07-01,development,52.000000,50.750000,77.500000,41.000000,99.500000,36,547,495.000000,495.000000,false,false,26.750000,58.500000,470.815000
OZD,candidate,2023-06,2023-09,3,2023-07-01,development,131.913982,118.705147,151.665752,108.400631,172.463242,36,547,415.086018,415.086018,false,false,32.960605,64.062611,396.824171
OZD,baseline_a,2023-07,2023-08,1,2023-08-01,development,157.333333,149.333333,173.583333,144.833333,181.333333,36,391,233.666667,233.666667,false,false,24.250000,36.500000,221.451667
OZD,baseline_b,2023-07,2023-08,1,2023-08-01,development,17.000000,15.750000,44.750000,6.000000,70.000000,36,391,374.000000,374.000000,false,false,29.000000,64.000000,347.160000
OZD,candidate,2023-07,2023-08,1,2023-08-01,development,101.226204,92.561308,119.786733,86.793283,124.707985,36,391,289.773796,289.773796,false,false,27.225425,37.914702,277.196003
OZD,baseline_a,2023-07,2023-10,3,2023-08-01,development,157.333333,151.333333,181.083333,143.500000,201.333333,36,1163,1005.666667,1005.666667,false,false,29.750000,57.833333,983.855000
OZD,baseline_b,2023-07,2023-10,3,2023-08-01,development,48.000000,46.750000,75.750000,37.000000,101.000000,36,1163,1115.000000,1115.000000,false,false,29.000000,64.000000,1088.160000
OZD,candidate,2023-07,2023-10,3,2023-08-01,development,149.517414,136.308579,173.425095,126.004064,194.195849,36,1163,1013.482586,1013.482586,false,false,37.116516,68.191785,992.487463
OZD,baseline_a,2023-08,2023-09,1,2023-09-01,development,228.666667,225.916667,246.833333,216.166667,257.333333,36,547,318.333333,318.333333,false,false,20.916666,41.166666,303.338333
OZD,baseline_b,2023-08,2023-09,1,2023-09-01,development,52.000000,52.500000,82.250000,41.000000,126.500000,36,547,495.000000,495.000000,false,false,29.750000,85.500000,459.495000
OZD,candidate,2023-08,2023-09,1,2023-09-01,development,327.416480,318.751585,346.384781,312.983560,354.782488,36,547,219.583520,219.583520,false,false,27.633196,41.798928,205.485073
OZD,baseline_a,2023-08,2023-11,3,2023-09-01,development,228.666667,226.166667,260.083333,217.666667,277.000000,36,455,226.333333,226.333333,false,false,33.916666,59.333333,200.198333
OZD,baseline_b,2023-08,2023-11,3,2023-09-01,development,53.000000,53.500000,83.250000,42.000000,127.500000,36,455,402.000000,402.000000,false,false,29.750000,85.500000,366.495000
OZD,candidate,2023-08,2023-11,3,2023-09-01,development,456.958404,443.749569,487.488298,433.445054,514.233828,36,455,-1.958404,1.958404,true,true,43.738729,80.788774,7.997105
OZD,baseline_a,2023-09,2023-10,1,2023-10-01,development,366.333333,363.583333,385.000000,353.833333,403.333333,36,1163,796.666667,796.666667,false,false,21.416667,49.500000,778.521667
OZD,baseline_b,2023-09,2023-10,1,2023-10-01,development,48.000000,48.500000,79.500000,37.000000,154.000000,36,1163,1115.000000,1115.000000,false,false,31.000000,117.000000,1067.780000
OZD,candidate,2023-09,2023-10,1,2023-10-01,development,495.363156,486.698261,514.535485,480.930235,534.378308,36,1163,667.636844,667.636844,false,false,27.837224,53.448073,649.283497
OZD,baseline_a,2023-09,2023-12,3,2023-10-01,development,366.333333,363.833333,399.500000,355.333333,425.833333,36,476,109.666667,109.666667,false,false,35.666667,70.500000,78.986667
OZD,baseline_b,2023-09,2023-12,3,2023-10-01,development,55.000000,55.500000,86.500000,44.000000,161.000000,36,476,421.000000,421.000000,false,false,31.000000,117.000000,373.780000
OZD,candidate,2023-09,2023-12,3,2023-10-01,development,620.984757,607.775922,656.426223,597.471406,693.486524,36,476,-144.984757,144.984757,false,false,48.650301,96.015118,139.001517
OZD,baseline_a,2023-10,2023-11,1,2023-11-01,development,700.333333,700.333333,719.000000,687.833333,764.666667,36,455,-245.333333,245.333333,false,false,18.666667,76.833334,245.273333
OZD,baseline_b,2023-10,2023-11,1,2023-11-01,development,53.000000,54.000000,89.000000,42.500000,174.000000,36,455,402.000000,402.000000,false,false,35.000000,131.500000,347.960000
OZD,candidate,2023-10,2023-11,1,2023-11-01,development,1236.014631,1229.015237,1255.409824,1223.308972,1304.997860,36,455,-781.014631,781.014631,false,false,26.394587,81.688888,779.039624
OZD,baseline_a,2023-11,2023-12,1,2023-12-01,development,721.666667,718.916667,740.333333,704.833333,786.000000,36,476,-245.666667,245.666667,false,false,21.416666,81.166667,243.221667
OZD,baseline_b,2023-11,2023-12,1,2023-12-01,development,55.000000,56.750000,101.250000,44.500000,303.500000,36,476,421.000000,421.000000,false,false,44.500000,259.000000,317.910000
OZD,candidate,2023-11,2023-12,1,2023-12-01,development,587.513710,580.514316,606.908903,573.080790,656.496939,36,476,-111.513710,111.513710,false,false,26.394587,83.416149,108.916889
OZD,baseline_a,2023-12,2024-01,1,2024-01-01,locked,698.000000,689.666667,716.666667,674.500000,762.333333,36,791,93.000000,93.000000,false,false,27.000000,87.833333,66.013333
OZD,baseline_b,2023-12,2024-01,1,2024-01-01,locked,70.000000,73.500000,121.500000,63.000000,458.000000,36,791,721.000000,721.000000,false,false,48.000000,395.000000,565.800000
OZD,candidate,2023-12,2024-01,1,2024-01-01,locked,481.723276,473.058381,501.118469,464.178032,550.706505,36,791,309.276724,309.276724,false,false,28.060088,86.528473,280.192503
OZD,baseline_a,2023-12,2024-03,3,2024-01-01,locked,698.000000,698.083333,740.500000,688.333333,866.000000,36,1802,1104.000000,1104.000000,false,false,42.416667,177.666667,1031.148333
OZD,baseline_b,2023-12,2024-03,3,2024-01-01,locked,93.000000,96.500000,144.500000,86.000000,481.000000,36,1802,1709.000000,1709.000000,false,false,48.000000,395.000000,1553.800000
OZD,candidate,2023-12,2024-03,3,2024-01-01,locked,493.345481,488.504877,530.197221,469.468984,585.851671,36,1802,1308.654519,1308.654519,false,false,41.692344,116.382687,1265.735889
OZD,baseline_a,2024-01,2024-02,1,2024-02-01,locked,574.000000,565.666667,593.333333,550.500000,663.166667,36,713,139.000000,139.000000,false,false,27.666666,112.666667,102.873333
OZD,baseline_b,2024-01,2024-02,1,2024-02-01,locked,90.000000,95.000000,155.250000,83.000000,501.500000,36,713,623.000000,623.000000,false,false,60.250000,418.500000,455.065000
OZD,candidate,2024-01,2024-02,1,2024-02-01,locked,677.466833,668.801937,698.130863,659.921588,832.739536,36,713,35.533167,35.533167,false,true,29.328926,172.817948,22.899899
OZD,baseline_a,2024-01,2024-04,3,2024-02-01,locked,574.000000,574.083333,621.666667,564.333333,742.000000,36,1457,883.000000,883.000000,false,false,47.583334,177.666667,808.598333
OZD,baseline_b,2024-01,2024-04,3,2024-02-01,locked,92.000000,97.000000,157.250000,85.000000,503.500000,36,1457,1365.000000,1365.000000,false,false,60.250000,418.500000,1197.065000
OZD,candidate,2024-01,2024-04,3,2024-02-01,locked,639.558973,630.166878,676.410713,615.121757,732.065164,36,1457,817.441027,817.441027,false,false,46.243835,116.943407,774.999974
OZD,baseline_a,2024-02,2024-03,1,2024-03-01,locked,660.000000,651.666667,679.333333,636.500000,776.000000,36,1802,1142.000000,1142.000000,false,false,27.666666,139.500000,1096.213333
OZD,baseline_b,2024-02,2024-03,1,2024-03-01,locked,93.000000,98.000000,192.500000,86.000000,551.000000,36,1802,1709.000000,1709.000000,false,false,94.500000,465.000000,1514.050000
OZD,candidate,2024-02,2024-03,1,2024-03-01,locked,702.876596,694.211701,723.540626,685.331351,858.149299,36,1802,1099.123404,1099.123404,false,false,29.328925,172.817948,1038.594321
OZD,baseline_a,2024-02,2024-05,3,2024-03-01,locked,660.000000,657.500000,703.166667,650.333333,828.000000,36,1263,603.000000,603.000000,false,false,45.666667,177.666667,530.206667
OZD,baseline_b,2024-02,2024-05,3,2024-03-01,locked,177.000000,182.000000,276.500000,170.000000,635.000000,36,1263,1086.000000,1086.000000,false,false,94.500000,465.000000,891.050000
OZD,candidate,2024-02,2024-05,3,2024-03-01,locked,706.669422,697.277327,743.521162,682.232206,835.191449,36,1263,556.330578,556.330578,false,false,46.243835,152.959243,500.923824
OZD,baseline_a,2024-03,2024-04,1,2024-04-01,locked,1102.000000,1093.666667,1124.666667,1078.500000,1288.333333,36,1457,355.000000,355.000000,false,false,31.000000,209.833333,282.893333
OZD,baseline_b,2024-03,2024-04,1,2024-04-01,locked,92.000000,97.000000,212.000000,85.000000,651.000000,36,1457,1365.000000,1365.000000,false,false,115.000000,566.000000,1127.540000
OZD,candidate,2024-03,2024-04,1,2024-04-01,locked,1229.102516,1220.437621,1252.472046,1211.557272,1483.781174,36,1457,227.897484,227.897484,false,true,32.034425,272.223902,141.483077
OZD,baseline_a,2024-03,2024-06,3,2024-04-01,locked,1102.000000,1099.500000,1156.583333,1092.333333,1350.333333,36,886,-216.000000,216.000000,false,false,57.083333,258.000000,227.161667
OZD,baseline_b,2024-03,2024-06,3,2024-04-01,locked,134.000000,139.000000,254.000000,127.000000,693.000000,36,886,752.000000,752.000000,false,false,115.000000,566.000000,514.540000
OZD,candidate,2024-03,2024-06,3,2024-04-01,locked,1070.939780,1061.547685,1110.946852,1046.502564,1300.022466,36,886,-184.939780,184.939780,false,false,49.399167,253.519902,186.488768
OZD,baseline_a,2024-04,2024-05,1,2024-05-01,locked,1324.000000,1320.916667,1351.666667,1300.500000,1600.000000,36,1263,-61.000000,61.000000,false,false,30.750000,299.500000,65.421667
OZD,baseline_b,2024-04,2024-05,1,2024-05-01,locked,177.000000,182.000000,362.750000,170.000000,849.000000,36,1263,1086.000000,1086.000000,false,false,180.750000,679.000000,788.135000
OZD,candidate,2024-04,2024-05,1,2024-05-01,locked,1469.215740,1460.550845,1494.751884,1451.670496,1728.051380,36,1263,-206.215740,206.215740,false,false,34.201039,276.380884,210.207024
OZD,baseline_a,2024-04,2024-07,3,2024-05-01,locked,1324.000000,1321.500000,1398.666667,1314.333333,1665.500000,36,757,-567.000000,567.000000,false,false,77.166667,351.166667,583.896667
OZD,baseline_b,2024-04,2024-07,3,2024-05-01,locked,161.000000,166.000000,346.750000,154.000000,833.000000,36,757,596.000000,596.000000,false,true,180.750000,679.000000,328.535000
OZD,candidate,2024-04,2024-07,3,2024-05-01,locked,1346.774282,1337.382187,1394.706413,1322.337066,1708.296182,36,757,-589.774282,589.774282,false,false,57.324226,385.959116,597.413345
OZD,baseline_a,2024-05,2024-06,1,2024-06-01,locked,1507.333333,1504.250000,1535.000000,1482.500000,1783.333333,36,886,-621.333333,621.333333,false,false,30.750000,300.833333,625.275000
OZD,baseline_b,2024-05,2024-06,1,2024-06-01,locked,134.000000,140.750000,515.000000,127.000000,1037.500000,36,886,752.000000,752.000000,false,true,374.250000,910.500000,372.645000
OZD,candidate,2024-05,2024-06,1,2024-06-01,locked,1087.108999,1078.444104,1112.645143,1063.163950,1345.944639,36,886,-201.108999,201.108999,false,false,34.201039,282.780689,202.796353
OZD,baseline_a,2024-05,2024-08,3,2024-06-01,locked,1507.333333,1507.416667,1601.666667,1498.333333,2015.166667,36,3779,2271.666667,2271.666667,false,false,94.250000,516.833334,2060.898333
OZD,baseline_b,2024-05,2024-08,3,2024-06-01,locked,391.000000,397.750000,772.000000,384.000000,1294.500000,36,3779,3388.000000,3388.000000,false,false,374.250000,910.500000,2948.045000
OZD,candidate,2024-05,2024-08,3,2024-06-01,locked,929.852925,925.012320,999.517617,905.415708,1415.561223,36,3779,2849.147075,2849.147075,false,false,74.505297,510.145515,2654.854229
OZD,baseline_a,2024-06,2024-07,1,2024-07-01,locked,1202.000000,1198.916667,1229.666667,1157.166667,1478.000000,36,757,-445.000000,445.000000,false,false,30.750000,320.833333,441.741667
OZD,baseline_b,2024-06,2024-07,1,2024-07-01,locked,161.000000,171.750000,567.750000,154.000000,1080.000000,36,757,596.000000,596.000000,false,true,396.000000,926.000000,271.540000
OZD,candidate,2024-06,2024-07,1,2024-07-01,locked,1063.545075,1054.880180,1089.081219,991.631556,1322.380715,36,757,-306.545075,306.545075,false,false,34.201039,330.749159,290.963780
OZD,baseline_a,2024-06,2024-09,3,2024-07-01,locked,1202.000000,1202.083333,1296.333333,1193.000000,1709.833333,36,959,-243.000000,243.000000,false,false,94.250000,516.833333,269.531667
OZD,baseline_b,2024-06,2024-09,3,2024-07-01,locked,547.000000,557.750000,953.750000,540.000000,1466.000000,36,959,412.000000,412.000000,false,true,396.000000,926.000000,161.140000
OZD,candidate,2024-06,2024-09,3,2024-07-01,locked,1113.769006,1108.928402,1183.433698,1085.946734,1599.477304,36,959,-154.769006,154.769006,false,false,74.505296,513.530570,169.695608
OZD,baseline_a,2024-07,2024-08,1,2024-08-01,locked,968.666667,959.000000,996.333333,815.500000,1244.666667,36,3779,2810.333333,2810.333333,false,false,37.333333,429.166667,2709.766667
OZD,baseline_b,2024-07,2024-08,1,2024-08-01,locked,391.000000,401.750000,830.500000,384.000000,1310.000000,36,3779,3388.000000,3388.000000,false,false,428.750000,926.000000,2924.515000
OZD,candidate,2024-07,2024-08,1,2024-08-01,locked,647.211471,636.365299,672.747615,490.900116,906.047111,36,3779,3131.788529,3131.788529,false,false,36.382316,415.146995,3038.283927
OZD,baseline_a,2024-07,2024-10,3,2024-08-01,locked,968.666667,968.750000,1063.000000,955.666667,1476.500000,36,2742,1773.333333,1773.333333,false,false,94.250000,520.833333,1562.725000
OZD,baseline_b,2024-07,2024-10,3,2024-08-01,locked,1163.000000,1173.750000,1602.500000,1156.000000,2082.000000,36,2742,1579.000000,1579.000000,false,false,428.750000,926.000000,1115.515000
OZD,candidate,2024-07,2024-10,3,2024-08-01,locked,1002.604788,991.131747,1072.269480,914.684665,1488.313086,36,2742,1739.395212,1739.395212,false,false,81.137733,573.628421,1548.304926
OZD,baseline_a,2024-08,2024-09,1,2024-09-01,locked,1807.333333,1797.666667,1851.666667,1654.166667,2144.000000,36,959,-848.333333,848.333333,false,false,54.000000,489.833333,808.193334
OZD,baseline_b,2024-08,2024-09,1,2024-09-01,locked,547.000000,557.750000,1067.250000,540.000000,1647.500000,36,959,412.000000,412.000000,true,true,509.500000,1107.500000,177.650000
OZD,candidate,2024-08,2024-09,1,2024-09-01,locked,2790.005507,2779.159335,2822.158098,2633.694152,3089.530767,36,959,-1831.005507,1831.005507,false,false,42.998763,455.836615,1786.675837
OZD,baseline_a,2024-08,2024-11,3,2024-09-01,locked,1807.333333,1808.000000,1913.750000,1794.333333,2550.333333,36,2694,886.666667,886.666667,false,false,105.750000,756.000000,587.715000
OZD,baseline_b,2024-08,2024-11,3,2024-09-01,locked,455.000000,465.750000,975.250000,448.000000,1555.500000,36,2694,2239.000000,2239.000000,false,false,509.500000,1107.500000,1685.950000
OZD,candidate,2024-08,2024-11,3,2024-09-01,locked,4096.264733,4084.791692,4181.605787,4008.344610,4783.150535,36,2694,-1402.264733,1402.264733,false,false,96.814095,774.805925,1403.181114
OZD,baseline_a,2024-09,2024-10,1,2024-10-01,locked,1831.666667,1820.583333,1876.000000,1586.166667,2168.333333,36,2742,910.333333,910.333333,false,false,55.416667,582.166666,786.761667
OZD,baseline_b,2024-09,2024-10,1,2024-10-01,locked,1163.000000,1173.750000,1683.250000,1156.000000,2263.500000,36,2742,1579.000000,1579.000000,false,false,509.500000,1107.500000,1025.950000
OZD,candidate,2024-09,2024-10,1,2024-10-01,locked,1765.017205,1752.944661,1797.169797,1561.354835,2064.542465,36,2742,976.982795,976.982795,false,false,44.225136,503.187630,868.861673
OZD,baseline_a,2024-09,2024-12,3,2024-10-01,locked,1831.666667,1831.750000,1938.083333,1804.833333,2574.666667,36,749,-1082.666667,1082.666667,false,false,106.333333,769.833334,1113.393333
OZD,baseline_b,2024-09,2024-12,3,2024-10-01,locked,476.000000,486.750000,996.250000,469.000000,1576.500000,36,749,273.000000,273.000000,true,true,509.500000,1107.500000,149.850000
OZD,candidate,2024-09,2024-12,3,2024-10-01,locked,2024.956441,2004.252522,2110.297495,1875.079559,2711.842243,36,749,-1275.956441,1275.956441,false,false,106.044973,836.762684,1251.799125
OZD,baseline_a,2024-10,2024-11,1,2024-11-01,locked,2493.333333,2482.250000,2580.583333,2247.833333,3069.166667,36,2694,200.666667,200.666667,false,true,98.333333,821.333334,128.186667
OZD,baseline_b,2024-10,2024-11,1,2024-11-01,locked,455.000000,465.750000,1057.750000,448.000000,1695.000000,36,2694,2239.000000,2239.000000,false,false,592.000000,1247.000000,1610.980000
OZD,candidate,2024-10,2024-11,1,2024-11-01,locked,2718.447859,2706.375315,2767.838206,2514.785489,3206.904643,36,2694,-24.447859,24.447859,false,true,61.462891,692.119154,43.670753
OZD,baseline_a,2024-10,2025-01,3,2024-11-01,locked,2493.333333,2493.416667,2632.166667,2466.500000,3437.666667,36,641,-1852.333333,1852.333333,false,false,138.750000,971.166667,1894.355000
OZD,baseline_b,2024-10,2025-01,3,2024-11-01,locked,791.000000,801.750000,1393.750000,784.000000,2031.000000,36,641,-150.000000,150.000000,false,false,592.000000,1247.000000,260.580000
OZD,candidate,2024-10,2025-01,3,2024-11-01,locked,2903.573075,2882.869157,3021.252320,2753.696194,3819.034882,36,641,-2262.573075,2262.573075,false,false,138.383163,1065.338688,2250.792619
OZD,baseline_a,2024-11,2024-12,1,2024-12-01,locked,2131.666667,2120.583333,2236.166667,1886.166667,2707.500000,36,749,-1382.666667,1382.666667,false,false,115.583334,821.333333,1324.445000
OZD,baseline_b,2024-11,2024-12,1,2024-12-01,locked,476.000000,486.750000,1123.500000,469.000000,1948.000000,36,749,273.000000,273.000000,true,true,636.750000,1479.000000,177.435000
OZD,candidate,2024-11,2024-12,1,2024-12-01,locked,2711.175600,2699.103056,2760.565947,2507.513230,3199.632384,36,749,-1962.175600,1962.175600,false,false,61.462891,692.119154,1909.712690
OZD,baseline_a,2024-11,2025-02,3,2024-12-01,locked,2131.666667,2131.750000,2369.000000,2104.833333,3077.833333,36,486,-1645.666667,1645.666667,false,false,237.250000,973.000000,1697.611667
OZD,baseline_b,2024-11,2025-02,3,2024-12-01,locked,713.000000,723.750000,1360.500000,706.000000,2185.000000,36,486,-227.000000,227.000000,false,false,636.750000,1479.000000,351.335000
OZD,candidate,2024-11,2025-02,3,2024-12-01,locked,3032.758834,3012.054915,3150.438078,2862.904441,3948.220640,36,486,-2546.758834,2546.758834,false,false,138.383163,1085.316199,2527.786473
OZD,baseline_a,2024-12,2025-01,1,2025-01-01,locked,2061.666667,2049.250000,2166.166667,1716.333333,2637.500000,36,641,-1420.666667,1420.666667,false,false,116.916667,921.166667,1326.105000
OZD,baseline_b,2024-12,2025-01,1,2025-01-01,locked,791.000000,801.750000,1438.500000,784.000000,2263.000000,36,641,-150.000000,150.000000,false,false,636.750000,1479.000000,274.335000
OZD,candidate,2024-12,2025-01,1,2025-01-01,locked,1290.103069,1276.242074,1339.493416,1033.722662,1778.559853,36,641,-649.103069,649.103069,false,false,63.251342,744.837191,577.125130
OZD,baseline_a,2024-12,2025-03,3,2025-01-01,locked,2061.666667,2059.166667,2299.000000,1935.333333,3007.833333,36,649,-1412.666667,1412.666667,false,false,239.833333,1072.500000,1428.016667
OZD,baseline_b,2024-12,2025-03,3,2025-01-01,locked,1802.000000,1812.750000,2449.500000,1795.000000,3274.000000,36,649,-1153.000000,1153.000000,false,false,636.750000,1479.000000,1277.335000
OZD,candidate,2024-12,2025-03,3,2025-01-01,locked,1413.047739,1392.343821,1530.726984,1174.328079,2328.509546,36,649,-764.047739,764.047739,false,false,138.383163,1154.181467,720.283883
OZD,baseline_a,2025-01,2025-02,1,2025-02-01,locked,1361.333333,1344.666667,1465.833333,828.166667,1937.166667,36,486,-875.333333,875.333333,false,false,121.166666,1109.000000,711.876667
OZD,baseline_b,2025-01,2025-02,1,2025-02-01,locked,713.000000,723.500000,1360.500000,702.500000,2185.000000,36,486,-227.000000,227.000000,false,false,637.000000,1482.500000,350.000000
OZD,candidate,2025-01,2025-02,1,2025-02-01,locked,851.146596,833.352054,900.536943,373.322524,1339.603380,36,486,-365.146596,365.146596,false,true,67.184889,966.280856,257.339864
OZD,baseline_a,2025-01,2025-04,3,2025-02-01,locked,1361.333333,1358.833333,1598.666667,1131.833333,2307.500000,36,823,-538.333333,538.333333,false,false,239.833334,1175.666667,516.543333
OZD,baseline_b,2025-01,2025-04,3,2025-02-01,locked,1457.000000,1467.500000,2104.500000,1446.500000,2929.000000,36,823,-634.000000,634.000000,false,false,637.000000,1482.500000,757.000000
OZD,candidate,2025-01,2025-04,3,2025-02-01,locked,868.153757,847.449838,985.833002,427.016845,1783.615563,36,823,-45.153757,45.153757,false,true,138.383164,1356.598718,86.912952
OZD,baseline_a,2025-02,2025-03,1,2025-03-01,locked,625.333333,588.583333,729.833333,0.000000,1201.166667,36,649,23.666667,23.666667,true,true,141.250000,1201.166667,66.905000
OZD,baseline_b,2025-02,2025-03,1,2025-03-01,locked,1802.000000,1812.500000,2449.500000,1791.500000,3274.000000,36,649,-1153.000000,1153.000000,false,false,637.000000,1482.500000,1276.000000
OZD,candidate,2025-02,2025-03,1,2025-03-01,locked,671.357756,625.143434,720.748103,164.232923,1159.814540,36,649,-22.357756,22.357756,true,true,95.604669,995.581617,53.855283
OZD,baseline_a,2025-02,2025-05,3,2025-03-01,locked,625.333333,622.833333,862.666667,220.333333,1571.500000,36,850,224.666667,224.666667,true,true,239.833334,1351.166667,122.963333
OZD,baseline_b,2025-02,2025-05,3,2025-03-01,locked,1263.000000,1273.500000,1910.500000,1252.500000,2735.000000,36,850,-413.000000,413.000000,false,false,637.000000,1482.500000,536.000000
OZD,candidate,2025-02,2025-05,3,2025-03-01,locked,647.231965,595.474293,764.911210,0.000000,1562.693772,36,850,202.768035,202.768035,false,true,169.436917,1562.693772,154.040566
OZD,baseline_a,2025-03,2025-04,1,2025-04-01,locked,592.000000,555.250000,696.500000,0.000000,1167.833333,36,823,231.000000,231.000000,false,true,141.250000,1167.833333,157.638333
OZD,baseline_b,2025-03,2025-04,1,2025-04-01,locked,1457.000000,1467.500000,2104.500000,1442.000000,2929.000000,36,823,-634.000000,634.000000,false,false,637.000000,1487.000000,755.380000
OZD,candidate,2025-03,2025-04,1,2025-04-01,locked,607.657942,561.443620,657.048289,100.533109,1096.114726,36,823,215.342058,215.342058,false,true,95.604669,995.581617,158.832828
OZD,baseline_a,2025-03,2025-06,3,2025-04-01,locked,592.000000,586.083333,829.333333,0.000000,1538.166667,36,979,387.000000,387.000000,false,true,243.250000,1538.166667,223.118333
OZD,baseline_b,2025-03,2025-06,3,2025-04-01,locked,886.000000,896.500000,1533.500000,871.000000,2358.000000,36,979,93.000000,93.000000,true,true,637.000000,1487.000000,141.780000
OZD,candidate,2025-03,2025-06,3,2025-04-01,locked,513.007670,365.576851,630.686915,0.000000,1428.469477,36,979,465.992330,465.992330,false,true,265.110064,1428.469477,316.173485
OZD,baseline_a,2025-04,2025-05,1,2025-05-01,locked,652.666667,615.916667,807.083333,0.000000,1228.500000,36,850,197.333333,197.333333,false,true,191.166666,1228.500000,124.890000
OZD,baseline_b,2025-04,2025-05,1,2025-05-01,locked,1263.000000,1268.000000,1910.500000,1177.500000,2735.000000,36,850,-413.000000,413.000000,false,false,642.500000,1557.500000,507.350000
OZD,candidate,2025-04,2025-05,1,2025-05-01,locked,757.553276,711.338954,879.610205,250.428443,1246.010059,36,850,92.446724,92.446724,true,true,168.271251,995.581616,75.139735
OZD,baseline_a,2025-04,2025-07,3,2025-05-01,locked,652.666667,637.000000,890.000000,0.000000,1598.833333,36,945,292.333333,292.333333,false,true,253.000000,1598.833333,169.720000
OZD,baseline_b,2025-04,2025-07,3,2025-05-01,locked,757.000000,762.000000,1404.500000,671.500000,2229.000000,36,945,188.000000,188.000000,true,true,642.500000,1557.500000,164.150000
OZD,candidate,2025-04,2025-07,3,2025-05-01,locked,667.411716,519.980897,785.090961,0.000000,1582.873523,36,945,277.588284,277.588284,false,true,265.110064,1582.873523,209.307220
OZD,baseline_a,2025-05,2025-06,1,2025-06-01,locked,774.000000,737.250000,972.166667,39.166667,1349.833333,36,979,205.000000,205.000000,false,true,234.916667,1310.666666,119.651667
OZD,baseline_b,2025-05,2025-06,1,2025-06-01,locked,886.000000,887.250000,1533.500000,697.500000,2358.000000,36,979,93.000000,93.000000,true,true,646.250000,1660.500000,149.645000
OZD,candidate,2025-05,2025-06,1,2025-06-01,locked,654.442703,608.228381,777.613261,147.317871,1142.899487,36,979,324.557297,324.557297,false,true,169.384880,995.581616,202.227908
OZD,baseline_a,2025-05,2025-08,3,2025-06-01,locked,774.000000,758.333333,1011.333333,0.000000,1720.166667,36,492,-282.000000,282.000000,false,true,253.000000,1720.166667,257.040000
OZD,baseline_b,2025-05,2025-08,3,2025-06-01,locked,3779.000000,3780.250000,4426.500000,3590.500000,5251.000000,36,492,-3287.000000,3287.000000,false,false,646.250000,1660.500000,3343.145000
OZD,candidate,2025-05,2025-08,3,2025-06-01,locked,672.530087,525.099268,835.877788,0.000000,1587.991893,36,492,-180.530087,180.530087,false,true,310.778520,1587.991893,143.943252
OZD,baseline_a,2025-06,2025-07,1,2025-07-01,locked,884.000000,847.250000,1085.750000,149.166667,1459.833333,36,945,61.000000,61.000000,true,true,238.500000,1310.666666,88.476667
OZD,baseline_b,2025-06,2025-07,1,2025-07-01,locked,757.000000,758.250000,1404.500000,568.500000,2229.000000,36,945,188.000000,188.000000,true,true,646.250000,1660.500000,168.645000
OZD,candidate,2025-06,2025-07,1,2025-07-01,locked,903.474916,857.260594,1119.877340,396.350084,1399.571987,36,945,41.525084,41.525084,true,true,262.616746,1003.221903,74.695568
OZD,baseline_a,2025-06,2025-09,3,2025-07-01,locked,884.000000,868.333333,1183.500000,59.166667,1830.166667,36,1452,568.000000,568.000000,false,true,315.166667,1771.000000,323.356667
OZD,baseline_b,2025-06,2025-09,3,2025-07-01,locked,959.000000,960.250000,1606.500000,770.500000,2431.000000,36,1452,493.000000,493.000000,true,true,646.250000,1660.500000,229.645000
OZD,candidate,2025-06,2025-09,3,2025-07-01,locked,965.263740,817.832921,1194.329211,0.000000,1880.725546,36,1452,486.736260,486.736260,false,true,376.496290,1880.725546,313.294218
OZD,baseline_a,2025-07,2025-08,1,2025-08-01,locked,924.666667,887.916667,1126.416667,189.833333,1500.500000,36,492,-432.666667,432.666667,false,true,238.500000,1310.666667,321.176667
OZD,baseline_b,2025-07,2025-08,1,2025-08-01,locked,3779.000000,3784.000000,4426.500000,3590.500000,5251.000000,36,492,-3287.000000,3287.000000,false,false,642.500000,1660.500000,3344.270000
OZD,candidate,2025-07,2025-08,1,2025-08-01,locked,872.879017,826.664695,1089.281440,365.754184,1368.976087,36,492,-380.879017,380.879017,false,true,262.616745,1003.221903,276.432232
OZD,baseline_a,2025-07,2025-10,3,2025-08-01,locked,924.666667,909.000000,1240.666667,99.833333,1870.833333,36,952,27.333333,27.333333,true,true,331.666667,1771.000000,109.473333
OZD,baseline_b,2025-07,2025-10,3,2025-08-01,locked,2742.000000,2747.000000,3389.500000,2553.500000,4214.000000,36,952,-1790.000000,1790.000000,false,false,642.500000,1660.500000,1847.270000
OZD,candidate,2025-07,2025-10,3,2025-08-01,locked,1236.404790,1088.973971,1521.585448,216.402700,2151.866596,36,952,-284.404790,284.404790,false,true,432.611477,1935.463896,232.350250
OZD,baseline_a,2025-08,2025-09,1,2025-09-01,locked,805.333333,698.250000,1007.083333,70.500000,1381.166667,36,1452,646.666667,646.666667,false,false,308.833333,1310.666667,418.943333
OZD,baseline_b,2025-08,2025-09,1,2025-09-01,locked,959.000000,964.000000,1606.500000,639.000000,2431.000000,36,1452,493.000000,493.000000,true,true,642.500000,1792.000000,234.530000
OZD,candidate,2025-08,2025-09,1,2025-09-01,locked,709.741301,575.828768,926.143724,194.750258,1205.838371,36,1452,742.258699,742.258699,false,false,350.314956,1011.088113,532.733922
OZD,baseline_a,2025-08,2025-11,3,2025-09-01,locked,805.333333,744.833333,1121.333333,0.000000,1751.500000,36,660,-145.333333,145.333333,false,true,376.500000,1751.500000,170.710000
OZD,baseline_b,2025-08,2025-11,3,2025-09-01,locked,2694.000000,2699.000000,3341.500000,2374.000000,4166.000000,36,660,-2034.000000,2034.000000,false,false,642.500000,1792.000000,2043.930000
OZD,candidate,2025-08,2025-11,3,2025-09-01,locked,990.896474,829.687197,1276.077132,0.000000,1906.358280,36,660,-330.896474,330.896474,false,true,446.389935,1906.358280,254.947498
OZD,baseline_a,2025-09,2025-10,1,2025-10-01,locked,963.000000,855.916667,1174.500000,228.166667,1684.666667,36,952,-11.000000,11.000000,true,true,318.583333,1456.500000,92.318333
OZD,baseline_b,2025-09,2025-10,1,2025-10-01,locked,2742.000000,2766.750000,3389.500000,2422.000000,4214.000000,36,952,-1790.000000,1790.000000,false,false,622.750000,1792.000000,1805.855000
OZD,candidate,2025-09,2025-10,1,2025-10-01,locked,1337.653197,1203.740664,1559.315208,822.662154,2042.600968,36,952,-385.653197,385.653197,false,true,355.574544,1219.938814,262.181912
OZD,baseline_a,2025-09,2025-12,3,2025-10-01,locked,963.000000,902.500000,1356.416667,138.166667,1909.166667,36,954,-9.000000,9.000000,true,true,453.916667,1771.000000,118.031667
OZD,baseline_b,2025-09,2025-12,3,2025-10-01,locked,749.000000,773.750000,1396.500000,429.000000,2221.000000,36,954,205.000000,205.000000,true,true,622.750000,1792.000000,174.955000
OZD,candidate,2025-09,2025-12,3,2025-10-01,locked,1224.667886,1063.458610,1559.407726,204.665796,2140.129693,36,954,-270.667886,270.667886,false,true,495.949116,1935.463897,224.930489
OZD,baseline_a,2025-10,2025-11,1,2025-11-01,locked,965.333333,858.250000,1176.833333,230.500000,1687.000000,36,660,-305.333333,305.333333,false,true,318.583333,1456.500000,230.485000
OZD,baseline_b,2025-10,2025-11,1,2025-11-01,locked,2694.000000,2718.750000,3341.500000,2170.500000,4166.000000,36,660,-2034.000000,2034.000000,false,false,622.750000,1995.500000,1976.595000
OZD,candidate,2025-10,2025-11,1,2025-11-01,locked,1226.682884,1024.297199,1448.344895,709.304751,1931.630655,36,660,-566.682884,566.682884,false,false,424.047696,1222.325904,370.075163
OZD,baseline_a,2025-11,2025-12,1,2025-12-01,locked,1021.333333,775.916667,1232.833333,286.500000,1743.000000,36,954,-67.333333,67.333333,true,true,456.916666,1456.500000,117.418333
OZD,baseline_b,2025-11,2025-12,1,2025-12-01,locked,749.000000,772.750000,1396.500000,0.000000,2221.000000,36,954,205.000000,205.000000,true,true,623.750000,2221.000000,192.215000
OZD,candidate,2025-11,2025-12,1,2025-12-01,locked,712.505291,481.207217,934.167302,104.612314,1417.453062,36,954,241.494709,241.494709,false,true,452.960085,1312.840748,154.041659
OZD,baseline_a,2025-12,2026-01,1,2026-01-01,recent,855.333333,609.916667,1066.833333,120.500000,1577.000000,36,1766,910.666667,910.666667,false,false,456.916666,1456.500000,641.351667
OZD,baseline_b,2025-12,2026-01,1,2026-01-01,recent,641.000000,673.500000,1288.500000,0.000000,2113.000000,36,1766,1125.000000,1125.000000,false,true,615.000000,2113.000000,562.020000
OZD,candidate,2025-12,2026-01,1,2026-01-01,recent,831.219407,599.921333,1062.516197,223.326430,1536.167178,36,1766,934.780593,934.780593,false,false,462.594864,1312.840748,659.055885
OZD,baseline_a,2025-12,2026-03,3,2026-01-01,recent,855.333333,692.333333,1248.750000,30.500000,1801.500000,36,1652,796.666667,796.666667,false,true,556.416667,1771.000000,447.115000
OZD,baseline_b,2025-12,2026-03,3,2026-01-01,recent,649.000000,681.500000,1296.500000,0.000000,2121.000000,36,1652,1003.000000,1003.000000,false,true,615.000000,2121.000000,489.140000
OZD,candidate,2025-12,2026-03,3,2026-01-01,recent,906.380068,632.277956,1241.119908,0.000000,1821.841874,36,1652,745.619932,745.619932,false,true,608.841952,1821.841874,447.233893
OZD,baseline_a,2026-01,2026-02,1,2026-02-01,recent,1126.666667,881.250000,1358.333333,391.833333,1980.166667,36,2011,884.333333,884.333333,false,false,477.083333,1588.333334,561.508333
OZD,baseline_b,2026-01,2026-02,1,2026-02-01,recent,486.000000,528.000000,1214.750000,0.000000,1958.000000,36,2011,1525.000000,1525.000000,false,false,686.750000,1958.000000,791.695000
OZD,candidate,2026-01,2026-02,1,2026-02-01,recent,1228.291547,996.993473,1481.856028,620.398571,2066.811194,36,2011,782.708453,782.708453,false,true,484.862555,1446.412623,474.542040
OZD,baseline_a,2026-01,2026-04,3,2026-02-01,recent,1126.666667,963.666667,1578.166667,301.833333,2072.833333,36,1002,-124.666667,124.666667,true,true,614.500000,1771.000000,157.223333
OZD,baseline_b,2026-01,2026-04,3,2026-02-01,recent,823.000000,865.000000,1551.750000,0.000000,2295.000000,36,1002,179.000000,179.000000,true,true,686.750000,2295.000000,196.275000
OZD,candidate,2026-01,2026-04,3,2026-02-01,recent,1304.579662,1030.477550,1732.392258,284.577572,2220.041469,36,1002,-302.579662,302.579662,false,true,701.914708,1935.463897,219.516979
OZD,baseline_a,2026-02,2026-03,1,2026-03-01,recent,1577.000000,1331.583333,1831.833333,842.166667,2474.333333,36,1652,75.000000,75.000000,true,true,500.250000,1632.166666,130.311667
OZD,baseline_b,2026-02,2026-03,1,2026-03-01,recent,649.000000,691.000000,1484.500000,0.000000,2201.000000,36,1652,1003.000000,1003.000000,false,true,793.500000,2201.000000,434.990000
OZD,candidate,2026-02,2026-03,1,2026-03-01,recent,1835.573599,1604.275525,2130.223127,1227.680622,2694.318122,36,1652,-183.573599,183.573599,true,true,525.947602,1466.637500,147.974980
OZD,baseline_a,2026-02,2026-05,3,2026-03-01,recent,1577.000000,1414.000000,2153.750000,752.166667,2574.666667,36,863,-714.000000,714.000000,false,true,739.750000,1822.500000,510.075000
OZD,baseline_b,2026-02,2026-05,3,2026-03-01,recent,850.000000,892.000000,1685.500000,0.000000,2402.000000,36,863,13.000000,13.000000,false,true,793.500000,2402.000000,189.630000
OZD,candidate,2026-02,2026-05,3,2026-03-01,recent,1788.843488,1514.741376,2260.021801,768.841399,2949.912041,36,863,-925.843488,925.843488,false,true,745.280425,2181.070642,607.636116
OZD,baseline_a,2026-03,2026-04,1,2026-04-01,recent,1809.666667,1564.250000,2064.500000,1074.833333,2707.000000,36,1002,-807.666667,807.666667,false,false,500.250000,1632.166667,530.878333
OZD,baseline_b,2026-03,2026-04,1,2026-04-01,recent,823.000000,901.000000,1846.750000,0.000000,2375.000000,36,1002,179.000000,179.000000,true,true,945.750000,2375.000000,225.375000
OZD,candidate,2026-03,2026-04,1,2026-04-01,recent,1630.553710,1399.255636,1925.203238,1022.660734,2489.298233,36,1002,-628.553710,628.553710,false,false,525.947602,1466.637499,404.137550
OZD,baseline_a,2026-03,2026-06,3,2026-04-01,recent,1809.666667,1646.666667,2461.083333,984.833333,2807.333333,36,1693,-116.666667,116.666667,true,true,814.416666,1822.500000,177.675000
OZD,baseline_b,2026-03,2026-06,3,2026-04-01,recent,979.000000,1057.000000,2002.750000,85.500000,2531.000000,36,1693,714.000000,714.000000,true,true,945.750000,2445.500000,335.195000
OZD,candidate,2026-03,2026-06,3,2026-04-01,recent,1398.064616,1123.962504,1902.199455,378.062526,2559.133168,36,1693,294.935384,294.935384,true,true,778.236951,2181.070642,224.053598
OZD,baseline_a,2026-04,2026-05,1,2026-05-01,recent,1555.000000,1294.416667,1809.833333,727.000000,2452.333333,36,863,-692.000000,692.000000,false,true,515.416666,1725.333333,431.521667
OZD,baseline_b,2026-04,2026-05,1,2026-05-01,recent,850.000000,943.000000,1873.750000,0.000000,2402.000000,36,863,13.000000,13.000000,false,true,930.750000,2402.000000,223.755000
OZD,candidate,2026-04,2026-05,1,2026-05-01,recent,1278.683979,957.488524,1573.333507,639.855590,2137.428502,36,863,-415.683979,415.683979,false,true,615.844983,1497.572912,242.419620
OZD,baseline_a,2026-04,2026-07,3,2026-05-01,recent,1555.000000,1392.000000,2206.416667,730.166667,2552.666667,36,972,-583.000000,583.000000,false,true,814.416667,1822.500000,438.941667
OZD,baseline_b,2026-04,2026-07,3,2026-05-01,recent,945.000000,1038.000000,1968.750000,51.500000,2497.000000,36,972,27.000000,27.000000,false,true,930.750000,2445.500000,222.695000
OZD,candidate,2026-04,2026-07,3,2026-05-01,recent,1139.385742,852.957264,1643.520581,119.383652,2300.454294,36,972,-167.385742,167.385742,true,true,790.563317,2181.070642,199.776306
OZD,baseline_a,2026-05,2026-06,1,2026-06-01,recent,1172.333333,835.166667,1427.166667,344.333333,2069.666667,36,1693,520.666667,520.666667,false,true,592.000000,1725.333334,338.680000
OZD,baseline_b,2026-05,2026-06,1,2026-06-01,recent,979.000000,1052.000000,2002.750000,85.500000,2531.000000,36,1693,714.000000,714.000000,true,true,950.750000,2445.500000,335.695000
OZD,candidate,2026-05,2026-06,1,2026-06-01,recent,849.395149,480.315447,1144.044677,210.566759,1708.139672,36,1693,843.604851,843.604851,false,true,663.729230,1497.572913,514.578939
OZD,baseline_a,2026-05,2026-08,3,2026-06-01,recent,1172.333333,949.583333,1823.750000,274.000000,2170.000000,36,1017,-155.333333,155.333333,true,true,874.166667,1896.000000,194.323333
OZD,baseline_b,2026-05,2026-08,3,2026-06-01,recent,492.000000,565.000000,1515.750000,0.000000,2044.000000,36,1017,525.000000,525.000000,true,true,950.750000,2044.000000,281.835000
OZD,candidate,2026-05,2026-08,3,2026-06-01,recent,806.606353,511.586782,1310.741193,0.000000,1967.674906,36,1017,210.393647,210.393647,true,true,799.154411,1967.674906,200.701167
OZD,baseline_a,2026-06,2026-07,1,2026-07-01,recent,1186.000000,848.833333,1513.500000,358.000000,2083.333333,36,972,-214.000000,214.000000,true,true,664.666667,1725.333333,178.280000
OZD,baseline_b,2026-06,2026-07,1,2026-07-01,recent,945.000000,1018.000000,1968.750000,51.500000,2497.000000,36,972,27.000000,27.000000,false,true,950.750000,2445.500000,216.695000
OZD,candidate,2026-06,2026-07,1,2026-07-01,recent,1341.796805,972.717104,1654.893672,702.968415,2230.989527,36,972,-369.796805,369.796805,false,true,682.176568,1528.021112,203.584704
OZD,baseline_a,2026-07,2026-08,1,2026-08-01,recent,1176.000000,838.833333,1503.500000,348.000000,2073.333333,36,1017,-159.000000,159.000000,true,true,664.666667,1725.333333,167.280000
OZD,baseline_b,2026-07,2026-08,1,2026-08-01,recent,492.000000,515.500000,1515.750000,0.000000,2044.000000,36,1017,525.000000,525.000000,true,true,1000.250000,2044.000000,286.785000
OZD,candidate,2026-07,2026-08,1,2026-08-01,recent,990.540263,617.972905,1303.637130,351.711873,1879.732985,36,1017,26.459737,26.459737,true,true,685.664225,1528.021112,134.979214
PYX,baseline_a,2021-10,2022-01,3,2021-11-01,development,0.000000,0.000000,0.666667,0.000000,1.300000,32,1,1.000000,1.000000,false,true,0.666667,1.300000,0.452000
PYX,baseline_b,2021-10,2022-01,3,2021-11-01,development,1.000000,0.000000,2.000000,0.000000,2.000000,32,1,0.000000,0.000000,true,true,2.000000,2.000000,0.280000
PYX,candidate,2021-10,2022-01,3,2021-11-01,development,0.763962,0.108011,1.365423,0.000000,2.125547,32,1,0.236038,0.236038,true,true,1.257412,2.125547,0.257971
PYX,baseline_a,2021-11,2022-02,3,2021-12-01,development,0.333333,0.000000,1.000000,0.000000,1.600000,33,0,-0.333333,0.333333,true,true,1.000000,1.600000,0.230667
PYX,baseline_b,2021-11,2022-02,3,2021-12-01,development,0.000000,0.000000,1.000000,0.000000,1.000000,33,0,0.000000,0.000000,true,true,1.000000,1.000000,0.140000
PYX,candidate,2021-11,2022-02,3,2021-12-01,development,0.772033,0.116289,1.365335,0.000000,2.100559,33,0,-0.772033,0.772033,false,true,1.249046,2.100559,0.409849
PYX,baseline_a,2021-12,2022-01,1,2022-01-01,development,0.333333,0.000000,1.000000,0.000000,1.500000,36,1,0.666667,0.666667,true,true,1.000000,1.500000,0.293333
PYX,baseline_b,2021-12,2022-01,1,2022-01-01,development,1.000000,0.000000,2.000000,0.000000,2.000000,36,1,0.000000,0.000000,true,true,2.000000,2.000000,0.280000
PYX,candidate,2021-12,2022-01,1,2022-01-01,development,0.728757,0.099178,1.368296,0.000000,1.992180,36,1,0.271243,0.271243,true,true,1.269118,1.992180,0.260848
PYX,baseline_a,2021-12,2022-03,3,2022-01-01,development,0.333333,0.000000,1.000000,0.000000,1.566667,34,1,0.666667,0.666667,true,true,1.000000,1.566667,0.296000
PYX,baseline_b,2021-12,2022-03,3,2022-01-01,development,1.000000,0.000000,2.000000,0.000000,2.000000,34,1,0.000000,0.000000,true,true,2.000000,2.000000,0.280000
PYX,candidate,2021-12,2022-03,3,2022-01-01,development,0.711501,0.063860,1.274369,0.000000,2.006967,34,1,0.288499,0.288499,true,true,1.210509,2.006967,0.259029
PYX,baseline_a,2022-01,2022-02,1,2022-02-01,development,0.666667,0.000000,1.333333,0.000000,1.833333,36,0,-0.666667,0.666667,true,true,1.333333,1.833333,0.340000
PYX,baseline_b,2022-01,2022-02,1,2022-02-01,development,0.000000,0.000000,1.000000,0.000000,1.000000,36,0,0.000000,0.000000,true,true,1.000000,1.000000,0.140000
PYX,candidate,2022-01,2022-02,1,2022-02-01,development,0.739663,0.110083,1.379202,0.000000,2.003085,36,0,-0.739663,0.739663,false,true,1.269119,2.003085,0.399001
PYX,baseline_a,2022-01,2022-04,3,2022-02-01,development,0.666667,0.000000,1.333333,0.000000,1.866667,35,0,-0.666667,0.666667,true,true,1.333333,1.866667,0.341333
PYX,baseline_b,2022-01,2022-04,3,2022-02-01,development,1.000000,0.000000,2.000000,0.000000,2.000000,35,0,-1.000000,1.000000,true,true,2.000000,2.000000,0.480000
PYX,candidate,2022-01,2022-04,3,2022-02-01,development,0.307788,0.000000,0.840222,0.000000,1.570195,35,0,-0.307788,0.307788,true,true,0.840222,1.570195,0.208388
PYX,baseline_a,2022-02,2022-03,1,2022-03-01,development,0.333333,0.000000,1.000000,0.000000,1.500000,36,1,0.666667,0.666667,true,true,1.000000,1.500000,0.293333
PYX,baseline_b,2022-02,2022-03,1,2022-03-01,development,1.000000,0.000000,2.000000,0.000000,2.000000,36,1,0.000000,0.000000,true,true,2.000000,2.000000,0.280000
PYX,candidate,2022-02,2022-03,1,2022-03-01,development,0.973130,0.298505,1.507448,0.069219,2.236552,36,1,0.026870,0.026870,true,true,1.208943,2.167333,0.212962
PYX,baseline_a,2022-02,2022-05,3,2022-03-01,development,0.333333,0.000000,1.000000,0.000000,1.500000,36,0,-0.333333,0.333333,true,true,1.000000,1.500000,0.226667
PYX,baseline_b,2022-02,2022-05,3,2022-03-01,development,2.000000,1.000000,3.000000,0.500000,3.000000,36,0,-2.000000,2.000000,false,false,2.000000,2.500000,1.300000
PYX,candidate,2022-02,2022-05,3,2022-03-01,development,0.577411,0.000000,1.079411,0.000000,1.806758,36,0,-0.577411,0.577411,true,true,1.079411,1.806758,0.295694
PYX,baseline_a,2022-03,2022-04,1,2022-04-01,development,0.666667,0.000000,1.333333,0.000000,1.833333,36,0,-0.666667,0.666667,true,true,1.333333,1.833333,0.340000
PYX,baseline_b,2022-03,2022-04,1,2022-04-01,development,1.000000,0.000000,1.250000,0.000000,2.000000,36,0,-1.000000,1.000000,true,true,1.250000,2.000000,0.405000
PYX,candidate,2022-03,2022-04,1,2022-04-01,development,0.491215,0.000000,1.025534,0.000000,1.754638,36,0,-0.491215,0.491215,true,true,1.025534,1.754638,0.270982
PYX,baseline_a,2022-03,2022-06,3,2022-04-01,development,0.666667,0.000000,1.333333,0.000000,1.833333,36,1,0.333333,0.333333,true,true,1.333333,1.833333,0.273333
PYX,baseline_b,2022-03,2022-06,3,2022-04-01,development,0.000000,0.000000,0.250000,0.000000,1.000000,36,1,1.000000,1.000000,false,true,0.250000,1.000000,0.565000
PYX,candidate,2022-03,2022-06,3,2022-04-01,development,0.300105,0.000000,0.802105,0.000000,1.529452,36,1,0.699895,0.699895,false,true,0.802105,1.529452,0.360526
PYX,baseline_a,2022-04,2022-05,1,2022-05-01,development,0.333333,0.000000,1.000000,0.000000,1.500000,36,0,-0.333333,0.333333,true,true,1.000000,1.500000,0.226667
PYX,baseline_b,2022-04,2022-05,1,2022-05-01,development,2.000000,1.000000,2.250000,0.500000,3.000000,36,0,-2.000000,2.000000,false,false,1.250000,2.500000,1.225000
PYX,candidate,2022-04,2022-05,1,2022-05-01,development,0.567229,0.000000,1.101548,0.000000,1.830652,36,0,-0.567229,0.567229,true,true,1.101548,1.830652,0.296827
PYX,baseline_a,2022-04,2022-07,3,2022-05-01,development,0.333333,0.000000,1.000000,0.000000,1.500000,36,0,-0.333333,0.333333,true,true,1.000000,1.500000,0.226667
PYX,baseline_b,2022-04,2022-07,3,2022-05-01,development,1.000000,0.000000,1.250000,0.000000,2.000000,36,0,-1.000000,1.000000,true,true,1.250000,2.000000,0.405000
PYX,candidate,2022-04,2022-07,3,2022-05-01,development,0.611775,0.000000,1.113776,0.000000,1.841122,36,0,-0.611775,0.611775,true,true,1.113776,1.841122,0.307377
PYX,baseline_a,2022-05,2022-06,1,2022-06-01,development,0.333333,0.000000,1.000000,0.000000,1.500000,36,1,0.666667,0.666667,true,true,1.000000,1.500000,0.293333
PYX,baseline_b,2022-05,2022-06,1,2022-06-01,development,0.000000,0.000000,0.250000,0.000000,1.000000,36,1,1.000000,1.000000,false,true,0.250000,1.000000,0.565000
PYX,candidate,2022-05,2022-06,1,2022-06-01,development,0.032679,0.000000,0.566998,0.000000,1.296102,36,1,0.967321,0.967321,false,true,0.566998,1.296102,0.475209
PYX,baseline_a,2022-05,2022-08,3,2022-06-01,development,0.333333,0.000000,1.000000,0.000000,1.500000,36,0,-0.333333,0.333333,true,true,1.000000,1.500000,0.226667
PYX,baseline_b,2022-05,2022-08,3,2022-06-01,development,0.000000,0.000000,0.250000,0.000000,1.000000,36,0,0.000000,0.000000,true,true,0.250000,1.000000,0.065000
PYX,candidate,2022-05,2022-08,3,2022-06-01,development,0.000000,0.000000,0.502000,0.000000,1.229347,36,0,0.000000,0.000000,true,true,0.502000,1.229347,0.099374
PYX,baseline_a,2022-06,2022-07,1,2022-07-01,development,0.333333,0.000000,1.000000,0.000000,1.500000,36,0,-0.333333,0.333333,true,true,1.000000,1.500000,0.226667
PYX,baseline_b,2022-06,2022-07,1,2022-07-01,development,1.000000,0.000000,1.250000,0.000000,2.000000,36,0,-1.000000,1.000000,true,true,1.250000,2.000000,0.405000
PYX,candidate,2022-06,2022-07,1,2022-07-01,development,0.611220,0.004674,1.145538,0.000000,1.874642,36,0,-0.611220,0.611220,false,true,1.140864,1.874642,0.313186
PYX,baseline_a,2022-06,2022-09,3,2022-07-01,development,0.333333,0.000000,1.000000,0.000000,1.500000,36,1,0.666667,0.666667,true,true,1.000000,1.500000,0.293333
PYX,baseline_b,2022-06,2022-09,3,2022-07-01,development,0.000000,0.000000,0.250000,0.000000,1.000000,36,1,1.000000,1.000000,false,true,0.250000,1.000000,0.565000
PYX,candidate,2022-06,2022-09,3,2022-07-01,development,0.509574,0.000000,1.111035,0.000000,1.738921,36,1,0.490426,0.490426,true,true,1.111035,1.738921,0.278746
PYX,baseline_a,2022-07,2022-08,1,2022-08-01,development,0.333333,0.000000,1.000000,0.000000,1.500000,36,0,-0.333333,0.333333,true,true,1.000000,1.500000,0.226667
PYX,baseline_b,2022-07,2022-08,1,2022-08-01,development,0.000000,0.000000,0.250000,0.000000,1.000000,36,0,0.000000,0.000000,true,true,0.250000,1.000000,0.065000
PYX,candidate,2022-07,2022-08,1,2022-08-01,development,0.036867,0.000000,0.571186,0.000000,1.300290,36,0,-0.036867,0.036867,true,true,0.571186,1.300290,0.116504
PYX,baseline_a,2022-07,2022-10,3,2022-08-01,development,0.333333,0.000000,1.000000,0.000000,1.500000,36,3,2.666667,2.666667,false,false,1.000000,1.500000,2.093333
PYX,baseline_b,2022-07,2022-10,3,2022-08-01,development,0.000000,0.000000,0.250000,0.000000,1.000000,36,3,3.000000,3.000000,false,false,0.250000,1.000000,2.565000
PYX,candidate,2022-07,2022-10,3,2022-08-01,development,0.219393,0.000000,0.820855,0.000000,1.448740,36,3,2.780607,2.780607,false,false,0.820855,1.448740,2.188319
PYX,baseline_a,2022-08,2022-09,1,2022-09-01,development,0.333333,0.000000,1.000000,0.000000,1.500000,36,1,0.666667,0.666667,true,true,1.000000,1.500000,0.293333
PYX,baseline_b,2022-08,2022-09,1,2022-09-01,development,0.000000,0.000000,0.250000,0.000000,1.000000,36,1,1.000000,1.000000,false,true,0.250000,1.000000,0.565000
PYX,candidate,2022-08,2022-09,1,2022-09-01,development,0.228130,0.000000,0.762449,0.000000,1.491553,36,1,0.771870,0.771870,false,true,0.762449,1.491553,0.385301
PYX,baseline_a,2022-08,2022-11,3,2022-09-01,development,0.333333,0.000000,1.000000,0.000000,1.500000,36,0,-0.333333,0.333333,true,true,1.000000,1.500000,0.226667
PYX,baseline_b,2022-08,2022-11,3,2022-09-01,development,1.000000,0.000000,1.250000,0.000000,2.000000,36,0,-1.000000,1.000000,true,true,1.250000,2.000000,0.405000
PYX,candidate,2022-08,2022-11,3,2022-09-01,development,0.623532,0.008867,1.224994,0.000000,1.852879,36,0,-0.623532,0.623532,false,true,1.216127,1.852879,0.323981
PYX,baseline_a,2022-09,2022-10,1,2022-10-01,development,0.333333,0.000000,1.000000,0.000000,1.333333,36,3,2.666667,2.666667,false,false,1.000000,1.333333,2.153334
PYX,baseline_b,2022-09,2022-10,1,2022-10-01,development,0.000000,0.000000,0.250000,0.000000,1.000000,36,3,3.000000,3.000000,false,false,0.250000,1.000000,2.565000
PYX,candidate,2022-09,2022-10,1,2022-10-01,development,0.255141,0.000000,0.789460,0.000000,1.334829,36,3,2.744859,2.744859,false,false,0.789460,1.334829,2.231595
PYX,baseline_a,2022-09,2022-12,3,2022-10-01,development,0.333333,0.000000,1.000000,0.000000,1.333333,36,2,1.666667,1.666667,false,false,1.000000,1.333333,1.153334
PYX,baseline_b,2022-09,2022-12,3,2022-10-01,development,0.000000,0.000000,0.250000,0.000000,1.000000,36,2,2.000000,2.000000,false,false,0.250000,1.000000,1.565000
PYX,candidate,2022-09,2022-12,3,2022-10-01,development,0.177291,0.000000,0.693436,0.000000,1.132431,36,2,1.822709,1.822709,false,false,0.693436,1.132431,1.348836
PYX,baseline_a,2022-10,2022-11,1,2022-11-01,development,1.333333,0.666667,2.000000,0.000000,2.500000,36,0,-1.333333,1.333333,false,true,1.333333,2.500000,0.766667
PYX,baseline_b,2022-10,2022-11,1,2022-11-01,development,1.000000,0.000000,1.250000,0.000000,2.000000,36,0,-1.000000,1.000000,true,true,1.250000,2.000000,0.405000
PYX,candidate,2022-10,2022-11,1,2022-11-01,development,1.019535,0.414243,1.553853,0.232407,2.099223,36,0,-1.019535,1.019535,false,false,1.139610,1.866816,0.651201
PYX,baseline_a,2022-10,2023-01,3,2022-11-01,development,1.333333,0.666667,2.000000,0.166667,2.333333,36,0,-1.333333,1.333333,false,false,1.333333,2.166666,0.820000
PYX,baseline_b,2022-10,2023-01,3,2022-11-01,development,1.000000,0.000000,1.250000,0.000000,2.000000,36,0,-1.000000,1.000000,true,true,1.250000,2.000000,0.405000
PYX,candidate,2022-10,2023-01,3,2022-11-01,development,0.963792,0.349127,1.479937,0.208816,1.918932,36,0,-0.963792,0.963792,false,false,1.130810,1.710116,0.597421
PYX,baseline_a,2022-11,2022-12,1,2022-12-01,development,1.333333,0.666667,2.000000,0.000000,2.500000,36,2,0.666667,0.666667,true,true,1.333333,2.500000,0.366667
PYX,baseline_b,2022-11,2022-12,1,2022-12-01,development,0.000000,0.000000,0.250000,0.000000,1.000000,36,2,2.000000,2.000000,false,false,0.250000,1.000000,1.565000
PYX,candidate,2022-11,2022-12,1,2022-12-01,development,0.378270,0.000000,0.912589,0.000000,1.457958,36,2,1.621730,1.621730,false,false,0.912589,1.457958,1.125704
PYX,baseline_a,2022-11,2023-02,3,2022-12-01,development,1.333333,0.666667,2.000000,0.166667,2.333333,36,1,-0.333333,0.333333,true,true,1.333333,2.166666,0.286667
PYX,baseline_b,2022-11,2023-02,3,2022-12-01,development,0.000000,0.000000,0.250000,0.000000,1.000000,36,1,1.000000,1.000000,false,true,0.250000,1.000000,0.565000
PYX,candidate,2022-11,2023-02,3,2022-12-01,development,0.772847,0.158182,1.288992,0.073514,1.727986,36,1,0.227153,0.227153,true,true,1.130810,1.654472,0.224690
PYX,baseline_a,2022-12,2023-01,1,2023-01-01,development,1.666667,1.250000,2.333333,0.333333,2.833333,36,0,-1.666667,1.666667,false,false,1.083333,2.500000,1.175000
PYX,baseline_b,2022-12,2023-01,1,2023-01-01,development,1.000000,0.000000,2.000000,0.000000,2.500000,36,0,-1.000000,1.000000,true,true,2.000000,2.500000,0.500000
PYX,candidate,2022-12,2023-01,1,2023-01-01,development,0.882545,0.277254,1.546590,0.095418,2.289438,36,0,-0.882545,0.882545,false,false,1.269336,2.194020,0.540272
PYX,baseline_a,2022-12,2023-03,3,2023-01-01,development,1.666667,1.000000,2.333333,0.500000,2.833333,36,3,1.333333,1.333333,false,false,1.333333,2.333333,0.826667
PYX,baseline_b,2022-12,2023-03,3,2023-01-01,development,1.000000,0.000000,2.000000,0.000000,2.500000,36,3,2.000000,2.000000,false,false,2.000000,2.500000,1.300000
PYX,candidate,2022-12,2023-03,3,2023-01-01,development,0.985205,0.399203,1.586667,0.285873,2.428584,36,3,2.014795,2.014795,false,false,1.187464,2.142711,1.401313
PYX,baseline_a,2023-01,2023-02,1,2023-02-01,development,0.666667,0.000000,1.333333,0.000000,1.833333,36,1,0.333333,0.333333,true,true,1.333333,1.833333,0.273333
PYX,baseline_b,2023-01,2023-02,1,2023-02-01,development,0.000000,0.000000,1.000000,0.000000,1.500000,36,1,1.000000,1.000000,true,true,1.000000,1.500000,0.360000
PYX,candidate,2023-01,2023-02,1,2023-02-01,development,0.658533,0.046059,1.322577,0.000000,2.065426,36,1,0.341467,0.341467,true,true,1.276518,2.065426,0.278562
PYX,baseline_a,2023-01,2023-04,3,2023-02-01,development,0.666667,0.000000,1.333333,0.000000,1.833333,36,1,0.333333,0.333333,true,true,1.333333,1.833333,0.273333
PYX,baseline_b,2023-01,2023-04,3,2023-02-01,development,0.000000,0.000000,1.000000,0.000000,1.500000,36,1,1.000000,1.000000,true,true,1.000000,1.500000,0.360000
PYX,candidate,2023-01,2023-04,3,2023-02-01,development,0.342230,0.000000,0.943692,0.000000,1.785609,36,1,0.657770,0.657770,false,true,0.943692,1.785609,0.319871
PYX,baseline_a,2023-02,2023-03,1,2023-03-01,development,1.000000,0.333333,1.666667,0.000000,2.000000,36,3,2.000000,2.000000,false,false,1.333334,2.000000,1.546667
PYX,baseline_b,2023-02,2023-03,1,2023-03-01,development,1.000000,0.000000,2.000000,0.000000,2.500000,36,3,2.000000,2.000000,false,false,2.000000,2.500000,1.300000
PYX,candidate,2023-02,2023-03,1,2023-03-01,development,0.885542,0.273068,1.419861,0.026973,2.180068,36,3,2.114458,2.114458,false,false,1.146793,2.153095,1.583723
PYX,baseline_a,2023-02,2023-05,3,2023-03-01,development,1.000000,0.333333,1.666667,0.000000,2.166667,36,6,5.000000,5.000000,false,false,1.333334,2.166667,4.486666
PYX,baseline_b,2023-02,2023-05,3,2023-03-01,development,0.000000,0.000000,1.000000,0.000000,1.500000,36,6,6.000000,6.000000,false,false,1.000000,1.500000,5.160000
PYX,candidate,2023-02,2023-05,3,2023-03-01,development,0.449430,0.000000,0.965575,0.000000,1.783900,36,6,5.550570,5.550570,false,false,0.965575,1.783900,4.978238
PYX,baseline_a,2023-03,2023-04,1,2023-04-01,development,1.333333,0.666667,2.000000,0.000000,2.333333,36,1,-0.333333,0.333333,true,true,1.333333,2.333333,0.293333
PYX,baseline_b,2023-03,2023-04,1,2023-04-01,development,0.000000,0.000000,1.000000,0.000000,1.500000,36,1,1.000000,1.000000,true,true,1.000000,1.500000,0.360000
PYX,candidate,2023-03,2023-04,1,2023-04-01,development,0.440788,0.000000,0.975107,0.000000,1.735314,36,1,0.559212,0.559212,false,true,0.975107,1.735314,0.288723
PYX,baseline_a,2023-03,2023-06,3,2023-04-01,development,1.333333,0.666667,2.000000,0.000000,2.500000,36,2,0.666667,0.666667,true,true,1.333333,2.500000,0.366667
PYX,baseline_b,2023-03,2023-06,3,2023-04-01,development,1.000000,0.000000,2.000000,0.000000,2.500000,36,2,1.000000,1.000000,true,true,2.000000,2.500000,0.500000
PYX,candidate,2023-03,2023-06,3,2023-04-01,development,0.496621,0.000000,1.012766,0.000000,1.831091,36,2,1.503379,1.503379,false,false,1.012766,1.831091,0.937653
PYX,baseline_a,2023-04,2023-05,1,2023-05-01,development,1.666667,1.250000,2.333333,0.333333,2.666667,36,6,4.333333,4.333333,false,false,1.083333,2.333334,3.868333
PYX,baseline_b,2023-04,2023-05,1,2023-05-01,development,0.000000,0.000000,1.000000,0.000000,1.500000,36,6,6.000000,6.000000,false,false,1.000000,1.500000,5.160000
PYX,candidate,2023-04,2023-05,1,2023-05-01,development,0.611540,0.006249,1.187974,0.000000,1.906065,36,6,5.388460,5.388460,false,false,1.181725,1.906065,4.834492
PYX,baseline_a,2023-04,2023-07,3,2023-05-01,development,1.666667,1.000000,2.333333,0.333333,2.833333,36,3,1.333333,1.333333,false,false,1.333333,2.500000,0.833333
PYX,baseline_b,2023-04,2023-07,3,2023-05-01,development,0.000000,0.000000,1.000000,0.000000,1.500000,36,3,3.000000,3.000000,false,false,1.000000,1.500000,2.160000
PYX,candidate,2023-04,2023-07,3,2023-05-01,development,0.753233,0.138568,1.354694,0.000000,2.087703,36,3,2.246767,2.246767,false,false,1.216126,2.087703,1.677515
PYX,baseline_a,2023-05,2023-06,1,2023-06-01,development,3.333333,3.000000,4.000000,2.166667,4.500000,36,2,-1.333333,1.333333,false,false,1.000000,2.333333,0.926667
PYX,baseline_b,2023-05,2023-06,1,2023-06-01,development,1.000000,0.000000,2.000000,0.000000,3.000000,36,2,1.000000,1.000000,true,true,2.000000,3.000000,0.520000
PYX,candidate,2023-05,2023-06,1,2023-06-01,development,0.942277,0.366027,1.606322,0.202926,2.661311,36,2,1.057723,1.057723,false,true,1.240295,2.458385,0.591381
PYX,baseline_a,2023-05,2023-08,3,2023-06-01,development,3.333333,2.666667,4.000000,2.000000,4.666667,36,10,6.666667,6.666667,false,false,1.333333,2.666667,6.106667
PYX,baseline_b,2023-05,2023-08,3,2023-06-01,development,0.000000,0.000000,1.000000,0.000000,2.000000,36,10,10.000000,10.000000,false,false,1.000000,2.000000,8.980000
PYX,candidate,2023-05,2023-08,3,2023-06-01,development,1.000947,0.386282,1.634845,0.245971,2.873016,36,10,8.999053,8.999053,false,false,1.248563,2.627045,8.226604
PYX,baseline_a,2023-06,2023-07,1,2023-07-01,development,3.000000,2.666667,3.666667,1.833333,4.166667,36,3,0.000000,0.000000,true,true,1.000000,2.333334,0.193333
PYX,baseline_b,2023-06,2023-07,1,2023-07-01,development,0.000000,0.000000,1.000000,0.000000,2.000000,36,3,3.000000,3.000000,false,false,1.000000,2.000000,1.980000
PYX,candidate,2023-06,2023-07,1,2023-07-01,development,1.532083,0.955832,2.329609,0.792732,3.251116,36,3,1.467917,1.467917,false,true,1.373777,2.458384,0.797453
PYX,baseline_a,2023-06,2023-09,3,2023-07-01,development,3.000000,2.583333,3.666667,1.833333,4.333333,36,12,9.000000,9.000000,false,false,1.083334,2.500000,8.408333
PYX,baseline_b,2023-06,2023-09,3,2023-07-01,development,1.000000,0.000000,2.000000,0.000000,3.000000,36,12,11.000000,11.000000,false,false,2.000000,3.000000,10.120000
PYX,candidate,2023-06,2023-09,3,2023-07-01,development,2.066763,1.480761,2.735064,1.367431,3.938831,36,12,9.933237,9.933237,false,false,1.254303,2.571400,9.145376
PYX,baseline_a,2023-07,2023-08,1,2023-08-01,development,3.666667,3.333333,4.333333,2.500000,4.833333,36,10,6.333333,6.333333,false,false,1.000000,2.333333,5.793334
PYX,baseline_b,2023-07,2023-08,1,2023-08-01,development,0.000000,0.000000,1.000000,0.000000,2.000000,36,10,10.000000,10.000000,false,false,1.000000,2.000000,8.980000
PYX,candidate,2023-07,2023-08,1,2023-08-01,development,1.482468,0.972249,2.363432,0.777834,3.201501,36,10,8.517532,8.517532,false,false,1.391183,2.423667,7.713598
PYX,baseline_a,2023-07,2023-10,3,2023-08-01,development,3.666667,3.333333,4.416667,2.666667,5.000000,36,17,13.333333,13.333333,false,false,1.083334,2.333333,12.701667
PYX,baseline_b,2023-07,2023-10,3,2023-08-01,development,3.000000,2.000000,4.000000,1.500000,5.000000,36,17,14.000000,14.000000,false,false,2.000000,3.500000,13.140000
PYX,candidate,2023-07,2023-10,3,2023-08-01,development,3.086747,2.571774,3.806670,2.428089,5.054858,36,17,13.913253,13.913253,false,false,1.234896,2.626769,13.066600
PYX,baseline_a,2023-08,2023-09,1,2023-09-01,development,5.000000,4.666667,5.666667,3.833333,6.666667,36,12,7.000000,7.000000,false,false,1.000000,2.833334,6.280000
PYX,baseline_b,2023-08,2023-09,1,2023-09-01,development,1.000000,0.000000,2.000000,0.000000,3.500000,36,12,11.000000,11.000000,false,false,2.000000,3.500000,9.940000
PYX,candidate,2023-08,2023-09,1,2023-09-01,development,5.127672,4.617453,6.044779,4.423039,7.093070,36,12,6.872328,6.872328,false,false,1.427326,2.670031,5.968860
PYX,baseline_a,2023-08,2023-11,3,2023-09-01,development,5.000000,4.666667,6.000000,4.166667,6.500000,36,16,11.000000,11.000000,false,false,1.333333,2.333333,10.226667
PYX,baseline_b,2023-08,2023-11,3,2023-09-01,development,0.000000,0.000000,1.000000,0.000000,2.500000,36,16,16.000000,16.000000,false,false,1.000000,2.500000,14.800000
PYX,candidate,2023-08,2023-11,3,2023-09-01,development,10.336589,9.860545,11.133154,9.677931,12.467370,36,16,5.663411,5.663411,false,false,1.272609,2.789439,4.731311
PYX,baseline_a,2023-09,2023-10,1,2023-10-01,development,8.333333,8.000000,9.000000,7.166667,10.666667,36,17,8.666667,8.666667,false,false,1.000000,3.500000,7.706667
PYX,baseline_b,2023-09,2023-10,1,2023-10-01,development,3.000000,2.000000,4.000000,1.500000,6.000000,36,17,14.000000,14.000000,false,false,2.000000,4.500000,12.780000
PYX,candidate,2023-09,2023-10,1,2023-10-01,development,8.529468,8.019250,9.519390,7.824835,10.959127,36,17,8.470532,8.470532,false,false,1.500140,3.134292,7.378085
PYX,baseline_a,2023-09,2023-12,3,2023-10-01,development,8.333333,8.000000,9.333333,7.500000,10.500000,36,19,10.666667,10.666667,false,false,1.333333,3.000000,9.653333
PYX,baseline_b,2023-09,2023-12,3,2023-10-01,development,2.000000,1.000000,3.000000,0.500000,5.000000,36,19,17.000000,17.000000,false,false,2.000000,4.500000,15.780000
PYX,candidate,2023-09,2023-12,3,2023-10-01,development,13.693432,13.217388,14.703950,13.034775,16.207119,36,19,5.306568,5.306568,false,false,1.486562,3.172344,4.172436
PYX,baseline_a,2023-10,2023-11,1,2023-11-01,development,13.000000,12.666667,13.666667,11.833333,16.500000,36,16,3.000000,3.000000,false,true,1.000000,4.666667,1.820000
PYX,baseline_b,2023-10,2023-11,1,2023-11-01,development,0.000000,0.000000,1.250000,0.000000,4.500000,36,16,16.000000,16.000000,false,false,1.250000,4.500000,14.005000
PYX,candidate,2023-10,2023-11,1,2023-11-01,development,13.406069,12.994474,14.566340,12.701435,17.472728,36,16,2.593931,2.593931,false,true,1.571866,4.771293,1.440289
PYX,baseline_a,2023-11,2023-12,1,2023-12-01,development,15.000000,14.666667,15.750000,13.833333,18.666667,36,19,4.000000,4.000000,false,false,1.083333,4.833334,2.535000
PYX,baseline_b,2023-11,2023-12,1,2023-12-01,development,2.000000,1.750000,4.000000,1.000000,10.000000,36,19,17.000000,17.000000,false,false,2.250000,9.000000,13.585000
PYX,candidate,2023-11,2023-12,1,2023-12-01,development,16.189605,15.778011,17.695975,15.484971,20.256265,36,19,2.810395,2.810395,false,true,1.917964,4.771294,1.466337
PYX,baseline_a,2023-12,2024-01,1,2024-01-01,locked,17.333333,17.000000,18.416667,16.166667,21.500000,36,34,16.666667,16.666667,false,false,1.416667,5.333333,14.921667
PYX,baseline_b,2023-12,2024-01,1,2024-01-01,locked,0.000000,0.000000,2.000000,0.000000,10.500000,36,34,34.000000,34.000000,false,false,2.000000,10.500000,29.620000
PYX,candidate,2023-12,2024-01,1,2024-01-01,locked,25.564830,25.153236,27.235212,24.860196,29.664257,36,34,8.435170,8.435170,false,false,2.081976,4.804061,6.527606
PYX,baseline_a,2023-12,2024-03,3,2024-01-01,locked,17.333333,17.000000,18.666667,16.500000,25.166667,36,34,16.666667,16.666667,false,false,1.666667,8.666667,13.513333
PYX,baseline_b,2023-12,2024-03,3,2024-01-01,locked,3.000000,2.750000,5.000000,2.000000,13.500000,36,34,31.000000,31.000000,false,false,2.250000,11.500000,26.685000
PYX,candidate,2023-12,2024-03,3,2024-01-01,locked,58.063864,57.680692,60.008633,57.405206,63.670854,36,34,-24.063864,24.063864,false,false,2.327941,6.265648,24.130552
PYX,baseline_a,2024-01,2024-02,1,2024-02-01,locked,23.000000,22.666667,24.500000,21.833333,28.333333,36,34,11.000000,11.000000,false,false,1.833333,6.500000,8.710000
PYX,baseline_b,2024-01,2024-02,1,2024-02-01,locked,1.000000,0.750000,3.250000,0.000000,13.500000,36,34,33.000000,33.000000,false,false,2.500000,13.500000,27.890000
PYX,candidate,2024-01,2024-02,1,2024-02-01,locked,36.977717,36.566123,38.868584,36.273083,43.108111,36,34,-2.977717,2.977717,false,false,2.302461,6.835028,3.034873
PYX,baseline_a,2024-01,2024-04,3,2024-02-01,locked,23.000000,22.666667,24.416667,22.166667,32.833333,36,44,21.000000,21.000000,false,false,1.750000,10.666666,17.101667
PYX,baseline_b,2024-01,2024-04,3,2024-02-01,locked,1.000000,0.750000,3.250000,0.000000,13.500000,36,44,43.000000,43.000000,false,false,2.500000,13.500000,37.890000
PYX,candidate,2024-01,2024-04,3,2024-02-01,locked,57.047061,56.663889,59.119849,56.388403,64.378293,36,44,-13.047061,13.047061,false,false,2.455960,7.989890,13.195521
PYX,baseline_a,2024-02,2024-03,1,2024-03-01,locked,29.000000,28.666667,31.166667,27.833333,35.666667,36,34,5.000000,5.000000,false,true,2.500000,7.833334,2.696667
PYX,baseline_b,2024-02,2024-03,1,2024-03-01,locked,3.000000,3.000000,6.000000,2.000000,18.000000,36,34,31.000000,31.000000,false,false,3.000000,16.000000,24.740000
PYX,candidate,2024-02,2024-03,1,2024-03-01,locked,60.788717,60.377123,62.679585,60.084083,66.919111,36,34,-26.788717,26.788717,false,false,2.302462,6.835028,26.845873
PYX,baseline_a,2024-02,2024-05,3,2024-03-01,locked,29.000000,28.666667,30.916667,28.166667,39.833333,36,70,41.000000,41.000000,false,false,2.250000,11.666666,36.591667
PYX,baseline_b,2024-02,2024-05,3,2024-03-01,locked,6.000000,6.000000,9.000000,5.000000,21.000000,36,70,64.000000,64.000000,false,false,3.000000,16.000000,57.740000
PYX,candidate,2024-02,2024-05,3,2024-03-01,locked,92.476211,92.098414,94.548999,91.834072,99.807443,36,70,-22.476211,22.476211,false,false,2.450585,7.973371,22.632230
PYX,baseline_a,2024-03,2024-04,1,2024-04-01,locked,34.000000,33.666667,36.750000,32.833333,40.666667,36,44,10.000000,10.000000,false,false,3.083333,7.833334,6.855000
PYX,baseline_b,2024-03,2024-04,1,2024-04-01,locked,1.000000,1.000000,4.750000,0.000000,17.500000,36,44,43.000000,43.000000,false,false,3.750000,17.500000,35.975000
PYX,candidate,2024-03,2024-04,1,2024-04-01,locked,52.026991,51.516773,53.917858,51.215887,58.157385,36,44,-8.026991,8.026991,false,false,2.401085,6.941498,8.016231
PYX,baseline_a,2024-03,2024-06,3,2024-04-01,locked,34.000000,33.666667,37.250000,33.166667,46.166667,36,31,-3.000000,3.000000,false,false,3.583333,13.000000,3.411667
PYX,baseline_b,2024-03,2024-06,3,2024-04-01,locked,2.000000,2.000000,5.750000,1.000000,18.500000,36,31,29.000000,29.000000,false,false,3.750000,17.500000,21.975000
PYX,candidate,2024-03,2024-06,3,2024-04-01,locked,90.071831,89.645699,92.144619,89.372499,97.403063,36,31,-59.071831,59.071831,false,false,2.498920,8.030564,59.192760
PYX,baseline_a,2024-04,2024-05,1,2024-05-01,locked,37.333333,37.000000,40.583333,36.166667,45.166667,36,70,32.666667,32.666667,false,false,3.583333,9.000000,28.951667
PYX,baseline_b,2024-04,2024-05,1,2024-05-01,locked,6.000000,6.000000,13.000000,5.000000,30.000000,36,70,64.000000,64.000000,false,false,7.000000,25.000000,53.300000
PYX,candidate,2024-04,2024-05,1,2024-05-01,locked,73.169435,72.593185,75.060303,72.218395,79.299829,36,70,-3.169435,3.169435,false,false,2.467118,7.081434,3.088488
PYX,baseline_a,2024-04,2024-07,3,2024-05-01,locked,37.333333,37.000000,42.750000,36.500000,52.333333,36,33,-4.333333,4.333333,false,false,5.750000,15.833333,5.075000
PYX,baseline_b,2024-04,2024-07,3,2024-05-01,locked,3.000000,3.000000,10.000000,2.000000,27.000000,36,33,30.000000,30.000000,false,false,7.000000,25.000000,19.300000
PYX,candidate,2024-04,2024-07,3,2024-05-01,locked,109.139119,108.663075,111.211907,108.384143,116.470351,36,33,-76.139119,76.139119,false,false,2.548832,8.086208,76.225043
PYX,baseline_a,2024-05,2024-06,1,2024-06-01,locked,49.333333,49.000000,53.416667,48.166667,58.666667,36,31,-18.333333,18.333333,false,false,4.416667,10.500000,18.595000
PYX,baseline_b,2024-05,2024-06,1,2024-06-01,locked,2.000000,2.000000,12.250000,1.000000,34.000000,36,31,29.000000,29.000000,false,true,10.250000,33.000000,15.645000
PYX,candidate,2024-05,2024-06,1,2024-06-01,locked,76.480037,75.874745,78.224949,74.481411,82.610431,36,31,-45.480037,45.480037,false,false,2.350204,8.129020,44.998651
PYX,baseline_a,2024-05,2024-08,3,2024-06-01,locked,49.333333,49.000000,56.583333,48.500000,67.166667,36,48,-1.333333,1.333333,false,false,7.583333,18.666667,2.371667
PYX,baseline_b,2024-05,2024-08,3,2024-06-01,locked,10.000000,10.000000,20.250000,9.000000,42.000000,36,48,38.000000,38.000000,false,false,10.250000,33.000000,23.445000
PYX,candidate,2024-05,2024-08,3,2024-06-01,locked,124.534256,123.948254,126.607044,123.666344,131.865488,36,48,-76.534256,76.534256,false,false,2.658790,8.199144,76.546535
PYX,baseline_a,2024-06,2024-07,1,2024-07-01,locked,48.333333,48.000000,52.416667,47.166667,57.666667,36,33,-15.333333,15.333333,false,false,4.416667,10.500000,15.595000
PYX,baseline_b,2024-06,2024-07,1,2024-07-01,locked,3.000000,3.000000,14.750000,2.000000,35.000000,36,33,30.000000,30.000000,false,true,11.750000,33.000000,15.795000
PYX,candidate,2024-06,2024-07,1,2024-07-01,locked,74.534626,73.908810,76.279538,71.461050,80.665020,36,33,-41.534626,41.534626,false,false,2.370728,9.203970,40.660101
PYX,baseline_a,2024-06,2024-09,3,2024-07-01,locked,48.333333,48.000000,55.583333,47.333333,66.166667,36,405,356.666667,356.666667,false,false,7.583333,18.833334,348.145000
PYX,baseline_b,2024-06,2024-09,3,2024-07-01,locked,12.000000,12.000000,23.750000,11.000000,44.000000,36,405,393.000000,393.000000,false,false,11.750000,33.000000,377.995000
PYX,candidate,2024-06,2024-09,3,2024-07-01,locked,115.919057,115.304342,117.991845,108.913630,123.250289,36,405,289.080943,289.080943,false,false,2.687503,14.336659,286.161552
PYX,baseline_a,2024-07,2024-08,1,2024-08-01,locked,44.666667,44.333333,48.750000,43.333333,54.000000,36,48,3.333333,3.333333,true,true,4.416667,10.666667,1.535000
PYX,baseline_b,2024-07,2024-08,1,2024-08-01,locked,10.000000,10.000000,24.500000,9.000000,42.000000,36,48,38.000000,38.000000,false,false,14.500000,33.000000,22.170000
PYX,candidate,2024-07,2024-08,1,2024-08-01,locked,46.399028,45.711908,48.143940,40.800815,52.529422,36,48,1.600972,1.600972,true,true,2.432032,11.728607,1.032542
PYX,baseline_a,2024-07,2024-10,3,2024-08-01,locked,44.666667,44.333333,51.916667,43.500000,62.500000,36,177,132.333333,132.333333,false,false,7.583334,19.000000,123.818333
PYX,baseline_b,2024-07,2024-10,3,2024-08-01,locked,17.000000,17.000000,31.500000,16.000000,49.000000,36,177,160.000000,160.000000,false,false,14.500000,33.000000,144.170000
PYX,candidate,2024-07,2024-10,3,2024-08-01,locked,63.868626,63.235791,65.941414,46.106990,71.199858,36,177,113.131374,113.131374,false,false,2.705623,25.092868,110.644043
PYX,baseline_a,2024-08,2024-09,1,2024-09-01,locked,37.333333,37.000000,41.416667,36.000000,46.666667,36,405,367.666667,367.666667,false,false,4.416667,10.666667,363.168333
PYX,baseline_b,2024-08,2024-09,1,2024-09-01,locked,12.000000,12.000000,28.250000,11.000000,45.500000,36,405,393.000000,393.000000,false,false,16.250000,34.500000,376.105000
PYX,candidate,2024-08,2024-09,1,2024-09-01,locked,58.430087,57.742968,60.174999,52.831874,64.560481,36,405,346.569913,346.569913,false,false,2.432031,11.728607,344.132138
PYX,baseline_a,2024-08,2024-11,3,2024-09-01,locked,37.333333,37.000000,44.583333,36.166667,55.166667,36,70,32.666667,32.666667,false,false,7.583333,19.000000,24.151667
PYX,baseline_b,2024-08,2024-11,3,2024-09-01,locked,16.000000,16.000000,32.250000,15.000000,49.500000,36,70,54.000000,54.000000,false,false,16.250000,34.500000,37.105000
PYX,candidate,2024-08,2024-11,3,2024-09-01,locked,65.637740,64.957701,67.710528,42.367702,72.968972,36,70,4.362260,4.362260,false,true,2.752827,30.601270,3.287574
PYX,baseline_a,2024-09,2024-10,1,2024-10-01,locked,162.000000,161.666667,166.500000,160.666667,172.500000,36,177,15.000000,15.000000,false,false,4.833333,11.833333,9.956667
PYX,baseline_b,2024-09,2024-10,1,2024-10-01,locked,17.000000,17.000000,37.000000,16.000000,53.000000,36,177,160.000000,160.000000,false,false,20.000000,37.000000,141.080000
PYX,candidate,2024-09,2024-10,1,2024-10-01,locked,159.315706,158.672375,161.550032,153.717493,166.969455,36,177,17.684294,17.684294,false,false,2.877657,13.251962,14.546908
PYX,baseline_a,2024-09,2024-12,3,2024-10-01,locked,162.000000,161.666667,171.416667,160.833333,182.000000,36,51,-111.000000,111.000000,false,false,9.750000,21.166667,112.221667
PYX,baseline_b,2024-09,2024-12,3,2024-10-01,locked,19.000000,19.000000,39.000000,18.000000,55.000000,36,51,32.000000,32.000000,false,true,20.000000,37.000000,14.680000
PYX,candidate,2024-09,2024-12,3,2024-10-01,locked,196.721218,196.069089,199.101445,173.451180,206.053633,36,51,-145.721218,145.721218,false,false,3.032356,32.602453,137.759685
PYX,baseline_a,2024-10,2024-11,1,2024-11-01,locked,210.000000,209.666667,215.333333,208.666667,223.000000,36,70,-140.000000,140.000000,false,false,5.666666,14.333333,140.473334
PYX,baseline_b,2024-10,2024-11,1,2024-11-01,locked,16.000000,16.000000,45.250000,15.000000,56.500000,36,70,54.000000,54.000000,false,false,29.250000,41.500000,30.685000
PYX,candidate,2024-10,2024-11,1,2024-11-01,locked,199.969346,199.326015,202.601009,194.371133,208.422197,36,70,-129.969346,129.969346,false,false,3.274994,14.051064,128.362270
PYX,baseline_a,2024-10,2025-01,3,2024-11-01,locked,210.000000,209.666667,220.750000,209.000000,231.000000,36,35,-175.000000,175.000000,false,false,11.083333,22.000000,176.455000
PYX,baseline_b,2024-10,2025-01,3,2024-11-01,locked,34.000000,34.000000,63.250000,33.000000,74.500000,36,35,1.000000,1.000000,true,true,29.250000,41.500000,4.785000
PYX,candidate,2024-10,2025-01,3,2024-11-01,locked,283.174611,282.559897,286.586709,259.904574,292.974119,36,35,-248.174611,248.174611,false,false,4.026812,33.069545,240.346174
PYX,baseline_a,2024-11,2024-12,1,2024-12-01,locked,217.333333,217.000000,222.666667,215.833333,230.333333,36,51,-166.333333,166.333333,false,false,5.666667,14.500000,166.746667
PYX,baseline_b,2024-11,2024-12,1,2024-12-01,locked,19.000000,19.000000,49.250000,18.000000,67.500000,36,51,32.000000,32.000000,false,true,30.250000,49.500000,12.105000
PYX,candidate,2024-11,2024-12,1,2024-12-01,locked,146.174816,145.399433,148.806479,128.766962,154.627667,36,51,-95.174816,95.174816,false,false,3.407046,25.860705,89.276654
PYX,baseline_a,2024-11,2025-02,3,2024-12-01,locked,217.333333,217.000000,228.916667,216.333333,244.166667,36,26,-191.333333,191.333333,false,false,11.916667,27.833334,193.105000
PYX,baseline_b,2024-11,2025-02,3,2024-12-01,locked,34.000000,34.000000,64.250000,33.000000,82.500000,36,26,-8.000000,8.000000,false,false,30.250000,49.500000,12.605000
PYX,candidate,2024-11,2025-02,3,2024-12-01,locked,197.381652,196.766938,201.979990,174.111615,207.181160,36,26,-171.381652,171.381652,false,false,5.213052,33.069545,163.671839
PYX,baseline_a,2024-12,2025-01,1,2025-01-01,locked,99.333333,98.916667,104.666667,90.833333,112.333333,36,35,-64.333333,64.333333,false,false,5.750000,21.500000,62.201667
PYX,baseline_b,2024-12,2025-01,1,2025-01-01,locked,34.000000,34.750000,65.250000,33.000000,82.500000,36,35,1.000000,1.000000,true,true,30.500000,49.500000,5.230000
PYX,candidate,2024-12,2025-01,1,2025-01-01,locked,142.867205,141.950413,145.498868,108.705534,151.320056,36,35,-107.867205,107.867205,false,false,3.548455,42.614522,95.895246
PYX,baseline_a,2024-12,2025-03,3,2025-01-01,locked,99.333333,99.000000,110.916667,98.000000,126.166667,36,28,-71.333333,71.333333,false,false,11.916667,28.166667,72.985000
PYX,baseline_b,2024-12,2025-03,3,2025-01-01,locked,34.000000,34.750000,65.250000,33.000000,82.500000,36,28,-6.000000,6.000000,false,false,30.500000,49.500000,10.930000
PYX,candidate,2024-12,2025-03,3,2025-01-01,locked,165.105845,164.445187,169.704182,123.537998,174.905352,36,28,-137.105845,137.105845,false,false,5.258995,51.367354,122.795037
PYX,baseline_a,2025-01,2025-02,1,2025-02-01,locked,52.000000,51.333333,57.333333,35.166667,65.000000,36,26,-26.000000,26.000000,false,false,6.000000,29.833333,20.793333
PYX,baseline_b,2025-01,2025-02,1,2025-02-01,locked,34.000000,35.000000,65.250000,33.000000,82.500000,36,26,-8.000000,8.000000,false,false,30.250000,49.500000,13.005000
PYX,candidate,2025-01,2025-02,1,2025-02-01,locked,101.626882,100.117801,104.258545,58.119551,110.079733,36,26,-75.626882,75.626882,false,false,4.140744,51.960182,60.112799
PYX,baseline_a,2025-01,2025-04,3,2025-02-01,locked,52.000000,51.666667,63.583333,49.833333,78.833333,36,31,-21.000000,21.000000,false,false,11.916666,29.000000,22.351667
PYX,baseline_b,2025-01,2025-04,3,2025-02-01,locked,44.000000,45.000000,75.250000,43.000000,92.500000,36,31,-13.000000,13.000000,false,false,30.250000,49.500000,18.005000
PYX,candidate,2025-01,2025-04,3,2025-02-01,locked,70.850540,70.030568,75.448878,3.245066,80.650048,36,31,-39.850540,39.850540,false,true,5.418310,77.404982,27.220365
PYX,baseline_a,2025-02,2025-03,1,2025-03-01,locked,37.333333,36.500000,42.666667,15.166667,50.333333,36,28,-9.333333,9.333333,false,true,6.166667,35.166666,7.290000
PYX,baseline_b,2025-02,2025-03,1,2025-03-01,locked,34.000000,35.000000,65.250000,33.000000,82.500000,36,28,-6.000000,6.000000,false,false,30.250000,49.500000,11.005000
PYX,candidate,2025-02,2025-03,1,2025-03-01,locked,64.611013,61.585367,67.242676,4.057554,73.063864,36,28,-36.611013,36.611013,false,true,5.657309,69.006310,24.082333
PYX,baseline_a,2025-02,2025-05,3,2025-03-01,locked,37.333333,37.000000,48.916667,33.666667,64.166667,36,34,-3.333333,3.333333,false,true,11.916667,30.500000,4.278333
PYX,baseline_b,2025-02,2025-05,3,2025-03-01,locked,70.000000,71.000000,101.250000,69.000000,118.500000,36,34,-36.000000,36.000000,false,false,30.250000,49.500000,41.005000
PYX,candidate,2025-02,2025-05,3,2025-03-01,locked,43.570794,39.586184,48.169131,0.000000,53.370301,36,34,-9.570794,9.570794,false,true,8.582947,53.370301,7.141739
PYX,baseline_a,2025-03,2025-04,1,2025-04-01,locked,29.666667,28.333333,35.000000,7.500000,42.666667,36,31,1.333333,1.333333,true,true,6.666667,35.166667,2.340000
PYX,baseline_b,2025-03,2025-04,1,2025-04-01,locked,44.000000,45.000000,75.250000,43.000000,92.500000,36,31,-13.000000,13.000000,false,false,30.250000,49.500000,18.005000
PYX,candidate,2025-03,2025-04,1,2025-04-01,locked,26.911203,22.527378,29.542866,0.000000,35.364054,36,31,4.088797,4.088797,false,true,7.015488,35.364054,3.516724
PYX,baseline_a,2025-03,2025-06,3,2025-04-01,locked,29.666667,29.250000,41.250000,0.000000,56.500000,36,58,28.333333,28.333333,false,false,12.000000,56.500000,16.426667
PYX,baseline_b,2025-03,2025-06,3,2025-04-01,locked,31.000000,32.000000,62.250000,30.000000,79.500000,36,58,27.000000,27.000000,true,true,30.250000,49.500000,10.405000
PYX,candidate,2025-03,2025-06,3,2025-04-01,locked,19.425274,4.020925,24.023611,0.000000,29.224781,36,58,38.574726,38.574726,false,false,20.002686,29.224781,35.984848
PYX,baseline_a,2025-04,2025-05,1,2025-05-01,locked,28.333333,27.000000,33.666667,6.166667,41.333333,36,34,5.666667,5.666667,false,true,6.666667,35.166666,3.340000
PYX,baseline_b,2025-04,2025-05,1,2025-05-01,locked,70.000000,71.000000,101.250000,68.500000,118.500000,36,34,-36.000000,36.000000,false,false,30.250000,50.000000,40.825000
PYX,candidate,2025-04,2025-05,1,2025-05-01,locked,30.626399,26.242575,33.387642,0.000000,39.079250,36,34,3.373601,3.373601,false,true,7.145067,39.079250,3.197340
PYX,baseline_a,2025-04,2025-07,3,2025-05-01,locked,28.333333,27.750000,39.916667,0.000000,55.166667,36,40,11.666667,11.666667,false,true,12.166667,55.166667,5.790000
PYX,baseline_b,2025-04,2025-07,3,2025-05-01,locked,33.000000,34.000000,64.250000,31.500000,81.500000,36,40,7.000000,7.000000,true,true,30.250000,50.000000,6.425000
PYX,candidate,2025-04,2025-07,3,2025-05-01,locked,20.527035,0.000000,25.125372,0.000000,30.326542,36,40,19.472965,19.472965,false,false,25.125372,30.326542,17.439426
PYX,baseline_a,2025-05,2025-06,1,2025-06-01,locked,31.000000,29.666667,36.833333,8.833333,44.000000,36,58,27.000000,27.000000,false,false,7.166666,35.166667,21.590000
PYX,baseline_b,2025-05,2025-06,1,2025-06-01,locked,31.000000,32.000000,62.250000,27.500000,79.500000,36,58,27.000000,27.000000,true,true,30.250000,52.000000,10.505000
PYX,candidate,2025-05,2025-06,1,2025-06-01,locked,21.777084,17.393259,24.728280,0.000000,30.229935,36,58,36.222916,36.222916,false,false,7.335021,30.229935,33.603997
PYX,baseline_a,2025-05,2025-08,3,2025-06-01,locked,31.000000,29.666667,42.583333,0.000000,57.833333,36,28,-3.000000,3.000000,false,true,12.916666,57.833333,4.871667
PYX,baseline_b,2025-05,2025-08,3,2025-06-01,locked,48.000000,49.000000,79.250000,44.500000,96.500000,36,28,-20.000000,20.000000,false,false,30.250000,52.000000,24.105000
PYX,candidate,2025-05,2025-08,3,2025-06-01,locked,19.285125,0.000000,23.883463,0.000000,29.084633,36,28,8.714875,8.714875,false,true,23.883463,29.084633,6.941321
PYX,baseline_a,2025-06,2025-07,1,2025-07-01,locked,41.000000,39.666667,47.500000,18.833333,56.833333,36,40,-1.000000,1.000000,true,true,7.833333,38.000000,2.503333
PYX,baseline_b,2025-06,2025-07,1,2025-07-01,locked,33.000000,34.000000,64.250000,29.500000,81.500000,36,40,7.000000,7.000000,true,true,30.250000,52.000000,6.505000
PYX,candidate,2025-06,2025-07,1,2025-07-01,locked,33.894244,29.510420,37.446644,0.000000,42.388276,36,40,6.105756,6.105756,false,true,7.936224,42.388276,4.731647
PYX,baseline_a,2025-06,2025-09,3,2025-07-01,locked,41.000000,39.666667,55.166667,0.000000,71.500000,36,130,89.000000,89.000000,false,false,15.500000,71.500000,75.543333
PYX,baseline_b,2025-06,2025-09,3,2025-07-01,locked,405.000000,406.000000,436.250000,401.500000,453.500000,36,130,-275.000000,275.000000,false,false,30.250000,52.000000,279.105000
PYX,candidate,2025-06,2025-09,3,2025-07-01,locked,48.665876,25.792752,54.033444,0.000000,60.589121,36,130,81.334124,81.334124,false,false,28.240692,60.589121,79.665433
PYX,baseline_a,2025-07,2025-08,1,2025-08-01,locked,44.000000,42.666667,50.500000,21.833333,59.833333,36,28,-16.000000,16.000000,false,true,7.833333,38.000000,11.370000
PYX,baseline_b,2025-07,2025-08,1,2025-08-01,locked,48.000000,49.000000,79.250000,44.500000,96.500000,36,28,-20.000000,20.000000,false,false,30.250000,52.000000,24.105000
PYX,candidate,2025-07,2025-08,1,2025-08-01,locked,34.826218,30.442393,39.239931,0.000000,43.320250,36,28,-6.826218,6.826218,false,true,8.797538,43.320250,4.954765
PYX,baseline_a,2025-07,2025-10,3,2025-08-01,locked,44.000000,42.666667,58.166667,0.000000,74.500000,36,70,26.000000,26.000000,false,true,15.500000,74.500000,14.463333
PYX,baseline_b,2025-07,2025-10,3,2025-08-01,locked,177.000000,178.000000,208.250000,173.500000,225.500000,36,70,-107.000000,107.000000,false,false,30.250000,52.000000,111.105000
PYX,candidate,2025-07,2025-10,3,2025-08-01,locked,52.080619,29.207495,57.659399,0.000000,68.773728,36,70,17.919381,17.919381,false,false,28.451904,68.773728,14.606765
PYX,baseline_a,2025-08,2025-09,1,2025-09-01,locked,42.000000,40.583333,48.500000,19.833333,57.833333,36,130,88.000000,88.000000,false,false,7.916667,38.000000,81.378333
PYX,baseline_b,2025-08,2025-09,1,2025-09-01,locked,405.000000,406.000000,436.250000,398.000000,453.500000,36,130,-275.000000,275.000000,false,false,30.250000,55.500000,277.845000
PYX,candidate,2025-08,2025-09,1,2025-09-01,locked,48.396233,41.269822,52.809946,0.000000,56.890265,36,130,81.603767,81.603767,false,false,11.540124,56.890265,79.870292
PYX,baseline_a,2025-08,2025-11,3,2025-09-01,locked,42.000000,40.250000,56.166667,0.000000,72.500000,36,31,-11.000000,11.000000,false,true,15.916667,72.500000,10.391667
PYX,baseline_b,2025-08,2025-11,3,2025-09-01,locked,70.000000,71.000000,101.250000,63.000000,118.500000,36,31,-39.000000,39.000000,false,false,30.250000,55.500000,41.845000
PYX,candidate,2025-08,2025-11,3,2025-09-01,locked,42.035418,19.162294,48.461695,0.000000,58.728527,36,31,-11.035418,11.035418,true,true,29.299401,58.728527,7.486165
PYX,baseline_a,2025-09,2025-10,1,2025-10-01,locked,66.000000,64.583333,73.416667,43.833333,87.833333,36,70,4.000000,4.000000,true,true,8.833334,44.000000,3.443333
PYX,baseline_b,2025-09,2025-10,1,2025-10-01,locked,177.000000,178.000000,208.250000,166.500000,225.500000,36,70,-107.000000,107.000000,false,false,30.250000,59.000000,108.585000
PYX,candidate,2025-09,2025-10,1,2025-10-01,locked,70.527319,63.400908,76.095103,9.973859,83.628232,36,70,-0.527319,0.527319,true,true,12.694195,73.654373,4.321058
PYX,baseline_a,2025-09,2025-12,3,2025-10-01,locked,66.000000,64.250000,83.250000,19.833333,102.833333,36,39,-27.000000,27.000000,false,true,19.000000,83.000000,20.720000
PYX,baseline_b,2025-09,2025-12,3,2025-10-01,locked,51.000000,52.000000,82.250000,40.500000,99.500000,36,39,-12.000000,12.000000,false,false,30.250000,59.000000,13.585000
PYX,candidate,2025-09,2025-12,3,2025-10-01,locked,55.729561,32.856437,64.515480,0.000000,84.753407,36,39,-16.729561,16.729561,true,true,31.659043,84.753407,9.901953
PYX,baseline_a,2025-10,2025-11,1,2025-11-01,locked,76.000000,74.583333,83.416667,53.833333,97.833333,36,31,-45.000000,45.000000,false,false,8.833334,44.000000,38.210000
PYX,baseline_b,2025-10,2025-11,1,2025-11-01,locked,70.000000,70.500000,101.250000,53.500000,118.500000,36,31,-39.000000,39.000000,false,false,30.750000,65.000000,38.275000
PYX,candidate,2025-10,2025-11,1,2025-11-01,locked,65.021302,57.894891,70.589086,4.467843,78.122215,36,31,-34.021302,34.021302,false,true,12.694195,73.654372,21.777811
PYX,baseline_a,2025-11,2025-12,1,2025-12-01,locked,77.000000,73.416667,84.416667,41.500000,98.833333,36,39,-38.000000,38.000000,false,false,11.000000,57.333333,25.760000
PYX,baseline_b,2025-11,2025-12,1,2025-12-01,locked,51.000000,51.500000,82.250000,23.000000,99.500000,36,39,-12.000000,12.000000,false,true,30.750000,76.500000,13.535000
PYX,candidate,2025-11,2025-12,1,2025-12-01,locked,41.841305,29.123883,47.409089,0.000000,54.942219,36,39,-2.841305,2.841305,true,true,18.285206,54.942219,4.594470
PYX,baseline_a,2025-12,2026-01,1,2026-01-01,recent,46.666667,35.833333,54.083333,5.166667,68.500000,36,99,52.333333,52.333333,false,false,18.250000,63.333333,44.991667
PYX,baseline_b,2025-12,2026-01,1,2026-01-01,recent,35.000000,32.750000,66.250000,7.000000,83.500000,36,99,64.000000,64.000000,false,false,33.500000,76.500000,38.510000
PYX,candidate,2025-12,2026-01,1,2026-01-01,recent,44.399928,31.682506,49.967712,0.000000,57.500841,36,99,54.600072,54.600072,false,false,18.285206,57.500841,51.261147
PYX,baseline_a,2025-12,2026-03,3,2026-01-01,recent,46.666667,43.583333,66.166667,0.000000,83.500000,36,97,50.333333,50.333333,false,false,22.583334,83.500000,33.398333
PYX,baseline_b,2025-12,2026-03,3,2026-01-01,recent,28.000000,25.750000,59.250000,0.000000,76.500000,36,97,69.000000,69.000000,false,false,33.500000,76.500000,43.510000
PYX,candidate,2025-12,2026-03,3,2026-01-01,recent,47.121444,24.248320,56.287178,0.000000,76.145289,36,97,49.878556,49.878556,false,false,32.038858,76.145289,40.852422
PYX,baseline_a,2026-01,2026-02,1,2026-02-01,recent,56.333333,45.500000,65.333333,14.833333,86.166667,36,91,34.666667,34.666667,false,false,19.833333,71.333334,23.970000
PYX,baseline_b,2026-01,2026-02,1,2026-02-01,recent,26.000000,25.250000,58.250000,0.000000,85.000000,36,91,65.000000,65.000000,false,false,33.000000,85.000000,35.200000
PYX,candidate,2026-01,2026-02,1,2026-02-01,recent,56.537147,43.819724,62.834546,0.000000,83.490752,36,91,34.462853,34.462853,false,false,19.014822,83.490752,26.403564
PYX,baseline_a,2026-01,2026-04,3,2026-02-01,recent,56.333333,53.250000,77.333333,7.166667,93.166667,36,50,-6.333333,6.333333,false,true,24.083333,86.000000,8.415000
PYX,baseline_b,2026-01,2026-04,3,2026-02-01,recent,31.000000,30.250000,63.250000,3.000000,90.000000,36,50,19.000000,19.000000,true,true,33.000000,87.000000,10.580000
PYX,candidate,2026-01,2026-04,3,2026-02-01,recent,49.364044,26.490920,59.096687,0.000000,87.165630,36,50,0.635956,0.635956,true,true,32.605767,87.165630,6.874393
PYX,baseline_a,2026-02,2026-03,1,2026-03-01,recent,76.333333,65.500000,86.583333,34.833333,110.000000,36,97,20.666667,20.666667,false,true,21.083333,75.166667,13.415000
PYX,baseline_b,2026-02,2026-03,1,2026-03-01,recent,28.000000,27.250000,61.250000,0.000000,92.000000,36,97,69.000000,69.000000,false,false,34.000000,92.000000,37.180000
PYX,candidate,2026-02,2026-03,1,2026-03-01,recent,78.585987,65.868564,85.849026,18.032528,113.928872,36,97,18.414013,18.414013,false,true,19.980462,95.896344,13.977092
PYX,baseline_a,2026-02,2026-05,3,2026-03-01,recent,76.333333,73.250000,97.333333,27.166667,113.166667,36,35,-41.333333,41.333333,false,true,24.083333,86.000000,29.415000
PYX,baseline_b,2026-02,2026-05,3,2026-03-01,recent,34.000000,33.250000,67.250000,6.000000,98.000000,36,35,1.000000,1.000000,true,true,34.000000,92.000000,7.280000
PYX,candidate,2026-02,2026-05,3,2026-03-01,recent,75.184423,52.311299,86.112664,0.000000,118.441593,36,35,-40.184423,40.184423,false,true,33.801365,118.441593,23.079204
PYX,baseline_a,2026-03,2026-04,1,2026-04-01,recent,95.666667,84.833333,107.666667,54.166667,129.333333,36,50,-45.666667,45.666667,false,false,22.833334,75.166666,30.023333
PYX,baseline_b,2026-03,2026-04,1,2026-04-01,recent,31.000000,30.250000,66.000000,3.000000,95.500000,36,50,19.000000,19.000000,true,true,35.750000,92.500000,11.075000
PYX,candidate,2026-03,2026-04,1,2026-04-01,recent,65.398430,52.681008,73.842441,4.844971,100.741315,36,50,-15.398430,15.398430,false,true,21.161433,95.896344,10.104086
PYX,baseline_a,2026-03,2026-06,3,2026-04-01,recent,95.666667,92.583333,117.166667,46.500000,141.333333,36,37,-58.666667,58.666667,false,false,24.583334,94.833333,44.018333
PYX,baseline_b,2026-03,2026-06,3,2026-04-01,recent,58.000000,57.250000,93.000000,30.000000,122.500000,36,37,-21.000000,21.000000,false,true,35.750000,92.500000,19.575000
PYX,candidate,2026-03,2026-06,3,2026-04-01,recent,70.429553,47.556429,85.344338,0.000000,119.338638,36,37,-33.429553,33.429553,false,true,37.787909,119.338638,19.460819
PYX,baseline_a,2026-04,2026-05,1,2026-05-01,recent,79.333333,63.833333,91.333333,34.000000,113.000000,36,35,-44.333333,44.333333,false,true,27.500000,79.000000,26.310000
PYX,baseline_b,2026-04,2026-05,1,2026-05-01,recent,34.000000,33.250000,69.000000,6.000000,98.500000,36,35,1.000000,1.000000,true,true,35.750000,92.500000,7.475000
PYX,candidate,2026-04,2026-05,1,2026-05-01,recent,74.142418,55.896416,82.586429,13.588959,109.485303,36,35,-39.142418,39.142418,false,true,26.690013,95.896344,22.691905
PYX,baseline_a,2026-04,2026-07,3,2026-05-01,recent,79.333333,75.750000,100.833333,30.166667,125.000000,36,25,-54.333333,54.333333,false,false,25.083333,94.833333,39.535000
PYX,baseline_b,2026-04,2026-07,3,2026-05-01,recent,40.000000,39.250000,75.000000,12.000000,104.500000,36,25,-15.000000,15.000000,false,true,35.750000,92.500000,15.975000
PYX,candidate,2026-04,2026-07,3,2026-05-01,recent,66.529334,43.656210,81.444119,0.000000,115.438419,36,25,-41.529334,41.529334,false,true,37.787909,115.438419,24.164678
PYX,baseline_a,2026-05,2026-06,1,2026-06-01,recent,60.666667,44.083333,72.666667,15.333333,94.333333,36,37,-23.666667,23.666667,false,true,28.583334,79.000000,13.585000
PYX,baseline_b,2026-05,2026-06,1,2026-06-01,recent,58.000000,57.250000,93.000000,30.000000,122.500000,36,37,-21.000000,21.000000,false,true,35.750000,92.500000,19.575000
PYX,candidate,2026-05,2026-06,1,2026-06-01,recent,46.922470,18.325607,55.366481,0.000000,82.265355,36,37,-9.922470,9.922470,true,true,37.040874,82.265355,8.979196
PYX,baseline_a,2026-05,2026-08,3,2026-06-01,recent,60.666667,55.833333,82.166667,4.333333,106.333333,36,37,-23.666667,23.666667,false,true,26.333334,102.000000,18.980000
PYX,baseline_b,2026-05,2026-08,3,2026-06-01,recent,28.000000,27.250000,63.000000,0.000000,92.500000,36,37,9.000000,9.000000,true,true,35.750000,92.500000,9.075000
PYX,candidate,2026-05,2026-08,3,2026-06-01,recent,44.919277,16.908744,59.834062,0.000000,93.828362,36,37,-7.919277,7.919277,true,true,42.925318,93.828362,9.629522
PYX,baseline_a,2026-06,2026-07,1,2026-07-01,recent,40.666667,21.000000,52.666667,0.000000,74.333333,36,25,-15.666667,15.666667,true,true,31.666667,74.333333,9.273333
PYX,baseline_b,2026-06,2026-07,1,2026-07-01,recent,40.000000,33.500000,75.000000,11.500000,104.500000,36,25,-15.000000,15.000000,false,true,41.500000,93.000000,14.270000
PYX,candidate,2026-06,2026-07,1,2026-07-01,recent,43.946984,15.350121,52.390995,0.000000,79.289869,36,25,-18.946984,18.946984,true,true,37.040874,79.289869,10.665079
PYX,baseline_a,2026-07,2026-08,1,2026-08-01,recent,32.333333,12.666667,44.333333,0.000000,66.000000,36,37,4.666667,4.666667,true,true,31.666666,66.000000,6.740000
PYX,baseline_b,2026-07,2026-08,1,2026-08-01,recent,28.000000,19.000000,63.000000,0.000000,92.500000,36,37,9.000000,9.000000,true,true,44.000000,92.500000,9.900000
PYX,candidate,2026-07,2026-08,1,2026-08-01,recent,32.210521,3.613657,40.654531,0.000000,67.553405,36,37,4.789479,4.789479,true,true,37.040874,67.553405,7.364119
