product_code,origin,n_obs,smoothing_level,smoothing_trend,smoothing_seasonal,damping_trend,level,trend,s1,s2,s3,s4,s5,s6,s7,s8,s9,s10,s11,s12,aic,log_likelihood,export_mismatch,fit_error
DSP,2018-12,36,0.942290510,0.135807230,0.000005771,0.800000000,5.560750150,0.033825394,0.000000743,-0.032555049,0.106287202,-0.195530982,-0.087872566,0.132197893,0.346997623,0.620109561,0.233698340,0.255387940,0.317673410,-0.033735460,48.381927208,-5.190963604,,
DSP,2019-01,37,0.999900000,0.101663193,0.000039128,0.800000000,5.583491531,0.018525535,-0.033084933,0.105489718,-0.196381713,-0.088610826,0.131750116,0.346930026,0.620540773,0.234712843,0.257044877,0.320044984,-0.030627872,0.000005246,47.735223920,-4.867611960,,
DSP,2019-02,38,0.942329593,0.135320878,0.000005767,0.800000000,5.601976552,0.020741859,0.105433931,-0.196328133,-0.088558148,0.131668045,0.346647072,0.619981127,0.233816946,0.255791379,0.318396542,-0.032662727,0.000000738,-0.033457894,46.904487672,-4.452243836,,
DSP,2019-03,39,0.939380047,0.139285611,0.000006062,0.800000000,5.671461046,0.025246789,-0.181100036,-0.073588667,0.145839033,0.359574166,0.631311716,0.243258230,0.263114732,0.323414582,-0.030107274,0.000000806,-0.034392444,0.121318820,46.179789224,-4.089894612,,
DSP,2019-04,40,0.999900000,0.116246335,0.000046808,0.800000000,5.998696132,0.053239974,0.001357570,0.216499408,0.423951823,0.687819591,0.290638519,0.300336902,0.349674217,-0.015482784,0.000007727,-0.039794346,0.109461907,-0.104308881,47.037759971,-4.518879985,,
DSP,2019-05,41,0.999900000,0.086018699,0.000068610,0.800000000,5.724070975,0.006167649,0.156430434,0.368529613,0.638846142,0.249570094,0.268312082,0.327622215,-0.026807541,0.000010248,-0.032429414,0.124771513,-0.080611368,-0.061101664,47.717212754,-4.858606377,,
DSP,2019-06,42,0.946780646,0.115230911,0.000005322,0.800000000,5.593112560,-0.010955250,0.347203940,0.619292206,0.232531171,0.254407555,0.317311943,-0.033138549,0.000000697,-0.029287835,0.131235837,-0.070622736,-0.047458986,0.131670292,47.168301480,-4.584150740,,
DSP,2019-07,43,0.963420676,0.116413095,0.000003658,0.800000000,5.276576606,-0.042890806,0.586976186,0.204370234,0.231874751,0.301591315,-0.041111153,0.000000383,-0.020890314,0.148084583,-0.045290426,-0.013604569,0.174068265,0.309255626,47.704179037,-4.852089518,,
DSP,2019-08,44,0.999900000,0.091556640,0.000058488,0.800000000,5.270792723,-0.023724782,0.205777250,0.233925735,0.303816070,-0.039086350,0.000006633,-0.021665052,0.146424054,-0.047918474,-0.017294104,0.169322049,0.303388073,0.587139429,46.967936090,-4.483968045,,
DSP,2019-09,45,0.973439618,0.100940024,0.000002656,0.800000000,5.366872835,-0.010818714,0.239696119,0.307607922,-0.037610578,0.000000320,-0.024726128,0.140375519,-0.056912920,-0.029160752,0.154548172,0.285766686,0.566665914,0.213974773,46.308890159,-4.154445080,,
DSP,2019-10,46,0.985884999,0.090956822,0.000001412,0.800000000,5.512726261,0.004391116,0.313291319,-0.034242329,0.000000190,-0.028232804,0.133306786,-0.067593209,-0.043518786,0.136509594,0.263962792,0.541117631,0.184622782,0.247576557,45.776648894,-3.888324447,,
DSP,2019-11,47,0.999900000,0.079888796,0.000050894,0.800000000,5.224322770,-0.017002428,-0.038571599,0.000005900,-0.021954962,0.146000736,-0.048385785,-0.017703286,0.169032109,0.303277748,0.587242799,0.237635398,0.307480218,0.305117699,45.963502794,-3.981751397,,
DSP,2019-12,48,0.934429693,0.098661721,0.000006557,0.800000000,5.711124950,0.026510191,0.000000998,-0.031579614,0.126209588,-0.078748349,-0.058971367,0.116555400,0.239383619,0.511769595,0.150432641,0.208446375,0.194146687,-0.026999999,48.141392282,-5.070696141,,
DSP,2020-01,49,0.917599339,0.101272916,0.000008240,0.800000000,5.585376992,0.009103423,-0.027150334,0.133027118,-0.069288842,-0.046674589,0.131845422,0.257794593,0.533393345,0.175360054,0.236745547,0.225865625,0.008174805,0.000001170,47.594255117,-4.797127558,,
DSP,2020-02,50,0.912982010,0.105572675,0.000008702,0.800000000,5.646580026,0.014269474,0.145959812,-0.056585424,-0.034601535,0.142976399,0.267735485,0.541941746,0.182355072,0.242047973,0.229364489,0.009792784,0.000001282,-0.013246424,46.840119817,-4.420059909,,
DSP,2020-03,51,0.914007192,0.100627920,0.000008599,0.800000000,5.525045885,-0.004308951,-0.084595294,-0.061528527,0.117907871,0.245132036,0.522305615,0.166083365,0.229466003,0.220740983,0.005317700,0.000001155,-0.011411870,0.114784575,46.371301038,-4.185650519,,
DSP,2020-04,52,0.907961982,0.103292199,0.000009204,0.800000000,5.613878672,0.007044117,-0.045523439,0.132940826,0.258766798,0.534197147,0.175947864,0.237083293,0.225926948,0.007944928,0.000001319,-0.013019923,0.111403654,-0.065932960,45.696309018,-3.848154509,,
DSP,2020-05,53,0.896672217,0.105833609,0.000010333,0.800000000,5.277134853,-0.034138841,0.084887644,0.214342948,0.494818565,0.142788198,0.211071729,0.207805448,-0.001672960,0.000001142,-0.006423278,0.125019284,-0.044972927,-0.104584514,47.124552557,-4.562276278,,
DSP,2020-06,54,0.877839709,0.104044292,0.000012216,0.800000000,5.446772720,-0.005168406,0.235114885,0.513487016,0.158622799,0.223483612,0.216307448,0.002541274,0.000001596,-0.010645196,0.116476672,-0.057880390,-0.121930571,0.112825691,46.995573401,-4.497786701,,
DSP,2020-07,55,0.879905068,0.102541252,0.000012009,0.800000000,5.463678010,-0.001785518,0.515272086,0.160207430,0.224766783,0.217239103,0.003052901,0.000001597,-0.011099077,0.115580944,-0.059236232,-0.123740916,0.110572949,0.237614667,46.160910557,-4.080455278,,
DSP,2020-08,56,0.873550464,0.106668480,0.000012645,0.800000000,5.201986823,-0.030721138,0.144656314,0.211776204,0.207781289,-0.002094357,0.000001379,-0.005880844,0.126147708,-0.043218798,-0.102176637,0.137747253,0.270441123,0.490210757,46.520559264,-4.260279632,,
DSP,2020-09,57,0.999900000,0.019855933,0.000042330,0.800000000,5.565232223,0.002587046,0.231734086,0.223251309,0.008031451,0.000006929,-0.013582661,0.110889265,-0.065916715,-0.132240246,0.100425858,0.225907804,0.438508916,0.168088949,48.457662295,-5.228831147,,
DSP,2020-10,58,0.855736712,0.100765082,0.000014426,0.800000000,5.543039898,0.011484067,0.217701475,0.003148789,0.000002075,-0.012797885,0.112119426,-0.064474388,-0.130791948,0.101680452,0.226875709,0.439074453,0.168162150,0.225739113,46.815691964,-4.407845982,,
DSP,2020-11,59,0.855533895,0.101977162,0.000014447,0.800000000,5.596897674,0.013980970,0.003541314,0.000002125,-0.013457480,0.110711146,-0.066667757,-0.133753076,0.097836117,0.222143973,0.433472873,0.161608066,0.218238023,0.219920071,45.993318543,-3.996659271,,
DSP,2020-12,60,0.853322462,0.107628667,0.000014668,0.800000000,5.772162095,0.029765568,0.000002336,-0.015310787,0.106675941,-0.073225294,-0.143117433,0.085568747,0.206766056,0.414844138,0.139682179,0.192930600,0.191101415,0.009935806,45.579557036,-3.789778518,,
DSP,2021-01,61,0.999900000,0.015755258,0.000029211,0.800000000,5.556837089,0.000027266,-0.013509402,0.111086347,-0.065549545,-0.131647010,0.101240706,0.226979039,0.439865039,0.169728655,0.228179175,0.231686465,0.055980074,0.000004807,46.285466608,-4.142733304,,
DSP,2021-02,62,0.825272300,0.116593499,0.000017473,0.800000000,5.866128272,0.042534904,0.169042241,-0.008967850,-0.078244983,0.150012030,0.269962652,0.476125342,0.198514524,0.248902247,0.243872613,0.059237837,0.000003073,0.055091063,46.510633753,-4.255316876,,
DSP,2021-03,63,0.999900000,0.004853417,0.000025428,0.800000000,5.662836917,0.000196037,-0.047820460,-0.115497216,0.115663671,0.239559183,0.450490558,0.178334539,0.234690715,0.236063966,0.058174870,0.000004654,0.058322562,0.130196019,48.119428274,-5.059714137,,
DSP,2021-04,64,0.799846403,0.119934449,0.000020015,0.800000000,5.836157189,0.023499026,-0.093112006,0.136293013,0.257661892,0.465445720,0.189633375,0.241925735,0.238919079,0.056388052,0.000003364,0.055491566,0.124144179,-0.018854015,46.094959116,-4.047479558,,
DSP,2021-05,65,0.999900000,0.005819425,0.000027983,0.800000000,5.851287889,0.001025944,0.138922657,0.259698413,0.467424239,0.191982284,0.244997195,0.242983062,0.061656957,0.000005596,0.056172946,0.125716023,-0.016205642,-0.089235611,47.086269213,-4.543134607,,
DSP,2021-06,66,0.801618736,0.116906880,0.000019838,0.800000000,5.783581462,0.002638943,0.250377868,0.458703385,0.183778196,0.237242914,0.235618237,0.054646398,0.000003184,0.057040759,0.127296582,-0.014040358,-0.086581632,0.124968008,44.497737357,-3.248868678,,
DSP,2021-07,67,0.807490787,0.113738639,0.000019251,0.800000000,5.646632826,-0.016354256,0.450051933,0.176073792,0.230986059,0.231175632,0.052367757,0.000002849,0.059496133,0.132273841,-0.006449093,-0.076337235,0.137920223,0.235384557,44.034800209,-3.017400105,,
DSP,2021-08,68,0.807758657,0.113864731,0.000019224,0.800000000,5.625426802,-0.014158352,0.175687795,0.230646461,0.230935425,0.052224488,0.000002826,0.059639381,0.132577622,-0.006000874,-0.075740282,0.138635605,0.236284142,0.449316103,43.118919259,-2.559459629,,
DSP,2021-09,69,0.999900000,0.002787724,0.000042983,0.800000000,5.688672772,0.000010124,0.236419087,0.237193586,0.058777028,0.000008063,0.058260155,0.130014345,-0.009707922,-0.080501516,0.132951024,0.229666843,0.441795632,0.180620858,44.063131312,-3.031565656,,
DSP,2021-10,70,0.814022482,0.107055505,0.000018598,0.800000000,5.795362584,0.012064226,0.234596038,0.054399951,0.000003100,0.057004814,0.127107276,-0.014442486,-0.087247907,0.123949550,0.218321931,0.428064179,0.164305643,0.239817247,41.646785241,-1.823392620,,
DSP,2021-11,71,0.811620750,0.107439116,0.000018838,0.800000000,5.744141398,0.002468773,0.053926174,0.000003036,0.057697302,0.128605627,-0.012082217,-0.083972412,0.128208420,0.223587891,0.434369778,0.171675888,0.248299445,0.231486868,40.771676865,-1.385838432,,
DSP,2021-12,72,0.999900000,0.001560452,0.000043801,0.800000000,5.921569122,0.000293224,0.000009034,0.054569671,0.122724314,-0.020403693,-0.094521920,0.115639454,0.209185268,0.418230757,0.153931951,0.229002342,0.210715132,0.062357678,42.177203675,-2.088601838,,
DSP,2022-01,73,0.805337552,0.106480563,0.000019466,0.800000000,5.712135253,-0.006778603,0.064149863,0.135205686,-0.005209449,-0.076735439,0.135890254,0.231816274,0.443142883,0.181087799,0.258359312,0.242228657,0.096004708,0.000003089,40.090245180,-1.045122590,,
DSP,2022-02,74,0.801020865,0.108505928,0.000019898,0.800000000,5.769285954,0.003242600,0.144767917,0.004104408,-0.067944891,0.143950641,0.238970741,0.449260226,0.186051643,0.262079616,0.244633276,0.097034309,0.000003303,0.076189488,39.228392825,-0.614196412,,
DSP,2022-03,75,0.999900000,0.000099990,0.000043579,0.800000000,5.898317187,0.000016605,0.020864345,-0.052636060,0.157903045,0.251689893,0.460752805,0.196441898,0.271327671,0.252810084,0.104099415,0.000009170,0.074990021,0.163133382,40.640027568,-1.320013784,,
DSP,2022-04,76,0.999900000,0.000747900,0.000043090,0.800000000,6.001264613,0.000177697,-0.040663304,0.168477119,0.260786286,0.468403408,0.202549002,0.275936075,0.255872915,0.105666710,0.000009460,0.073962414,0.161006422,0.034211087,39.864083827,-0.932041913,,
DSP,2022-05,77,0.806326521,0.110823354,0.000019367,0.800000000,6.062428571,0.029403139,0.172277266,0.264901899,0.472061036,0.205140652,0.276996678,0.254994009,0.102548049,0.000003740,0.072814408,0.158339257,0.029731339,-0.035845227,36.888129373,0.555935314,,
DSP,2022-06,78,0.809204706,0.101411906,0.000019080,0.800000000,5.911162630,0.000650433,0.252251866,0.460495163,0.195182537,0.269076714,0.249448580,0.099647593,0.000003437,0.075338669,0.163526217,0.037699210,-0.025016248,0.152839798,36.678286009,0.660856996,,
DSP,2022-07,79,0.809459190,0.101267328,0.000019054,0.800000000,5.907984635,0.000083583,0.460284978,0.195001933,0.268930351,0.249349177,0.099601769,0.000003427,0.075398277,0.163646698,0.037871200,-0.024787306,0.153124940,0.251899726,35.655310530,1.172344735,,
DSP,2022-08,80,0.810825312,0.101481736,0.000018917,0.800000000,5.763571588,-0.017018043,0.189339135,0.264183658,0.245899850,0.097761886,0.000003133,0.077425690,0.167786410,0.044184543,-0.016253022,0.163921008,0.264991181,0.449081397,35.153826143,1.423086928,,
DSP,2022-09,81,0.999900000,0.000099990,0.000050675,0.800000000,5.800064238,-0.000004270,0.267517983,0.250254795,0.102863367,0.000010295,0.076460170,0.165893190,0.041569343,-0.019572135,0.160012244,0.260508561,0.444099237,0.191397246,36.309801236,0.845099382,,
DSP,2022-10,82,0.810275596,0.100077375,0.000018972,0.800000000,5.802926646,-0.004818406,0.246969139,0.098354981,0.000003266,0.076650301,0.166189352,0.041731956,-0.019582359,0.159691705,0.259845248,0.443012995,0.189787261,0.266205608,33.109353489,2.445323255,,
DSP,2022-11,83,0.811152448,0.099170450,0.000018885,0.800000000,5.835353753,0.000234156,0.098599394,0.000003324,0.076274689,0.165410221,0.040507364,-0.021275838,0.157505250,0.257153446,0.439777122,0.186020019,0.261883464,0.248550251,32.076212794,2.961893603,,
DSP,2022-12,84,0.817260125,0.095339372,0.000018274,0.800000000,6.168169349,0.035453420,0.000003810,0.073700533,0.159681683,0.031192607,-0.034542699,0.140000447,0.235173261,0.413164657,0.154606022,0.225571049,0.207254400,0.110770774,33.659706053,2.170146974,,
DSP,2023-01,85,0.848928704,0.109314151,0.000015107,0.800000000,6.788441424,0.097981010,0.058831838,0.140868508,0.007250135,-0.064565914,0.103145433,0.190903296,0.360984840,0.094148986,0.156508362,0.129347415,0.023785488,0.000003749,39.418605443,-0.709302722,,
DSP,2023-02,86,0.824103780,0.069541648,0.000017590,0.800000000,6.488599105,0.021695451,0.090153025,-0.042670857,-0.112116511,0.059214606,0.151574130,0.327073044,0.066271950,0.135198026,0.115000645,0.016764002,0.000004128,-0.000865288,41.844404477,-1.922202238,,
DSP,2023-03,87,0.861044071,0.040260150,0.000013896,0.800000000,6.287359389,0.000435420,-0.068006731,-0.135861661,0.037548956,0.132377659,0.310661050,0.052904328,0.125065274,0.108276323,0.013571041,0.000003130,0.001131108,0.059355541,41.923474036,-1.961737018,,
DSP,2023-04,88,0.860492936,0.040547253,0.000013951,0.800000000,6.293039632,0.000594422,-0.135337595,0.038029959,0.132809457,0.311034468,0.053211454,0.125308643,0.108437440,0.013652844,0.000003151,0.001073574,0.059246122,-0.067322969,40.963509126,-1.481754563,,
DSP,2023-05,89,0.858909194,0.041023220,0.000014109,0.800000000,6.474498645,0.009113623,0.053103809,0.146156660,0.322459740,0.062568569,0.132473616,0.113303586,0.016151011,0.000003446,-0.000852191,0.055310604,-0.073329343,-0.114669920,40.771767369,-1.385883685,,
DSP,2023-06,90,0.853350484,0.041173202,0.000014665,0.800000000,6.355296495,0.001331856,0.137353386,0.314873447,0.056312874,0.127643385,0.109989950,0.014396487,0.000003416,0.000514988,0.058076131,-0.069115899,-0.108983767,0.040304093,40.172034823,-1.086017412,,
DSP,2023-07,91,0.865678557,0.034289619,0.000013432,0.800000000,6.068927701,-0.010091903,0.298862165,0.043162767,0.117580760,0.103189805,0.011014979,0.000002804,0.003677299,0.064473807,-0.059453784,-0.096013377,0.056602253,0.112780910,41.029522550,-1.514761275,,
DSP,2023-08,92,0.866792933,0.034237838,0.000013321,0.800000000,6.044825324,-0.008657145,0.042527999,0.117095996,0.102864158,0.010854673,0.000002758,0.003856554,0.064834874,-0.058899280,-0.095265939,0.057550219,0.113919499,0.297768531,40.062762080,-1.031381040,,
DSP,2023-09,93,0.870464908,0.027174620,0.000012954,0.800000000,6.216399450,-0.000169013,0.122424164,0.106549692,0.012776465,0.000002957,0.001752496,0.060650622,-0.065145117,-0.103560043,0.047219366,0.101571852,0.283413798,0.052805619,39.749466435,-0.874733217,,
DSP,2023-10,94,0.861814837,0.031997844,0.000013819,0.800000000,6.088542330,-0.004631561,0.103903122,0.011331295,0.000002961,0.003171232,0.063497489,-0.060883571,-0.097881352,0.054310584,0.110067193,0.293307293,0.064099122,0.116052873,39.106070509,-0.553035254,,
DSP,2023-11,95,0.859878366,0.030987866,0.000014012,0.800000000,6.214182317,0.000751165,0.012549990,0.000003189,0.001804486,0.060732021,-0.065050638,-0.103462489,0.047311212,0.101648481,0.283479343,0.052849880,0.103383047,0.108971471,38.466147676,-0.233073838,,
DSP,2023-12,96,0.862339408,0.029774120,0.000013766,0.800000000,6.277481791,0.002574734,0.000003216,0.001150419,0.059428055,-0.067019907,-0.106100377,0.044004197,0.097671854,0.278839317,0.047535054,0.097405947,0.102316217,0.014400998,37.547360575,0.226319713,,
DSP,2024-01,97,0.862429273,0.029773271,0.000013757,0.800000000,6.286843710,0.002286254,0.000944892,0.059153162,-0.067380919,-0.106527256,0.043502507,0.097086961,0.278193845,0.046802672,0.096598955,0.101432761,0.013445852,0.000003222,36.538515021,0.730742489,,
DSP,2024-02,98,0.861542631,0.031610239,0.000013846,0.800000000,6.409045933,0.006511510,0.072368281,-0.055079398,-0.095309477,0.053524618,0.105812788,0.285537059,0.052757382,0.101009762,0.104339496,0.014795527,0.000003410,0.017342427,35.899450431,1.050274785,,
DSP,2024-03,99,0.859828771,0.030293035,0.000014017,0.800000000,6.324928881,0.001789681,-0.063958166,-0.103471965,0.046209500,0.099392937,0.280078604,0.048265016,0.097635217,0.102016410,0.013603232,0.000003338,0.018018161,0.061057634,35.080664903,1.459667548,,
DSP,2024-04,100,0.854563829,0.034085820,0.000014544,0.800000000,6.455752131,0.006815706,-0.092294442,0.056259900,0.108233008,0.287587904,0.054374182,0.102272647,0.105156827,0.015164276,0.000003629,0.016900940,0.058746198,-0.049154134,34.480699591,1.759650205,,
DSP,2024-05,101,0.856099300,0.035023506,0.000014390,0.800000000,6.541832427,0.008879579,0.062157485,0.113436289,0.292024704,0.058007518,0.105049402,0.107050197,0.016153199,0.000003689,0.016163450,0.057222275,-0.051486154,-0.084135887,33.606159903,2.196920048,,
DSP,2024-06,102,0.855666470,0.028251244,0.000014433,0.800000000,6.286090227,-0.002761983,0.097238806,0.278168509,0.046676939,0.096377031,0.101159125,0.013129405,0.000003420,0.018592790,0.062174195,-0.043934169,-0.073924685,0.038554767,34.282705449,1.858647275,,
DSP,2024-07,103,0.852319545,0.029577947,0.000014768,0.800000000,6.324370588,-0.000960354,0.280195260,0.048316372,0.097612973,0.101974618,0.013516502,0.000003550,0.018212261,0.061403857,-0.045095055,-0.075485235,0.036584476,0.100434221,33.281055805,2.359472097,,
DSP,2024-08,104,0.851360784,0.030666258,0.000014864,0.800000000,6.209221938,-0.004801133,0.043961362,0.094256420,0.099680804,0.012337658,0.000003399,0.019346548,0.063678209,-0.041682446,-0.070922829,0.042289649,0.107295756,0.272579354,32.550909029,2.724545486,,
DSP,2024-09,105,0.848912632,0.029619553,0.000015109,0.800000000,6.341154695,0.000822821,0.097954556,0.102206173,0.013614767,0.000003673,0.017961102,0.060919136,-0.045798670,-0.076388431,0.035489777,0.099154678,0.263090086,0.051534469,31.939536878,3.030231561,,
DSP,2024-10,106,0.852018850,0.028073407,0.000014798,0.800000000,6.416236440,0.002955216,0.103533128,0.014313268,0.000003707,0.017246935,0.059468386,-0.047968200,-0.079304932,0.031820095,0.094761623,0.257958711,0.045670006,0.101340029,31.008066694,3.495966653,,
DSP,2024-11,107,0.848583409,0.028292464,0.000015142,0.800000000,6.246298150,-0.003022545,0.012781697,0.000003562,0.018833152,0.062684371,-0.043133869,-0.072814666,0.039987181,0.104577569,0.269454895,0.058858374,0.116201965,0.097111095,30.640617740,3.679691130,,
DSP,2024-12,108,0.840287319,0.030315966,0.000015971,0.800000000,6.449072515,0.004292200,0.000004063,0.017009943,0.058994484,-0.048727089,-0.080344358,0.030499438,0.093118532,0.256009121,0.043405470,0.098746500,0.077645781,0.018635790,30.561088340,3.719455830,,
DSP,2025-01,109,0.839188668,0.030591458,0.000016081,0.800000000,6.424655026,0.002547986,0.017785375,0.060027705,-0.047433587,-0.078788758,0.032309517,0.095188351,0.258333460,0.045987495,0.101580570,0.080731244,0.021975753,0.000004052,29.505010784,4.247494608,,
DSP,2025-02,110,0.840381904,0.029039795,0.000015962,0.800000000,6.340692397,-0.001124143,0.051679664,-0.055173355,-0.085841530,0.026023000,0.089712963,0.253729047,0.042272204,0.098814434,0.078905038,0.021141123,0.000003886,0.007129416,28.637545533,4.681227234,,
DSP,2025-03,111,0.834667862,0.031616403,0.000016533,0.800000000,6.518167045,0.005903906,-0.039602052,-0.071577783,0.038789725,0.100877658,0.263193219,0.049943328,0.104630755,0.082819224,0.023106466,0.000004334,0.005779025,0.072259653,28.472530152,4.763734924,,
DSP,2025-04,112,0.999900000,0.000099990,0.000049873,0.800000000,6.556007907,0.000016102,-0.067713951,0.042404278,0.104289534,0.266442246,0.053084987,0.107630652,0.085756688,0.025958138,0.000012566,0.005980125,0.072621732,-0.035386941,29.823793570,4.088103215,,
DSP,2025-05,113,0.999900000,0.000099990,0.000054063,0.800000000,6.301442601,-0.000012643,0.025666777,0.089932639,0.254466683,0.043493910,0.100427399,0.080960638,0.023566734,0.000012452,0.007996699,0.076690985,-0.029235100,-0.086823089,30.000426451,3.999786774,,
DSP,2025-06,114,0.842389318,0.024952929,0.000015761,0.800000000,6.258318334,-0.004529171,0.085790315,0.250346689,0.039522546,0.096691062,0.077479385,0.020403332,0.000003774,0.007967554,0.076726405,-0.029060185,-0.086424633,0.019955372,26.662095429,5.668952285,,
DSP,2025-07,115,0.838922390,0.023241304,0.000016108,0.800000000,6.447299994,0.001848549,0.258715550,0.046341260,0.101870747,0.080979289,0.022156829,0.000004202,0.006241739,0.073248587,-0.034251729,-0.093362844,0.011272907,0.099522733,26.558583786,5.720708107,,
DSP,2025-08,116,0.816881695,0.032391336,0.000018312,0.800000000,6.074338632,-0.012340411,0.033598323,0.091977429,0.074112768,0.018500874,0.000004032,0.009568088,0.079944741,-0.024190451,-0.079902008,0.028120371,0.119769280,0.234687210,29.284555506,4.357722247,,
DSP,2025-09,117,0.798176626,0.033287111,0.000020182,0.800000000,6.313522111,-0.000420220,0.097866527,0.078098499,0.020444341,0.000005024,0.007375004,0.075533923,-0.030855030,-0.088827858,0.016934567,0.106300722,0.218933672,0.047577065,29.880522025,4.059738988,,
DSP,2025-10,118,0.801087611,0.031634848,0.000019891,0.800000000,6.353988983,0.001207198,0.078740513,0.020789339,0.000005049,0.007007305,0.074799975,-0.031950232,-0.090283347,0.015117054,0.104128500,0.216391179,0.044682090,0.099801032,28.851446878,4.574276561,,
DSP,2025-11,119,0.800745583,0.031769928,0.000019925,0.800000000,6.340293485,0.000419977,0.020677893,0.000005028,0.007138372,0.075067934,-0.031561735,-0.089771919,0.015762764,0.104892143,0.217281886,0.045705247,0.100952135,0.078161475,27.775525657,5.112237172,,
DSP,2025-12,120,0.800364143,0.032242102,0.000019964,0.800000000,6.583097813,0.009540212,0.000005510,0.005285970,0.071276995,-0.037328327,-0.097573566,0.005889634,0.092932753,0.203192106,0.029467506,0.082553378,0.057575841,0.028462934,28.266807212,4.866596394,,
DSP,2026-01,121,0.830025965,0.000083003,0.000016997,0.980000000,7.335157671,0.006344689,-0.018590866,0.037854718,-0.079394987,-0.147458178,-0.051077519,0.029591054,0.134150975,-0.044649927,0.003966814,-0.024885974,-0.057336639,0.000000976,36.762718294,0.618640853,,
DSP,2026-02,122,0.733612827,0.000073361,0.000026639,0.979895890,6.728226797,0.006004377,-0.013206578,-0.125345327,-0.188303400,-0.086799735,-0.001017132,0.108666292,-0.065020671,-0.011302372,-0.035074768,-0.062447287,0.000000032,-0.094100395,46.406000198,-4.203000099,,
DSP,2026-03,123,0.744738777,0.000074474,0.000025526,0.978755343,6.607150862,0.005216949,-0.134959343,-0.196888142,-0.094344087,-0.007502929,0.103251398,-0.069358299,-0.014534701,-0.037190306,-0.063429396,-0.000000150,-0.093155671,-0.027927818,45.943024265,-3.971512133,,
DSP,2026-04,124,0.736322728,0.000073632,0.000026368,0.980000000,6.772407776,0.005833396,-0.186050208,-0.084798650,0.000730381,0.110148099,-0.063811748,-0.010371272,-0.034416844,-0.062059094,0.000000106,-0.094325906,-0.030276867,-0.117306435,45.792131519,-3.896065759,,
DSP,2026-05,125,0.733348816,0.000073335,0.000026665,0.979078153,6.654363145,0.005176197,-0.092210992,-0.005684292,0.104747113,-0.068180173,-0.013690898,-0.036675217,-0.063244570,-0.000000101,-0.093435504,-0.028487639,-0.114606865,-0.198814693,45.328327913,-3.664163956,,
DSP,2026-06,126,0.735732610,0.000073573,0.000026427,0.978250557,6.550498719,0.004625790,-0.011333310,0.099995296,-0.072029635,-0.016613769,-0.038670051,-0.064271513,-0.000000294,-0.092696609,-0.026983620,-0.112293135,-0.195698258,-0.102538715,44.747019628,-3.373509814,,
DSP,2026-07,127,0.734167871,0.000073417,0.000026583,0.978616961,6.607373632,0.004716250,0.102298872,-0.070157868,-0.015204228,-0.037705851,-0.063774946,-0.000000194,-0.093041582,-0.027687139,-0.113378500,-0.197160402,-0.104384873,-0.006776781,43.880181802,-2.940090901,,
DSP,2026-08,128,0.733827035,0.000073383,0.000026617,0.978057404,6.528731828,0.004328575,-0.073030944,-0.017366081,-0.039162042,-0.064532162,-0.000000337,-0.092446555,-0.026488394,-0.111579264,-0.194741909,-0.101349709,-0.003101573,0.095853995,43.133187099,-2.566593550,,
DSQ,2018-12,36,0.106808035,0.106797354,0.000089319,0.875560093,6.950151283,0.013378381,0.000010570,-0.042821951,0.108840604,0.003408231,-0.110067819,0.079019162,0.029973738,0.250436764,-0.026748194,0.121341492,0.377912133,0.189259967,12.975945300,12.512027350,,
DSQ,2019-01,37,0.368271630,0.000036827,0.000063173,0.980000000,6.962047856,0.007303586,-0.058042284,0.073960922,-0.046067679,-0.169688010,0.013178233,-0.038624581,0.182130693,-0.092061638,0.061407091,0.325459808,0.146156698,0.000001594,17.214515567,10.392742216,,
DSQ,2019-02,38,0.032009418,0.032006218,0.000096799,0.980000000,7.225954231,0.057833162,0.143137340,0.019167851,-0.111003639,0.062673590,-0.000859854,0.205617993,-0.085297280,0.049013473,0.291550143,0.088474702,0.000025500,0.315378784,45.987957845,-3.993978922,,
DSQ,2019-03,39,0.062850802,0.062844517,0.000093715,0.899600868,7.110846481,0.047320676,0.017409860,-0.100634768,0.083495223,0.029083297,0.243733040,-0.039722700,0.101606208,0.350923040,0.154534609,0.000022071,0.331515543,0.004581485,49.404454792,-5.702227396,,
DSQ,2019-04,40,0.096813373,0.096803692,0.000090319,0.882575263,7.242237161,0.092360510,-0.075692396,0.113705777,0.062247846,0.277851781,-0.006352552,0.132781946,0.378668183,0.177793839,0.000019189,0.329331983,-0.000831350,0.124307557,50.556687317,-6.278343658,,
DSQ,2019-05,41,0.000100000,0.000000010,0.000099990,0.980000000,7.139359674,0.016895116,-0.021493826,-0.086363107,0.121680421,-0.164987956,-0.023652149,0.228586885,0.037659957,-0.000000010,0.313023138,-0.028996824,0.088239679,-0.235380965,53.022752451,-7.511376226,,
DSQ,2019-06,42,0.000100000,0.000000010,0.000099990,0.980000000,7.132800523,0.015832526,-0.085392224,0.123681519,-0.161800169,-0.019354999,0.233990877,0.044411713,-0.000000003,0.314252303,-0.026626476,0.091747490,-0.230788052,-0.122765073,53.921019033,-7.960509516,,
DSQ,2019-07,43,0.000100000,0.000000010,0.000099990,0.980000000,7.171423554,0.016204025,0.121521656,-0.165047397,-0.023593040,0.228801512,0.038080973,-0.000000018,0.313076868,-0.028838486,0.088462403,-0.235202157,-0.128324444,0.019021411,54.943694145,-8.471847073,,
DSQ,2019-08,44,0.000100000,0.000000010,0.000099990,0.980000000,7.211074666,0.016555729,-0.168012375,-0.027699598,0.223504937,0.031578857,-0.000000008,0.311903398,-0.031219749,0.085025411,-0.239700400,-0.133712415,0.012787319,0.233179896,56.196851068,-9.098425534,,
DSQ,2019-09,45,0.048530362,0.048525509,0.000095147,0.931378591,7.305286167,0.031417982,0.075171098,0.324642212,0.128325604,0.000024044,0.327752330,-0.002285790,0.124344563,-0.192376490,-0.080839066,0.069018577,0.290666898,-0.028015049,53.891349331,-7.945674665,,
DSQ,2019-10,46,0.000100000,0.000000010,0.000099990,0.980000000,7.238170135,0.015771112,0.224517160,0.032969664,0.000000007,0.312192984,-0.030665267,0.085749778,-0.238685587,-0.132543665,0.014138668,0.234678433,-0.083153194,-0.137303711,57.638196646,-9.819098323,,
DSQ,2019-11,47,0.000100000,0.000000010,0.000099990,0.980000000,7.267630644,0.015801006,0.029442783,-0.000000004,0.311507820,-0.031933954,0.083890413,-0.241145268,-0.135535957,0.010592542,0.230596493,-0.087787143,-0.142466769,0.296051833,57.833143961,-9.916571981,,
DSQ,2019-12,48,0.000100000,0.000000010,0.000099990,0.980000000,7.254651285,0.014812485,0.000000003,0.312529272,-0.029509278,0.087485664,-0.236273096,-0.129395676,0.017852761,0.238808207,-0.078548682,-0.132243474,0.307098988,-0.120886168,60.621156728,-11.310578364,,
DSQ,2020-01,49,0.084086016,0.084077608,0.000091591,0.820716738,7.022827614,-0.078221226,0.414287378,0.088435650,0.220528797,-0.089415080,0.030193641,0.189387070,0.421573315,0.114591430,0.070571152,0.519074401,0.099463233,0.000011312,63.115981366,-12.557990683,,
DSQ,2020-02,50,0.000100000,0.000000010,0.000099990,0.980000000,7.135787345,0.013376003,0.081952864,0.200679748,-0.121460464,-0.013383468,0.135473054,0.357956918,0.042047880,-0.010505851,0.430519719,0.003555669,-0.000000032,0.412437673,62.287026954,-12.143513477,,
DSQ,2020-03,51,0.000100000,0.000000010,0.000099990,0.980000000,7.160390444,0.013405104,0.201869028,-0.121043875,-0.013406126,0.134790717,0.356803674,0.040367854,-0.012424309,0.428014579,0.000854072,-0.000000023,0.411723987,0.133166487,62.312932889,-12.156466445,,
DSQ,2020-04,52,0.000100000,0.000000010,0.000099990,0.980000000,7.147794418,0.012504344,-0.122036701,-0.013410366,0.135945046,0.359255607,0.043856306,-0.007911866,0.433690052,0.007482996,0.000000000,0.412870555,0.135541326,0.083623881,64.744212953,-13.372106476,,
DSQ,2020-05,53,0.073816390,0.073809009,0.000092618,0.848537723,6.886502196,-0.048459781,0.033916726,0.190293581,0.420132465,0.111167429,0.065501326,0.512620078,0.091842351,0.000011102,0.438284567,0.183473439,0.151826785,-0.118605906,64.767042627,-13.383521314,,
DSQ,2020-06,54,0.074394337,0.074386898,0.000092561,0.849150450,6.841110873,-0.043307391,0.190252084,0.419975781,0.111012888,0.065361368,0.512557906,0.091902001,0.000010699,0.438416984,0.183793076,0.152329189,-0.117890530,0.027967941,64.272198656,-13.136099328,,
DSQ,2020-07,55,0.068326957,0.068320125,0.000093167,0.836986266,6.860371979,-0.006513892,0.419735415,0.112160217,0.066990987,0.513889591,0.092267142,0.000016543,0.437230414,0.180850689,0.147207960,-0.125526379,0.017545237,0.280219883,65.905851249,-13.952925625,,
DSQ,2020-08,56,0.066842817,0.066836132,0.000093316,0.867324680,6.801314744,-0.041117936,0.110571410,0.063212909,0.508909355,0.086969098,0.000010375,0.436715972,0.180862415,0.148590762,-0.122129419,0.023489883,0.289121831,0.319077080,67.944450386,-14.972225193,,
DSQ,2020-09,57,0.066481906,0.066475258,0.000093352,0.874496644,6.752471577,-0.043648001,0.062735619,0.507972619,0.085676580,0.000008990,0.436432540,0.180571895,0.148494487,-0.121859735,0.024288919,0.290534014,0.321189831,0.087709742,67.600179313,-14.800089657,,
DSQ,2020-10,58,0.068275393,0.068268566,0.000093172,0.838440064,6.782673317,0.004322145,0.510106452,0.090765874,0.000015964,0.438405854,0.183108160,0.150378769,-0.121463679,0.022553027,0.285932068,0.313389790,0.076335364,0.186569022,70.858824802,-16.429412401,,
DSQ,2020-11,59,0.059060328,0.059054422,0.000094094,0.885825914,6.728566896,-0.031625773,0.080920605,0.000010236,0.434529155,0.176995704,0.143437138,-0.128262741,0.016648747,0.281773329,0.311375746,0.076890398,0.190066832,0.404610071,72.735096001,-17.367548000,,
DSQ,2020-12,60,0.063669642,0.063663275,0.000093633,0.861797192,6.729283889,-0.011236148,0.000013189,0.436892429,0.180922860,0.148211500,-0.123139458,0.021636380,0.286226613,0.315029597,0.079511231,0.191400754,0.404536151,0.136432267,72.900258043,-17.450129021,,
DSQ,2021-01,61,0.064030743,0.064024340,0.000093597,0.859875442,6.728372353,-0.007560568,0.431593538,0.175737909,0.143092275,-0.128267581,0.016458550,0.280976329,0.309665481,0.074022544,0.185787192,0.398780781,0.130539268,0.000013457,72.483906466,-17.241953233,,
DSQ,2021-02,62,0.067874182,0.067867394,0.000093213,0.842763113,6.749335341,0.015091612,0.181522239,0.149932596,-0.120989355,0.023676029,0.287757822,0.315688078,0.079042288,0.189612470,0.401261589,0.131547686,0.000015993,0.490004810,73.061577898,-17.530788949,,
DSQ,2021-03,63,0.075422899,0.075415357,0.000092458,0.819282313,6.813609985,0.055394027,0.157905469,-0.111068264,0.034320586,0.298193995,0.325168158,0.087012983,0.195613498,0.404960318,0.132664435,0.000019970,0.487785772,0.282042576,75.765143133,-18.882571566,,
DSQ,2021-04,64,0.073665012,0.073657646,0.000092633,0.822220687,6.849392712,0.038515040,-0.112285190,0.032797913,0.296566751,0.323590975,0.085577036,0.194446007,0.404117031,0.132240388,0.000019508,0.488072687,0.282671278,0.142931094,75.427624023,-18.713812011,,
DSQ,2021-05,65,0.074174036,0.074166618,0.000092583,0.821701882,6.883980769,0.033628314,0.033080497,0.296944047,0.323984647,0.085961565,0.194787477,0.404404840,0.132409664,0.000019636,0.488002519,0.282505080,0.142668103,-0.107788951,75.011287483,-18.505643741,,
DSQ,2021-06,66,0.083935510,0.083927117,0.000091606,0.829735005,6.986142739,0.077995980,0.299945913,0.329504829,0.092582244,0.201357522,0.409925460,0.136113717,0.000022010,0.486081831,0.278236549,0.135670039,-0.117838576,0.130599151,77.998348256,-19.999174128,,
DSQ,2021-07,67,0.075416657,0.075409115,0.000092458,0.818147062,6.986685393,0.029298730,0.327607081,0.089044045,0.197190396,0.405999914,0.133066790,0.000021181,0.487320081,0.281023180,0.140258920,-0.111233245,0.139509746,0.232248362,79.238326272,-20.619163136,,
DSQ,2021-08,68,0.072660785,0.072653519,0.000092734,0.813333484,6.986309782,0.009633495,0.088710680,0.196233614,0.404796265,0.131996935,0.000020575,0.487643721,0.281783985,0.141604220,-0.109159126,0.142342969,0.235974501,0.294753554,79.226933850,-20.613466925,,
DSQ,2021-09,69,0.071259474,0.071252348,0.000092874,0.807573733,6.974639076,-0.005010597,0.196493063,0.404487901,0.131503754,0.000019831,0.487806589,0.282260742,0.142495052,-0.107761242,0.144367725,0.238696299,0.298251164,0.058440344,79.158469902,-20.579234951,,
DSQ,2021-10,70,0.071690219,0.071683050,0.000092831,0.824036994,7.010064786,0.023475258,0.402912636,0.131111300,0.000021806,0.487642965,0.281672893,0.141221452,-0.109960250,0.141035075,0.234023691,0.292054894,0.050547533,0.258834827,80.202740791,-21.101370395,,
DSQ,2021-11,71,0.070767447,0.070760370,0.000092923,0.807000455,6.986516269,-0.011016794,0.132285979,0.000019742,0.487272676,0.281303795,0.141235310,-0.109226010,0.142759605,0.237008290,0.296525291,0.056728337,0.266901475,0.331626200,81.636368526,-21.818184263,,
DSQ,2021-12,72,0.071505780,0.071498630,0.000092849,0.800000000,6.962257306,-0.020902357,0.000018655,0.486930971,0.280811617,0.140756211,-0.109543762,0.142736384,0.237386962,0.297405246,0.058185575,0.269001848,0.334436609,0.104494809,81.518661746,-21.759330873,,
DSQ,2022-01,73,0.071354672,0.071347536,0.000092865,0.800486777,6.950123165,-0.015307005,0.484138844,0.278028690,0.137963323,-0.112362369,0.139879925,0.234482658,0.294445794,0.055162617,0.265906987,0.331268620,0.101247993,0.000018800,81.119868082,-21.559934041,,
DSQ,2022-02,74,0.066069171,0.066062564,0.000093393,0.820901712,6.976949706,0.018447365,0.282100045,0.142579637,-0.107662441,0.144237656,0.238173163,0.297128297,0.056590579,0.265892588,0.329563917,0.097692078,0.000022538,0.554707973,82.820008520,-22.410004260,,
DSQ,2022-03,75,0.062247937,0.062241712,0.000093775,0.840208353,7.029293527,0.044967646,0.144396844,-0.104929146,0.147376806,0.241211107,0.299712052,0.058340186,0.266381495,0.328615655,0.095021815,0.000026234,0.552147815,0.356420861,84.867459585,-23.433729793,,
DSQ,2022-04,76,0.062768017,0.062761740,0.000093723,0.833971067,7.049650710,0.021843393,-0.105298884,0.146352991,0.239865351,0.298315566,0.057133588,0.265609267,0.328430271,0.095594849,0.000024499,0.553147215,0.358456240,0.106339566,85.143901690,-23.571950845,,
DSQ,2022-05,77,0.062975066,0.062968768,0.000093702,0.831458235,7.059599694,0.010471619,0.146364971,0.239558953,0.297832503,0.056617925,0.265222214,0.328232619,0.095684394,0.000023626,0.553516754,0.359229388,0.107538982,-0.123240240,84.908527687,-23.454263844,,
DSQ,2022-06,78,0.062469006,0.062462759,0.000093753,0.835632447,7.082436359,0.021766932,0.239152389,0.298001264,0.057055812,0.265697448,0.328531141,0.095646543,0.000025184,0.553011845,0.358143773,0.105810378,-0.125663179,0.176342949,84.947203926,-23.473601963,,
DSQ,2022-07,79,0.062576033,0.062569776,0.000093742,0.829283482,7.070671532,-0.009850014,0.299195206,0.057016841,0.265086494,0.327807909,0.095268513,0.000022019,0.553763807,0.359823660,0.108614925,-0.121591150,0.181807359,0.175266206,86.534353580,-24.267176790,,
DSQ,2022-08,80,0.063514495,0.063508144,0.000093649,0.823410916,7.041362250,-0.027335442,0.058180524,0.265383891,0.327782749,0.095247938,0.000019706,0.554126400,0.360721305,0.110164759,-0.119257117,0.185015423,0.179435150,0.256966513,87.026936138,-24.513468069,,
DSQ,2022-09,81,0.062413236,0.062406995,0.000093759,0.827344980,7.032438509,-0.010878665,0.264498443,0.327375693,0.095032218,0.000021256,0.553997859,0.360353774,0.109445148,-0.120420972,0.183380101,0.177257847,0.254198613,0.083556282,86.960537715,-24.480268858,,
DSQ,2022-10,82,0.065311838,0.065305307,0.000093469,0.818916950,6.980094410,-0.047347058,0.329937852,0.096025739,0.000016173,0.553867771,0.360556877,0.110394835,-0.118374564,0.186754510,0.182203703,0.260905289,0.092207361,0.182227129,89.940948486,-25.970474243,,
DSQ,2022-11,83,0.070483743,0.070476695,0.000092952,0.810415882,6.891616062,-0.078454076,0.098121375,0.000010903,0.553337988,0.360060272,0.110404200,-0.117480372,0.188841949,0.185749271,0.266129688,0.099287617,0.191310213,0.255551410,92.332839921,-27.166419960,,
DSQ,2022-12,84,0.071981957,0.071974758,0.000092802,0.809052072,6.816247593,-0.071496977,0.000009811,0.553124454,0.359767224,0.110130394,-0.117638318,0.188914497,0.186099135,0.266799000,0.100314345,0.192740427,0.257369623,0.084425994,92.074506737,-27.037253368,,
DSQ,2023-01,85,0.071125691,0.071118579,0.000092887,0.809070042,6.772469060,-0.053590262,0.546405092,0.353077454,0.103417696,-0.124424656,0.181994198,0.179026995,0.259558090,0.092890651,0.185112242,0.249545928,0.076370642,0.000010407,91.740929570,-26.870464785,,
DSQ,2023-02,86,0.071409922,0.071402781,0.000092859,0.809652338,6.726276681,-0.045238424,0.352735444,0.103039956,-0.124800391,0.181635269,0.178706041,0.259296180,0.092702792,0.185006668,0.249534225,0.076461406,0.000010110,0.543066712,91.373224327,-26.686612164,,
DSQ,2023-03,87,0.074477498,0.074470051,0.000092552,0.828367559,6.638634022,-0.070359753,0.098386055,-0.130351848,0.175764663,0.173039805,0.254245343,0.088600549,0.182120791,0.248129012,0.076700162,0.000004898,0.544835303,0.297201964,92.721592489,-27.360796245,,
DSQ,2023-04,88,0.071157134,0.071150018,0.000092884,0.804566297,6.641354837,-0.021763478,-0.126159644,0.180947312,0.178516801,0.259479258,0.093129483,0.185595092,0.250216153,0.077179729,0.000010782,0.543313434,0.293809765,0.158641807,94.433002714,-28.216501357,,
DSQ,2023-05,89,0.069130437,0.069123524,0.000093087,0.800000000,6.651399487,0.001575525,0.182043490,0.180190691,0.261340019,0.094888405,0.187001298,0.251091902,0.077369117,0.000013769,0.542580651,0.292270123,0.156222055,-0.089944153,94.844334881,-28.422167441,,
DSQ,2023-06,90,0.067793965,0.067787185,0.000093221,0.800000000,6.671542252,0.017448045,0.180270097,0.261966924,0.095742530,0.187845453,0.251702501,0.077589813,0.000016087,0.542092815,0.291216811,0.154537446,-0.092313917,0.213622028,95.092455595,-28.546227798,,
DSQ,2023-07,91,0.068176649,0.066462993,0.000093182,0.800000000,6.728181829,0.052912116,0.261340650,0.096519026,0.189235461,0.253083093,0.078467443,0.000021198,0.541327310,0.289366758,0.151386389,-0.096941758,0.207393635,0.254321301,98.140922697,-30.070461348,,
DSQ,2023-08,92,0.066335192,0.066328559,0.000093366,0.800000000,6.761139043,0.035154084,0.096623239,0.189086605,0.252845650,0.078239458,0.000020464,0.541416666,0.289623814,0.151851996,-0.096231158,0.208389387,0.255626647,0.248460647,97.899275400,-29.949637700,,
DSQ,2023-09,93,0.065255751,0.065249225,0.000093474,0.800000000,6.777930697,0.018308950,0.189314143,0.252686428,0.077895794,0.000019547,0.541423250,0.289716635,0.152141093,-0.095654540,0.209280848,0.256884790,0.250127902,0.079688220,97.727143867,-29.863571933,,
DSQ,2023-10,94,0.066340337,0.066333703,0.000093366,0.800000000,6.803774973,0.023801140,0.252536463,0.078093460,0.000020388,0.541514802,0.289796659,0.152095045,-0.095920168,0.208747608,0.256036672,0.248926170,0.078081553,0.205511006,97.531888426,-29.765944213,,
DSQ,2023-11,95,0.062752882,0.062193456,0.000093725,0.800000000,6.776981588,-0.006050438,0.087985927,0.000029624,0.558648912,0.303957572,0.165421069,-0.081381367,0.222233735,0.269139529,0.262740864,0.093563311,0.221457023,0.217961227,98.611030830,-30.305515415,,
DSQ,2023-12,96,0.062400061,0.062393821,0.000093760,0.800000000,6.777531591,-0.012602854,0.000017284,0.540603316,0.288531365,0.150921953,-0.096644877,0.208754657,0.256998020,0.251021473,0.081458399,0.210286861,0.205843688,0.062201426,98.359441171,-30.179720585,,
DSQ,2024-01,97,0.062602980,0.062596720,0.000093740,0.800000000,6.779517040,-0.005914426,0.533115988,0.281110329,0.143515142,-0.104084123,0.201252992,0.249404518,0.243309332,0.073609467,0.202288504,0.197679541,0.053870953,0.000017722,98.026764746,-30.013382373,,
DSQ,2024-02,98,0.062381241,0.062375003,0.000093762,0.800000000,6.769641249,-0.010184072,0.280540266,0.142807676,-0.104848952,0.200504272,0.248719348,0.242736713,0.073178605,0.202032716,0.197619377,0.054028061,0.000017110,0.522769965,97.716357748,-29.858178874,,
DSQ,2024-03,99,0.061939147,0.061932953,0.000093806,0.800000000,6.742376792,-0.028615059,0.141379218,-0.106851278,0.198204861,0.246411099,0.240644211,0.071497385,0.200873648,0.197124503,0.054243001,0.000014606,0.523634577,0.242297098,98.403862311,-30.201931155,,
DSQ,2024-04,100,0.061651432,0.061645266,0.000093835,0.800000000,6.733048601,-0.008464180,-0.106316818,0.199219988,0.247652212,0.241892574,0.072593290,0.201701089,0.197555156,0.054240319,0.000016575,0.523121260,0.241220668,0.167543159,98.535685661,-30.267842831,,
DSQ,2024-05,101,0.060832723,0.060826640,0.000093917,0.800000000,6.785551947,0.054909885,0.200285391,0.250705964,0.245866394,0.076622384,0.205116615,0.199794215,0.054870960,0.000025113,0.521269381,0.237297452,0.161361937,0.006574588,107.762231970,-34.881115985,,
DSQ,2024-06,102,0.060605716,0.060599656,0.000093939,0.800000000,6.825588221,0.040115884,0.250658825,0.245698514,0.076407702,0.204891398,0.199624273,0.054759374,0.000024688,0.521346835,0.237481276,0.161658674,0.006999503,0.193570061,107.481242909,-34.740621454,,
DSQ,2024-07,103,0.060726824,0.060720752,0.000093927,0.800000000,6.859535827,0.033801070,0.245692908,0.076442767,0.204954896,0.199680193,0.054812806,0.000024867,0.521319599,0.237411678,0.161546836,0.006835995,0.193337758,0.253665530,107.164416454,-34.582208227,,
DSQ,2024-08,104,0.058889390,0.058883501,0.000094111,0.800000000,6.861197664,0.004691593,0.076724577,0.204524490,0.198976949,0.054115936,0.000022455,0.521500561,0.237944362,0.162592270,0.008521601,0.195747897,0.256894444,0.204817252,108.106888876,-35.053444438,,
DSQ,2024-09,105,0.058255321,0.058249495,0.000094174,0.800000000,6.853135018,-0.007123521,0.204788844,0.198865235,0.053858048,0.000021124,0.521484065,0.238037417,0.162878192,0.009070348,0.196625453,0.258134636,0.206454618,0.056030884,108.104642970,-35.052321485,,
DSQ,2024-10,106,0.057644625,0.057638861,0.000094236,0.800000000,6.829155195,-0.023362465,0.199379734,0.053811177,0.000018841,0.521355914,0.237916670,0.162966847,0.009514730,0.197484444,0.259563873,0.208470360,0.058730771,0.170867771,108.656589259,-35.328294629,,
DSQ,2024-11,107,0.057683380,0.057677611,0.000094232,0.800000000,6.803443574,-0.025839813,0.053968195,0.000017800,0.521129329,0.237730095,0.162832335,0.009472784,0.197604692,0.259789411,0.208941613,0.059400528,0.171801526,0.185828837,108.460191780,-35.230095890,,
DSQ,2024-12,108,0.058187327,0.058181508,0.000094181,0.800000000,6.768594946,-0.035162152,0.000015669,0.520719968,0.237047500,0.162084377,0.008813147,0.197169592,0.259690976,0.209204177,0.060110125,0.173015422,0.187535365,0.026862931,108.671868064,-35.335934032,,
DSQ,2025-01,109,0.057765432,0.057759655,0.000094223,0.800000000,6.755629625,-0.022643517,0.511652147,0.228046402,0.153086952,-0.000230662,0.188037668,0.250440404,0.199814782,0.050560719,0.163288623,0.177621188,0.016747383,0.000016481,108.398668003,-35.199334001,,
DSQ,2025-02,110,0.059020257,0.059014355,0.000094098,0.800000000,6.721543633,-0.033532150,0.226649786,0.151392133,-0.002029468,0.186319433,0.248924576,0.198598463,0.049714994,0.162894246,0.177716488,0.017390018,0.000014140,0.484924037,108.654823371,-35.327411686,,
DSQ,2025-03,111,0.060857886,0.060851800,0.000093914,0.800000000,6.674669375,-0.044455571,0.150152022,-0.003665203,0.184525729,0.247179123,0.197051656,0.048506512,0.162122412,0.177456712,0.017711311,0.000011310,0.485654584,0.197770168,109.038730910,-35.519365455,,
DSQ,2025-04,112,0.059628788,0.059622826,0.000094037,0.800000000,6.651333115,-0.025936793,-0.003230758,0.185185446,0.247923643,0.197765872,0.049108442,0.162535247,0.177624818,0.017593806,0.000012902,0.485262029,0.196977502,0.165778974,108.902238137,-35.451119069,,
DSQ,2025-05,113,0.059959220,0.059108747,0.000094004,0.800000000,6.625145930,-0.021794213,0.191299256,0.255033608,0.204473694,0.054589149,0.168731088,0.181972449,0.022930883,0.000019042,0.490619048,0.204505134,0.172344202,-0.000613970,108.543364455,-35.271682228,,
DSQ,2025-06,114,0.059704924,0.059176414,0.000094030,0.800000000,6.616782211,-0.013504558,0.247848954,0.197779920,0.049164809,0.162602835,0.177660425,0.017575670,0.000013370,0.485168401,0.196805745,0.165504345,-0.005686759,0.191780906,108.198409272,-35.099204636,,
DSQ,2025-07,115,0.067318426,0.053579415,0.000093268,0.800000000,6.637209820,0.007985548,0.197392330,0.049201358,0.162808392,0.177827194,0.017523427,0.000016790,0.484563968,0.195542510,0.163545036,-0.008368066,0.188353997,0.281091091,108.962423725,-35.481211862,,
DSQ,2025-08,116,0.058551286,0.058545431,0.000094145,0.800000000,6.612014254,-0.015560173,0.050036838,0.163062024,0.177831842,0.017533729,0.000013193,0.485043611,0.196576213,0.165233199,-0.005960397,0.191514490,0.285056259,0.159086708,110.090577089,-36.045288545,,
DSQ,2025-09,117,0.058718400,0.058712528,0.000094128,0.800000000,6.595983447,-0.015735176,0.163212317,0.177888879,0.017539790,0.000012712,0.485071609,0.196656429,0.165376983,-0.005738837,0.191829457,0.285471859,0.159619243,0.044611522,109.738565438,-35.869282719,,
DSQ,2025-10,118,0.058345312,0.058339478,0.000094165,0.800000000,6.592536823,-0.003998894,0.177537442,0.017441200,0.000013989,0.485098205,0.196635135,0.165240572,-0.006045253,0.191321731,0.284728323,0.158611531,0.043314457,0.177529642,109.561241263,-35.780620632,,
DSQ,2025-11,119,0.058772264,0.058766387,0.000094123,0.800000000,6.570511882,-0.021731661,0.017909453,0.000011352,0.484817666,0.196280602,0.164988884,-0.006049742,0.191660465,0.285502719,0.159894184,0.045168070,0.179990452,0.146611729,110.146651907,-36.073325953,,
DSQ,2025-12,120,0.058644693,0.058638829,0.000094136,0.800000000,6.556615161,-0.013910752,0.000011848,0.484910018,0.196424954,0.165142054,-0.005921987,0.191744519,0.285520712,0.159831153,0.045006057,0.179723376,0.146230327,0.023765083,109.783158206,-35.891579103,,
DSQ,2026-01,121,0.058530963,0.058525110,0.000094147,0.800000000,6.554512762,-0.007632489,0.479504510,0.191075668,0.159801082,-0.011273400,0.186348879,0.280055632,0.154303104,0.039383700,0.173987538,0.140404007,0.017813495,0.000012309,109.412404184,-35.706202092,,
DSQ,2026-02,122,0.058936062,0.058930168,0.000094106,0.800000000,6.529293501,-0.026845510,0.189363838,0.157672142,-0.013568180,0.184081647,0.277989291,0.152535429,0.038062972,0.173197635,0.140176391,0.018233120,0.000009511,0.446163291,110.228520759,-36.114260380,,
DSQ,2026-03,123,0.059124437,0.059118525,0.000094088,0.800000000,6.502775960,-0.026739506,0.157382504,-0.013978773,0.183621610,0.277521968,0.152151562,0.037742322,0.172968580,0.140110354,0.018287413,0.000008782,0.446317923,0.181153993,109.894354181,-35.947177090,,
DSQ,2026-04,124,0.058716375,0.058710503,0.000094128,0.800000000,6.491077174,-0.011550460,-0.013669936,0.184186217,0.278213766,0.152829520,0.038336170,0.173427479,0.140334604,0.018297681,0.000010201,0.446044658,0.180529537,0.172610179,109.752231581,-35.876115790,,
DSQ,2026-05,125,0.058614060,0.058608199,0.000094139,0.800000000,6.485305128,-0.005721131,0.184239453,0.278353249,0.152998013,0.038516413,0.173580033,0.140438721,0.018343534,0.000010712,0.445980782,0.180355102,0.172320157,-0.008241633,109.363212398,-35.681606199,,
DSQ,2026-06,126,0.059355870,0.057503612,0.000094064,0.800000000,6.486255886,0.002754698,0.279679285,0.157382164,0.040842137,0.175393360,0.144716023,0.023082558,0.000015485,0.449169371,0.183125557,0.174537303,-0.008932263,0.198161972,109.109847474,-35.554923737,,
DSQ,2026-07,127,0.058475685,0.058469838,0.000094152,0.800000000,6.488191214,0.000039425,0.153205260,0.038752608,0.173802753,0.140592091,0.018391979,0.000011460,0.445838877,0.180085969,0.171907016,-0.008811447,0.195887111,0.274889758,108.671147607,-35.335573803,,
DSQ,2026-08,128,0.058461990,0.058456144,0.000094154,0.800000000,6.479412001,-0.008747668,0.039006325,0.173818113,0.140500392,0.018288174,0.000010246,0.445922321,0.180316381,0.172307021,-0.008203631,0.196730502,0.275990328,0.140057800,108.454498439,-35.227249219,,
LWS,2018-12,36,0.000100000,0.000000010,0.999800010,0.800000000,7.660099311,0.000074932,-0.312050045,-0.428330091,-0.560528082,0.321852009,-0.854334097,-0.188962481,-0.545442688,-0.642920514,-0.959096076,-0.036198511,-0.494675958,-0.725663734,59.521536386,-10.760768193,,
LWS,2019-01,37,0.000100000,0.000006372,0.999800010,0.800000000,7.659729175,0.000060992,-0.427934025,-0.560123861,0.322261867,-0.853919925,-0.188546930,-0.545025853,-0.642502143,-0.958674911,-0.035778163,-0.494255147,-0.725247984,-0.475842040,59.365734427,-10.682867213,,
LWS,2019-02,38,0.000100000,0.000000010,0.999800010,0.800000000,7.659895356,0.000047932,-0.560232178,0.322148127,-0.854037808,-0.188666055,-0.545146152,-0.642623891,-0.958799383,-0.035901762,-0.494379164,-0.725366904,-0.475958836,-0.413528727,58.931224799,-10.465612399,,
LWS,2019-03,39,0.000100000,0.000000010,0.999800010,0.800000000,7.659865985,0.000038333,0.322200213,-0.853985623,-0.188613790,-0.545093824,-0.642571512,-0.958746963,-0.035849309,-0.494326685,-0.725314404,-0.475906320,-0.413476197,-0.711913742,58.701054160,-10.350527080,,
LWS,2019-04,40,0.000100000,0.000000010,0.000099990,0.800000000,7.469465441,0.000021698,-0.891702503,0.005523619,-0.272158013,-0.183985133,-1.216043630,0.287625342,-0.997833925,0.023252630,-0.000000004,-0.016486488,-0.645872969,0.361082371,50.320114942,-6.160057471,,
LWS,2019-05,41,0.000100000,0.000000010,0.999800010,0.800000000,7.659563469,0.000024528,-0.188271272,-0.544751255,-0.642228902,-0.958404321,-0.035506642,-0.493983997,-0.724971700,-0.475563602,-0.413133469,-0.711571005,-0.214029021,-0.466667949,62.093204122,-12.046602061,,
LWS,2019-06,42,0.000100000,0.000000010,0.999800010,0.800000000,7.659509165,0.000019616,-0.544706356,-0.642183975,-0.958359370,-0.035461673,-0.493939013,-0.724926704,-0.475518597,-0.413088456,-0.711525986,-0.213983997,-0.466622922,-0.477128160,62.472720886,-12.236360443,,
LWS,2019-07,43,0.000100000,0.000000010,0.999800010,0.800000000,7.659487656,0.000015696,-0.642124923,-0.958300325,-0.035402633,-0.493879977,-0.724867671,-0.475459567,-0.413029428,-0.711466960,-0.213924973,-0.466563898,-0.477069137,-0.326486460,62.506003273,-12.253001637,,
LWS,2019-08,44,0.000100000,0.000000010,0.999800010,0.800000000,7.659575851,0.000012561,-0.958348182,-0.035450508,-0.493927866,-0.724915572,-0.475507477,-0.413077345,-0.711514883,-0.213972900,-0.466611829,-0.477117071,-0.326534396,-0.365226249,62.816341754,-12.408170877,,
LWS,2019-09,45,0.000100000,0.000000010,0.999800010,0.800000000,7.659869193,0.000010055,-0.035689962,-0.494167337,-0.725155056,-0.475746972,-0.413316849,-0.711754393,-0.214212416,-0.466851349,-0.477356594,-0.326773922,-0.365465778,-0.521045952,64.233195253,-13.116597626,,
LWS,2019-10,46,0.000100000,0.000000010,0.999800010,0.800000000,7.659707922,0.000008042,-0.494017808,-0.725005522,-0.475597434,-0.413167308,-0.711604849,-0.214062870,-0.466701802,-0.477207046,-0.326624373,-0.365316228,-0.520896401,-0.233139088,64.184260986,-13.092130493,,
LWS,2019-11,47,0.000100000,0.000000010,0.999800010,0.800000000,7.659662210,0.000006432,-0.724966766,-0.475558679,-0.413128554,-0.711566097,-0.214024118,-0.466663051,-0.477168295,-0.326585623,-0.365277477,-0.520857651,-0.233100338,-0.627907557,63.919583845,-12.959791923,,
LWS,2019-12,48,0.000100000,0.000000010,0.999800010,0.800000000,7.659809217,0.000005146,-0.475703129,-0.413273006,-0.711710549,-0.214168572,-0.466807505,-0.477312750,-0.326730077,-0.365421932,-0.521002106,-0.233244794,-0.628052013,-0.751051844,63.467264710,-12.733632355,,
LWS,2020-01,49,0.000100000,0.000000010,0.999800010,0.800000000,7.659859721,0.000004122,-0.413269035,-0.711706582,-0.214164607,-0.466803542,-0.477308789,-0.326726118,-0.365417974,-0.520998149,-0.233240837,-0.628048056,-0.751047887,0.027628708,65.520336613,-13.760168306,,
LWS,2020-02,50,0.000100000,0.000000010,0.000099990,0.800000000,7.517201705,0.000002412,-0.690341719,0.315987398,-0.783504525,-0.113645925,-0.284569073,-0.228368415,-1.041517918,0.157989578,-0.904973634,-0.169961669,-0.000000007,-0.166220138,64.454193448,-13.227096724,,
LWS,2020-03,51,0.000100000,0.000000010,0.999800010,0.800000000,7.659789031,0.000002635,-0.214119541,-0.466758473,-0.477263716,-0.326681043,-0.365372898,-0.520953071,-0.233195758,-0.628002977,-0.751002808,0.027673788,-0.733176904,-0.707060846,65.631319058,-13.815659529,,
LWS,2020-04,52,0.000100000,0.000000010,0.000099990,0.800000000,7.516962984,0.000001540,-0.783396711,-0.113505708,-0.284412411,-0.228192316,-1.041328391,0.158202579,-0.904746565,-0.169759625,-0.000000009,-0.166164724,-0.665070874,0.280448940,63.870093523,-12.935046762,,
LWS,2020-05,53,0.000100000,0.000000010,0.999800010,0.800000000,7.659748535,0.000001685,-0.477227938,-0.326645264,-0.365337117,-0.520917290,-0.233159977,-0.627967196,-0.750967026,0.027709570,-0.733141122,-0.707025064,-0.004880156,-0.761004570,66.005933315,-14.002966657,,
LWS,2020-06,54,0.000100000,0.000000010,0.999800010,0.800000000,7.659723551,0.000001344,-0.326658850,-0.365350704,-0.520930877,-0.233173564,-0.627980783,-0.750980613,0.027695983,-0.733154709,-0.707038651,-0.004893743,-0.761018157,-0.876358435,67.135566400,-14.567783200,,
LWS,2020-07,55,0.000100000,0.000000010,0.999800010,0.800000000,7.659824418,0.000001079,-0.365412962,-0.520993135,-0.233235822,-0.628043041,-0.751042871,0.027633725,-0.733216967,-0.707100909,-0.004956001,-0.761080415,-0.876420692,0.048548718,68.076502508,-15.038251254,,
LWS,2020-08,56,0.000100000,0.000000010,0.999800010,0.800000000,7.659826204,0.000000859,-0.521039444,-0.233282131,-0.628089350,-0.751089180,0.027587416,-0.733263276,-0.707147218,-0.005002310,-0.761126724,-0.876467001,0.048502409,-0.819234293,69.650153964,-15.825076982,,
LWS,2020-09,57,0.000100000,0.000000010,0.999800010,0.800000000,7.659755324,0.000000686,-0.233225324,-0.628032543,-0.751032374,0.027644222,-0.733206470,-0.707090412,-0.004945504,-0.761069918,-0.876410196,0.048559215,-0.819177487,-0.668563678,69.421302992,-15.710651496,,
LWS,2020-10,58,0.000100000,0.000000010,0.999800010,0.800000000,7.659740221,0.000000551,-0.627990105,-0.750989936,0.027686660,-0.733164032,-0.707047974,-0.004903066,-0.761027480,-0.876367758,0.048601653,-0.819135049,-0.668521240,0.034625798,69.677949055,-15.838974528,,
LWS,2020-11,59,0.000100000,0.000000010,0.999800010,0.800000000,7.659772109,0.000000441,-0.751017741,0.027658855,-0.733191837,-0.707075780,-0.004930871,-0.761055285,-0.876395563,0.048573847,-0.819162855,-0.668549045,0.034597993,-0.591603751,69.228895270,-15.614447635,,
LWS,2020-12,60,0.000100000,0.000000010,0.999800010,0.800000000,7.659805615,0.000000354,0.027632274,-0.733218418,-0.707102360,-0.004957452,-0.761081866,-0.876422143,0.048547267,-0.819189435,-0.668575625,0.034571412,-0.591630331,-0.685333276,68.793947956,-15.396973978,,
LWS,2021-01,61,0.000100000,0.000000010,0.999800010,0.800000000,7.659620265,0.000000285,-0.733014246,-0.706898188,-0.004753280,-0.760877693,-0.876217971,0.048751439,-0.818985262,-0.668371453,0.034775585,-0.591426159,-0.685129103,0.213197372,68.655098839,-15.327549420,,
LWS,2021-02,62,0.000100000,0.000000010,0.999800010,0.800000000,7.659701453,0.000000231,-0.706949406,-0.004804498,-0.760928912,-0.876269189,0.048700221,-0.819036480,-0.668422671,0.034724367,-0.591477377,-0.685180321,0.213146154,-0.435706383,69.071609193,-15.535804597,,
LWS,2021-03,63,0.000100000,0.000000010,0.999800010,0.800000000,7.659831045,0.000000184,-0.004938505,-0.761062919,-0.876403196,0.048566214,-0.819170488,-0.668556678,0.034590359,-0.591611384,-0.685314329,0.213012146,-0.435840391,-0.753071667,68.586983200,-15.293491600,,
LWS,2021-04,64,0.000100000,0.000000010,0.999800010,0.800000000,7.659761974,0.000000148,-0.760982633,-0.876322910,0.048646500,-0.819090202,-0.668476392,0.034670646,-0.591531098,-0.685234043,0.213092433,-0.435760105,-0.752991381,0.105796041,68.195251890,-15.097625945,,
LWS,2021-05,65,0.000100000,0.000000010,0.999800010,0.800000000,7.660198738,0.000000122,-0.876725655,0.048243755,-0.819492947,-0.668879137,0.034267900,-0.591933843,-0.685636788,0.212689687,-0.436162850,-0.753394127,0.105393295,-0.422454443,68.891197904,-15.445598952,,
LWS,2021-06,66,0.000100000,0.000001166,0.999800010,0.800000000,7.660077516,0.000000986,0.048392081,-0.819344636,-0.668730419,0.034417081,-0.591784540,-0.685487421,0.212839045,-0.436013671,-0.753245366,0.105541764,-0.422306310,-0.614327167,69.096666899,-15.548333449,,
LWS,2021-07,67,0.000100000,0.000000010,0.999800010,0.800000000,7.658846914,0.000000081,-0.818102519,-0.667488710,0.035658328,-0.590543415,-0.684246360,0.214080115,-0.434772422,-0.752003698,0.106783723,-0.421064014,-0.613084289,0.171566510,68.720929889,-15.360464944,,
LWS,2021-08,68,0.000100000,0.000000988,0.999800010,0.800000000,7.660188403,0.000000820,-0.668809758,0.034337671,-0.591863969,-0.685566860,0.212759607,-0.436093082,-0.753324712,0.105462462,-0.422385560,-0.614406327,0.170243872,-0.637338528,68.534677746,-15.267338873,,
LWS,2021-09,69,0.000100000,0.000000010,0.999800010,0.800000000,7.659938433,0.000000055,0.034600206,-0.591601537,-0.685304482,0.213021993,-0.435830544,-0.753061820,0.105725601,-0.422122136,-0.614142411,0.170508387,-0.637073438,-0.517916923,68.226884498,-15.113442249,,
LWS,2021-10,70,0.000100000,0.000003455,0.999800010,0.800000000,7.660034184,0.000002635,-0.591669823,-0.685372576,0.212953871,-0.435899201,-0.753131724,0.105654827,-0.422193912,-0.614215922,0.170432766,-0.637151084,-0.517996690,0.172759509,67.871560946,-14.935780473,,
LWS,2021-11,71,0.000100000,0.000000010,0.999800010,0.800000000,7.659920993,0.000000037,-0.685271380,0.213055095,-0.435797442,-0.753028718,0.105758703,-0.422089034,-0.614109309,0.170541490,-0.637040336,-0.517883821,0.172874489,-0.574021284,67.294279531,-14.647139766,,
LWS,2021-12,72,0.000100000,0.000000010,0.999800010,0.800000000,7.659935842,0.000000030,0.213047736,-0.435804801,-0.753036078,0.105751344,-0.422096394,-0.614116668,0.170534130,-0.637047695,-0.517891180,0.172867130,-0.574028643,-0.610688461,66.763648725,-14.381824363,,
LWS,2022-01,73,0.000100000,0.000000010,0.999800010,0.800000000,7.659904583,0.000000024,-0.435771272,-0.753002549,0.105784873,-0.422062865,-0.614083139,0.170567659,-0.637014166,-0.517857651,0.172900659,-0.573995114,-0.610654932,0.235529179,66.162085763,-14.081042881,,
LWS,2022-02,74,0.000100000,0.000000964,0.999800010,0.800000000,7.660095441,0.000000306,-0.753196357,0.105590823,-0.422257192,-0.614277947,0.170372267,-0.637210119,-0.518054191,0.172703534,-0.574192813,-0.610853102,0.235330575,-0.517259910,65.618937162,-13.809468581,,
LWS,2022-03,75,0.000100000,0.000000010,0.999800010,0.800000000,7.659890204,0.000000018,0.105819684,-0.422028053,-0.614048328,0.170602471,-0.636979355,-0.517822840,0.172935470,-0.573960303,-0.610620121,0.235563991,-0.517026129,-0.467736671,65.949129441,-13.974564720,,
LWS,2022-04,76,0.000100000,0.000002725,0.999800010,0.800000000,7.660067058,0.000001770,-0.422167403,-0.614189045,0.170460090,-0.637123331,-0.517968487,0.172788159,-0.574109245,-0.610770405,0.235412470,-0.517178686,-0.467889881,0.330487341,65.915781517,-13.957890758,,
LWS,2022-05,77,0.000100000,0.000002554,0.999800010,0.800000000,7.660340022,0.000002484,-0.614416256,0.170232983,-0.637350337,-0.518195388,0.172561363,-0.574335938,-0.610997014,0.235185939,-0.517405152,-0.468116305,0.330260989,0.030357862,67.695808799,-14.847904399,,
LWS,2022-06,78,0.006825766,0.006825083,0.993074917,0.800000000,7.765668513,0.008391419,0.108123607,-0.704471987,-0.590139859,0.096070270,-0.654306522,-0.693950295,0.150001978,-0.603526933,-0.556614953,0.238618727,-0.066574302,-0.071791176,71.493180043,-16.746590021,,
LWS,2022-07,79,0.000100000,0.000003141,0.999800010,0.800000000,7.660151927,0.000002315,-0.637129222,-0.517974634,0.172781757,-0.574115896,-0.610777262,0.235405424,-0.517185891,-0.467897186,0.330479862,0.030576432,0.033683836,-0.232967447,73.096630339,-17.548315169,,
LWS,2022-08,80,0.005794417,0.005793838,0.994106162,0.800000000,7.759087635,0.004896394,-0.579357710,0.107469480,-0.642475227,-0.681780216,0.162380951,-0.591146057,-0.544014235,0.251550430,-0.052985410,-0.057085443,-0.327002422,-0.297486935,74.329023856,-18.164511928,,
LWS,2022-09,81,0.007776596,0.007775818,0.992124182,0.800000000,7.795837430,0.007136087,0.085891491,-0.664853479,-0.704773972,0.139025367,-0.614463557,-0.567712217,0.227258163,-0.078499909,-0.084706509,-0.355332380,-0.327099374,-0.319959444,74.675111038,-18.337555519,,
LWS,2022-10,82,0.005588481,0.005587922,0.994312078,0.800000000,7.763635553,0.002664168,-0.639756018,-0.678988559,0.165219704,-0.588301214,-0.541119692,0.254516895,-0.049881968,-0.053753311,-0.323586671,-0.293928319,-0.285094764,-0.190588225,75.163166108,-18.581583054,,
LWS,2022-11,83,0.008149747,0.008148932,0.991751068,0.800000000,7.811110064,0.006126971,-0.709202578,0.134547086,-0.618915350,-0.572216290,0.222661357,-0.083308248,-0.089893402,-0.360634655,-0.332625880,-0.325756536,-0.231934126,-0.249510290,76.606264302,-19.303132151,,
LWS,2022-12,84,0.010111716,0.010110705,0.989789295,0.800000000,7.851168922,0.009564043,0.111724643,-0.641500607,-0.594980198,0.199503105,-0.107490470,-0.115982440,-0.387248190,-0.360342250,-0.354823635,-0.261374745,-0.280003896,-0.357889074,77.633745662,-19.816872831,,
LWS,2023-01,85,0.007959560,0.007958764,0.991941236,0.800000000,7.819527270,0.003484457,-0.616780542,-0.570055586,0.224868592,-0.080993902,-0.087386789,-0.358069904,-0.329947472,-0.322940818,-0.229076024,-0.246544313,-0.322764283,-0.216591476,78.502209651,-20.251104826,,
LWS,2023-02,86,0.009811304,0.009810323,0.990089677,0.800000000,7.856234811,0.006258246,-0.591254144,0.203279738,-0.103566214,-0.111774784,-0.382968560,-0.355901371,-0.350183045,-0.256683799,-0.275158086,-0.352817951,-0.247039532,-0.319369527,79.107177172,-20.553588586,,
LWS,2023-03,87,0.011724713,0.011723540,0.988176460,0.800000000,7.896236164,0.009574451,0.181864407,-0.125870162,-0.135836697,-0.407443961,-0.381363952,-0.376881320,-0.283668391,-0.303097575,-0.382161202,-0.276699625,-0.349795101,-0.279001694,79.824573144,-20.912286572,,
LWS,2023-04,88,0.008456116,0.008455271,0.991444729,0.800000000,7.843748022,0.001575624,-0.088254230,-0.095146211,-0.365978254,-0.338149887,-0.331499181,-0.237742558,-0.255490144,-0.332105701,-0.226048695,-0.297779227,-0.224940231,-0.303605548,82.317532586,-22.158766293,,
LWS,2023-05,89,0.008105353,0.008104543,0.991795457,0.800000000,7.836876809,0.000702666,-0.089156856,-0.359884661,-0.331849472,-0.324948187,-0.231115991,-0.248667077,-0.325003985,-0.218866010,-0.290432159,-0.217354307,-0.296031938,-0.152085917,81.868040830,-21.934020415,,
LWS,2023-06,90,0.007891971,0.007891182,0.992008818,0.800000000,7.833311499,0.000177828,-0.357031895,-0.328868758,-0.321813007,-0.227932859,-0.245362533,-0.321528064,-0.215338867,-0.286802983,-0.213577670,-0.292260461,-0.148342938,-0.137548390,81.383906707,-21.691953353,,
LWS,2023-07,91,0.008440705,0.008439861,0.991460139,0.800000000,7.844350344,0.001443004,-0.336642064,-0.329980433,-0.236220572,-0.253959603,-0.330562994,-0.224502513,-0.296225908,-0.223376507,-0.302042463,-0.158048092,-0.147143861,-0.201363022,81.152137257,-21.576068628,,
LWS,2023-08,92,0.011043262,0.011042158,0.988857842,0.800000000,7.900213776,0.013492755,-0.366880660,-0.273574591,-0.292671726,-0.371243418,-0.265677844,-0.338510210,-0.267313953,-0.345757784,-0.201256154,-0.189698645,-0.243731586,0.746491344,93.496706232,-27.748353116,,
LWS,2023-09,93,0.011356360,0.011355224,0.988544776,0.800000000,7.918360182,0.012245969,-0.278659726,-0.297910410,-0.376709112,-0.271192429,-0.344146890,-0.273137088,-0.351540274,-0.206963554,-0.195314399,-0.249313171,0.740591132,-0.267726051,93.200490663,-27.600245331,,
LWS,2023-10,94,0.011722392,0.011721220,0.988178780,0.800000000,7.936173111,0.011305622,-0.303349772,-0.382411737,-0.276949821,-0.350044417,-0.279249657,-0.357601953,-0.212934008,-0.201174529,-0.255130507,0.734403766,-0.274233104,-0.178277468,92.899143903,-27.449571952,,
LWS,2023-11,95,0.012083824,0.012082616,0.987817384,0.800000000,7.952702657,0.010520979,-0.387380285,-0.281970073,-0.355200430,-0.284615031,-0.362913622,-0.218152070,-0.206280389,-0.260191194,0.728980214,-0.279969787,-0.184285762,-0.205116113,92.583876874,-27.291938437,,
LWS,2023-12,96,0.012191445,0.012190225,0.987709775,0.800000000,7.963762323,0.008859533,-0.283810787,-0.357081087,-0.286557475,-0.364839429,-0.220049342,-0.208143639,-0.262040447,0.727023383,-0.282019383,-0.186415724,-0.207316163,-0.357875455,92.163111610,-27.081555805,,
LWS,2024-01,97,0.012109535,0.012108324,0.987791676,0.800000000,7.969121521,0.006778350,-0.355946168,-0.285375554,-0.363670197,-0.218901855,-0.207022071,-0.260929554,0.728216133,-0.280756050,-0.185091245,-0.205938364,-0.356456363,-0.305242008,91.727308063,-26.863654031,,
LWS,2024-02,98,0.012280480,0.012279252,0.987620748,0.800000000,7.977985238,0.006112607,-0.287577023,-0.365844993,-0.221031072,-0.209097013,-0.262982055,0.725992936,-0.283126414,-0.187589070,-0.208547307,-0.359151319,-0.307992983,-0.306163629,91.303787420,-26.651893710,,
LWS,2024-03,99,0.012193407,0.012192188,0.987707812,0.800000000,7.980899967,0.004521052,-0.364554568,-0.219763958,-0.207857632,-0.261754182,0.727307688,-0.281736767,-0.186134572,-0.207036286,-0.357596566,-0.306409780,-0.304557377,-0.314675201,90.850995394,-26.425497697,,
LWS,2024-04,100,0.012477128,0.012475880,0.987424120,0.800000000,7.991267613,0.004793352,-0.224199770,-0.212202417,-0.266060880,0.722718401,-0.286569584,-0.191178156,-0.212263461,-0.362965635,-0.311870920,-0.310092980,-0.320249279,-0.278385721,90.466082988,-26.233041494,,
LWS,2024-05,101,0.012102563,0.012101353,0.987798647,0.800000000,7.987424423,0.002438678,-0.207604751,-0.261513137,0.727639525,-0.281326644,-0.185656629,-0.206499201,-0.357013679,-0.305797025,-0.303920387,-0.314025505,-0.272104134,-0.329658133,90.114535924,-26.057267962,,
LWS,2024-06,102,0.011693779,0.011692609,0.988207391,0.800000000,7.978129701,0.000566129,-0.253562576,0.736000529,-0.272611444,-0.176634192,-0.197208438,-0.347514537,-0.296161107,-0.294172996,-0.304218569,-0.262230402,-0.319797595,-0.317532446,89.774374818,-25.887187409,,
LWS,2024-07,103,0.011521897,0.011520745,0.988379255,0.800000000,7.975491581,-0.000140888,0.737889962,-0.270572125,-0.174464663,-0.194924992,-0.345142341,-0.293730215,-0.291694028,-0.301713378,-0.259695936,-0.317267438,-0.315035352,-0.305057737,89.307586326,-25.653793163,,
LWS,2024-08,104,0.010954831,0.010953735,0.830952988,0.800000000,7.951780904,-0.010472201,-0.277965286,-0.167350737,-0.206144745,-0.345004892,-0.266086855,-0.293322932,-0.293104261,-0.247719302,-0.285499909,-0.283137121,-0.284752313,-0.219482015,100.316303058,-31.158151529,,
LWS,2024-09,105,0.010943996,0.010942902,0.828277875,0.800000000,7.942674844,-0.009352540,-0.167500262,-0.206903685,-0.345556971,-0.265847753,-0.293862762,-0.293520669,-0.247694606,-0.285382469,-0.283057974,-0.284822189,-0.217714103,-0.355288533,99.992144681,-30.996072341,,
LWS,2024-10,106,0.010954363,0.010953268,0.828807284,0.800000000,7.934651227,-0.007988673,-0.206778959,-0.345478664,-0.265931296,-0.293791817,-0.293476328,-0.247740331,-0.285445326,-0.283111297,-0.284843830,-0.218095472,-0.355290709,-0.204767252,99.597143604,-30.798571802,,
LWS,2024-11,107,0.011383542,0.011382403,0.818884096,0.800000000,7.932276895,-0.008926587,-0.353842965,-0.271529811,-0.302366534,-0.301744050,-0.254370926,-0.291764244,-0.289477006,-0.291586713,-0.218038030,-0.361423808,-0.210841468,-0.380564357,99.569094866,-30.784547433,,
LWS,2024-12,108,0.011063363,0.011062257,0.822792702,0.800000000,7.922201779,-0.005697900,-0.266899473,-0.296545480,-0.295998135,-0.249258519,-0.286773658,-0.284500680,-0.286515066,-0.215658442,-0.356825442,-0.206370801,-0.376691947,-0.256027365,99.262992451,-30.631496226,,
LWS,2025-01,109,0.011011539,0.011010438,0.822034829,0.800000000,7.917195858,-0.004235563,-0.295624082,-0.295029706,-0.248144961,-0.285644116,-0.283394162,-0.285462516,-0.214114761,-0.355862969,-0.205458673,-0.375724852,-0.255326735,-0.243792399,98.832703189,-30.416351594,,
LWS,2025-02,110,0.011481384,0.011480236,0.817244210,0.800000000,7.918130025,-0.005094333,-0.303418151,-0.255763272,-0.293112744,-0.290828358,-0.292986335,-0.218331231,-0.362688401,-0.212074783,-0.381570372,-0.262358522,-0.250105104,-0.416417447,98.575886183,-30.287943092,,
LWS,2025-03,111,0.011763324,0.011762148,0.814826484,0.800000000,7.917079393,-0.005014456,-0.260842930,-0.298118413,-0.295805051,-0.297987167,-0.221670499,-0.367274179,-0.216523294,-0.385613609,-0.266975133,-0.254347751,-0.420350283,-0.368552545,98.176435664,-30.088217832,,
LWS,2025-04,112,0.011692912,0.011691743,0.814424265,0.800000000,7.912499736,-0.003715267,-0.296787672,-0.294498352,-0.296721532,-0.220167051,-0.366128566,-0.215430720,-0.384517405,-0.266046090,-0.253372578,-0.419344202,-0.367588250,-0.240158167,97.719846921,-29.859923461,,
LWS,2025-05,113,0.011868456,0.011867269,0.815821621,0.800000000,7.910887586,-0.003671986,-0.297757029,-0.299858821,-0.224154130,-0.368959006,-0.218120731,-0.387257560,-0.268247303,-0.255743031,-0.421834669,-0.369951627,-0.242400920,-0.346710824,97.282347666,-29.641173833,,
LWS,2025-06,114,0.012001950,0.012000750,0.816685219,0.800000000,7.909090112,-0.003450647,-0.302320131,-0.227134891,-0.371188550,-0.220245681,-0.389400279,-0.270041033,-0.257636947,-0.423799813,-0.371832086,-0.244202370,-0.348582719,-0.334558701,96.820889815,-29.410444907,,
LWS,2025-07,115,0.011126174,0.011125061,0.814802577,0.800000000,7.898817808,0.000490384,-0.210512554,-0.356949603,-0.206609842,-0.376040586,-0.257799381,-0.245260134,-0.411372695,-0.359746387,-0.232394514,-0.336653732,-0.322758167,-0.052018448,97.196566679,-29.598283339,,
LWS,2025-08,116,0.011096332,0.011095223,0.825066290,0.800000000,7.898244991,-0.000221136,-0.357503433,-0.206975752,-0.377530770,-0.256142843,-0.244995425,-0.412253333,-0.360038531,-0.231995672,-0.337150444,-0.323109198,-0.048878997,-0.265213308,96.745422733,-29.372711367,,
LWS,2025-09,117,0.010950225,0.010949130,0.824607960,0.800000000,7.897557091,0.000794015,-0.205069238,-0.375653225,-0.254499358,-0.243315280,-0.410547163,-0.358400414,-0.230418936,-0.335542176,-0.321526099,-0.047466631,-0.263525499,-0.280175067,96.334592013,-29.167296006,,
LWS,2025-10,118,0.010934576,0.010933482,0.824553575,0.800000000,7.897658254,0.000758499,-0.374957345,-0.253830167,-0.242641462,-0.409869985,-0.357730857,-0.229756353,-0.334875801,-0.320862546,-0.046823218,-0.262850150,-0.279515129,-0.194763212,95.830333506,-28.915166753,,
LWS,2025-11,119,0.010936751,0.010935658,0.824415447,0.800000000,7.898319003,0.000637543,-0.253876169,-0.242668966,-0.409881239,-0.357749525,-0.229784373,-0.334891572,-0.320880015,-0.046887492,-0.262850680,-0.279550655,-0.194787685,-0.372609859,95.316286052,-28.658143026,,
LWS,2025-12,120,0.010992634,0.010991534,0.821992196,0.800000000,7.899040992,-0.000174867,-0.243661826,-0.410588256,-0.358581593,-0.230775040,-0.335666665,-0.321682767,-0.048509508,-0.263358923,-0.280674108,-0.195720217,-0.373465099,-0.305983842,94.834647913,-28.417323957,,
LWS,2026-01,121,0.011061895,0.011060789,0.820352688,0.800000000,7.897763795,-0.001966140,-0.411161885,-0.359231071,-0.231523633,-0.336267937,-0.322298866,-0.049676613,-0.263782460,-0.281513767,-0.196436065,-0.374131691,-0.306628356,-0.379944559,94.596562310,-28.298281155,,
LWS,2026-02,122,0.011072855,0.011071748,0.818036308,0.800000000,7.900224837,0.000293861,-0.361353138,-0.233799662,-0.338341890,-0.324405324,-0.052570479,-0.265586031,-0.283918782,-0.198650231,-0.376266286,-0.308729558,-0.381744484,-0.274704004,94.369195707,-28.184597854,,
LWS,2026-03,123,0.011129660,0.011102135,0.821872780,0.800000000,7.904781118,0.000874838,-0.237263042,-0.342138801,-0.328141803,-0.054997654,-0.269843879,-0.287175381,-0.202234071,-0.379987690,-0.312510660,-0.386023458,-0.277774434,-0.318798491,93.865687674,-27.932843837,,
LWS,2026-04,124,0.011070893,0.011069786,0.816452727,0.800000000,7.897934443,-0.000615162,-0.335756693,-0.321843804,-0.050548233,-0.262812038,-0.281560112,-0.196159282,-0.373719716,-0.306161534,-0.378969071,-0.272423613,-0.312866047,-0.327055618,93.461717705,-27.730858852,,
LWS,2026-05,125,0.011075767,0.011074660,0.816193564,0.800000000,7.896833933,-0.000384213,-0.321120214,-0.049912347,-0.262055048,-0.280870746,-0.195449163,-0.373001025,-0.305439748,-0.378213314,-0.271747806,-0.312163812,-0.326311537,-0.327049228,92.906059192,-27.453029596,,
LWS,2026-06,126,0.011095863,0.011094753,0.816253645,0.800000000,7.898314216,0.000303525,-0.051055341,-0.263234758,-0.282032382,-0.196619311,-0.374175391,-0.306615935,-0.379397667,-0.272909345,-0.313335190,-0.327495001,-0.328223847,-0.277356254,92.374912247,-27.187456123,,
LWS,2026-07,127,0.011250626,0.011249501,0.804696145,0.800000000,7.897855604,-0.001622251,-0.262569442,-0.284452483,-0.198097014,-0.375259000,-0.307597807,-0.378834141,-0.275920528,-0.315164352,-0.327450676,-0.329429458,-0.279099969,-0.188687886,92.113374020,-27.056687010,,
LWS,2026-08,128,0.011075499,0.011074391,0.813203674,0.800000000,7.891962761,-0.004069349,-0.281729275,-0.196058193,-0.373504956,-0.305908020,-0.378286813,-0.272754770,-0.312856599,-0.326515257,-0.327582397,-0.276857279,-0.187775478,-0.465821996,92.242699339,-27.121349669,,
NIK,2018-12,36,0.491158339,0.000049116,0.000050884,0.825750855,6.890785488,0.000317095,-0.000007065,-0.258289959,-0.600267549,-0.123723538,-1.029039007,-0.561232958,-0.887479527,-0.694026120,-1.348712731,-0.426920244,-1.172462383,-0.074538313,71.536821064,-16.768410532,,
NIK,2019-01,37,0.595351560,0.000059535,0.000040465,0.834696372,6.462726333,0.000304871,-0.200168383,-0.525194047,-0.033828162,-0.925983113,-0.446318402,-0.761714988,-0.558186035,-1.203385225,-0.272554920,-1.009401074,0.096960636,-0.000006267,72.526222840,-17.263111420,,
NIK,2019-02,38,0.570396224,0.000057040,0.000042960,0.837302536,6.550124700,0.000295027,-0.500655080,-0.011919845,-0.906849533,-0.430062118,-0.748399854,-0.547844963,-1.196044856,-0.268229481,-1.008095328,0.095260228,-0.000006328,-0.155625313,72.602673171,-17.301336585,,
NIK,2019-03,39,0.561283662,0.000056128,0.000043872,0.841366730,6.654965551,0.000301140,0.017249095,-0.880471392,-0.406753986,-0.728361835,-0.531230878,-1.182965171,-0.258736629,-1.002233410,0.097467521,-0.000005778,-0.156619200,-0.442189210,72.814972223,-17.407486112,,
NIK,2019-04,40,0.558026699,0.000055803,0.000044197,0.839262509,6.593147167,0.000227782,-0.896680540,-0.421262474,-0.741043141,-0.541989221,-1.191724880,-0.265451444,-1.006869300,0.094938542,-0.000006336,-0.156144896,-0.440958898,-0.016664094,72.808624749,-17.404312374,,
NIK,2019-05,41,0.550813853,0.000055081,0.000044919,0.844025317,6.836066271,0.000252525,-0.367059827,-0.693737903,-0.501846482,-1.158956392,-0.240211166,-0.989287550,0.104774383,-0.000004636,-0.158971883,-0.447345105,-0.027185885,-0.772020676,74.380020792,-18.190010396,,
NIK,2019-06,42,0.535800921,0.000053580,0.000046420,0.842705657,6.752857123,0.000195663,-0.710062532,-0.515799255,-1.170473302,-0.249245726,-0.995773100,0.100856420,-0.000005598,-0.157945315,-0.445067414,-0.023501199,-0.766779274,-0.406914566,74.439540446,-18.219770223,,
NIK,2019-07,43,0.538606080,0.000053861,0.000046139,0.843073314,6.888628637,0.000179363,-0.495223943,-1.153711514,-0.236340224,-0.986763572,0.105959428,-0.000004506,-0.160311092,-0.449929065,-0.030944475,-0.776899491,-0.419758311,-0.650029349,74.807972466,-18.403986233,,
NIK,2019-08,44,0.539088002,0.000053909,0.000046091,0.843069396,6.893441411,0.000151614,-1.153136388,-0.235893974,-0.986444246,0.106137091,-0.000004462,-0.160401369,-0.450115449,-0.031207653,-0.777259470,-0.420215141,-0.650569408,-0.493350309,74.652996469,-18.326498235,,
NIK,2019-09,45,0.550768748,0.000055077,0.000044923,0.841372979,7.152909046,0.000143570,-0.213769400,-0.971250085,0.114400427,-0.000002516,-0.166089349,-0.461345861,-0.047884041,-0.799285990,-0.447531891,-0.683161747,-0.531173172,-1.063054589,76.092591685,-19.046295842,,
NIK,2019-10,46,0.515227568,0.000051523,0.000048477,0.842314226,6.935356448,0.000104750,-0.984468404,0.106937716,-0.000004550,-0.161384550,-0.452008531,-0.034014822,-0.780931176,-0.424766831,-0.656001245,-0.499666978,-1.027212353,-0.285733769,77.016893645,-19.508446823,,
NIK,2019-11,47,0.506461215,0.000050646,0.000049354,0.839104810,7.225689764,0.000104158,0.114365025,-0.000002529,-0.168688985,-0.466197961,-0.054718955,-0.807899563,-0.457763882,-0.694885802,-0.544292972,-1.077511112,-0.341622061,-0.892006152,78.977535236,-20.488767618,,
NIK,2019-12,48,0.459736887,0.000045974,0.000054026,0.840107206,6.882833438,0.000059274,-0.000006080,-0.160826585,-0.450734377,-0.031897749,-0.777895449,-0.420734279,-0.650947604,-0.493549621,-1.020030317,-0.277478706,-0.821246552,0.001843071,81.861454291,-21.930727146,,
NIK,2020-01,49,0.462853770,0.000046285,0.000053715,0.841070154,6.846289921,0.000049367,-0.153319161,-0.442177976,-0.022412306,-0.767592840,-0.409692184,-0.639233163,-0.481213188,-1.007114240,-0.264004052,-0.807245267,0.016353332,-0.000006238,81.785128761,-21.892564380,,
NIK,2020-02,50,0.466419633,0.000046642,0.000053358,0.840736999,6.802551649,0.000035884,-0.450863720,-0.029989141,-0.774069005,-0.415072832,-0.643522237,-0.484417067,-1.009243245,-0.265062896,-0.807239146,0.017413149,-0.000006600,-0.175436374,81.744325517,-21.872162758,,
NIK,2020-03,51,0.456752396,0.000045675,0.000054325,0.843378999,6.933531376,0.000049517,-0.004526617,-0.751424035,-0.395360731,-0.626838793,-0.470824320,-0.998794948,-0.257788539,-0.803162513,0.018288545,-0.000005405,-0.177175957,-0.384261170,82.327512404,-22.163756202,,
NIK,2020-04,52,0.451217623,0.000045122,0.000054878,0.841097341,6.848788609,0.000028886,-0.767384729,-0.409577684,-0.639209359,-0.481277587,-1.007262780,-0.264230553,-0.807542630,0.015985813,-0.000006504,-0.176421904,-0.382534737,-0.047548713,82.496761352,-22.248380676,,
NIK,2020-05,53,0.448351958,0.000044835,0.000055165,0.842552759,6.949804805,0.000036798,-0.393239562,-0.625012537,-0.469288310,-0.997531929,-0.256800568,-0.802438500,0.018735728,-0.000005421,-0.177557169,-0.384985330,-0.051449622,-0.718618893,82.782824983,-22.391412492,,
NIK,2020-06,54,0.447443231,0.000044744,0.000055256,0.842364047,6.935081134,0.000029269,-0.627124738,-0.471087085,-0.999008438,-0.257949874,-0.803257885,0.018251571,-0.000005608,-0.177390101,-0.384627824,-0.050889477,-0.717835233,-0.400006890,82.627573201,-22.313786600,,
NIK,2020-07,55,0.451958902,0.000045196,0.000054804,0.843069404,7.134673549,0.000045275,-0.448119429,-0.980251937,-0.243446232,-0.793046259,0.024127298,-0.000003345,-0.180095100,-0.390198601,-0.059475209,-0.729541291,-0.414914970,-0.542913463,84.044855275,-23.022427638,,
NIK,2020-08,56,0.445547418,0.000044555,0.000055445,0.842816326,7.088374561,0.000033433,-0.984754826,-0.246982440,-0.795607524,0.022560523,-0.000003939,-0.179493967,-0.388962602,-0.057554319,-0.726905323,-0.411547843,-0.538789492,-0.466084711,83.950589618,-22.975294809,,
NIK,2020-09,57,0.455338105,0.000045534,0.000054466,0.842120849,7.303515983,0.000048187,-0.232489617,-0.785513105,0.028240412,-0.000001628,-0.182997064,-0.395960842,-0.068030745,-0.740863538,-0.428981695,-0.559710625,-0.490489721,-0.908057616,85.436948497,-23.718474249,,
NIK,2020-10,58,0.446434001,0.000044643,0.000055357,0.842102790,7.237266190,0.000034429,-0.788780570,0.026311962,-0.000002363,-0.181948148,-0.393846846,-0.064857262,-0.736625748,-0.423684744,-0.553348459,-0.483067004,-0.899563591,-0.253997171,85.403649604,-23.701824802,,
NIK,2020-11,59,0.451012447,0.000045101,0.000054899,0.841406589,7.349581313,0.000038901,0.028892802,-0.000001234,-0.183997253,-0.397873643,-0.070810431,-0.744456346,-0.433363473,-0.564845340,-0.496365964,-0.914644684,-0.270854227,-0.754528255,85.646547967,-23.823273984,,
NIK,2020-12,60,0.431273841,0.000043127,0.000056873,0.842214560,7.104109438,0.000011097,-0.000003845,-0.179586160,-0.389172231,-0.057925919,-0.727474873,-0.412351399,-0.539858544,-0.467450355,-0.881834086,-0.234171778,-0.713984687,-0.044171076,87.558407177,-24.779203589,,
NIK,2021-01,61,0.442508119,0.000044251,0.000055749,0.846023628,6.945660505,-0.000000293,-0.149650858,-0.355784717,-0.021459373,-0.688230469,-0.370554534,-0.495699758,-0.421065254,-0.833346866,-0.183663134,-0.661537577,0.010185548,-0.000004848,87.885639505,-24.942819753,,
NIK,2021-02,62,0.446836659,0.000044684,0.000055316,0.846042550,6.909881252,-0.000004062,-0.361394125,-0.026336985,-0.692385310,-0.374009462,-0.498463669,-0.423146492,-0.834741057,-0.184378103,-0.661587055,0.010787541,-0.000005152,-0.164462427,87.749562753,-24.874781377,,
NIK,2021-03,63,0.439019804,0.000043902,0.000056098,0.847064864,6.998009276,0.000006354,-0.013000299,-0.680597178,-0.363803096,-0.489857417,-0.416161918,-0.829389936,-0.180673845,-0.659524065,0.011196507,-0.000004284,-0.165589721,-0.324576245,87.900898167,-24.950449083,,
NIK,2021-04,64,0.438608660,0.000043861,0.000056139,0.846402342,6.960625607,0.000001191,-0.685975320,-0.368553890,-0.493960515,-0.419602999,-0.832159037,-0.182756378,-0.660912468,0.010508473,-0.000004733,-0.165221761,-0.323791472,-0.028503526,87.752085401,-24.876042701,,
NIK,2021-05,65,0.435198850,0.000043520,0.000056480,0.848536550,7.151935514,0.000021562,-0.344373588,-0.473013015,-0.401960001,-0.817875656,-0.171891975,-0.653505678,0.014444034,-0.000002530,-0.167234341,-0.328020185,-0.035105425,-0.609938173,89.255365003,-25.627682502,,
NIK,2021-06,66,0.434219430,0.000043422,0.000056578,0.848407072,7.143435511,0.000017385,-0.474000012,-0.402808235,-0.818582190,-0.172447813,-0.653897998,0.014199965,-0.000002641,-0.167154786,-0.327849381,-0.034841364,-0.609565460,-0.347558052,89.039409104,-25.519704552,,
NIK,2021-07,67,0.439284242,0.000043928,0.000056072,0.848923630,7.229652029,0.000023545,-0.394805752,-0.812041347,-0.167369251,-0.650318992,0.016294425,-0.000001620,-0.168119971,-0.329854393,-0.037904432,-0.613757332,-0.352888365,-0.443815724,89.130351020,-25.565175510,,
NIK,2021-08,68,0.431669161,0.000043167,0.000056833,0.848554771,7.139231695,0.000010995,-0.818836827,-0.172651777,-0.654061182,0.014084598,-0.000002697,-0.167068210,-0.327684749,-0.034608368,-0.609268153,-0.347203525,-0.436912311,-0.424920360,89.241053984,-25.620526992,,
NIK,2021-09,69,0.431242799,0.000043124,0.000056876,0.848114238,7.231660572,0.000018226,-0.167867084,-0.650788065,0.015839641,-0.000001680,-0.168363514,-0.330265037,-0.038457261,-0.614387084,-0.353582777,-0.444546594,-0.433812915,-0.790069948,89.362585083,-25.681292541,,
NIK,2021-10,70,0.425954014,0.000042595,0.000057405,0.848363098,7.126573749,0.000005472,-0.654670272,0.013663204,-0.000002882,-0.166919815,-0.327381567,-0.034144429,-0.608644238,-0.346416738,-0.435955216,-0.423802286,-0.778639185,-0.198952186,89.579954656,-25.789977328,,
NIK,2021-11,71,0.424592529,0.000042459,0.000057541,0.847946054,7.172188700,0.000008871,0.014387104,-0.000002400,-0.167633726,-0.328788757,-0.036216213,-0.611367320,-0.349773283,-0.439931802,-0.428390337,-0.783832884,-0.204751418,-0.642256744,89.398893313,-25.699446657,,
NIK,2021-12,72,0.422876351,0.000042288,0.000057712,0.849394957,6.938169098,-0.000013971,-0.000004923,-0.164011608,-0.321670201,-0.025705581,-0.597549201,-0.332714839,-0.419688350,-0.405000948,-0.757327255,-0.175152757,-0.609587932,-0.045631425,91.423582325,-26.711791162,,
NIK,2022-01,73,0.433923409,0.000043392,0.000056608,0.851956163,6.828230134,-0.000019854,-0.145805735,-0.301499373,-0.003770321,-0.573990513,-0.307660084,-0.393229000,-0.377217225,-0.728275017,-0.144883149,-0.578129765,-0.013030306,-0.000005587,91.446181489,-26.723090744,,
NIK,2022-02,74,0.442960827,0.000044296,0.000055704,0.852211146,6.748830196,-0.000025164,-0.311931295,-0.012855784,-0.581779733,-0.314163586,-0.398475322,-0.381215901,-0.731056051,-0.146441713,-0.578487591,-0.012178659,-0.000006267,-0.173498746,91.459109796,-26.729554898,,
NIK,2022-03,75,0.434574879,0.000043457,0.000056543,0.852672277,6.828142166,-0.000013194,-0.003039945,-0.573126798,-0.306693698,-0.392197785,-0.376138174,-0.727173412,-0.143762465,-0.577015034,-0.011905893,-0.000005554,-0.174448063,-0.284484345,91.476379940,-26.738189970,,
NIK,2022-04,76,0.474181525,0.000047418,0.525765893,0.859758307,7.117919224,-0.000007479,-0.469008781,-0.476153807,-0.377872492,-0.630438633,-0.696987773,-0.460600798,-0.692769756,-0.663716694,-0.532031302,-0.668963625,-0.457608032,-0.244757367,97.144926382,-29.572463191,,
NIK,2022-05,77,0.466001929,0.000046600,0.533944672,0.859054303,7.217474124,0.000001754,-0.488184164,-0.387341970,-0.641166771,-0.706631423,-0.471624530,-0.703929869,-0.676736247,-0.549034284,-0.691343585,-0.480917692,-0.266470502,-0.394196922,97.147439226,-29.573719613,,
NIK,2022-06,78,0.463228565,0.000046323,0.536717758,0.858905468,7.269432308,0.000006088,-0.390705917,-0.644797072,-0.709839428,-0.475286345,-0.707725543,-0.681254151,-0.554995913,-0.699242659,-0.489266758,-0.274354505,-0.400457928,-0.439643865,96.988641660,-29.494320830,,
NIK,2022-07,79,0.453685939,0.000045369,0.546259430,0.858691360,7.440158563,0.000020556,-0.654821157,-0.717894364,-0.484321425,-0.716919604,-0.692676643,-0.571286050,-0.722433985,-0.514620903,-0.298782980,-0.419940683,-0.455513964,-0.213968199,97.695820597,-29.847910299,,
NIK,2022-08,80,0.454887002,0.000045489,0.545058486,0.859072274,7.496036419,0.000023484,-0.715923479,-0.482245335,-0.715012077,-0.690823970,-0.569215305,-0.719842454,-0.511974057,-0.296311122,-0.417979314,-0.453766563,-0.212668052,-0.584295968,97.574095886,-29.787047943,,
NIK,2022-09,81,0.454755531,0.000045476,0.545189944,0.858687605,7.431247024,0.000013470,-0.484767156,-0.717575903,-0.693288651,-0.571487150,-0.721886894,-0.513738594,-0.297830917,-0.419324014,-0.455098197,-0.214086001,-0.585961658,-0.797920621,97.488598895,-29.744299448,,
NIK,2022-10,82,0.455814220,0.000045581,0.544131362,0.858266260,7.335074446,0.000001669,-0.721627229,-0.697268424,-0.574854920,-0.724190906,-0.515352937,-0.299063183,-0.420687611,-0.456607894,-0.216226762,-0.588396886,-0.800573616,-0.606434033,97.607832129,-29.803916065,,
NIK,2022-11,83,0.453832261,0.000045383,0.546113122,0.858278667,7.384714596,0.000006364,-0.696328947,-0.574704638,-0.725440051,-0.517214285,-0.301024372,-0.421980291,-0.457478102,-0.216067890,-0.588100982,-0.800451499,-0.606475553,-0.660888124,97.429438730,-29.714719365,,
NIK,2022-12,84,0.453760818,0.000045376,0.546184558,0.858264559,7.373970976,0.000004318,-0.575537368,-0.726325284,-0.518093385,-0.301857373,-0.422730835,-0.458159296,-0.216673454,-0.588686140,-0.801053377,-0.607116610,-0.661551931,-0.710836907,97.144822047,-29.572411023,,
NIK,2023-01,85,0.452156667,0.000045216,0.547788549,0.858133690,7.344823551,0.000000489,-0.730934481,-0.523066786,-0.306677413,-0.426735183,-0.461560782,-0.219054362,-0.590873593,-0.803429578,-0.609786563,-0.663881580,-0.713364503,-0.617387988,96.885499993,-29.442749997,,
NIK,2023-02,86,0.458030075,0.000045803,0.541915728,0.858430072,7.397653508,0.000006469,-0.508776967,-0.292757400,-0.415553243,-0.452306580,-0.213306529,-0.585676260,-0.797530818,-0.602930843,-0.658508493,-0.707530253,-0.609795578,-0.646559189,96.728785042,-29.364392521,,
NIK,2023-03,87,0.458532279,0.000045853,0.541413574,0.858479950,7.402300880,0.000006068,-0.291764732,-0.414792565,-0.451704618,-0.212998481,-0.585408074,-0.797201390,-0.602521993,-0.658233804,-0.707221886,-0.609339253,-0.645964018,-0.501570835,96.407068436,-29.203534218,,
NIK,2023-04,88,0.451847690,0.000045185,0.548097494,0.858727651,7.260842680,-0.000009227,-0.422036877,-0.457063642,-0.214461971,-0.586122680,-0.798410038,-0.604404522,-0.657991201,-0.707141190,-0.611056383,-0.649528888,-0.507874216,-0.480902846,97.022451411,-29.511225706,,
NIK,2023-05,89,0.450856845,0.000045086,0.549088241,0.858576065,7.278116569,-0.000006421,-0.459110247,-0.215952043,-0.587571094,-0.800044827,-0.606264180,-0.659650016,-0.708891443,-0.613078006,-0.651769134,-0.510427011,-0.483915352,-0.407027013,96.696527016,-29.348263508,,
NIK,2023-06,90,0.449250758,0.000044925,0.550694167,0.858362305,7.306798613,-0.000003010,-0.218328879,-0.589833432,-0.802570307,-0.609127767,-0.662181426,-0.711579701,-0.616227706,-0.655303966,-0.514504953,-0.488771657,-0.411384750,-0.432603100,96.377127908,-29.188563954,,
NIK,2023-07,91,0.461533596,0.000046153,0.538412557,0.859396740,7.155627409,-0.000015361,-0.576859312,-0.787736329,-0.591880324,-0.647706397,-0.695961878,-0.596943410,-0.632823919,-0.487694022,-0.455931545,-0.382455242,-0.407971065,-0.352107389,96.723458998,-29.361729499,,
NIK,2023-08,92,0.424221905,0.000042422,0.575720518,0.856422141,7.595221932,0.000023844,-0.833651215,-0.643621527,-0.690066190,-0.740363530,-0.650791085,-0.695053148,-0.563255524,-0.551402600,-0.469081412,-0.483898052,-0.425302642,-0.121066857,103.115531017,-32.557765508,,
NIK,2023-09,93,0.425123759,0.000042512,0.574818753,0.856528694,7.610305769,0.000022068,-0.642332638,-0.689032530,-0.739355076,-0.649661898,-0.693830555,-0.561768704,-0.549428101,-0.467238359,-0.482223371,-0.423596656,-0.120424356,-0.811252031,102.829669641,-32.414834820,,
NIK,2023-10,94,0.424067820,0.000042407,0.575874587,0.856361189,7.590927302,0.000016769,-0.690585549,-0.740899517,-0.651361814,-0.695644265,-0.563886128,-0.552102566,-0.469740206,-0.484508698,-0.425902937,-0.121476708,-0.812523663,-0.672229276,102.542061170,-32.271030585,,
NIK,2023-11,95,0.424163628,0.000042416,0.575778788,0.856323596,7.579072110,0.000013165,-0.741056102,-0.651508188,-0.695769758,-0.563962140,-0.552100218,-0.469726178,-0.484493498,-0.425875727,-0.121565647,-0.812606655,-0.672308033,-0.706942387,102.230285503,-32.115142752,,
NIK,2023-12,96,0.424406107,0.000042441,0.575536334,0.856259133,7.554410660,0.000008766,-0.652040631,-0.696274256,-0.564367894,-0.552329965,-0.469940024,-0.484706731,-0.426049489,-0.122015179,-0.813018090,-0.672686293,-0.707360320,-0.775622360,101.931891632,-31.965945816,,
NIK,2024-01,97,0.424340173,0.000042434,0.575602261,0.856231564,7.545852525,0.000006615,-0.696642590,-0.564758742,-0.552751606,-0.470340664,-0.485079985,-0.426409837,-0.122285818,-0.813296126,-0.672982272,-0.707663912,-0.775939185,-0.664440016,101.596549781,-31.798274891,,
NIK,2024-02,98,0.424793696,0.000042479,0.575148783,0.856311238,7.571469413,0.000008365,-0.563112312,-0.550847284,-0.468520083,-0.483386410,-0.424756995,-0.121225681,-0.812188687,-0.671780701,-0.706457182,-0.774695399,-0.663136746,-0.658730237,101.283096844,-31.641548422,,
NIK,2024-03,99,0.421759235,0.000042176,0.578182941,0.856020480,7.518254938,0.000001307,-0.559109599,-0.476390262,-0.490643574,-0.431995581,-0.124711222,-0.816111809,-0.676354768,-0.710988164,-0.779308784,-0.667931538,-0.663594088,-0.649232524,101.097178892,-31.548589446,,
NIK,2024-04,100,0.420782814,0.000042078,0.579159264,0.855940917,7.506420195,-0.000000207,-0.478570293,-0.492649939,-0.434020558,-0.125547348,-0.817094643,-0.677546282,-0.712160155,-0.780493865,-0.669155606,-0.664819525,-0.650797475,-0.579841317,100.738953757,-31.369476879,,
NIK,2024-05,101,0.420204115,0.000042020,0.579737906,0.855940292,7.485684087,-0.000002307,-0.493589420,-0.434979885,-0.125800361,-0.817422362,-0.677979666,-0.712562705,-0.780887022,-0.669560288,-0.665221339,-0.651405178,-0.580659828,-0.509333043,100.385692909,-31.192846455,,
NIK,2024-06,102,0.420772754,0.000042077,0.579169323,0.856219242,7.424119248,-0.000007870,-0.432425691,-0.123943222,-0.815442467,-0.675807246,-0.710313434,-0.778545650,-0.667134486,-0.662768850,-0.648769327,-0.577877830,-0.506523941,-0.571868591,100.179894420,-31.089947210,,
NIK,2024-07,103,0.421797191,0.000042180,0.578144988,0.856487789,7.364812887,-0.000012342,-0.121817128,-0.813147473,-0.673239941,-0.707688068,-0.775821115,-0.664296056,-0.659884368,-0.645521244,-0.574307392,-0.502835784,-0.568137897,-0.505190366,99.947618324,-30.973809162,,
NIK,2024-08,104,0.446298349,0.000044630,0.553646281,0.859295870,7.177679682,-0.000024608,-0.787755815,-0.641372021,-0.675552597,-0.742524973,-0.629074710,-0.623779500,-0.600362480,-0.520822489,-0.446406745,-0.510597464,-0.447539038,-0.261940170,100.444852081,-31.222426040,,
NIK,2024-09,105,0.430620804,0.000043062,0.569322258,0.857690147,7.339361954,-0.000007920,-0.661145145,-0.695486363,-0.763275956,-0.651249319,-0.646779709,-0.629412609,-0.555348013,-0.482694856,-0.547352314,-0.484090574,-0.292608433,-0.630074939,100.956407917,-31.478203958,,
NIK,2024-10,106,0.430852482,0.000043085,0.569090603,0.857914477,7.445221753,0.000003733,-0.695789415,-0.763554505,-0.651568243,-0.647204246,-0.629892067,-0.555882493,-0.483297839,-0.547985750,-0.484702440,-0.293224526,-0.630748916,-0.522591757,101.114697864,-31.557348932,,
NIK,2024-11,107,0.432098403,0.000043210,0.567844807,0.858153449,7.479217125,0.000006826,-0.761577377,-0.649509312,-0.645141974,-0.627424753,-0.553045439,-0.480345024,-0.544989720,-0.481692977,-0.290617282,-0.629011654,-0.521110253,-0.647268222,100.769795690,-31.384897845,,
NIK,2024-12,108,0.435379468,0.000043538,0.564564070,0.858794889,7.560914899,0.000014687,-0.643157370,-0.638698015,-0.619846766,-0.544461676,-0.471479041,-0.536068095,-0.472811599,-0.282887798,-0.623627613,-0.516414222,-0.642357288,-0.643220520,100.732720731,-31.366360365,,
NIK,2025-01,109,0.433346089,0.000043335,0.566597246,0.858459705,7.529288668,0.000009060,-0.642540788,-0.624426172,-0.549701058,-0.476922143,-0.541562742,-0.478284083,-0.287632004,-0.626896285,-0.519230437,-0.645278781,-0.646021905,-0.691951350,100.370580388,-31.185290194,,
NIK,2025-02,110,0.432733023,0.000043273,0.567210250,0.858341596,7.504793751,0.000005165,-0.626315518,-0.551796740,-0.479079079,-0.543726751,-0.480426565,-0.289539079,-0.628341388,-0.520525511,-0.646600703,-0.647311933,-0.693427658,-0.678245122,99.973362677,-30.986681338,,
NIK,2025-03,111,0.431911219,0.000043191,0.568031972,0.858234378,7.490466643,0.000002849,-0.553877188,-0.481261980,-0.545947555,-0.482648046,-0.291470434,-0.629666685,-0.521648973,-0.647747889,-0.648395401,-0.694735374,-0.679680373,-0.648849092,99.545425853,-30.772712926,,
NIK,2025-04,112,0.433076549,0.000043308,0.566866758,0.858359920,7.505792248,0.000004168,-0.478448097,-0.543069376,-0.479757087,-0.288980844,-0.628029396,-0.520295402,-0.646363807,-0.647109497,-0.693141842,-0.677916472,-0.646828103,-0.528513176,99.111530038,-30.555765019,,
NIK,2025-05,113,0.428133288,0.000042813,0.571809525,0.857927694,7.430503255,-0.000004710,-0.554567685,-0.491389274,-0.298991794,-0.634447079,-0.525480969,-0.651634650,-0.651910788,-0.699186192,-0.684629308,-0.654584126,-0.537219715,-0.601779963,99.041189613,-30.520594806,,
NIK,2025-06,114,0.427126451,0.000042713,0.572816261,0.857943133,7.377429362,-0.000009458,-0.493346382,-0.300647077,-0.635367669,-0.526121845,-0.652254185,-0.652393941,-0.699885155,-0.685439360,-0.655594854,-0.538428958,-0.603425165,-0.629835496,98.741899168,-30.370949584,,
NIK,2025-07,115,0.427157695,0.000042716,0.572785021,0.858013011,7.349058345,-0.000010897,-0.300169419,-0.634916560,-0.525669936,-0.651782800,-0.651900870,-0.699359713,-0.684890772,-0.655030511,-0.537860794,-0.602856621,-0.629280245,-0.530130551,98.313232993,-30.156616496,,
NIK,2025-08,116,0.434871568,0.000043487,0.565071919,0.859233047,7.200618391,-0.000022460,-0.621965743,-0.514513491,-0.640304820,-0.640949826,-0.686288560,-0.670662192,-0.639144831,-0.520552318,-0.582524238,-0.607619461,-0.508189435,-0.445997854,98.703898523,-30.351949262,,
NIK,2025-09,117,0.421059107,0.000042106,0.578882998,0.857392076,7.310819839,-0.000011075,-0.531116848,-0.657314121,-0.656812094,-0.705704225,-0.691934278,-0.663184056,-0.547018133,-0.614436293,-0.642094327,-0.543423309,-0.482968144,-0.541187934,98.559737044,-30.279868522,,
NIK,2025-10,118,0.418224076,0.000041822,0.581717746,0.857025237,7.346255444,-0.000006547,-0.661151106,-0.660363454,-0.709928110,-0.696494555,-0.668256250,-0.552543609,-0.621082803,-0.649323524,-0.550886215,-0.490900424,-0.547217476,-0.494016967,98.125435545,-30.062717772,,
NIK,2025-11,119,0.416428222,0.000041643,0.583513421,0.856820998,7.390125463,-0.000001603,-0.662719371,-0.712694281,-0.699465550,-0.671546289,-0.556121022,-0.625380266,-0.654008792,-0.555739635,-0.496073725,-0.551204135,-0.497284915,-0.606805953,97.729821839,-29.864910920,,
NIK,2025-12,120,0.415374797,0.000041537,0.584566740,0.856717940,7.429647937,0.000002367,-0.714265104,-0.701146152,-0.673407382,-0.558149494,-0.627836954,-0.656704857,-0.558548406,-0.499085205,-0.553531874,-0.499193552,-0.608432050,-0.610729205,97.314593416,-29.657296708,,
NIK,2026-01,121,0.415699298,0.000041570,0.584242272,0.856793617,7.443267555,0.000003478,-0.700319621,-0.672526967,-0.557225509,-0.626793136,-0.655600565,-0.557420964,-0.497902578,-0.552561440,-0.498348346,-0.607665439,-0.610017267,-0.693338376,96.817233458,-29.408616729,,
NIK,2026-02,122,0.417177696,0.000041718,0.582764022,0.857092029,7.487370958,0.000007717,-0.669205407,-0.553688381,-0.622694341,-0.651215826,-0.552926780,-0.493161808,-0.548799262,-0.495168681,-0.604855457,-0.607466669,-0.690701650,-0.631968689,96.432581122,-29.216290561,,
NIK,2026-03,123,0.418759792,0.000041876,0.581182084,0.857334957,7.514028865,0.000009551,-0.550628693,-0.619019047,-0.647222160,-0.548806779,-0.488776958,-0.545468099,-0.492465769,-0.602554436,-0.605452426,-0.688603227,-0.629864553,-0.626480284,95.958268961,-28.979134480,,
NIK,2026-04,124,0.414347347,0.000041435,0.585594088,0.856686420,7.443814963,0.000000371,-0.629677846,-0.658795834,-0.560764776,-0.501511702,-0.555298025,-0.500547212,-0.609499121,-0.611573760,-0.694928660,-0.636179379,-0.633297335,-0.668437983,95.800501258,-28.900250629,,
NIK,2026-05,125,0.414617373,0.000041462,0.585324089,0.856718047,7.448505666,0.000000824,-0.658207519,-0.560149766,-0.500845166,-0.554805497,-0.500160648,-0.609183013,-0.611309898,-0.694655141,-0.635909273,-0.632999208,-0.668037616,-0.621961161,95.264258798,-28.632129399,,
NIK,2026-06,126,0.415767091,0.000041577,0.584174485,0.856880887,7.466031638,0.000002655,-0.557219429,-0.497695628,-0.552397325,-0.498201894,-0.607522071,-0.609870301,-0.693173895,-0.634443235,-0.631414621,-0.666018310,-0.619727741,-0.627629213,94.743279850,-28.371639925,,
NIK,2026-07,127,0.413872266,0.000041387,0.586069121,0.856672841,7.431973982,-0.000001438,-0.502614048,-0.556105635,-0.501176866,-0.610008910,-0.611990867,-0.695357388,-0.636593610,-0.633751061,-0.669062662,-0.623119172,-0.631327200,-0.615232754,94.281798552,-28.140899276,,
NIK,2026-08,128,0.410180984,0.000041018,0.589760034,0.856284858,7.355851486,-0.000009417,-0.562838393,-0.506507143,-0.614390775,-0.615651115,-0.699115781,-0.640259734,-0.637743500,-0.674396593,-0.629099814,-0.637891506,-0.622825408,-0.632007008,94.183826547,-28.091913273,,
NPT,2018-12,36,0.000100000,0.000000010,0.000099990,0.980000000,5.689666427,0.007652444,-0.000000005,0.010428613,0.216448986,0.308985725,0.136063588,0.067646093,0.037409072,0.132392678,-0.185770604,0.070537858,0.146127874,0.136719876,1.671554567,18.164222716,,
NPT,2019-01,37,0.000100000,0.000000010,0.000099990,0.980000000,5.776026653,0.008224234,-0.046320046,0.158537872,0.249954032,0.075964415,0.006435958,-0.024858159,0.069051889,-0.250093696,0.005176105,0.079736724,0.069381402,0.000000006,1.571315748,18.214342126,,
NPT,2019-02,38,0.000100000,0.000000010,0.000099990,0.980000000,5.792037895,0.008371078,0.160119355,0.251066014,0.076498467,0.006530203,-0.025253189,0.068236386,-0.251411543,0.003470231,0.077676635,0.066884087,0.000000013,-0.016718005,0.036858360,18.981570820,,
NPT,2019-03,39,0.000100000,0.000000010,0.000099990,0.980000000,5.794546273,0.007992565,0.250252771,0.076082147,0.006436230,-0.024999656,0.068806837,-0.250508488,0.004665311,0.079140793,0.068645489,0.000000001,-0.016409611,0.137946829,-1.702125657,19.851062828,,
NPT,2019-04,40,0.326108354,0.000032611,0.000067389,0.980000000,5.763223967,0.004296794,0.085383895,0.020094134,-0.007091972,0.090868052,-0.224420636,0.034716596,0.113043389,0.106266513,0.000000779,-0.011870225,0.146974002,0.219923318,-5.852490894,21.926245447,,
NPT,2019-05,41,0.314694178,0.000031469,0.000068531,0.980000000,5.784722779,0.004432666,0.022826418,-0.004879357,0.092556491,-0.223234131,0.035382850,0.113212817,0.105963804,0.000000936,-0.012339558,0.146015316,0.218510297,0.098661921,-7.821727660,22.910863830,,
NPT,2019-06,42,0.315727869,0.000031573,0.000068427,0.980000000,5.785634430,0.004304746,-0.005351078,0.092186606,-0.223504597,0.035208346,0.113130004,0.105968161,0.000000907,-0.012257082,0.146194848,0.218766579,0.099012159,0.020056732,-9.944823857,23.972411928,,
NPT,2019-07,43,0.302841624,0.000030284,0.000069716,0.980000000,5.841298981,0.004768080,0.097793634,-0.219306621,0.038015563,0.114563290,0.106049295,0.000001335,-0.013562865,0.143591016,0.214894531,0.093887391,0.013698112,0.036291563,-10.521272804,24.260636402,,
NPT,2019-08,44,0.000100000,0.000000010,0.000099990,0.980000000,5.827846845,0.007100746,-0.250095926,0.005558555,0.080091697,0.069403471,-0.000000013,-0.016228954,0.138554028,0.207078897,0.083675221,0.001228241,0.021587258,0.048328875,-9.306223067,23.653111533,,
NPT,2019-09,45,0.288971141,0.000028897,0.000071103,0.980000000,5.849268532,0.004602776,0.037538467,0.114093197,0.105580127,0.000001398,-0.013566177,0.143583465,0.214881836,0.093865587,0.013672316,0.036263265,0.065352367,-0.197080720,-13.478312050,25.739156025,,
NPT,2019-10,46,0.294290361,0.000029429,0.000070571,0.980000000,5.877195143,0.004702007,0.115329466,0.106260453,0.000001545,-0.014092283,0.142541474,0.213321234,0.091805507,0.011110868,0.033210850,0.061812401,-0.201098780,0.054933775,-15.316389305,26.658194652,,
NPT,2019-11,47,0.283216970,0.000028322,0.000071678,0.980000000,5.850648959,0.004375082,0.105092047,0.000001365,-0.013422360,0.143868970,0.215310297,0.094438663,0.014384206,0.037116757,0.066348115,-0.195938006,0.060698933,0.092545477,-16.922629091,27.461314546,,
NPT,2019-12,48,0.283112389,0.000028311,0.000071689,0.980000000,5.889949455,0.004580385,0.000001639,-0.014215241,0.142299116,0.212966444,0.091326665,0.010520754,0.032507894,0.061002279,-0.202014952,0.053913430,0.085063495,0.129725154,-18.371097487,28.185548744,,
NPT,2020-01,49,0.293706171,0.000029371,0.000070629,0.980000000,5.983605591,0.005122372,-0.043249565,0.111735703,0.180896726,0.057773970,-0.024492260,-0.003943270,0.023132115,-0.241285884,0.013265798,0.043057185,0.086380295,0.000001927,-18.836022995,28.418011497,,
NPT,2020-02,50,0.313342243,0.000031334,0.000068666,0.980000000,6.020164900,0.005309208,0.117851282,0.186194490,0.062259822,-0.020810026,-0.001056931,0.025237888,-0.239947277,0.013837439,0.042873549,0.085451305,0.000002015,-0.021707991,-20.482140714,29.241070357,,
NPT,2020-03,51,0.360774827,0.000036077,0.000063923,0.980000000,6.103596051,0.005799978,0.199706083,0.073906732,-0.011012661,0.006910600,0.031401511,-0.235563351,0.016456057,0.043746361,0.084598775,0.000002184,-0.023389831,0.162581667,-20.247441877,29.123720938,,
NPT,2020-04,52,0.440308727,0.000044031,0.000055969,0.980000000,6.233042178,0.006515144,0.092807313,0.005116044,0.020299560,0.042071483,-0.227587723,0.021776642,0.046440189,0.084691656,0.000002219,-0.025870682,0.157641469,0.252123799,-18.952059518,28.476029759,,
NPT,2020-05,53,0.212098537,0.000021210,0.000078790,0.980000000,6.020324600,0.005389137,-0.026384919,-0.006874098,0.019217744,-0.246185768,0.007419226,0.036295040,0.078684799,0.000002692,-0.022049163,0.165269236,0.263506061,-0.036632606,-5.399070894,21.699535447,,
NPT,2020-06,54,0.212554242,0.000021255,0.000078745,0.980000000,6.036867996,0.005358822,-0.005722072,0.020104426,-0.245539602,0.007813712,0.036432730,0.078606112,0.000002846,-0.022272876,0.164801627,0.262822135,-0.037546720,-0.015080387,-7.103694440,22.551847220,,
NPT,2020-07,55,0.205247275,0.010756232,0.000079475,0.980000000,6.123734826,0.013391389,0.031557236,-0.235091250,0.016897682,0.043794223,0.083894111,0.000009213,-0.022658884,0.163752789,0.260815591,-0.040830877,-0.019903777,0.062374740,-4.312903705,21.156451852,,
NPT,2020-08,56,0.198034054,0.000019803,0.000080197,0.980000000,6.081091488,0.005465337,-0.244754848,0.007772498,0.035574252,0.076944695,0.000003517,-0.023085968,0.163187858,0.260403151,-0.040742723,-0.019038280,0.064317735,-0.006640455,-5.398887609,21.699443805,,
NPT,2020-09,57,0.203828237,0.000020383,0.000079617,0.980000000,6.107552197,0.005439826,0.009229095,0.036635508,0.077619862,0.000003766,-0.023447086,0.162477397,0.259358227,-0.042131503,-0.020760697,0.062231031,-0.009050384,-0.224663739,-6.789549491,22.394774745,,
NPT,2020-10,58,0.216154939,0.000021615,0.000078385,0.980000000,6.153510070,0.005474909,0.038915551,0.079177901,0.000004168,-0.024112832,0.161154366,0.257391781,-0.044735438,-0.024007595,0.058355044,-0.013546628,-0.229786270,0.043582298,-7.373961330,22.686980665,,
NPT,2020-11,59,0.187844142,0.011971320,0.000081216,0.980000000,6.177726182,0.013657742,0.083600789,0.000010227,-0.022489726,0.164003273,0.261088000,-0.040541166,-0.019674908,0.062496080,-0.009957238,-0.227074763,0.045087937,0.040238723,-9.073739234,23.536869617,,
NPT,2020-12,60,0.188578550,0.010089006,0.000081142,0.980000000,6.170674338,0.011584837,0.000009557,-0.022569942,0.163925532,0.261076233,-0.040416709,-0.019342199,0.063097100,-0.009039366,-0.225770202,0.046845437,0.042504869,0.065826954,-10.561856666,24.280928333,,
NPT,2021-01,61,0.209427069,0.000020943,0.000079057,0.980000000,6.118983166,0.004969067,-0.009579636,0.176348786,0.273227694,-0.028256205,-0.006896907,0.076112225,0.004823301,-0.210801018,0.063172414,0.060443868,0.085624098,0.000003821,-12.267722717,25.133861359,,
NPT,2021-02,62,0.208322891,0.000020832,0.000079168,0.980000000,6.144253491,0.005017025,0.179457193,0.275874081,-0.026084537,-0.005176684,0.077387330,0.005654089,-0.210417446,0.063131589,0.059980990,0.084739110,0.000004155,0.009362425,-13.655021766,25.827510883,,
NPT,2021-03,63,0.206498434,0.000020650,0.000079350,0.980000000,6.134045389,0.004837965,0.273791249,-0.027845853,-0.006652786,0.076191621,0.004757569,-0.211005265,0.062817754,0.059947957,0.084992689,0.000003926,0.009638443,0.165598407,-15.247063094,26.623531547,,
NPT,2021-04,64,0.206473626,0.000020647,0.000079353,0.980000000,6.140373974,0.004749334,-0.027676145,-0.006500913,0.076329761,0.004853902,-0.210951143,0.062852770,0.059952733,0.084964115,0.000003957,0.009613460,0.165528299,0.275212847,-17.097371009,27.548685505,,
NPT,2021-05,65,0.206449797,0.000020645,0.000079355,0.980000000,6.150163077,0.004677797,-0.005992577,0.076750265,0.005164896,-0.210727445,0.062986355,0.059988977,0.084912927,0.000004046,0.009514530,0.165348608,0.274954020,-0.023200095,-18.937045472,28.468522736,,
NPT,2021-06,66,0.207068584,0.000020707,0.000079293,0.980000000,6.170117450,0.004644705,0.078074048,0.006240357,-0.209911884,0.063514688,0.060251789,0.084912000,0.000004317,0.009278167,0.164869065,0.274204095,-0.024171346,0.007086004,-20.563743945,29.281871972,,
NPT,2021-07,67,0.207190884,0.000020719,0.000079281,0.980000000,6.175230679,0.004553015,0.006280298,-0.209892032,0.063532124,0.060266672,0.084917839,0.000004323,0.009259813,0.164837657,0.274181973,-0.024203817,0.007021502,0.078514466,-22.458293568,30.229146784,,
NPT,2021-08,68,0.197775148,0.000019778,0.000080222,0.980000000,6.108853390,0.004258402,-0.214331848,0.060232757,0.058097490,0.083869398,0.000003127,0.010322741,0.166940913,0.277301897,-0.020058158,0.012179694,0.084679595,-0.053595417,-18.787261216,28.393630608,,
NPT,2021-09,69,0.200211027,0.000020021,0.000079979,0.980000000,6.106492757,0.004139140,0.060130954,0.058118984,0.084008579,0.000002974,0.010428670,0.167155909,0.277646137,-0.019619116,0.012745775,0.085351324,-0.052795838,-0.218809130,-20.595537717,29.297768859,,
NPT,2021-10,70,0.185616336,0.000018562,0.000081438,0.980000000,6.153333772,0.004273434,0.058002110,0.083121916,0.000003969,0.009650234,0.165630395,0.275367421,-0.022631056,0.008998386,0.080898395,-0.057984841,-0.224691534,0.091540392,-20.731006373,29.365503187,,
NPT,2021-11,71,0.074127452,0.074120039,0.000092587,0.839582214,6.074292749,-0.013483977,0.115427770,0.000010921,0.017170963,0.179640097,0.294986143,0.001834266,0.037631438,0.113111419,-0.022698468,-0.186804431,0.131608166,0.067064278,-21.391774399,29.695887200,,
NPT,2021-12,72,0.075085078,0.075077570,0.000092491,0.850909499,6.041461327,-0.029760690,0.000008125,0.016162751,0.178088016,0.293275191,0.000280230,0.036503512,0.112632099,-0.022349019,-0.185475683,0.134045333,0.070711854,0.074867007,-20.786754976,29.393377488,,
NPT,2022-01,73,0.074137194,0.074129780,0.000092586,0.845188258,6.042447190,-0.017051005,0.001014230,0.163124160,0.278343134,-0.014731995,0.021299994,0.097151829,-0.038182737,-0.201710133,0.117349403,0.053512212,0.057133205,0.000009372,-22.140931826,30.070465913,,
NPT,2022-02,74,0.074546734,0.074539279,0.000092545,0.850063872,6.021006400,-0.020468478,0.162154907,0.277201448,-0.015939499,0.020130874,0.096101792,-0.039041781,-0.202332803,0.117021445,0.053518334,0.057502377,0.000008435,-0.011239813,-23.708340678,30.854170339,,
NPT,2022-03,75,0.074806081,0.074798600,0.000092519,0.853507324,5.998450942,-0.021715206,0.276751202,-0.016540126,0.019467612,0.095449057,-0.039619852,-0.202788458,0.116732826,0.053436191,0.057657110,0.000007769,-0.010973634,0.153688586,-25.414104196,31.707052098,,
NPT,2022-04,76,0.073794165,0.073786785,0.000092621,0.842092974,5.997406868,-0.004447500,-0.015634711,0.020881531,0.097075073,-0.038018637,-0.201430369,0.117686263,0.053840927,0.057383982,0.000010033,-0.011680316,0.152156699,0.304226313,-25.780090754,31.890045377,,
NPT,2022-05,77,0.073835360,0.073827976,0.000092616,0.839898828,5.996630662,-0.001362298,0.020935373,0.097218531,-0.037846943,-0.201250321,0.117823733,0.053906959,0.057366398,0.000010399,-0.011775657,0.151939275,0.303866333,-0.011040677,-27.582458150,32.791229075,,
NPT,2022-06,78,0.075482973,0.072838729,0.000092452,0.828297538,6.008129870,0.007738979,0.096562881,-0.037580931,-0.199303699,0.118315094,0.054451442,0.059011442,0.000012492,-0.011483505,0.151555823,0.302596533,-0.012343476,0.039181443,-28.746614567,33.373307283,,
NPT,2022-07,79,0.075253665,0.075246139,0.000092475,0.827389093,6.019607245,0.011194522,-0.037742881,-0.200818918,0.118341085,0.054302733,0.057468970,0.000012267,-0.012188694,0.150967081,0.302229460,-0.013429545,0.037816119,0.104887351,-30.486698742,34.243349371,,
NPT,2022-08,80,0.077457818,0.077450072,0.000092254,0.819787603,6.041308335,0.018822964,-0.201334936,0.118227172,0.054387789,0.057589465,0.000013220,-0.012369312,0.150496436,0.301387292,-0.014701933,0.036068309,0.102632519,-0.021135482,-31.716264312,34.858132156,,
NPT,2022-09,81,0.082695489,0.081582933,0.000091730,0.810495580,6.077112111,0.029846047,0.117281443,0.054065472,0.057576109,0.000014197,-0.012632892,0.149854823,0.300239636,-0.016437176,0.033676894,0.099538096,-0.024973499,-0.178163668,-32.283341018,35.141670509,,
NPT,2022-10,82,0.094859833,0.083184130,0.000090514,0.807620474,6.123436998,0.035955180,0.053225630,0.057202171,0.000014646,-0.012851110,0.149279874,0.299233852,-0.017945735,0.031621345,0.096894333,-0.028228224,-0.182064649,0.136527131,-33.213399495,35.606699747,,
NPT,2022-11,83,0.094868810,0.083218710,0.000090513,0.807593424,6.152587205,0.029108950,0.057204374,0.000014648,-0.012843580,0.149283764,0.299233043,-0.017947044,0.031620703,0.096894268,-0.028232912,-0.182078981,0.136507384,0.053329211,-35.087902309,36.543951155,,
NPT,2022-12,84,0.096930796,0.096921103,0.000090307,0.817984931,6.228407042,0.057654056,0.000015056,-0.011846991,0.150725324,0.300656342,-0.016925677,0.031907613,0.096173772,-0.030185039,-0.185447147,0.131552201,0.046647956,0.102402753,-32.280199997,35.140099998,,
NPT,2023-01,85,0.096903810,0.096894120,0.000090310,0.817950452,6.275353053,0.047083367,-0.011775479,0.150798592,0.300733829,-0.016848964,0.031985803,0.096253398,-0.030100295,-0.185363418,0.131638788,0.046740657,0.102497411,0.000015052,-34.122776308,36.061388154,,
NPT,2023-02,86,0.098247899,0.098238075,0.000090175,0.826056095,6.326155965,0.046558597,0.152285584,0.302460106,-0.015002996,0.033845094,0.098028648,-0.028503282,-0.184020017,0.132661169,0.047377015,0.102696662,0.000015035,-0.001730811,-35.740412124,36.870206062,,
NPT,2023-03,87,0.257438752,0.000025744,0.000074256,0.980000000,6.376611213,0.003057535,0.290343409,-0.031887404,0.013525340,0.075397536,-0.052477976,-0.208516839,0.108331960,0.023823939,0.080444236,0.000005878,-0.005485313,0.172062667,-34.753313653,36.376656827,,
NPT,2023-04,88,0.252175619,0.000025218,0.000074782,0.980000000,6.366533423,0.002985843,-0.033135783,0.012429573,0.074456668,-0.053267888,-0.209156877,0.107843628,0.023484352,0.080252517,0.000005783,-0.005344787,0.172339188,0.284516867,-36.512912940,37.256456470,,
NPT,2023-05,89,0.252335701,0.000025234,0.000074766,0.980000000,6.370007262,0.002926627,0.012482468,0.074500921,-0.053234030,-0.209132996,0.107863856,0.023499045,0.080264001,0.000005790,-0.005346698,0.172331240,0.284501318,-0.032872154,-38.365132664,38.182566332,,
NPT,2023-06,90,0.261282060,0.000026128,0.000073872,0.980000000,6.418103199,0.002910847,0.077680262,-0.050567639,-0.206994464,0.109472277,0.024593645,0.080832293,0.000006338,-0.005859670,0.171342726,0.283056757,-0.034800972,0.033262305,-39.014804860,38.507402430,,
NPT,2023-07,91,0.099282203,0.099272275,0.000090072,0.826132199,6.484427475,0.017264434,-0.027655323,-0.183478224,0.132915710,0.047368685,0.102439532,0.000015062,-0.002083463,0.177922846,0.291633427,-0.024881711,0.043930415,0.095492401,-42.427988762,40.213994381,,
NPT,2023-08,92,0.097375848,0.097366111,0.000090262,0.835421496,6.509101576,0.020109614,-0.183154572,0.133415934,0.047917421,0.102932079,0.000015341,-0.002095310,0.177813300,0.291373369,-0.025330685,0.043242745,0.094524637,-0.020555838,-44.163206847,41.081603423,,
NPT,2023-09,93,0.274205798,0.000027421,0.000072579,0.980000000,6.487620622,0.002788906,0.111888797,0.026303436,0.081859252,0.000006995,-0.006451812,0.170118189,0.281202641,-0.037271189,0.030175914,0.080890534,-0.034281666,-0.201315934,-43.685435622,40.842717811,,
NPT,2023-10,94,0.096079929,0.096070321,0.000090392,0.839906708,6.543876836,0.019121142,0.047719622,0.102935742,0.000015628,-0.002037781,0.177900319,0.291439556,-0.025342483,0.043115938,0.094242333,-0.021028552,-0.188630938,0.143216322,-47.598766731,42.799383366,,
NPT,2023-11,95,0.097336760,0.097327027,0.000090266,0.834910507,6.551578245,0.009800477,0.102972289,0.000015229,-0.002192103,0.177688238,0.291244552,-0.025464753,0.043135770,0.094457463,-0.020578856,-0.187906661,0.144254719,0.039863950,-49.312522486,43.656261243,,
NPT,2023-12,96,0.096034621,0.096025017,0.000090397,0.839317608,6.568417348,0.015317988,0.000015745,-0.001900421,0.178143671,0.291761852,-0.024969024,0.043529304,0.094682942,-0.020576246,-0.188178328,0.143667191,0.038928099,0.112115155,-50.973243337,44.486621668,,
NPT,2024-01,97,0.206748574,0.024849517,0.057799789,0.925366542,6.653896950,0.016255827,-0.057335531,0.111960847,0.239835702,-0.070030072,-0.009672632,0.021278199,-0.061825314,-0.250223614,0.062687872,-0.010221261,0.064576414,-0.009123296,-40.937920370,39.468960185,,
NPT,2024-02,98,0.114592809,0.083941043,0.000088541,0.862572680,6.655779673,0.042786881,0.173869295,0.288097648,-0.028436983,0.039880964,0.090522675,-0.025544857,-0.194220140,0.136311761,0.030050498,0.101526639,0.000017757,0.026451407,-49.990868880,43.995434440,,
NPT,2024-03,99,0.132886050,0.077574699,0.000086711,0.874438463,6.712985012,0.042699554,0.289334850,-0.027226070,0.041016982,0.091519696,-0.024750888,-0.193682679,0.136536379,0.029898262,0.100949588,0.000017690,0.025864561,0.185102703,-51.457386196,44.728693098,,
NPT,2024-04,100,0.113544290,0.082641937,0.000088646,0.863570997,6.727957828,0.028168640,-0.028026056,0.040081446,0.090568647,-0.025606302,-0.194344434,0.136158720,0.029896058,0.101399144,0.000017733,0.026517589,0.186417766,0.274885275,-52.578174885,45.289087443,,
NPT,2024-05,101,0.111411608,0.082763194,0.000088859,0.862089437,6.745921793,0.020183209,0.039962398,0.090328521,-0.025904907,-0.194649192,0.135898689,0.029721300,0.101346108,0.000017566,0.026683216,0.186770670,0.275440616,-0.033339059,-54.375679416,46.187839708,,
NPT,2024-06,102,0.111656586,0.082020795,0.000088834,0.860450478,6.752967961,0.010405867,0.090220575,-0.026234343,-0.195087792,0.135440628,0.029330437,0.101093968,0.000017188,0.026888785,0.187215839,0.276161141,-0.032307775,0.031291429,-55.983542119,46.991771060,,
NPT,2024-07,103,0.117523499,0.080163022,0.000088248,0.857957010,6.745326942,-0.001109873,-0.026507038,-0.195667902,0.134717985,0.028607963,0.100494346,0.000016474,0.027064276,0.187643644,0.276909399,-0.031178583,0.032855119,0.077472200,-57.233168126,47.616584063,,
NPT,2024-08,104,0.109292359,0.081904490,0.000089071,0.859853293,6.757966318,0.007043190,-0.195425385,0.135197003,0.029187952,0.101061634,0.000017197,0.027019835,0.187476962,0.276553529,-0.031785201,0.031948130,0.076219497,-0.016190145,-58.724262471,48.362131235,,
NPT,2024-09,105,0.109630341,0.081911219,0.000089037,0.859397956,6.762490796,0.005048642,0.135207878,0.029169186,0.101029171,0.000017121,0.027016871,0.187484936,0.276580135,-0.031729602,0.032037121,0.076347474,-0.016017437,-0.196672325,-60.652296767,49.326148384,,
NPT,2024-10,106,0.108919631,0.081776733,0.000089108,0.860624671,6.770851235,0.007011243,0.029117541,0.101057764,0.000017319,0.027038911,0.187500581,0.276561282,-0.031803065,0.031888567,0.076106669,-0.016363580,-0.197144210,0.138521898,-62.547796866,50.273898433,,
NPT,2024-11,107,0.108885952,0.081404093,0.000089111,0.862119561,6.781434504,0.009124493,0.100998944,0.000017536,0.027090777,0.187569649,0.276618079,-0.031791691,0.031831042,0.075958646,-0.016624005,-0.197529191,0.137994623,0.032982599,-64.434564534,51.217282267,,
NPT,2024-12,108,0.110991067,0.079811231,0.000088901,0.866883173,6.804887695,0.018333389,0.000018257,0.027390365,0.188033503,0.277119370,-0.031358801,0.032101098,0.075981153,-0.016929067,-0.198219682,0.136863094,0.031352443,0.114540362,-65.597116317,51.798558158,,
NPT,2025-01,109,0.120032586,0.076884953,0.000087997,0.872154635,6.847522905,0.024442029,0.016818047,0.177521941,0.266596296,-0.041966288,0.021343217,0.065013684,-0.028154552,-0.209761683,0.124958021,0.019051149,0.101803935,0.000018604,-66.953958396,52.476979198,,
NPT,2025-02,110,0.113854521,0.078528986,0.000088615,0.869223428,6.860391190,0.016463254,0.176815657,0.265824925,-0.042742011,0.020598774,0.064342648,-0.028712312,-0.210165173,0.124726568,0.019023934,0.102005966,0.000018441,0.010021498,-68.719191109,53.359595554,,
NPT,2025-03,111,0.111742962,0.078978500,0.000088826,0.867708171,6.867738452,0.009494844,0.265412735,-0.043277497,0.020014871,0.063762573,-0.029245582,-0.210619859,0.124403721,0.018858134,0.102024139,0.000018172,0.010259586,0.170714590,-70.515930837,54.257965419,,
NPT,2025-04,112,0.111074905,0.079290248,0.000088893,0.869371434,6.888668865,0.017303599,-0.042722140,0.020821652,0.064697316,-0.028291260,-0.209735125,0.125132952,0.019357750,0.102237189,0.000018843,0.009925714,0.170001652,0.276412667,-71.890179178,54.945089589,,
NPT,2025-05,113,0.113449398,0.078814143,0.000088655,0.871867821,6.915189966,0.022625802,0.021023479,0.065100073,-0.027786457,-0.209219107,0.125578174,0.019667118,0.102344857,0.000019280,0.009657809,0.169434155,0.275517871,-0.033657088,-73.434846413,55.717423207,,
NPT,2025-06,114,0.114709829,0.078583159,0.000088529,0.872873535,6.938933870,0.022214399,0.065121918,-0.027700434,-0.209099303,0.125699204,0.019761652,0.102392348,0.000019412,0.009600839,0.169287358,0.275274905,-0.034012434,0.023982601,-75.376446772,56.688223386,,
NPT,2025-07,115,0.117557082,0.078401192,0.000088244,0.876071294,6.973565618,0.028613214,-0.027858647,-0.209014474,0.125896215,0.019975068,0.102517742,0.000019819,0.009358798,0.168780353,0.274462954,-0.035182271,0.022404313,0.075669251,-76.714482144,57.357241072,,
NPT,2025-08,116,0.114320325,0.078727875,0.000088568,0.873391885,6.988073079,0.018870466,-0.208808642,0.125951521,0.019946523,0.102484840,0.000019627,0.009472349,0.169044535,0.274898485,-0.034530857,0.023309286,0.076854539,-0.034913469,-78.412487576,58.206243788,,
NPT,2025-09,117,0.115353552,0.078038268,0.000088465,0.871820333,6.994791135,0.010492077,0.126070793,0.019903289,0.102362267,0.000019311,0.009492665,0.169143828,0.275118277,-0.034157167,0.023877992,0.077647969,-0.033876526,-0.215536756,-80.147941918,59.073970959,,
NPT,2025-10,118,0.113755132,0.078535619,0.000088624,0.872338698,7.008279557,0.011781193,0.019906737,0.102434720,0.000019506,0.009529218,0.169169974,0.275113341,-0.034208233,0.023756697,0.077440923,-0.034175020,-0.215942892,0.129087812,-82.108769821,60.054384910,,
NPT,2025-11,119,0.119627336,0.077061622,0.000088037,0.867826982,6.994006386,-0.004033436,0.102399374,0.000018609,0.009294482,0.168864610,0.274878805,-0.034250429,0.024013616,0.078090924,-0.033050239,-0.214270925,0.131371128,0.003173689,-82.484195405,60.242097703,,
NPT,2025-12,120,0.118082112,0.077385638,0.000088192,0.868011416,6.993086909,-0.002162764,0.000018739,0.009341353,0.168936617,0.274955254,-0.034182521,0.024059143,0.078104555,-0.033076034,-0.214342154,0.131246215,0.002991657,0.104097279,-84.485052663,61.242526331,,
NPT,2026-01,121,0.120387193,0.077573790,0.000087961,0.865936919,6.975674901,-0.007361829,0.015178152,0.174671969,0.280650783,-0.028475457,0.029825903,0.083971656,-0.027073365,-0.208173334,0.137609524,0.009572919,0.110918055,0.000018313,-86.264088909,62.132044454,,
NPT,2026-02,122,0.121190134,0.077711925,0.000087881,0.865295308,6.966324846,-0.008192066,0.174394878,0.280333613,-0.028808192,0.029496178,0.083660992,-0.027351866,-0.208404604,0.137438219,0.009468106,0.110887930,0.000018136,0.012972469,-88.267879129,63.133939565,,
NPT,2026-03,123,0.121308005,0.077821613,0.000087869,0.865047567,6.958240389,-0.007701562,0.280260749,-0.028891707,0.029401044,0.083562692,-0.027439502,-0.208479963,0.137376357,0.009429542,0.110871959,0.000018071,0.012999568,0.173677691,-90.303892657,64.151946328,,
NPT,2026-04,124,0.120460938,0.080725790,0.000087954,0.860592447,6.933399069,-0.018221937,-0.029714682,0.028317555,0.082366855,-0.028623799,-0.209541626,0.136537514,0.008900549,0.110722235,0.000016930,0.013387085,0.174509310,0.267842816,-91.345308853,64.672654427,,
NPT,2026-05,125,0.118763515,0.079643631,0.000088124,0.861753477,6.928324800,-0.009199771,0.028653331,0.082852355,-0.028077778,-0.209005559,0.137001450,0.009229775,0.110876136,0.000017725,0.013203132,0.174122217,0.267219518,-0.022738427,-93.062503074,65.531251537,,
NPT,2026-06,126,0.117083349,0.081054992,0.000088292,0.860533329,6.913094809,-0.012511512,0.082823508,-0.028204587,-0.209172578,0.136841614,0.009122878,0.110860162,0.000017244,0.013333129,0.174388254,0.267640696,-0.022136613,0.024039033,-94.957798504,66.478899252,,
NPT,2026-07,127,0.117721888,0.080457908,0.000088228,0.860754077,6.906507724,-0.008149232,-0.028235852,-0.209146679,0.136891477,0.009169954,0.110878733,0.000017551,0.013283420,0.174273332,0.267449091,-0.022416493,0.023654856,0.085429505,-96.964627263,67.482313631,,
NPT,2026-08,128,0.115950584,0.081328376,0.000088405,0.860655034,6.893439242,-0.010799059,-0.208998331,0.136965012,0.009189981,0.110913260,0.000017141,0.013349642,0.174419511,0.267703157,-0.022050019,0.024151016,0.086073524,-0.031897273,-98.922479977,68.461239989,,
OZD,2018-12,36,0.618762336,0.000061876,0.000038124,0.956337273,2.738808305,0.033269399,-0.000000718,-0.057883722,-0.294635782,-0.284147662,-0.275753290,-0.176644743,-0.372052095,-0.700595827,-0.476334484,-0.200235612,0.377295730,0.126948754,76.117799850,-19.058899925,,
OZD,2019-01,37,0.585460692,0.000058546,0.000041454,0.960366759,3.067079591,0.037615216,-0.102003204,-0.346046326,-0.343024146,-0.342239379,-0.250842710,-0.454045287,-0.790459011,-0.574126681,-0.306012966,0.263490075,0.005090539,-0.000000458,76.822946078,-19.411473039,,
OZD,2019-02,38,0.583304286,0.000058330,0.000041670,0.958521557,3.052697250,0.034120820,-0.360390987,-0.356190356,-0.354091052,-0.261255667,-0.462892231,-0.797622257,-0.579510499,-0.309519200,0.261955422,0.005587395,-0.000000559,-0.128573921,76.913911021,-19.456955510,,
OZD,2019-03,39,0.579701649,0.000057970,0.000042030,0.966333860,3.274208262,0.041209111,-0.305737517,-0.307362274,-0.218884695,-0.425475816,-0.765673931,-0.553509991,-0.289925430,0.274748226,0.011209200,-0.000000228,-0.131807808,-0.264852944,77.694555032,-19.847277516,,
OZD,2019-04,40,0.576041877,0.000057604,0.000042396,0.965070414,3.283692410,0.038357708,-0.314694335,-0.225626997,-0.431509959,-0.770942889,-0.557952598,-0.293396808,0.272271127,0.009846968,-0.000000274,-0.131329776,-0.263751240,-0.319971506,77.718025197,-19.859012599,,
OZD,2019-05,41,0.580898985,0.000058090,0.000041910,0.971352966,3.477946653,0.044786460,-0.191870995,-0.401053958,-0.744238852,-0.535413819,-0.275493029,0.285189721,0.017417704,-0.000000083,-0.133562919,-0.268805665,-0.328215773,-0.245057994,78.197911438,-20.098955719,,
OZD,2019-06,42,0.554291658,0.000055429,0.000044571,0.962854441,3.285653579,0.033268035,-0.445030946,-0.782814216,-0.568021191,-0.301585780,0.266130115,0.005851780,-0.000000448,-0.130397681,-0.261745846,-0.316663608,-0.228358439,-0.293574992,79.309275338,-20.654637669,,
OZD,2019-07,43,0.531047795,0.000053105,0.000046895,0.972342898,3.606998161,0.043778054,-0.738405221,-0.530714103,-0.271980423,0.287474024,0.018415965,-0.000000042,-0.134323553,-0.270357626,-0.330685383,-0.248430735,-0.320428009,-0.323163811,81.097571113,-21.548785557,,
OZD,2019-08,44,0.551298444,0.000055130,0.000044870,0.978542095,3.824350242,0.051952689,-0.508310374,-0.253687741,0.301255549,0.027227681,0.000000073,-0.136411341,-0.274998446,-0.338366733,-0.259670533,-0.335585953,-0.342690099,-0.675844188,81.629783559,-21.814891780,,
OZD,2019-09,45,0.536193182,0.000053619,0.000046381,0.974692939,3.758015186,0.044745838,-0.265124871,0.292687308,0.021769062,0.000000014,-0.135053982,-0.272003238,-0.333430651,-0.252480175,-0.325863721,-0.330196253,-0.660333162,-0.547411774,81.852013037,-21.926006518,,
OZD,2019-10,46,0.535303455,0.000053530,0.000046470,0.972792783,3.734065871,0.040778794,0.288137817,0.018975203,-0.000000044,-0.134246082,-0.270224976,-0.330520516,-0.248306897,-0.320302554,-0.323096496,-0.651607722,-0.536944252,-0.286664846,81.903967751,-21.951983875,,
OZD,2019-11,47,0.543762734,0.000054376,0.000045624,0.964786454,3.415639847,0.029125174,0.006066710,-0.000000571,-0.129148852,-0.259454369,-0.313523327,-0.224573539,-0.289338759,-0.284478774,-0.604922000,-0.481818686,-0.222740913,0.187542860,84.195217277,-23.097608638,,
OZD,2019-12,48,0.518158911,0.000051816,0.000048184,0.967559490,3.597622413,0.031585703,-0.000000328,-0.131646101,-0.264630601,-0.321538171,-0.235583862,-0.303496560,-0.301903834,-0.625736329,-0.506125913,-0.250648248,0.155940679,0.042656809,84.545845520,-23.272922760,,
OZD,2020-01,49,0.522170656,0.000052217,0.000047783,0.965671715,3.462882242,0.027869181,-0.104942753,-0.235027384,-0.288993185,-0.200008194,-0.264838363,-0.260060481,-0.580669608,-0.457760653,-0.198929042,0.211015108,0.101136591,-0.000000594,84.848969271,-23.424484636,,
OZD,2020-02,50,0.529340015,0.000052934,0.000047066,0.963627800,3.398905752,0.024676668,-0.254059172,-0.306204618,-0.215291965,-0.278063830,-0.271186398,-0.589570587,-0.464373206,-0.203178354,0.209238818,0.101882921,-0.000000819,-0.144666246,85.018536131,-23.509268066,,
OZD,2020-03,51,0.509973120,0.000050997,0.000049003,0.969019371,3.636217980,0.029628855,-0.264854235,-0.177743092,-0.244653216,-0.242202479,-0.565314982,-0.445110820,-0.189168429,0.217796697,0.104771847,-0.000000318,-0.147934209,-0.161935782,86.235360106,-24.117680053,,
OZD,2020-04,52,0.516350222,0.000051635,0.000048365,0.971027456,3.733884725,0.031064280,-0.165108092,-0.233149063,-0.231950142,-0.556418411,-0.437646504,-0.183247641,0.222091247,0.107270568,-0.000000169,-0.148780534,-0.163727764,-0.236732716,86.297711648,-24.148855824,,
OZD,2020-05,53,0.516857403,0.000051686,0.000048314,0.971180133,3.769470690,0.030349048,-0.232247533,-0.231103674,-0.555654636,-0.437014525,-0.182741818,0.222412421,0.107485962,-0.000000159,-0.148800357,-0.163884064,-0.236950043,-0.163045738,86.217725017,-24.108862508,,
OZD,2020-06,54,0.509625958,0.000050963,0.000049037,0.967731795,3.660841896,0.025534519,-0.250485594,-0.572545320,-0.451222547,-0.194091385,0.214100378,0.102371542,-0.000000461,-0.147185095,-0.160388298,-0.231381806,-0.155180855,-0.283689184,86.640142750,-24.320071375,,
OZD,2020-07,55,0.508912891,0.000050891,0.000049109,0.968023667,3.699600066,0.025031904,-0.571062809,-0.449993181,-0.193143528,0.214749816,0.102732480,-0.000000441,-0.147446555,-0.160862536,-0.232083994,-0.156144623,-0.284858550,-0.245768934,86.536938116,-24.268469058,,
OZD,2020-08,56,0.509548090,0.000050955,0.000049045,0.967051563,3.673971227,0.023184305,-0.454597659,-0.196742289,0.212215234,0.101235994,-0.000000557,-0.146781553,-0.159526707,-0.230004939,-0.153289840,-0.281121407,-0.241138734,-0.587144994,86.477492505,-24.238746252,,
OZD,2020-09,57,0.506786316,0.000050679,0.000049321,0.968677164,3.786082828,0.024201626,-0.190382791,0.216718381,0.103891912,-0.000000317,-0.147830029,-0.161781642,-0.233437901,-0.158157405,-0.287581145,-0.249272023,-0.596904940,-0.427644533,86.549252173,-24.274626087,,
OZD,2020-10,58,0.495648291,0.000049565,0.000050435,0.963855891,3.521120520,0.018578450,0.201548555,0.094566361,-0.000001213,-0.144333312,-0.154425071,-0.222065906,-0.142353981,-0.267120248,-0.223903769,-0.566520406,-0.392001544,-0.274089393,88.648864832,-25.324432416,,
OZD,2020-11,59,0.517049661,0.000051705,0.000048295,0.961900654,3.365723168,0.016083474,0.091609030,-0.000001692,-0.141704251,-0.149077794,-0.213929589,-0.131338408,-0.253146312,-0.206906631,-0.546470031,-0.368852750,-0.247806792,0.163121776,89.160806742,-25.580403371,,
OZD,2020-12,60,0.524070844,0.000052407,0.000047593,0.961361559,3.325308214,0.014991378,-0.000001824,-0.140796902,-0.147247698,-0.211200468,-0.127678882,-0.248556898,-0.201362213,-0.539974546,-0.361346796,-0.239331420,0.172642591,0.081012432,89.082633526,-25.541316763,,
OZD,2021-01,61,0.516058374,0.000051606,0.000048394,0.961901908,3.435760776,0.014981056,-0.154503565,-0.162521173,-0.228000710,-0.146025640,-0.268429484,-0.222785347,-0.562914120,-0.385848211,-0.265319604,0.145091941,0.052004886,-0.000001608,89.071366277,-25.535683139,,
OZD,2021-02,62,0.510049963,0.000051005,0.000048995,0.968826749,3.886527783,0.020866064,-0.089572227,-0.162131463,-0.087563839,-0.217702983,-0.180055228,-0.528466912,-0.359906304,-0.248119875,0.153378722,0.051173502,-0.000000107,0.007219347,94.951230602,-28.475615301,,
OZD,2021-03,63,0.550037692,0.000055004,0.000044996,0.972569987,4.061161710,0.024194843,-0.136890047,-0.064137358,-0.196338282,-0.160935927,-0.511836527,-0.345913325,-0.236959052,0.161576009,0.056270144,0.000000170,0.005621449,-0.043992623,95.285517838,-28.642758919,,
OZD,2021-04,64,0.542892124,0.000054289,0.000045711,0.971669345,4.046356333,0.022519968,-0.069785905,-0.201484165,-0.165559277,-0.515841565,-0.349303333,-0.239663148,0.159576822,0.055011467,0.000000120,0.006028499,-0.043153855,-0.148327245,95.218361740,-28.609180870,,
OZD,2021-05,65,0.524455839,0.000052446,0.000047554,0.967516644,3.861480938,0.017705099,-0.228346399,-0.189477455,-0.536574403,-0.366671365,-0.253489886,0.149495764,0.048781909,-0.000000373,0.008073260,-0.038782104,-0.141366566,-0.133875793,96.233512117,-29.116756058,,
OZD,2021-06,66,0.539162552,0.000053916,0.000046084,0.964970354,3.706352859,0.014883222,-0.207499446,-0.551813780,-0.379018429,-0.262848785,0.143184583,0.045644705,-0.000000859,0.010186759,-0.034485844,-0.134796999,-0.124924993,-0.275976491,96.850285236,-29.425142618,,
OZD,2021-07,67,0.508546326,0.000050855,0.000049145,0.967691573,3.929190919,0.016805500,-0.534225161,-0.364935608,-0.252342145,0.149994829,0.048683989,-0.000000237,0.007651011,-0.039744147,-0.142883836,-0.135960443,-0.290054707,-0.151745592,97.826659708,-29.913329854,,
OZD,2021-08,68,0.516624971,0.000051662,0.000048338,0.969645465,4.065450146,0.018111022,-0.355468310,-0.244834161,0.155488038,0.052159969,0.000000095,0.006489202,-0.042213486,-0.146813899,-0.141444075,-0.297170527,-0.160556318,-0.502791926,98.085106248,-30.042553124,,
OZD,2021-09,69,0.534719764,0.000053472,0.000046528,0.972479739,4.251388313,0.020550101,-0.234371639,0.163271015,0.057066927,0.000000373,0.004661696,-0.045843395,-0.152380683,-0.149065542,-0.306997806,-0.172670508,-0.517350905,-0.317165295,98.605628083,-30.302814041,,
OZD,2021-10,70,0.525670235,0.000052567,0.000047433,0.971424189,4.207312396,0.018832532,0.160328818,0.055189932,0.000000296,0.005377921,-0.044481112,-0.150286536,-0.146242733,-0.303337402,-0.168186406,-0.511922954,-0.310775629,-0.247800824,98.566773135,-30.283386568,,
OZD,2021-11,71,0.514337724,0.000051434,0.000048566,0.968046035,3.971156702,0.014955770,0.048856975,-0.000000358,0.008014247,-0.038943552,-0.141675115,-0.134395964,-0.288177735,-0.149551812,-0.489676223,-0.284799659,-0.218018680,0.108242626,100.015377257,-31.007688628,,
OZD,2021-12,72,0.517345909,0.000051735,0.000048265,0.967827873,3.961924170,0.014266511,-0.000000431,0.008352188,-0.038305049,-0.140742648,-0.133140613,-0.286589922,-0.147630454,-0.487432380,-0.282220298,-0.215082590,0.111546099,0.044960647,99.894029476,-30.947014738,,
OZD,2022-01,73,0.530903406,0.000053090,0.000046910,0.966842477,3.801311487,0.012797001,0.029353845,-0.015020067,-0.115148588,-0.105216680,-0.256325432,-0.115012261,-0.452465470,-0.244893528,-0.175419821,0.153581064,0.089334242,-0.000000905,100.248822589,-31.124411294,,
OZD,2022-02,74,0.547914801,0.000054791,0.000045209,0.965432239,3.674318251,0.011250146,-0.034152238,-0.132250151,-0.120244410,-0.269231791,-0.125759318,-0.461009360,-0.251206110,-0.179466225,0.151808392,0.089869940,-0.000001349,-0.009911459,100.604778008,-31.302389004,,
OZD,2022-03,75,0.532120310,0.000053212,0.000046788,0.966683751,3.800453425,0.011793169,-0.117977095,-0.107523304,-0.258142618,-0.116348170,-0.453337198,-0.245298165,-0.175320894,0.154129989,0.090409499,-0.000001014,-0.011368587,-0.002615379,100.802737435,-31.401368717,,
OZD,2022-04,76,0.534180353,0.000053418,0.000046582,0.969226842,4.001112071,0.013378921,-0.085381140,-0.238409104,-0.099124604,-0.438712613,-0.233370658,-0.166194438,0.160402245,0.093711184,-0.000000344,-0.013253894,-0.006537850,-0.066799782,101.657582522,-31.828791261,,
OZD,2022-05,77,0.539494398,0.000053949,0.000046051,0.969812799,4.052836158,0.013445198,-0.234126949,-0.095325470,-0.435411374,-0.230598179,-0.163965257,0.162057488,0.094774311,-0.000000204,-0.013560608,-0.007201508,-0.067866977,-0.075623329,101.527125693,-31.763562846,,
OZD,2022-06,78,0.535309468,0.000053531,0.000046469,0.969180488,4.019747416,0.012525477,-0.099492568,-0.438987941,-0.233543674,-0.166290627,0.160376506,0.093740839,-0.000000321,-0.013059161,-0.006221903,-0.066397022,-0.073629470,-0.245043563,101.402505582,-31.701252791,,
OZD,2022-07,79,0.533865415,0.000053387,0.000046613,0.968201950,3.948289893,0.011375847,-0.445469545,-0.238885510,-0.170480563,0.157412656,0.092025764,-0.000000633,-0.012329204,-0.004632530,-0.063901147,-0.070216078,-0.240638089,-0.118507959,101.401965067,-31.700982533,,
OZD,2022-08,80,0.547979978,0.000054798,0.000045202,0.965331785,3.641299164,0.008995682,-0.257398600,-0.184519817,0.147877154,0.087073607,-0.000001784,-0.008929551,0.002247934,-0.053417318,-0.056009984,-0.222632769,-0.096648633,-0.508708797,103.746310739,-32.873155370,,
OZD,2022-09,81,0.487239251,0.000048724,0.000051276,0.967077995,3.936683914,0.009990835,-0.174897801,0.153357785,0.088357594,-0.000000851,-0.012405283,-0.004774960,-0.064036139,-0.070270964,-0.240588584,-0.118289347,-0.534088052,-0.203979607,105.571024734,-33.785512367,,
OZD,2022-10,82,0.491140094,0.000049114,0.000050886,0.967646161,4.002596185,0.010054389,0.155464133,0.089676722,-0.000000586,-0.012947172,-0.005875355,-0.065715304,-0.072544997,-0.243469187,-0.121816730,-0.538269690,-0.208847681,-0.163242028,105.492208403,-33.746104202,,
OZD,2022-11,83,0.484566065,0.000048457,0.000051543,0.966846054,3.928636111,0.009188372,0.087704193,-0.000000974,-0.012150076,-0.004262518,-0.063255010,-0.069206871,-0.239194082,-0.116597057,-0.532031752,-0.201612266,-0.154989120,0.139227044,105.516609937,-33.758304969,,
OZD,2022-12,84,0.484518831,0.000048452,0.000051548,0.966845085,3.937635969,0.008883256,-0.000000990,-0.012186477,-0.004292863,-0.063279592,-0.069221702,-0.239224445,-0.116622546,-0.532094941,-0.201672313,-0.155051521,0.139148185,0.087665913,105.324062861,-33.662031431,,
OZD,2023-01,85,0.480308504,0.000048031,0.000051969,0.967594221,4.119523188,0.009187163,-0.034497051,-0.028513654,-0.089416340,-0.097289543,-0.269230150,-0.148577651,-0.565993230,-0.237526949,-0.192849691,0.099384548,0.045953843,-0.000000262,105.792927151,-33.896463575,,
OZD,2023-02,86,0.499497289,0.000049950,0.000050050,0.969734981,4.314544074,0.010395627,-0.005938684,-0.068894633,-0.078900441,-0.253016043,-0.134621854,-0.554383999,-0.228366892,-0.186173258,0.103627062,0.047626010,0.000000512,0.015828116,106.747823914,-34.373911957,,
OZD,2023-03,87,0.518679256,0.000051868,0.000048132,0.971298594,4.432945174,0.011254859,-0.056475285,-0.067518517,-0.242768842,-0.125579067,-0.546574809,-0.221831110,-0.180993315,0.107335560,0.049881802,0.000000797,0.014928437,0.020319270,106.867203461,-34.433601730,,
OZD,2023-04,88,0.528843184,0.000052884,0.000047116,0.972333295,4.514982717,0.011765306,-0.060076402,-0.236069063,-0.119641030,-0.541440648,-0.217467146,-0.177528093,0.109834140,0.051423888,0.000000937,0.014391946,0.019175118,-0.040128056,106.792216860,-34.396108430,,
OZD,2023-05,89,0.561774447,0.000056177,0.000043823,0.978062517,4.897345129,0.017179304,-0.201974743,-0.089412883,-0.515335423,-0.195752578,-0.160329170,0.122414857,0.059154542,0.000001284,0.011380629,0.012953375,-0.049754673,0.015964607,109.969288481,-35.984644241,,
OZD,2023-06,90,0.579920442,0.000057992,0.000042008,0.979991238,5.023359677,0.019215397,-0.080346303,-0.507393175,-0.189027464,-0.154884432,0.126432946,0.061693469,0.000001212,0.010621258,0.011310088,-0.052383638,0.012344566,-0.182618831,110.000370854,-36.000185427,,
OZD,2023-07,91,0.586686291,0.000058669,0.000041331,0.980000000,5.111917914,0.018912658,-0.503264278,-0.185696025,-0.152337690,0.128191067,0.062677586,0.000001483,0.009896162,0.009857857,-0.054572049,0.009413998,-0.186283721,-0.069014621,109.900264222,-35.950132111,,
OZD,2023-08,92,0.625313827,0.000062531,0.000037469,0.980000000,5.923534486,0.019412640,-0.148276314,-0.124095124,0.147304564,0.072703573,0.000004162,0.001458142,-0.007001668,-0.079809046,-0.024147427,-0.228147866,-0.119120493,-0.393578822,121.313387099,-41.656693549,,
OZD,2023-09,93,0.682925643,0.000068293,0.000031707,0.980000000,6.299919514,0.019436800,-0.111659750,0.155650286,0.076987144,0.000004191,-0.002454045,-0.014757554,-0.091382426,-0.039501293,-0.247246444,-0.141930819,-0.420080683,-0.114456561,122.565338613,-42.282669306,,
OZD,2023-10,94,0.733315172,0.000073332,0.000026668,0.980000000,6.931788432,0.019808809,0.169255135,0.083532434,0.000004569,-0.009122141,-0.028053681,-0.111263746,-0.065937445,-0.280186730,-0.181342209,-0.465903579,-0.166636313,-0.063616830,126.615248967,-44.307624483,,
OZD,2023-11,95,0.660463379,0.000066046,0.000033954,0.980000000,6.282950011,0.018579441,0.076442361,0.000004512,-0.001802264,-0.013503138,-0.089525816,-0.037062136,-0.244204008,-0.138316809,-0.415891005,-0.109727487,0.000147162,0.115106069,131.875888909,-46.937944455,,
OZD,2023-12,96,0.668018326,0.000066802,0.000033198,0.980000000,6.161760364,0.018040018,0.000003981,-0.000313502,-0.010509709,-0.085035099,-0.031075312,-0.236767053,-0.129417500,-0.405547287,-0.097921596,0.013382370,0.129763174,0.066220946,132.104509204,-47.052254602,,
OZD,2024-01,97,0.654909755,0.000065491,0.000034509,0.980000000,6.524774386,0.018153244,-0.022728971,-0.036584174,-0.114743439,-0.064390760,-0.273649032,-0.169843693,-0.449487067,-0.145342099,-0.037484420,0.075474289,0.008541965,0.000005132,133.461009854,-47.730504927,,
OZD,2024-02,98,0.656158408,0.000065616,0.000034384,0.980000000,6.572691419,0.017819058,-0.033551045,-0.112065902,-0.062061608,-0.271670097,-0.168192029,-0.448169803,-0.144347191,-0.036821488,0.075831761,0.008589647,0.000005182,-0.017402334,133.454936284,-47.727468142,,
OZD,2024-03,99,0.667123993,0.000066712,0.000033288,0.980000000,7.156888065,0.017880896,-0.059558551,-0.015588600,-0.231188346,-0.133727843,-0.419667117,-0.121801380,-0.020197679,0.086536997,0.013377211,0.000006884,-0.022841041,0.060055708,138.453222080,-50.226611040,,
OZD,2024-04,100,0.678030489,0.000067803,0.000032197,0.980000000,7.282651581,0.017595880,-0.006731112,-0.223492493,-0.127145896,-0.414193332,-0.117445858,-0.016954555,0.088678474,0.014457442,0.000006892,-0.023902426,0.057962482,-0.043795772,138.614513880,-50.307256940,,
OZD,2024-05,101,0.673314577,0.000067331,0.000032669,0.980000000,7.205541186,0.017179931,-0.230180913,-0.132844721,-0.418945448,-0.121220411,-0.019761554,0.086820854,0.013529646,0.000006752,-0.022981844,0.059790158,-0.041069566,-0.019874226,138.742944217,-50.371472108,,
OZD,2024-06,102,0.673172210,0.000067317,0.000032683,0.980000000,7.094640205,0.016746236,-0.140748689,-0.425525002,-0.126493531,-0.023726289,0.084156870,0.012178218,0.000006335,-0.021767771,0.062209832,-0.037448468,-0.015071383,-0.246892744,138.973473313,-50.486736656,,
OZD,2024-07,103,0.677769923,0.000067777,0.000032223,0.980000000,6.894862824,0.016253733,-0.436574495,-0.135319131,-0.030345865,0.079730536,0.009932188,0.000005531,-0.019739996,0.066288870,-0.031340150,-0.006911643,-0.236709449,-0.166284591,139.617735224,-50.808867612,,
OZD,2024-08,104,0.577875919,0.022439786,0.000042212,0.980000000,7.940704277,0.096808669,-0.101419567,-0.003577400,0.098407528,0.019561925,0.000014183,-0.028610663,0.047692826,-0.060431783,-0.047337669,-0.289183127,-0.231555623,-0.319477111,155.471406858,-58.735703429,,
OZD,2024-09,105,0.531589390,0.012523867,0.000046841,0.980000000,7.441714287,0.055370329,-0.019495086,0.086763400,0.012528200,0.000014197,-0.023794250,0.057683774,-0.044906482,-0.025943212,-0.261508990,-0.197261854,-0.278262480,-0.171480559,160.607377259,-61.303688629,,
OZD,2024-10,106,0.508358452,0.020356311,0.000049164,0.980000000,7.740131164,0.081168648,0.088507707,0.012975392,0.000015607,-0.025572005,0.053884135,-0.050993108,-0.034485876,-0.272838401,-0.211582192,-0.295748511,-0.192407806,0.004891588,161.580161878,-61.790080939,,
OZD,2024-11,107,0.508506086,0.020257579,0.000049149,0.980000000,7.815009554,0.079160118,0.012919927,0.000015568,-0.025559047,0.053918591,-0.050915907,-0.034378840,-0.272674205,-0.211366007,-0.295499344,-0.192093492,0.005238894,0.087948522,161.741687791,-61.870843895,,
OZD,2024-12,108,0.543347255,0.000054335,0.000045665,0.980000000,7.148682469,0.014856058,0.000010818,-0.021454300,0.062720041,-0.036736726,-0.014166099,-0.245800646,-0.177237672,-0.253457093,-0.141546426,0.064912361,0.157272694,-0.050294949,168.940300751,-65.470150375,,
OZD,2025-01,109,0.571121616,0.000057112,0.000042888,0.980000000,6.722609109,0.014110221,0.011321448,0.099601537,0.004251037,0.030873999,-0.196684004,-0.124085302,-0.196284817,-0.080354193,0.130037053,0.226362381,0.022734374,0.000007870,171.285864627,-66.642932314,,
OZD,2025-02,110,0.594727610,0.000059473,0.000040527,0.980000000,6.425927882,0.013596225,0.071538391,-0.020634212,0.009141947,-0.215289413,-0.139562675,-0.208675620,-0.089683519,0.123793556,0.223163283,0.022495661,0.000005709,-0.041735136,172.867505132,-67.433752566,,
OZD,2025-03,111,0.595916431,0.000059592,0.000040408,0.980000000,6.420562331,0.013315772,-0.022355349,0.007596821,-0.216694765,-0.140759182,-0.209701784,-0.090546459,0.123116844,0.222689269,0.022240976,0.000005559,-0.041661112,0.068378782,173.094100173,-67.547050087,,
OZD,2025-04,112,0.591049927,0.000059105,0.000040895,0.980000000,6.598793174,0.013127851,0.019754566,-0.206078795,-0.131717960,-0.202196775,-0.084563626,0.127557813,0.225567405,0.023577836,0.000006513,-0.043042079,0.065575177,0.003755479,173.727835961,-67.863917981,,
OZD,2025-05,113,0.591580427,0.000059158,0.000040842,0.980000000,6.674699666,0.012893387,-0.202024295,-0.128230607,-0.199320480,-0.082263588,0.129264961,0.226738323,0.024170728,0.000006809,-0.043581016,0.064492030,0.002151799,0.029114235,173.996755900,-67.998377950,,
OZD,2025-06,114,0.594193807,0.000059419,0.000040581,0.980000000,6.910778970,0.012734725,-0.115904429,-0.189041066,-0.074038433,0.135456005,0.230897285,0.026292656,0.000007812,-0.045471032,0.060741553,-0.003494714,0.021611917,-0.171202434,174.951963171,-68.475981585,,
OZD,2025-07,115,0.595000675,0.000059500,0.000040500,0.980000000,6.948529429,0.012490436,-0.187828115,-0.073025080,0.136249784,0.231450211,0.026599272,0.000007933,-0.045645579,0.060321173,-0.004096146,0.020803163,-0.172214963,-0.112646971,175.158322052,-68.579161026,,
OZD,2025-08,116,0.589728714,0.000058973,0.000041027,0.980000000,6.639438190,0.012091131,-0.084978987,0.127228484,0.225338845,0.023436359,0.000006544,-0.042974341,0.065720863,0.003978199,0.031569233,-0.158744833,-0.096506984,-0.226267426,176.887577280,-69.443788640,,
OZD,2025-09,117,0.577304553,0.000057730,0.000042270,0.980000000,7.049529343,0.012057206,0.138073905,0.232515117,0.026967896,0.000008892,-0.046275118,0.059024613,-0.006095558,0.018114028,-0.175543456,-0.116650623,-0.249719544,-0.040215289,179.450600411,-70.725300206,,
OZD,2025-10,118,0.571108579,0.000057111,0.000042889,0.980000000,6.872610615,0.011727419,0.228780351,0.024957708,0.000008110,-0.044780399,0.062068421,-0.001504101,0.024259339,-0.167855121,-0.107408145,-0.238925073,-0.027827723,0.118040890,180.187963566,-71.093981783,,
OZD,2025-11,119,0.573669869,0.000057367,0.000042633,0.980000000,6.537311199,0.011310040,0.021794814,0.000006329,-0.041833781,0.067979070,0.007328940,0.035997940,-0.153229828,-0.089880219,-0.218510479,-0.004544167,0.144193052,0.195889201,182.170366833,-72.085183416,,
OZD,2025-12,120,0.566861985,0.000056686,0.000043314,0.980000000,6.713134579,0.011177737,0.000007354,-0.043204020,0.065217143,0.003200383,0.030502478,-0.160078214,-0.098089171,-0.228102706,-0.015553467,0.131758538,0.182068758,0.035744238,182.766491833,-72.383245916,,
OZD,2026-01,121,0.566146799,0.000056615,0.000043385,0.980000000,7.179946337,0.011248588,-0.076776648,0.027844484,-0.037957771,-0.014406551,-0.208729070,-0.150461278,-0.284154168,-0.075232895,0.068493619,0.115202869,-0.034690298,0.000009348,185.597277604,-73.798638802,,
OZD,2026-02,122,0.579450231,0.000057945,0.000042055,0.980000000,7.455231021,0.011130893,0.049517644,-0.018626846,0.002577745,-0.194053778,-0.138101135,-0.274082992,-0.067456007,0.073995408,0.118463708,-0.033650161,0.000010236,-0.034160460,186.915229632,-74.457614816,,
OZD,2026-03,123,0.576405752,0.000057641,0.000042359,0.980000000,7.409419117,0.010892941,-0.022806163,-0.001095537,-0.197248969,-0.140811746,-0.276326112,-0.069226776,0.072701452,0.117621804,-0.034048716,0.000010067,-0.033709961,0.040849173,187.182202913,-74.591101456,,
OZD,2026-04,124,0.572052637,0.000057205,0.000042795,0.980000000,7.162131615,0.010599905,-0.018151087,-0.212138825,-0.153554362,-0.286909313,-0.077650913,0.066412140,0.113456818,-0.036087476,0.000008810,-0.031707475,0.044830950,-0.061069764,188.494052953,-75.247026476,,
OZD,2026-05,125,0.577711970,0.000057771,0.000042229,0.980000000,6.959967989,0.010317684,-0.224378197,-0.164035535,-0.295624592,-0.084577407,0.061272011,0.110070979,-0.037747213,0.000007465,-0.030101397,0.048128495,-0.056158990,-0.047283399,189.420709357,-75.710354679,,
OZD,2026-06,126,0.563504590,0.000056350,0.000043650,0.980000000,7.338531146,0.010237753,-0.146054259,-0.280730445,-0.072741907,0.070011705,0.115810121,-0.035033345,0.000009922,-0.033038455,0.042293802,-0.064805159,-0.058800311,-0.176096556,191.814018326,-76.907009163,,
OZD,2026-07,127,0.558501359,0.000055850,0.000044150,0.980000000,7.177134711,0.009982252,-0.287657762,-0.078307179,0.065862678,0.113009748,-0.036440832,0.000009225,-0.031581771,0.045066301,-0.060733665,-0.053416324,-0.169403115,-0.167354592,192.509408891,-77.254704446,,
OZD,2026-08,128,0.558390849,0.000055839,0.000044161,0.980000000,7.201000392,0.009787538,-0.077873086,0.066179911,0.113215176,-0.036339376,0.000009295,-0.031695889,0.044830233,-0.061091273,-0.053894870,-0.169982635,-0.168038474,-0.286052171,192.725332759,-77.362666379,,
PYX,2018-12,36,0.121588806,0.121576647,0.000087841,0.802312007,0.767942335,0.035991858,0.000006806,-0.026390771,-0.281753686,-0.073350375,-0.094659843,-0.345938296,-0.134258729,-0.152939753,-0.402110054,-0.188739513,0.295291239,-0.223107875,28.674386774,4.662806613,,
PYX,2019-01,37,0.117133495,0.117121782,0.000088287,0.811287595,0.756038147,0.018044695,-0.004175201,-0.258405093,-0.048942184,-0.069237738,-0.319528437,-0.106875211,-0.124577355,-0.372767608,-0.158411911,0.326619735,-0.190765178,0.000006292,27.568562834,5.215718583,,
PYX,2019-02,38,0.126263143,0.126250517,0.000087374,0.800000000,0.812993145,0.048476313,-0.251750106,-0.042050402,-0.062963950,-0.314583568,-0.103799406,-0.123848253,-0.374776492,-0.163450535,0.318299585,-0.202595355,0.000007953,0.072307640,28.114756685,4.942621658,,
PYX,2019-03,39,0.126917496,0.038461222,0.000087308,0.972558416,0.901432092,0.033026011,0.000507019,-0.017793361,-0.268447842,-0.058276731,-0.080430284,-0.334822542,-0.128286605,0.347379548,-0.180793932,0.000011655,0.082287822,-0.212283866,27.597391703,5.201304148,,
PYX,2019-04,40,0.101970883,0.101960686,0.000089803,0.801808126,0.800634047,-0.035878468,-0.064736056,-0.320551587,-0.111306307,-0.130751414,-0.379358391,-0.164343503,0.322198404,-0.193010871,0.000005184,0.080917313,-0.211605508,-0.227396493,36.751576023,0.624211988,,
PYX,2019-05,41,0.114700077,0.114688607,0.000088530,0.800000000,0.700240792,-0.100737594,-0.337369330,-0.134301058,-0.156114384,-0.404034303,-0.185904784,0.305687446,-0.202908833,-0.000001332,0.082047606,-0.207624227,-0.219200887,-0.228026273,42.014117318,-2.007058659,,
PYX,2019-06,42,0.095614692,0.095605130,0.000090439,0.800000000,0.680455627,-0.036812312,-0.115838054,-0.134728290,-0.382211697,-0.165639729,0.322804233,-0.190207435,0.000003766,0.083783276,-0.205932166,-0.218970799,-0.230392927,-0.240526711,42.865748094,-2.432874047,,
PYX,2019-07,43,0.090355489,0.090346453,0.000090964,0.804964823,0.668203538,-0.017841266,-0.129300026,-0.376161276,-0.159630847,0.328261969,-0.185696275,0.000005370,0.084735509,-0.204669908,-0.217868831,-0.229817557,-0.240766921,-0.077639755,42.248009362,-2.124004681,,
PYX,2019-08,44,0.102653694,0.102643429,0.000089735,0.800000000,0.596175823,-0.055915305,-0.384955665,-0.170885938,0.316663595,-0.195963087,0.000000583,0.082899393,-0.206693834,-0.218806147,-0.228659441,-0.236709779,-0.070032689,-0.248771263,44.435623672,-3.217811836,,
PYX,2019-09,45,0.076319627,0.076311995,0.000092368,0.803602664,0.653630306,0.015527029,-0.156156471,0.333581939,-0.179942302,0.000010264,0.087550547,-0.200326290,-0.213065416,-0.225419472,-0.237466920,-0.075988393,-0.260876913,-0.170961022,52.121056616,-7.060528308,,
PYX,2019-10,46,0.069714393,0.069707422,0.000093029,0.800000000,0.707013324,0.043196102,0.333921964,-0.177922877,0.000016086,0.089189667,-0.198205522,-0.211410340,-0.224981497,-0.238855555,-0.079679356,-0.267269365,-0.180368720,-0.021677450,54.645923238,-8.322961619,,
PYX,2019-11,47,0.062179168,0.062172950,0.000093782,0.877235816,0.638784539,-0.029862695,-0.156040180,0.000005179,0.091151323,-0.193314990,-0.202778055,-0.211937491,-0.220830752,-0.056204666,-0.237941206,-0.144848628,0.020314922,0.113702943,63.511479472,-12.755739736,,
PYX,2019-12,48,0.061790842,0.061784663,0.000093821,0.927369603,0.541513335,-0.052736495,-0.000001115,0.091335272,-0.192445845,-0.200709126,-0.208190093,-0.214947967,-0.047743282,-0.226483158,-0.129983959,0.038969122,0.136500917,-0.242884869,64.513944611,-13.256972305,,
PYX,2020-01,49,0.062425356,0.062419113,0.000093757,0.898448389,0.566459727,-0.036826311,0.058817430,-0.225929625,-0.235209391,-0.243747131,-0.251671913,-0.085774412,-0.265925924,-0.170988200,-0.003726039,0.092005520,-0.289324432,0.000001467,64.326779868,-13.163389934,,
PYX,2020-02,50,0.062521904,0.062515652,0.000093748,0.833871986,0.604002669,-0.003960132,-0.218317814,-0.229316151,-0.239920321,-0.250147214,-0.086757961,-0.269735011,-0.177819698,-0.013800400,0.078418136,-0.306616163,0.000008366,0.153213712,65.684171967,-13.842085984,,
PYX,2020-03,51,0.000100000,0.000000010,0.000099990,0.980000000,0.839203665,0.010907414,-0.204320158,-0.224328442,-0.243864504,-0.089607681,-0.281716683,-0.198724324,-0.043444618,0.040129205,-0.353305294,-0.000000019,0.142723922,0.006047017,68.085831143,-15.042915572,,
PYX,2020-04,52,0.000100000,0.000000010,0.000099990,0.980000000,0.822569723,0.010017478,-0.225564675,-0.243850430,-0.088532518,-0.279361692,-0.195224109,-0.038832826,0.046032046,-0.346159355,0.000000005,0.144280055,0.009220748,-0.330030083,70.647925058,-16.323962529,,
PYX,2020-05,53,0.049790301,0.049785321,0.000095021,0.822880071,0.684500978,-0.007393117,-0.241832550,-0.081686808,-0.267727359,-0.178702479,-0.017438983,0.072114159,-0.315496003,0.000014416,0.151038475,0.022783978,-0.309420271,-0.319422606,78.469595377,-20.234797688,,
PYX,2020-06,54,0.047555036,0.047550281,0.000095244,0.848033916,0.649172928,-0.023345158,-0.076042644,-0.262774626,-0.174105578,-0.012870748,0.077025770,-0.310013193,0.000010226,0.153621271,0.027727519,-0.302229096,-0.310084573,-0.317783865,79.445551331,-20.722775666,,
PYX,2020-07,55,0.044483199,0.044478750,0.000095552,0.886680891,0.584612974,-0.039892458,-0.254072825,-0.166267332,-0.005586242,0.084140960,-0.302777918,0.000004587,0.156519402,0.033530395,-0.293609678,-0.298696144,-0.303634896,-0.169812916,81.125011325,-21.562505662,,
PYX,2020-08,56,0.042583984,0.042579725,0.000095742,0.909708304,0.520008260,-0.045387517,-0.162524200,-0.002279367,0.087039502,-0.300121001,0.000001590,0.157706875,0.035934369,-0.289921038,-0.293663341,-0.297212169,-0.161958449,-0.303796568,81.430388136,-21.715194068,,
PYX,2020-09,57,0.044160863,0.044156446,0.000095584,0.885591293,0.511284766,-0.027500579,-0.006829474,0.083285994,-0.303228623,0.000005210,0.156610593,0.033761130,-0.293349144,-0.298458102,-0.303441443,-0.169677659,-0.313156003,-0.098220863,82.070111476,-22.035055738,,
PYX,2020-10,58,0.041606024,0.041601863,0.000095839,0.916088275,0.446394852,-0.041658571,0.087824344,-0.300067031,0.000000902,0.157543154,0.035697683,-0.290222112,-0.294002153,-0.297533994,-0.162201924,-0.303950332,-0.087149561,-0.089924630,83.258590147,-22.629295074,,
PYX,2020-11,59,0.042583553,0.042579294,0.000095742,0.904629610,0.424080019,-0.031167999,-0.300909287,0.000002560,0.157445310,0.035374212,-0.290833196,-0.294960858,-0.298911663,-0.164069839,-0.306372995,-0.090189672,-0.093637307,0.122720744,83.269196846,-22.634598423,,
PYX,2020-12,60,0.044328761,0.044324328,0.000095567,0.868652735,0.442054699,-0.004469272,0.000007908,0.157172725,0.034550341,-0.292439259,-0.297617240,-0.302816634,-0.169497380,-0.313430033,-0.099108085,-0.104484419,0.109806113,-0.196402834,85.246348322,-23.623174161,,
PYX,2021-01,61,0.047185923,0.047181204,0.000095281,0.823423169,0.516279057,0.008625056,0.118863449,-0.006122788,-0.335201326,-0.342229977,-0.349047186,-0.217167622,-0.362387450,-0.149210781,-0.155615484,0.057712702,-0.249378896,0.000010771,85.408179379,-23.704089690,,
PYX,2021-02,62,0.042206909,0.042202688,0.000095779,0.892989513,0.459215821,-0.017934438,-0.008737510,-0.335589888,-0.340489933,-0.345340152,-0.211505462,-0.354888153,-0.139881997,-0.144566500,0.070519295,-0.234918133,0.000005312,0.018333377,87.635705191,-24.817852595,,
PYX,2021-03,63,0.042968253,0.042963956,0.000095703,0.880021810,0.459473873,-0.006646093,-0.335394323,-0.340271796,-0.345215926,-0.211592427,-0.355258986,-0.140634005,-0.145750885,0.068836181,-0.237148333,0.000007199,0.017011570,0.031763046,87.852961480,-24.926480740,,
PYX,2021-04,64,0.045588956,0.045584397,0.000095441,0.837203744,0.498482147,0.016241565,-0.343465543,-0.348499232,-0.215224236,-0.359471785,-0.145593557,-0.151623978,0.061911345,-0.245224341,0.000011929,0.013270088,0.024547700,-0.249902572,89.717694738,-25.858847369,,
PYX,2021-05,65,0.049022198,0.049017296,0.000095098,0.800000000,0.567593063,0.053643941,-0.353078393,-0.218437941,-0.362268116,-0.148694043,-0.155632696,0.056555794,-0.252290322,0.000019306,0.008951988,0.016328513,-0.261675695,-0.203610936,94.786997128,-28.393498564,,
PYX,2021-06,66,0.047465116,0.047460369,0.000095253,0.800000000,0.597519876,0.030451368,-0.218456180,-0.362981596,-0.149694847,-0.156706183,0.055686905,-0.252801586,0.000017862,0.009469083,0.017384092,-0.260030015,-0.201293140,-0.392915973,95.051885888,-28.525942944,,
PYX,2021-07,67,0.048768078,0.046900188,0.000095123,0.800000000,0.626207608,0.035927045,-0.354248948,-0.145150329,-0.143648563,0.067149838,-0.239742526,0.000023954,0.014656386,0.025764763,-0.254952203,-0.192314551,-0.395189017,-0.158816494,95.445991037,-28.722995518,,
PYX,2021-08,68,0.046719170,0.046714498,0.000095328,0.800000000,0.648557306,0.016483905,-0.149157569,-0.156486425,0.055603374,-0.253094474,0.000018062,0.009357406,0.017196000,-0.260288219,-0.201580603,-0.393245649,-0.170537815,-0.409722029,95.827222918,-28.913611459,,
PYX,2021-09,69,0.043158390,0.043154074,0.000095684,0.800000000,0.634454312,-0.006825985,-0.156920074,0.054230676,-0.254922414,0.000015566,0.009285930,0.017389661,-0.259582928,-0.200153270,-0.390935141,-0.167226018,-0.405304059,-0.229002444,97.258775927,-29.629387963,,
PYX,2021-10,70,0.041197718,0.041193599,0.000095880,0.800000000,0.610724615,-0.022118467,0.054024414,-0.255960966,0.000012852,0.008912615,0.016922175,-0.259864137,-0.200053004,-0.390261998,-0.165872480,-0.403125738,-0.225912415,-0.231494024,98.467496013,-30.233748007,,
PYX,2021-11,71,0.041284629,0.041280501,0.000095872,0.800000000,0.594530959,-0.016057781,-0.255945592,0.000013133,0.008941285,0.016992757,-0.259813927,-0.200016829,-0.390312667,-0.165902102,-0.403240792,-0.226086913,-0.231823524,0.061300581,98.337316615,-30.168658307,,
PYX,2021-12,72,0.052567072,0.036648683,0.000094743,0.800000000,0.564882985,-0.021863649,0.000010783,0.007830442,0.015165749,-0.261999716,-0.202328983,-0.392490662,-0.167883983,-0.404811679,-0.227181651,-0.232288265,0.061476078,-0.309358104,98.832940398,-30.416470199,,
PYX,2022-01,73,0.045473134,0.038930662,0.000095453,0.800000000,0.575961088,-0.013576191,-0.011408900,-0.003997637,-0.281123016,-0.221521384,-0.411786203,-0.187346626,-0.424459354,-0.247098886,-0.252491888,0.040961047,-0.330215768,0.000011855,98.803987681,-30.401993841,,
PYX,2022-02,74,0.000100000,0.000000010,0.000099990,0.933576212,0.672212539,0.000338792,0.007092177,-0.273436484,-0.217314933,-0.411072665,-0.190093822,-0.430480678,-0.256081043,-0.264151135,0.026845331,-0.346406073,0.000000310,-0.093778041,96.392360829,-29.196180415,,
PYX,2022-03,75,0.000100000,0.000000010,0.000099990,0.933662115,0.672987630,0.000318146,-0.273693152,-0.217542008,-0.411375955,-0.190315138,-0.430769685,-0.256318650,-0.264453257,0.026564331,-0.346696802,0.000000129,-0.093924502,0.008674270,96.175942668,-29.087971334,,
PYX,2022-04,76,0.000100000,0.000000010,0.000099990,0.931469527,0.667423503,0.000253568,-0.218350610,-0.412037436,-0.190748338,-0.431008798,-0.256359570,-0.264333079,0.026904805,-0.346176097,0.000000011,-0.094231837,0.008646567,-0.330755284,97.009390399,-29.504695200,,
PYX,2022-05,77,0.056559382,0.038494829,0.000094344,0.800000000,0.468757598,-0.026139239,-0.415689662,-0.191094012,-0.427682015,-0.249315397,-0.253480196,0.041443936,-0.328059216,0.000004786,-0.088643770,0.019947157,-0.313669146,-0.259807753,101.060376868,-31.530188434,,
PYX,2022-06,78,0.000100000,0.000000010,0.000099990,0.931534570,0.667519033,0.000220368,-0.190732894,-0.430807653,-0.256266205,-0.264090321,0.027160007,-0.345880782,0.000000000,-0.094168399,0.008710836,-0.330640222,-0.282406708,-0.349419015,99.207321096,-30.603660548,,
PYX,2022-07,79,0.040600484,0.040596424,0.000095940,0.800000000,0.468715443,-0.009873621,-0.424612681,-0.246498556,-0.251088819,0.043267606,-0.326933617,0.000008368,-0.088761162,0.019524123,-0.314543175,-0.261230820,-0.323336037,-0.228170860,104.032308144,-33.016154072,,
PYX,2022-08,80,0.040738302,0.040734228,0.000095926,0.800000000,0.459304847,-0.009212511,-0.246441758,-0.251078028,0.043282071,-0.326905797,0.000008039,-0.088753993,0.019578392,-0.314445973,-0.261070410,-0.323121733,-0.227882697,-0.429439357,103.870302225,-32.935151113,,
PYX,2022-09,81,0.040650503,0.038550234,0.000095935,0.800000000,0.472293246,0.009474910,-0.252625232,0.042348352,-0.327571850,0.000012235,-0.088970056,0.018962911,-0.315604726,-0.262886768,-0.325706571,-0.231283743,-0.433730070,-0.181992783,105.228070313,-33.614035156,,
PYX,2022-10,82,0.000100000,0.000000010,0.000099990,0.934975071,0.674318833,0.000212651,0.028349444,-0.345553658,-0.000000037,-0.093969467,0.008867399,-0.330292361,-0.282161173,-0.348943366,-0.258687593,-0.464505764,-0.216175999,-0.123881050,107.053002762,-34.526501381,,
PYX,2022-11,83,0.000100000,0.000000010,0.000099990,0.930828453,0.666421738,0.000145992,-0.345728490,-0.000000040,-0.094215417,0.008729293,-0.330619054,-0.282350477,-0.349294593,-0.258606997,-0.464475172,-0.215726222,-0.123468909,-0.071838640,109.942404199,-35.971202099,,
PYX,2022-12,84,0.062179426,0.028404412,0.000093782,0.800000000,0.607442863,0.031449034,0.000022640,-0.089843399,0.016890967,-0.319142205,-0.268094502,-0.332739885,-0.240294214,-0.444818990,-0.195241289,-0.102558229,-0.050911458,-0.214083018,119.696127325,-40.848063663,,
PYX,2023-01,85,0.035549145,0.035545591,0.000096445,0.800000000,0.510755329,0.013032502,-0.015247861,0.092896930,-0.241862033,-0.189650726,-0.253231042,-0.159780822,-0.363356156,-0.112874882,-0.019331664,0.033167617,-0.129189009,0.000020298,121.788460410,-41.894230205,,
PYX,2023-02,86,0.036095778,0.036092169,0.000096390,0.800000000,0.527222876,0.016727394,0.093610613,-0.240973329,-0.188704311,-0.252304958,-0.158966196,-0.362692764,-0.112428137,-0.019125602,0.033096407,-0.129564983,0.000021399,0.007757701,121.966239687,-41.983119843,,
PYX,2023-03,87,0.039351074,0.039168079,0.000096065,0.800000000,0.568969683,0.040940657,-0.236531748,-0.183360632,-0.245675701,-0.153016441,-0.356787230,-0.107701771,-0.014424202,0.036954091,-0.126961495,0.000026112,0.006681565,0.186524998,125.097372108,-43.548686054,,
PYX,2023-04,88,0.041638700,0.041634537,0.000095836,0.800000000,0.622950195,0.046431914,-0.182905578,-0.245632880,-0.152123958,-0.356274748,-0.106873412,-0.014807632,0.035847936,-0.128619020,0.000027205,0.006115222,0.184129161,-0.198565664,125.671438605,-43.835719303,,
PYX,2023-05,89,0.058582041,0.058576183,0.000094142,0.800000000,0.806456522,0.118978448,-0.237778168,-0.141836190,-0.345081688,-0.096120466,-0.005459609,0.042970502,-0.124366236,0.000031416,0.002634165,0.176893105,-0.209739003,-0.014662908,136.486046322,-49.243023161,,
PYX,2023-06,90,0.065830135,0.065823552,0.000093417,0.800000000,0.968769749,0.125752304,-0.140329299,-0.342818406,-0.093615584,-0.003203386,0.044636513,-0.123585398,0.000031783,0.000948502,0.173584661,-0.214745147,-0.021341254,-0.191829671,137.434784463,-49.717392231,,
PYX,2023-07,91,0.071949824,0.071942629,0.000092805,0.807478541,1.143198665,0.133725024,-0.341925483,-0.091854482,-0.001026466,0.046644078,-0.122202426,0.000032232,-0.000373644,0.170772380,-0.219170756,-0.027537543,-0.199871090,-0.093127638,138.479787613,-50.239893807,,
PYX,2023-08,92,0.064161835,0.064155419,0.000093584,0.980000000,1.646488100,0.247552484,-0.076274591,0.018200408,0.068202092,-0.099892831,0.000034933,0.001407372,0.171772173,-0.221468835,-0.035566858,-0.216126334,-0.119978240,-0.195753372,147.381514297,-54.690757148,,
PYX,2023-09,93,0.066621630,0.066614968,0.000093338,0.980000000,1.956425385,0.288341721,0.015388658,0.067090481,-0.099907986,0.000039021,0.001485952,0.171388887,-0.222810442,-0.038315213,-0.220756771,-0.126915807,-0.205445271,0.004884684,150.086610213,-56.043305107,,
PYX,2023-10,94,0.070181568,0.068156218,0.000092982,0.980000000,2.306014613,0.321387811,0.046674882,-0.109216634,0.000032964,-0.017133415,0.148617729,-0.238226891,-0.054339400,-0.226435841,-0.140357269,-0.220905470,-0.018620148,0.074542019,152.110878884,-57.055439442,,
PYX,2023-11,95,0.069102502,0.069095592,0.000093090,0.980000000,2.625057339,0.326246573,-0.100474135,0.000043130,0.002131153,0.172186673,-0.222339846,-0.038743541,-0.222526364,-0.130597194,-0.211479389,-0.004012115,0.082685402,0.082398041,152.388670462,-57.194335231,,
PYX,2023-12,96,0.069513970,0.069507018,0.000093049,0.980000000,2.956803741,0.329326976,0.000043981,0.002543165,0.172829570,-0.221614281,-0.037924479,-0.221814809,-0.130022299,-0.211225938,-0.004096907,0.082123764,0.081284415,-0.083316206,152.690435212,-57.345217606,,
PYX,2024-01,97,0.070127319,0.070120306,0.000092987,0.980000000,3.328486758,0.340519300,-0.025196076,0.145632735,-0.248470369,-0.064629832,-0.248530831,-0.156928723,-0.238460525,-0.031814793,0.053784133,0.052153292,-0.113361377,0.000045258,153.230675866,-57.615337933,,
PYX,2024-02,98,0.069975689,0.069968691,0.000093002,0.980000000,3.656740854,0.328440734,0.145108007,-0.249135955,-0.065466071,-0.249386304,-0.157795537,-0.239222826,-0.032505818,0.053224748,0.051789379,-0.113497994,0.000044834,-0.033941319,153.444636724,-57.722318362,,
PYX,2024-03,99,0.069220659,0.069213737,0.000093078,0.980000000,3.941455584,0.285601502,-0.250544004,-0.068052064,-0.252794045,-0.161634317,-0.243163226,-0.036167073,0.050194707,0.049727426,-0.114262828,0.000041553,-0.031925894,0.086218060,155.138260960,-58.569130480,,
PYX,2024-04,100,0.122831548,0.067488957,0.000087717,0.980000000,4.131308041,0.257737066,-0.077538223,-0.263027744,-0.172256821,-0.253773390,-0.046455372,0.040540205,0.041107744,-0.121565090,0.000035959,-0.031385799,0.087601443,-0.266231559,155.372194937,-58.686097469,,
PYX,2024-05,101,0.128826203,0.067225433,0.000087117,0.980000000,4.370161011,0.248961174,-0.264122649,-0.173403730,-0.254986859,-0.047634847,0.039433043,0.040073564,-0.122427208,0.000035276,-0.031284354,0.087881828,-0.265794300,-0.081709178,155.547744730,-58.773872365,,
PYX,2024-06,102,0.179237330,0.068357449,0.000082076,0.962287524,4.345410807,0.171859614,-0.186197993,-0.268750214,-0.061588745,0.026184371,0.028372161,-0.131732376,0.000029830,-0.028983885,0.093326668,-0.256326981,-0.067389691,-0.342299805,158.854125665,-60.427062833,,
PYX,2024-07,103,0.143722240,0.143707867,0.000085628,0.824802295,4.134380329,0.017884413,-0.290529715,-0.086083457,0.001030749,0.004540975,-0.152371791,0.000032766,-0.030860573,0.092500946,-0.253501360,-0.058582782,-0.325421265,-0.248060112,161.164315593,-61.582157797,,
PYX,2024-08,104,0.143301659,0.143287329,0.000085670,0.825505436,4.155088486,0.019073082,-0.086032804,0.001165810,0.004710601,-0.152136110,0.000032999,-0.030846054,0.092443167,-0.253697756,-0.058897862,-0.325942266,-0.248730748,-0.287703666,161.360187104,-61.680093552,,
PYX,2024-09,105,0.173554612,0.058850514,0.000082645,0.977407798,4.862890582,0.193539441,0.025087492,0.028496690,-0.130808867,0.000033267,-0.028163365,0.094524883,-0.255224077,-0.066868167,-0.342853364,-0.277049989,-0.329601425,0.069846888,173.282150936,-67.641075468,,
PYX,2024-10,106,0.176712619,0.057718473,0.000082329,0.980000000,5.081671059,0.197073087,0.028349704,-0.130914267,0.000033589,-0.028102731,0.094448405,-0.255549769,-0.067496485,-0.343899418,-0.278567089,-0.331690559,0.067127418,0.033240362,173.604214097,-67.802107048,,
PYX,2024-11,107,0.135554840,0.069591776,0.000086445,0.951115849,5.011898529,0.112973387,-0.127728201,0.000033572,-0.028557002,0.094404617,-0.254372999,-0.064304342,-0.337852438,-0.268793966,-0.317361675,0.086839952,0.059197216,-0.054112790,177.792422970,-69.896211485,,
PYX,2024-12,108,0.126456872,0.077704582,0.000087354,0.930852471,4.939470391,0.031572395,0.000031056,-0.030751737,0.090943147,-0.258192186,-0.067641054,-0.339843457,-0.268778012,-0.314512619,0.093232871,0.069841053,-0.038666210,-0.222410633,182.260517540,-72.130258770,,
PYX,2025-01,109,0.140045504,0.085249174,0.000085995,0.910457226,4.622473478,-0.079351582,0.080872650,0.200205052,-0.149974796,0.040721106,-0.230321461,-0.157026492,-0.199683143,0.211987917,0.193239837,0.090137811,-0.087628754,0.000025806,189.910845291,-75.955422645,,
PYX,2025-02,110,0.225260048,0.083123086,0.000077474,0.890255532,4.157531242,-0.152744989,0.162194395,-0.187718475,0.004361670,-0.264311774,-0.187811435,-0.226551093,0.189637609,0.175967553,0.078415884,-0.093359681,0.000019723,-0.046728527,196.282867679,-79.141433840,,
PYX,2025-03,111,0.295156693,0.080958985,0.000070484,0.871035862,3.692643244,-0.168590004,-0.216767168,-0.023166113,-0.289698391,-0.210548190,-0.246231896,0.173324125,0.163271483,0.069545217,-0.098253192,0.000016367,-0.043807071,0.086597418,198.641066097,-80.320533049,,
PYX,2025-04,112,0.289172429,0.079726581,0.000071083,0.873946642,3.593769659,-0.137674265,-0.019457512,-0.286040344,-0.207088593,-0.243111638,0.176014724,0.165432296,0.071105217,-0.097354955,0.000017178,-0.044285056,0.085586775,-0.204685213,199.143597551,-80.571798776,,
PYX,2025-05,113,0.290412222,0.077661207,0.000070959,0.875350146,3.506712165,-0.110549020,-0.284188136,-0.205132966,-0.241200196,0.177744032,0.166867543,0.072158722,-0.096761661,0.000017982,-0.044665971,0.084758961,-0.206031660,-0.011222648,199.612874396,-80.806437198,,
PYX,2025-06,114,0.328827269,0.055618170,0.000067117,0.887819754,3.759715029,-0.019163506,-0.190379398,-0.226553121,0.191132575,0.178072527,0.080339285,-0.092356856,0.000025332,-0.048232734,0.077065351,-0.218323720,-0.028552602,-0.211737040,203.088377307,-82.544188654,,
PYX,2025-07,115,0.341090144,0.051430913,0.000065891,0.891389065,3.809526696,-0.007269461,-0.224366817,0.193115169,0.179690002,0.081469214,-0.091803751,0.000026127,-0.048824953,0.075791606,-0.220355936,-0.031389746,-0.215446926,-0.178872815,203.614164832,-82.807082416,,
PYX,2025-08,116,0.328519226,0.055215817,0.000067148,0.889040021,3.724453234,-0.017984556,0.191409919,0.178220979,0.080411634,-0.092309509,0.000025119,-0.048142084,0.077239835,-0.218079516,-0.028204469,-0.211318057,-0.173710964,-0.239270149,204.201628141,-83.100814071,,
PYX,2025-09,117,0.357514229,0.045483959,0.000064249,0.894856713,4.061158407,0.027805894,0.184038758,0.084790661,-0.089936304,0.000030048,-0.050763677,0.071601904,-0.227041159,-0.040785046,-0.227744985,-0.194244017,-0.264090464,0.259633185,208.034748327,-85.017374163,,
PYX,2025-10,118,0.357160122,0.045566405,0.000064284,0.894756657,4.083271915,0.024622360,0.084674515,-0.090035709,0.000029976,-0.050806972,0.071578879,-0.227035752,-0.040759616,-0.227690698,-0.194158241,-0.263971054,0.259767219,0.183460588,208.483963959,-85.241981979,,
PYX,2025-11,119,0.337896899,0.048296390,0.000066210,0.894184651,3.855951113,-0.008736258,-0.090636567,0.000027213,-0.049346907,0.074717864,-0.221947720,-0.033506106,-0.218054171,-0.181963944,-0.249051030,0.277543018,0.204244982,0.036175321,210.806271769,-86.403135884,,
PYX,2025-12,120,0.338559773,0.048048203,0.000066144,0.894751373,3.825268341,-0.010935491,0.000026730,-0.049361660,0.074832144,-0.221702987,-0.033072843,-0.217449533,-0.181134510,-0.248000763,0.278884796,0.205833706,0.038021158,-0.095348858,211.271399940,-86.635699970,,
PYX,2026-01,121,0.330864890,0.050933099,0.000066914,0.887701687,4.125498012,0.028292481,-0.098182525,0.024722903,-0.273421868,-0.086704133,-0.273235566,-0.239334951,-0.308807756,0.215269873,0.139274244,-0.031637258,-0.168236681,0.000031545,213.991517229,-87.995758615,,
PYX,2026-02,122,0.339206698,0.050166320,0.000066079,0.887503619,4.298592066,0.046573001,0.036912265,-0.261867239,-0.076009591,-0.263598894,-0.230940330,-0.301816834,0.220718871,0.143057569,-0.029640864,-0.168124092,0.000033480,-0.057544815,215.241194319,-88.620597159,,
PYX,2026-03,123,0.343591586,0.049936368,0.000065641,0.887797628,4.407707125,0.050664335,-0.257013384,-0.071398344,-0.259360253,-0.227158817,-0.298580713,0.223338821,0.144970909,-0.028477653,-0.167752759,0.000034179,-0.058346263,0.054198481,215.846987652,-88.923493826,,
PYX,2026-04,124,0.340982852,0.049171790,0.000065902,0.888361966,4.367215822,0.032394515,-0.076608652,-0.264311340,-0.231708395,-0.302591036,0.219979545,0.142388049,-0.030198145,-0.168541161,0.000033181,-0.057413595,0.056112780,-0.278038480,216.544091513,-89.272045756,,
PYX,2026-05,125,0.349676604,0.043584656,0.000065032,0.894178444,4.150332074,-0.004211941,-0.276981341,-0.243601298,-0.313301860,0.210801031,0.135069150,-0.035383279,-0.171353060,0.000029377,-0.055032118,0.061051624,-0.270388532,-0.133006017,218.965857222,-90.482928611,,
PYX,2026-06,126,0.357796283,0.041255597,0.000064220,0.896821602,4.063910298,-0.012395395,-0.247310173,-0.316667884,0.207889855,0.132704602,-0.037153120,-0.172428026,0.000027817,-0.054389087,0.062449642,-0.268194606,-0.129964519,-0.294135284,219.602678683,-90.801339342,,
PYX,2026-07,127,0.371948938,0.038379403,0.000062805,0.898880418,3.853573441,-0.029807983,-0.323912921,0.201539601,0.127465751,-0.041009488,-0.174742411,0.000024527,-0.052846800,0.065637350,-0.263240676,-0.123159822,-0.285331721,-0.286220080,221.132946251,-91.566473125,,
PYX,2026-08,128,0.368102777,0.038851476,0.000063190,0.898646654,3.876123358,-0.022343040,0.203047694,0.128798778,-0.039988635,-0.174074284,0.000025459,-0.053076903,0.065036197,-0.264234250,-0.124578721,-0.287240065,-0.288618389,-0.314625864,221.637055571,-91.818527786,,
