product_code,device_name,device_class,medical_specialty,medical_specialty_description,review_panel,regulation_number,implant_flag,life_sustain_support_flag,summary_malfunction_reporting,submission_type_id
BRT,"Restraint, Patient, Conductive",1,HO,General Hospital,HO,880.6760,N,N,Eligible,4
BRW,"Protector, Dental",1,AN,Anesthesiology,AN,868.5820,N,N,Eligible,4
BRX,"Stool, Anesthesia",1,AN,Anesthesiology,AN,868.6700,N,N,Eligible,4
BRY,"Cabinet, Table And Tray, Anesthesia",1,AN,Anesthesiology,AN,868.6100,N,N,Eligible,4
BRZ,"Set, Blood Transfusion",2,HO,General Hospital,HO,880.5440,N,N,Eligible,1
BSA,"Warmer, Blood, Electromagnetic Radiation",3,HE,Hematology,HE,864.9205,N,N,Eligible,2
BSB,"Warmer, Blood, Non-Electromagnetic Radiation",2,HE,Hematology,HE,864.9205,N,N,Eligible,1
BSD,"Analyzer, Gas, Nitrogen, Partial Pressure, Blood-Phase, Non-Indwelling",3,,Unknown,AN,,N,N,Eligible,2
BSE,"Analyzer, Gas, Helium, Gaseous-Phase",2,AN,Anesthesiology,AN,868.1640,N,N,Eligible,1
BSF,"Absorber, Carbon-Dioxide",1,AN,Anesthesiology,AN,868.5310,N,N,Eligible,4
BSI,"Algesimeter, Powered",2,AN,Anesthesiology,AN,868.1040,N,N,Eligible,4
BSJ,"Mask, Gas, Anesthetic",1,AN,Anesthesiology,AN,868.5550,N,N,Eligible,4
BSK,"Cuff, Tracheal Tube, Inflatable",2,AN,Anesthesiology,AN,868.5750,N,Y,Eligible,1
BSN,"Filter, Conduction, Anesthetic",2,AN,Anesthesiology,AN,868.5130,N,N,Eligible,1
BSO,"Catheter, Conduction, Anesthetic",2,AN,Anesthesiology,AN,868.5120,N,N,Eligible,1
BSP,"Needle, Conduction, Anesthetic (W/Wo Introducer)",2,AN,Anesthesiology,AN,868.5150,N,N,Eligible,1
BSR,"Stylet, Tracheal Tube",1,AN,Anesthesiology,AN,868.5790,N,N,Eligible,4
BSS,"Tube, Nasogastric",2,GU,"Gastroenterology, Urology",GU,876.5980,N,N,Eligible,1
BST,"Curette, Biopsy, Bronchoscope (Non-Rigid)",2,EN,"Ear, Nose, Throat",EN,874.4680,N,N,Ineligible,1
BSY,"Catheters, Suction, Tracheobronchial",1,AN,Anesthesiology,AN,868.6810,N,N,Eligible,4
BSZ,"Gas-Machine, Anesthesia",2,AN,Anesthesiology,AN,868.5160,N,Y,Ineligible,1
BTA,"Pump, Portable, Aspiration (Manual Or Powered)",2,SU,"General, Plastic Surgery",SU,878.4780,N,N,Eligible,1
BTB,"Hook, Ether",1,AN,Anesthesiology,AN,868.5420,N,N,Eligible,4
BTC,"Bag, Reservoir",1,AN,Anesthesiology,AN,868.5320,N,N,Eligible,4
BTG,"Brush, Biopsy, Bronchoscope (Non-Rigid)",2,EN,"Ear, Nose, Throat",EN,874.4680,N,N,Ineligible,1
BTI,"Compressor, Air, Portable",2,AN,Anesthesiology,AN,868.6250,N,N,Eligible,4
BTK,"Strap, Head, Gas Mask",1,AN,Anesthesiology,AN,868.5560,N,N,Eligible,4
BTL,"Ventilator, Emergency, Powered (Resuscitator)",2,AN,Anesthesiology,AN,868.5925,N,Y,Eligible,1
BTM,"Ventilator, Emergency, Manual (Resuscitator)",2,AN,Anesthesiology,AN,868.5915,N,Y,Eligible,1
BTO,"Tube, Tracheostomy (W/Wo Connector)",2,AN,Anesthesiology,AN,868.5800,N,Y,Eligible,1
BTP,"Dropper, Ether",1,AN,Anesthesiology,AN,868.5420,N,N,Eligible,4
BTQ,"Airway, Nasopharyngeal",1,AN,Anesthesiology,AN,868.5100,N,N,Eligible,4
BTR,"Tube, Tracheal (W/Wo Connector)",2,AN,Anesthesiology,AN,868.5730,N,Y,Eligible,1
BTS,"Tube, Bronchial (W/Wo Connector)",2,AN,Anesthesiology,AN,868.5720,N,Y,Eligible,1
BTT,"Humidifier, Respiratory Gas, (Direct Patient Interface)",2,AN,Anesthesiology,AN,868.5450,N,N,Eligible,1
BTX,"Board, Arm (With Cover), Sterile",1,SU,"General, Plastic Surgery",SU,878.3910,N,N,Eligible,4
BTY,"Calculator, Predicted Values, Pulmonary Function",2,AN,Anesthesiology,AN,868.1890,N,N,Eligible,1
BWA,"Unit, Electrosurgical And Coagulation, With Accessories",2,SU,"General, Plastic Surgery",SU,878.4400,N,N,Eligible,1
BWB,"Forceps, Tube Introduction",1,AN,Anesthesiology,AN,868.5780,N,N,Eligible,4
BWC,"Needle, Emergency Airway",2,AN,Anesthesiology,AN,868.5090,N,Y,Eligible,1
BWF,"Spirometer, Therapeutic (Incentive)",2,AN,Anesthesiology,AN,868.5690,N,N,Eligible,1
BWH,"Forceps, Biopsy, Bronchoscope (Non-Rigid)",2,EN,"Ear, Nose, Throat",EN,874.4680,N,N,Ineligible,1
BWJ,"Locator, Acupuncture Point",2,HO,General Hospital,HO,880.5580,N,N,Eligible,4
BWK,"Stimulator, Electro-Acupuncture",U,,Unknown,NE,,N,N,Eligible,1
BWL,"Apparatus, Electronanesthesia",3,AN,Anesthesiology,AN,868.5400,N,N,Eligible,2
BWN,"Table And Attachments, Operating-Room",1,SU,"General, Plastic Surgery",SU,878.4950,N,N,Eligible,4
BWP,"Shoe And Shoe Cover, Conductive",1,SU,"General, Plastic Surgery",SU,878.4040,N,N,Eligible,4
BXA,"Analyzer, Gas, Water Vapor, Gaseous-Phase",1,AN,Anesthesiology,AN,868.1975,N,N,Eligible,4
BXB,"Exerciser, Powered",1,PM,Physical Medicine,PM,890.5380,N,N,Eligible,4
BXH,"Gauge, Gas Pressure, Cylinder/Pipeline",1,AN,Anesthesiology,AN,868.2610,N,N,Eligible,4
BXJ,"Clip, Nose",1,AN,Anesthesiology,AN,868.6225,N,N,Eligible,4
BXK,"Gas, Calibration (Specified Concentration)",1,AN,Anesthesiology,AN,868.6400,N,N,Eligible,4
BXL,"Algesimeter, Manual",1,AN,Anesthesiology,AN,868.1030,N,N,Eligible,4
BXM,"Stimulator, Nerve, Ac-Powered",2,AN,Anesthesiology,AN,868.2775,N,N,Eligible,1
BXN,"Stimulator, Nerve, Battery-Powered",2,AN,Anesthesiology,AN,868.2775,N,N,Eligible,1
BXO,"Transducer, Gas Pressure",1,AN,Anesthesiology,AN,868.2900,N,N,Eligible,4
BXP,"Transducer, Gas Flow",1,AN,Anesthesiology,AN,868.2885,N,N,Eligible,4
BXQ,Rhinoanemometer (Measurement Of Nasal Decongestion),2,AN,Anesthesiology,AN,868.1800,N,N,Eligible,1
BXR,"Meter, Airway Pressure (Inspiratory Force)",2,AN,Anesthesiology,AN,868.1780,N,N,Eligible,1
BXW,"Calibrator, Volume, Gas",1,AN,Anesthesiology,AN,868.1870,N,N,Eligible,4
BXX,"Calibrator, Pressure, Gas",1,AN,Anesthesiology,AN,868.2620,N,N,Eligible,4
BXY,"Flowmeter, Calibration, Gas",1,AN,Anesthesiology,AN,868.2350,N,N,Eligible,4
BYD,"Condenser, Heat And Moisture (Artificial Nose)",1,AN,Anesthesiology,AN,868.5375,N,N,Eligible,4
BYE,"Attachment, Breathing, Positive End Expiratory Pressure",2,AN,Anesthesiology,AN,868.5965,N,Y,Eligible,1
BYF,"Mask, Oxygen, Low Concentration, Venturi",1,AN,Anesthesiology,AN,868.5600,N,N,Eligible,4
BYG,"Mask, Oxygen",1,AN,Anesthesiology,AN,868.5580,N,N,Eligible,4
BYH,"Drain, Tee (Water Trap)",1,AN,Anesthesiology,AN,868.5995,N,N,Eligible,4
BYI,"Percussor, Powered-Electric",2,AN,Anesthesiology,AN,868.5665,N,N,Eligible,1
BYJ,"Unit, Liquid-Oxygen, Portable",2,AN,Anesthesiology,AN,868.5655,N,N,Eligible,1
BYK,"Tent, Oxygen, Electrically Powered",2,AN,Anesthesiology,AN,868.5710,N,Y,Eligible,1
BYL,"Tent, Oxygen",1,AN,Anesthesiology,AN,868.5700,N,N,Eligible,4
BYM,"Tube, Thorpe, Uncompensated",1,AN,Anesthesiology,AN,868.2320,N,N,Eligible,4
BYN,"Chair, Posture, For Cardiac And Pulmonary Treatment",1,AN,Anesthesiology,AN,868.5365,N,N,Eligible,4
BYO,"Bottle, Blow",1,AN,Anesthesiology,AN,868.5220,N,N,Eligible,4
BYP,"Mouthpiece, Breathing",1,AN,Anesthesiology,AN,868.5620,N,N,Eligible,4
BYR,"Transducer, Gas Pressure, Differential",1,AN,Anesthesiology,AN,868.2875,N,N,Eligible,4
BYS,"Oxygenator, Long Term Support Greater Than 6 Hours",2,CV,Cardiovascular,CV,870.4100,N,Y,Eligible,1
BYT,"Ventilator, External Body, Negative Pressure, Adult (Cuirass)",2,AN,Anesthesiology,AN,868.5935,N,Y,Eligible,1
BYW,"Device, Rebreathing",1,AN,Anesthesiology,AN,868.5675,N,N,Eligible,4
BYX,"Tubing, Pressure And Accessories",1,AN,Anesthesiology,AN,868.5860,N,N,Eligible,4
BYY,"Tube, Aspirating, Flexible, Connecting",2,HO,General Hospital,HO,880.6740,N,N,Eligible,4
BYZ,"Trap, Sterile Specimen",2,HO,General Hospital,HO,880.6740,N,N,Eligible,4
BZA,"Connector, Airway (Extension)",1,AN,Anesthesiology,AN,868.5810,N,N,Eligible,4
BZB,"Catheter, Nasal, Oxygen",1,AN,Anesthesiology,AN,868.5350,N,N,Eligible,4
BZC,"Calculator, Pulmonary Function Data",2,AN,Anesthesiology,AN,868.1880,N,N,Eligible,1
BZD,"Ventilator, Non-Continuous (Respirator)",2,AN,Anesthesiology,AN,868.5905,N,N,Eligible,1
BZE,"Heater, Breathing System W/Wo Controller (Not Humidifier Or Nebulizer",2,AN,Anesthesiology,AN,868.5270,N,N,Eligible,1
BZG,"Spirometer, Diagnostic",2,AN,Anesthesiology,AN,868.1840,N,N,Eligible,1
BZH,"Meter, Peak Flow, Spirometry",2,AN,Anesthesiology,AN,868.1860,N,N,Eligible,1
BZK,"Spirometer, Monitoring (W/Wo Alarm)",2,AN,Anesthesiology,AN,868.1850,N,N,Eligible,1
BZL,"Computer, Oxygen-Uptake",2,AN,Anesthesiology,AN,868.1730,N,N,Eligible,1
BZM,"Calculator, Pulmonary Function Interpretor (Diagnostic)",2,AN,Anesthesiology,AN,868.1900,N,N,Eligible,1
BZN,"Cart, Emergency, Cardiopulmonary (Excluding Equipment)",1,AN,Anesthesiology,AN,868.6175,N,N,Eligible,4
BZO,"Set, Tubing And Support, Ventilator (W Harness)",1,AN,Anesthesiology,AN,868.5975,N,N,Eligible,4
BZQ,"Monitor, Breathing Frequency",2,AN,Anesthesiology,AN,868.2375,N,N,Eligible,1
BZR,"Mixer, Breathing Gases, Anesthesia Inhalation",2,AN,Anesthesiology,AN,868.5330,N,Y,Eligible,1
BZS,Stethoscope Head,1,AN,Anesthesiology,AN,868.1930,N,N,Eligible,4
BZT,"Stethoscope, Esophageal, With Electrical Conductors",2,AN,Anesthesiology,AN,868.1920,N,N,Eligible,1
BZW,"Stethoscope, Esophageal",1,AN,Anesthesiology,AN,868.1910,N,N,Eligible,4
CAC,"Apparatus, Autotransfusion",2,AN,Anesthesiology,CV,868.5830,N,Y,Eligible,1
CAD,"Vaporizer, Anesthesia, Non-Heated",2,AN,Anesthesiology,AN,868.5880,N,N,Eligible,1
CAE,"Airway, Oropharyngeal, Anesthesiology",1,AN,Anesthesiology,AN,868.5110,N,N,Eligible,4
CAF,Nebulizer (Direct Patient Interface),2,AN,Anesthesiology,AN,868.5630,N,N,Eligible,1
CAG,"Circulator, Breathing-Circuit",2,AN,Anesthesiology,AN,868.5250,N,Y,Eligible,1
CAH,"Filter, Bacterial, Breathing-Circuit",2,AN,Anesthesiology,HO,868.5260,N,N,Eligible,1
CAI,"Circuit, Breathing (W Connector, Adaptor, Y Piece)",1,AN,Anesthesiology,AN,868.5240,N,N,Eligible,4
CAK,"Microfilter, Blood Transfusion",2,HO,General Hospital,HO,880.5440,N,N,Eligible,1
CAL,"Laryngoscope, Non-Rigid",1,AN,Anesthesiology,AN,868.5530,N,N,Eligible,4
CAM,"Yoke Assembly, Medical Gas",1,AN,Anesthesiology,AN,868.6885,N,N,Eligible,4
CAN,"Regulator, Pressure, Gas Cylinder",1,AN,Anesthesiology,AN,868.2700,N,N,Eligible,4
CAO,"Airway, Esophageal (Obturator)",2,AN,Anesthesiology,AN,868.5650,N,Y,Eligible,1
CAP,"Monitor, Airway Pressure (Includes Gauge And/Or Alarm)",2,AN,Anesthesiology,AN,868.2600,N,N,Eligible,1
CAR,"Monitor, Spinal-Fluid Pressure, Electrically Powered",2,HO,General Hospital,HO,880.2460,N,N,Eligible,1
CAT,"Cannula, Nasal, Oxygen",1,AN,Anesthesiology,AN,868.5340,N,N,Eligible,4
CAW,"Generator, Oxygen, Portable",2,AN,Anesthesiology,AN,868.5440,N,N,Eligible,1
CAX,"Flowmeter, Tube, Thorpe, Back-Pressure Compensated",1,AN,Anesthesiology,AN,868.2340,N,N,Eligible,4
CAZ,Anesthesia Conduction Kit,2,AN,Anesthesiology,AN,868.5140,N,N,Eligible,1
CBA,"Monitor, Air Embolism, Ultrasonic",2,AN,Anesthesiology,AN,868.2025,N,N,Eligible,1
CBC,"Bottle, Collection And Trap, Breathing System (Uncalibrated)",2,HO,General Hospital,HO,880.6740,N,N,Eligible,4
CBD,"Bottle, Collection, Breathing System (Calibrated)",2,HO,General Hospital,HO,880.6740,N,N,Eligible,4
CBF,"Chamber, Hyperbaric",2,AN,Anesthesiology,AN,868.5470,N,Y,Eligible,1
CBG,"Spreader, Cuff",1,AN,Anesthesiology,AN,868.5760,N,N,Eligible,4
CBH,"Device, Fixation, Tracheal Tube",1,AN,Anesthesiology,AN,868.5770,N,N,Eligible,4
CBI,"Tube, Tracheal/Bronchial, Differential Ventilation (W/Wo Connector)",2,AN,Anesthesiology,AN,868.5740,N,Y,Eligible,1
CBK,"Ventilator, Continuous, Facility Use",2,AN,Anesthesiology,AN,868.5895,N,Y,Ineligible,1
CBL,"Absorbent, Carbon-Dioxide",1,AN,Anesthesiology,AN,868.5300,N,N,Eligible,4
CBN,"Apparatus, Gas-Scavenging",2,AN,Anesthesiology,AN,868.5430,N,N,Eligible,1
CBO,"Attachment, Intermittent Mandatory Ventilation (Imv)",2,AN,Anesthesiology,AN,868.5955,N,Y,Eligible,1
CBP,"Valve, Non-Rebreathing",2,AN,Anesthesiology,AN,868.5870,N,Y,Eligible,1
CBQ,"Analyzer, Gas, Enflurane, Gaseous-Phase (Anesthetic Concentration)",2,AN,Anesthesiology,AN,868.1500,N,N,Eligible,1
CBR,"Analyzer, Gas, Nitrous-Oxide, Gaseous Phase (Anesthetic Conc.)",2,AN,Anesthesiology,AN,868.1700,N,N,Eligible,1
CBS,"Analyzer, Gas, Halothane, Gaseous-Phase (Anesthetic Conc.)",2,AN,Anesthesiology,AN,868.1620,N,N,Eligible,1
CBT,Arterial Blood Sampling Kit,1,AN,Anesthesiology,AN,868.1100,N,N,Eligible,7
CBZ,"Analyzer, Ion, Hydrogen-Ion (Ph), Blood-Phase, Indwelling",2,AN,Anesthesiology,AN,868.1170,N,N,Eligible,1
CCC,"Analyzer, Gas, Carbon-Dioxide, Partial Pressure, Blood-Phase, Indwelling",2,AN,Anesthesiology,AN,868.1150,N,N,Eligible,1
CCE,"Analyzer, Gas, Oxygen, Partial Pressure, Blood-Phase, Indwelling",2,AN,Anesthesiology,AN,868.1200,N,N,Eligible,1
CCI,"Analyzer, Gas, Nitrogen, Gaseous-Phase",2,AN,Anesthesiology,AN,868.1690,N,N,Eligible,1
CCJ,"Analyzer, Gas, Carbon-Monoxide, Gaseous-Phase",2,AN,Anesthesiology,AN,868.1430,N,N,Eligible,1
CCK,"Analyzer, Gas, Carbon-Dioxide, Gaseous-Phase",2,AN,Anesthesiology,AN,868.1400,N,N,Eligible,1
CCL,"Analyzer, Gas, Oxygen, Gaseous-Phase",2,AN,Anesthesiology,AN,868.1720,N,N,Eligible,1
CCM,"Plethysmograph, Pressure",2,AN,Anesthesiology,AN,868.1750,N,N,Eligible,1
CCN,"Flowmeter, Nonback-Pressure Compensated, Bourdon Gauge",1,AN,Anesthesiology,AN,868.2300,N,N,Eligible,4
CCO,"Bed, Rocking, Breathing Assist",2,AN,Anesthesiology,AN,868.5180,N,Y,Eligible,4
CCQ,"Nebulizer, Medicinal, Non-Ventilatory (Atomizer)",1,AN,Anesthesiology,AN,868.5640,N,N,Eligible,4
CCT,"Applicator (Laryngo-Tracheal), Topical Anesthesia",2,AN,Anesthesiology,AN,868.5170,N,N,Eligible,1
CCW,"Laryngoscope, Rigid",1,AN,Anesthesiology,AN,868.5540,N,N,Eligible,4
CCX,"Support, Patient Position",1,AN,Anesthesiology,AN,868.6820,N,N,Eligible,4
CCY,"Zimmerman (Spectrophotometric), 17-Ketosteroids",1,CH,Clinical Chemistry,CH,862.1430,N,N,Eligible,4
CCZ,"Zimmerman/Norymberski, 17-Ketogenic Steroids",1,CH,Clinical Chemistry,CH,862.1385,N,N,Eligible,4
CDA,"Acid, Nitrous And Nitrosonaphthol, 5-Hydroxyindole Acetic Acid/Serotonin",1,CH,Clinical Chemistry,CH,862.1390,N,N,Eligible,4
CDB,"Porter Silber Hydrazone, 17-Hydroxycorticosteroids",1,CH,Clinical Chemistry,CH,862.1385,N,N,Eligible,4
CDC,"L-Leucyl B-Naphthylamide, Leucine Aminopeptidase",1,CH,Clinical Chemistry,CH,862.1460,N,N,Eligible,4
CDD,"Radioassay, Vitamin B12",2,CH,Clinical Chemistry,CH,862.1810,N,N,Eligible,1
CDE,"Chromatographic Separation/Zimmerman, 17-Ketosteroids",1,CH,Clinical Chemistry,CH,862.1430,N,N,Eligible,4
CDF,"Acid, Vanilmandelic, Diazo, P-Nitroaniline/Vanillin",1,CH,Clinical Chemistry,CH,862.1795,N,N,Eligible,4
CDG,Chromatography Separation/Zimmerman 17-Ketogenic Steroids,1,CH,Clinical Chemistry,CH,862.1385,N,N,Eligible,4
CDH,"Acid, Uric, Phosphotungstate Reduction",1,CH,Clinical Chemistry,CH,862.1775,N,N,Eligible,4
CDK,"Acid, Vanilmandelic, Electrophoretic Separation",1,CH,Clinical Chemistry,CH,862.1795,N,N,Eligible,4
CDL,"Berthelot Indophenol, Urea Nitrogen",2,CH,Clinical Chemistry,CH,862.1770,N,N,Eligible,1
CDM,"Diazonium Colorimetry, Urobilinogen (Urinary, Non-Quant.)",1,CH,Clinical Chemistry,CH,862.1785,N,N,Eligible,4
CDN,"Urease, Photometric, Urea Nitrogen",2,CH,Clinical Chemistry,CH,862.1770,N,N,Eligible,1
CDO,"Acid, Uric, Uricase (U.V.)",1,CH,Clinical Chemistry,CH,862.1775,N,N,Eligible,4
CDP,"Radioimmunoassay, Total Triiodothyronine",2,CH,Clinical Chemistry,CH,862.1710,N,N,Eligible,4
CDQ,"Urease And Glutamic Dehydrogenase, Urea Nitrogen",2,CH,Clinical Chemistry,CH,862.1770,N,N,Eligible,1
CDR,"1-Nitroso-2-Naphthol (Fluorometric), Free Tyrosine",1,CH,Clinical Chemistry,CH,862.1730,N,N,Eligible,1
CDS,"Electrode, Ion Specific, Urea Nitrogen",2,CH,Clinical Chemistry,CH,862.1770,N,N,Eligible,1
CDT,"Lipase Hydrolysis/Glycerol Kinase Enzyme, Triglycerides",1,CH,Clinical Chemistry,CH,862.1705,N,N,Eligible,4
CDW,"Diacetyl-Monoxime, Urea Nitrogen",2,CH,Clinical Chemistry,CH,862.1770,N,N,Eligible,1
CDX,"Radioimmunoassay, Total Thyroxine",2,CH,Clinical Chemistry,CH,862.1700,N,N,Eligible,4
CDZ,"Radioimmunoassay, Testosterones And Dihydrotestosterone",1,CH,Clinical Chemistry,CH,862.1680,N,N,Eligible,1
CEA,Tlc Chromatographic Separation Triglycerides,1,CH,Clinical Chemistry,CH,862.1705,N,N,Eligible,4
CEC,"Radioimmunoassay, Free Thyroxine",2,CH,Clinical Chemistry,CH,862.1695,N,N,Eligible,1
CED,"5-Amp-Phosphate Release (Colorimetric Test), 5'-Nucleotidase",1,CH,Clinical Chemistry,CH,862.1520,N,N,Eligible,4
CEE,"Radioimmunoassay, Thyroxine-Binding Globulin",2,CH,Clinical Chemistry,CH,862.1685,N,N,Eligible,4
CEF,"Electrophoretic, Protein Fractionation",1,CH,Clinical Chemistry,CH,862.1630,N,N,Eligible,4
CEI,"Uranyl Acetate/Zinc Acetate, Sodium",2,CH,Clinical Chemistry,CH,862.1665,N,N,Eligible,1
CEJ,"Tetraphenyl Borate, Colorimetry, Potassium",2,CH,Clinical Chemistry,CH,862.1600,N,N,Eligible,1
CEK,"Biuret (Colorimetric), Total Protein",2,CH,Clinical Chemistry,CH,862.1635,N,N,Eligible,4
CEL,"Ammonium Molybdate And Ammonium Vanadate, Phospholipids",1,CH,Clinical Chemistry,CH,862.1575,N,N,Eligible,4
CEM,"Electrode, Ion Specific, Potassium",2,CH,Clinical Chemistry,CH,862.1600,N,N,Ineligible,1
CEN,"Dye-Indicator, Ph (Urinary, Non-Quantitative)",1,CH,Clinical Chemistry,CH,862.1550,N,N,Eligible,4
CEO,"Phosphomolybdate (Colorimetric), Inorganic Phosphorus",1,CH,Clinical Chemistry,CH,862.1580,N,N,Eligible,4
CEP,"Radioimmunoassay, Luteinizing Hormone",1,CH,Clinical Chemistry,CH,862.1485,N,N,Eligible,4
CEQ,"Molybdenum Blue Method, Phospholipids",1,CH,Clinical Chemistry,CH,862.1575,N,N,Eligible,4
CER,"2,4-Dinitrophenylhydrazine, Lactate Dehydrogenase",2,CH,Clinical Chemistry,CH,862.1440,N,N,Eligible,4
CES,"Chromogenesis, Phenylketones (Urinary, Non-Quant.)",1,CH,Clinical Chemistry,CH,862.1560,N,N,Eligible,4
CET,"Olive Oil Emulsion (Turbidimetric), Lipase",1,CH,Clinical Chemistry,CH,862.1465,N,N,Eligible,4
CEW,"Radioimmunoassay, Parathyroid Hormone",2,CH,Clinical Chemistry,CH,862.1545,N,N,Eligible,1
CEX,"Chromatographic Separation, Lactate Dehydrogenase Isoenzymes",2,CH,Clinical Chemistry,CH,862.1445,N,N,Eligible,4
CFA,"Electrode, Ion Specific, Magnesium",1,CH,Clinical Chemistry,CH,862.1495,N,N,Eligible,1
CFB,"Chromatographic Derivative, Total Lipids",1,CH,Clinical Chemistry,CH,862.1470,N,N,Eligible,4
CFD,"Sulfophosphovanillin, Colorimetry, Total Lipids",1,CH,Clinical Chemistry,CH,862.1470,N,N,Eligible,4
CFE,"Electrophoretic, Lactate Dehydrogenase Isoenzymes",2,CH,Clinical Chemistry,CH,862.1445,N,N,Eligible,4
CFF,"Immunoelectrophoretic, Immunoglobulins, (G, A, M)",2,IM,Immunology,IM,866.5510,N,N,Eligible,1
CFG,"Oil Emulsion/Thymolphthalein (Titrimetric), Lipase",1,CH,Clinical Chemistry,CH,862.1465,N,N,Eligible,4
CFH,"Tetrazolium Int Dye-Diaphorase, Lactate Dehydrogenase",2,CH,Clinical Chemistry,CH,862.1440,N,N,Eligible,4
CFJ,"Nad Reduction/Nadh Oxidation, Lactate Dehydrogenase",2,CH,Clinical Chemistry,CH,862.1440,N,N,Eligible,4
CFL,"Radioimmunoassay, Human Growth Hormone",1,CH,Clinical Chemistry,CH,862.1370,N,N,Eligible,4
CFM,"Bathophenanthroline, Colorimetry, Iron (Non-Heme)",1,CH,Clinical Chemistry,CH,862.1410,N,N,Eligible,4
CFN,"Method, Nephelometric, Immunoglobulins (G, A, M)",2,IM,Immunology,IM,866.5510,N,N,Eligible,1
CFO,"Titrimetric, Magnesium",1,CH,Clinical Chemistry,CH,862.1495,N,N,Eligible,1
CFP,"Radioimmunoassay, Immunoreactive Insulin",1,CH,Clinical Chemistry,CH,862.1405,N,N,Eligible,4
CFQ,"Radioimmunoassay, Immunoglobulins (G, A, M)",2,IM,Immunology,IM,866.5510,N,N,Eligible,1
CFR,"Hexokinase, Glucose",2,CH,Clinical Chemistry,CH,862.1345,N,N,Ineligible,1
CFT,"Radioimmunoassay, Prolactin (Lactogen)",1,CH,Clinical Chemistry,CH,862.1625,N,N,Eligible,4
CFW,"Copper Reduction, Glucose",2,CH,Clinical Chemistry,CH,862.1345,N,N,Ineligible,1
CGA,"Glucose Oxidase, Glucose",2,CH,Clinical Chemistry,CH,862.1345,N,N,Ineligible,1
CGC,"Radioimmunoassay, Gastrin",1,CH,Clinical Chemistry,CH,862.1325,N,N,Eligible,4
CGD,"Ferricyanide, Glucose",2,CH,Clinical Chemistry,CH,862.1345,N,N,Ineligible,1
CGE,"Orthotoluidine, Glucose",2,CH,Clinical Chemistry,CH,862.1345,N,N,Ineligible,1
CGF,"Radioimmunoassay, Estrone",1,CH,Clinical Chemistry,CH,862.1280,N,N,Eligible,4
CGH,"Electrophoretic, Globulin",1,CH,Clinical Chemistry,CH,862.1330,N,N,Eligible,4
CGI,"Radioimmunoassay, Estriol",1,CH,Clinical Chemistry,CH,862.1265,N,N,Eligible,4
CGJ,"Radioimmunoassay, Follicle-Stimulating Hormone",1,CH,Clinical Chemistry,CH,862.1300,N,N,Eligible,4
CGL,"Electrode, Ion Based, Enzymatic, Creatinine",2,CH,Clinical Chemistry,CH,862.1225,N,N,Eligible,1
CGM,"Method, Immunodiffusion, Immunoglobulins (G, A, M)",2,IM,Immunology,IM,866.5510,N,N,Eligible,1
CGN,"Acid, Folic, Radioimmunoassay",2,CH,Clinical Chemistry,CH,862.1295,N,N,Eligible,1
CGO,"Lieberman-Burchard/Abell-Kendall, Colorimetric, Cholesterol",1,CH,Clinical Chemistry,CH,862.1175,N,N,Eligible,4
CGR,"Radioimmunoassay, Cortisol",2,CH,Clinical Chemistry,CH,862.1205,N,N,Eligible,1
CGS,"Nad Reduction/Nadh Oxidation, Cpk Or Isoenzymes",2,CH,Clinical Chemistry,CH,862.1215,N,N,Eligible,1
CGT,"Radioimmunoassay, Cyclic Gmp",2,CH,Clinical Chemistry,CH,862.1230,N,N,Eligible,1
CGX,"Alkaline Picrate, Colorimetry, Creatinine",2,CH,Clinical Chemistry,CH,862.1225,N,N,Eligible,1
CGZ,"Electrode, Ion-Specific, Chloride",2,CH,Clinical Chemistry,CH,862.1170,N,N,Ineligible,1
CHA,"Radioimmunoassay, Corticosterone",1,CH,Clinical Chemistry,CH,862.1200,N,N,Eligible,4
CHC,"Titrimetric Permanganate And Bromophenol Blue, Calcium",2,CH,Clinical Chemistry,CH,862.1145,N,N,Eligible,1
CHD,"Acid, Ferric Ion-Sulfuric, Cholesterol",1,CH,Clinical Chemistry,CH,862.1175,N,N,Eligible,4
CHE,"Radioimmunoassay, Corticoids",1,CH,Clinical Chemistry,CH,862.1195,N,N,Eligible,4
CHG,"Acid, Phosphoric-Tungstic (Spectrophotometric), Chloride",2,CH,Clinical Chemistry,CH,862.1170,N,N,Eligible,1
CHH,"Enzymatic Esterase--Oxidase, Cholesterol",1,CH,Clinical Chemistry,CH,862.1175,N,N,Eligible,4
CHI,"Lipase-Esterase, Enzymatic, Photometric, Lipase",1,CH,Clinical Chemistry,CH,862.1465,N,N,Eligible,4
CHJ,"Mercuric Thiocyanate, Colorimetry, Chloride",2,CH,Clinical Chemistry,CH,862.1170,N,N,Eligible,1
CHK,"Mercuric Nitrate And Diphenyl Carbazone (Titrimetric), Chloride",2,CH,Clinical Chemistry,CH,862.1170,N,N,Eligible,1
CHL,"Electrode Measurement, Blood-Gases (Pco2, Po2) And Blood Ph",2,CH,Clinical Chemistry,CH,862.1120,N,N,Ineligible,1
CHM,"Radioimmunoassay, Total Estrogens In Pregnancy",1,CH,Clinical Chemistry,CH,862.1270,N,N,Eligible,4
CHN,"Immunochemical, Ceruloplasmin",2,IM,Immunology,IM,866.5210,N,N,Eligible,4
CHO,"Radioimmunoassay, Cyclic Amp",2,CH,Clinical Chemistry,CH,862.1230,N,N,Eligible,1
CHP,"Radioimmunoassay, Estradiol",1,CH,Clinical Chemistry,CH,862.1260,N,N,Eligible,4
CHQ,"Chromatographic/Fluorometric Method, Catecholamines",1,CH,Clinical Chemistry,CH,862.1165,N,N,Eligible,4
CHR,"Titrimetric Phenol Red, Carbon-Dioxide",2,CH,Clinical Chemistry,CH,862.1160,N,N,Eligible,1
CHS,"Coulometric Method, Carbon-Dioxide",2,CH,Clinical Chemistry,CH,862.1160,N,N,Eligible,1
CHT,"Electrophoretic Method, Catecholamines",1,CH,Clinical Chemistry,CH,862.1165,N,N,Eligible,4
CHW,"Titrimetric With Edta And Indicator, Calcium",2,CH,Clinical Chemistry,CH,862.1145,N,N,Eligible,1
CHZ,"Di (O-Hydroxyphenylimine) Ethane, Calcium",2,CH,Clinical Chemistry,CH,862.1145,N,N,Eligible,1
CIA,"Methylthymol Blue, Calcium",2,CH,Clinical Chemistry,CH,862.1145,N,N,Eligible,1
CIB,"Radioimmunoassay, Angiotensin I And Renin",2,CH,Clinical Chemistry,CH,862.1085,N,N,Eligible,1
CIC,"Cresolphthalein Complexone, Calcium",2,CH,Clinical Chemistry,CH,862.1145,N,N,Eligible,1
CID,"Alizarin Sulfonate, Calcium",2,CH,Clinical Chemistry,CH,862.1145,N,N,Eligible,1
CIE,"Volumetric/Manometric, Carbon-Dioxide",2,CH,Clinical Chemistry,CH,862.1160,N,N,Eligible,1
CIF,"Vanillin Pyruvate, Ast/Sgot",2,CH,Clinical Chemistry,CH,862.1100,N,N,Eligible,4
CIG,"Diazo Colorimetry, Bilirubin",2,CH,Clinical Chemistry,CH,862.1110,N,N,Eligible,1
CIJ,"Saccharogenic, Amylase",2,CH,Clinical Chemistry,CH,862.1070,N,N,Eligible,1
CIK,"Radial Diffusion, Amylase",2,CH,Clinical Chemistry,CH,862.1070,N,N,Eligible,1
CIL,"Cresol Red Colorimetry, Carbon-Dioxide",2,CH,Clinical Chemistry,CH,862.1160,N,N,Eligible,1
CIN,"Electrophoretic Separation, Alkaline Phosphatase Isoenzymes",2,CH,Clinical Chemistry,CH,862.1050,N,N,Eligible,1
CIO,"Thymolphthalein Monophosphate, Alkaline Phosphatase Or Isoenzymes",2,CH,Clinical Chemistry,CH,862.1050,N,N,Eligible,1
CIQ,"Diazo, Ast/Sgot",2,CH,Clinical Chemistry,CH,862.1100,N,N,Eligible,4
CIS,"Hydrazone Colorimetry, Ast/Sgot",2,CH,Clinical Chemistry,CH,862.1100,N,N,Eligible,4
CIT,"Nadh Oxidation/Nad Reduction, Ast/Sgot",2,CH,Clinical Chemistry,CH,862.1100,N,N,Eligible,4
CIW,"Starch-Dye Bound Polymer, Amylase",2,CH,Clinical Chemistry,CH,862.1070,N,N,Eligible,1
CIX,"Bromcresol Green Dye-Binding, Albumin",2,CH,Clinical Chemistry,CH,862.1035,N,N,Eligible,1
CIY,"Radioimmunoassay, Androsterone",1,CH,Clinical Chemistry,CH,862.1080,N,N,Eligible,4
CIZ,"Radioimmunoassay, Androstenedione",1,CH,Clinical Chemistry,CH,862.1075,N,N,Eligible,4
CJA,"Amyloclastic, Amylase",2,CH,Clinical Chemistry,CH,862.1070,N,N,Eligible,1
CJB,"Chromatographic Separation/Radioimmunoassay, Aldosterone",2,CH,Clinical Chemistry,CH,862.1045,N,N,Eligible,1
CJC,"Fructose-1, 6-Diphosphate And Nadh (U.V.), Aldolase",1,CH,Clinical Chemistry,CH,862.1040,N,N,Eligible,4
CJD,"Nitrosalicylate Reduction, Amylase",2,CH,Clinical Chemistry,CH,862.1070,N,N,Eligible,1
CJE,"Nitrophenylphosphate, Alkaline Phosphatase Or Isoenzymes",2,CH,Clinical Chemistry,CH,862.1050,N,N,Eligible,1
CJF,"Tetrabromophenolphthalein, Albumin",2,CH,Clinical Chemistry,CH,862.1035,N,N,Eligible,1
CJG,"Tetrabromo-M-Cresolsulfonphthalein, Albumin",2,CH,Clinical Chemistry,CH,862.1035,N,N,Eligible,1
CJH,"Thymol Blue Monophosphate, Alkaline Phosphatase Or Isoenzymes",2,CH,Clinical Chemistry,CH,862.1050,N,N,Eligible,1
CJI,"Disodium Phenylphosphate, Alkaline Phosphatase Or Isoenzymes",2,CH,Clinical Chemistry,CH,862.1050,N,N,Eligible,1
CJJ,"Diazo, Alt/Sgpt",1,CH,Clinical Chemistry,CH,862.1030,N,N,Eligible,4
CJK,"Phenolphthalein Phosphate, Alkaline Phosphatase Or Isoenzymes",2,CH,Clinical Chemistry,CH,862.1050,N,N,Eligible,1
CJL,"Beta Glycerophosphate, Alkaline Phosphatase Or Isoenzymes",2,CH,Clinical Chemistry,CH,862.1050,N,N,Eligible,1
CJM,"Radioimmunoassay, Aldosterone",2,CH,Clinical Chemistry,CH,862.1045,N,N,Eligible,1
CJN,"Acid Phosphatase, Nitrophenylphosphate",2,CH,Clinical Chemistry,CH,862.1020,N,N,Eligible,4
CJO,"Alpha-Naphthyl Phosphate, Alkaline Phosphatase Or Isoenzymes",2,CH,Clinical Chemistry,CH,862.1050,N,N,Eligible,1
CJQ,"Radial Immunodiffusion, Albumin",2,CH,Clinical Chemistry,CH,862.1035,N,N,Eligible,1
CJR,"Acid Phosphatase, Thymol Blue Monophosphate",2,CH,Clinical Chemistry,CH,862.1020,N,N,Eligible,4
CJT,"Hydrazone Colorimetry, Aldolase",1,CH,Clinical Chemistry,CH,862.1040,N,N,Eligible,4
CJW,"Bromcresol Purple Dye-Binding, Albumin",2,CH,Clinical Chemistry,CH,862.1035,N,N,Eligible,1
CJX,"Acid Phosphatase, Disodium Phenylphosphate",2,CH,Clinical Chemistry,CH,862.1020,N,N,Eligible,4
CJY,"Azo Dye, Calcium",2,CH,Clinical Chemistry,CH,862.1145,N,N,Eligible,1
CJZ,"Acid, Hydroxyazobenzene-Benzoic, Albumin",2,CH,Clinical Chemistry,CH,862.1035,N,N,Eligible,1
CKA,"Nadh Oxidation/Nad Reduction, Alt/Sgpt",1,CH,Clinical Chemistry,CH,862.1030,N,N,Eligible,4
CKB,"Acid Phosphatase, Naphthyl Phosphate",2,CH,Clinical Chemistry,CH,862.1020,N,N,Eligible,4
CKC,"Vanillin Pyruvate, Alt/Sgpt",1,CH,Clinical Chemistry,CH,862.1030,N,N,Eligible,4
CKD,"Hydrazone Colorimetry, Alt/Sgpt",1,CH,Clinical Chemistry,CH,862.1030,N,N,Eligible,4
CKE,"Acid Phosphatase, Thymolphthale Inmonophosphate",2,CH,Clinical Chemistry,CH,862.1020,N,N,Eligible,4
CKF,"Phenylphosphate, Alkaline Phosphatase Or Isoenzymes",2,CH,Clinical Chemistry,CH,862.1050,N,N,Eligible,1
CKG,"Radioimmunoassay, Acth",2,CH,Clinical Chemistry,CH,862.1025,N,N,Eligible,1
CKH,"Acid Phosphatase, Beta Glycerophosphate",2,CH,Clinical Chemistry,CH,862.1020,N,N,Eligible,4
CZJ,"Igd, Antigen, Antiserum, Control",2,IM,Immunology,IM,866.5510,N,N,Eligible,1
CZK,"Iga, Rhodamine, Antigen, Antiserum, Control",2,IM,Immunology,IM,866.5510,N,N,Eligible,1
CZL,"Iga, Peroxidase, Antigen, Antiserum, Control",2,IM,Immunology,IM,866.5510,N,N,Eligible,1
CZM,"Iga, Ferritin, Antigen, Antiserum, Control",2,IM,Immunology,IM,866.5510,N,N,Eligible,1
CZN,"Iga, Fitc, Antigen, Antiserum, Control",2,IM,Immunology,IM,866.5510,N,N,Eligible,1
CZO,"Inter-Alpha Trypsin Inhibitor, Antigen, Antiserum, Control",1,IM,Immunology,IM,866.5890,N,N,Eligible,4
CZP,"Iga, Antigen, Antiserum, Control",2,IM,Immunology,IM,866.5510,N,N,Eligible,1
CZQ,"Bence-Jones Protein, Antigen, Antiserum, Control",2,IM,Immunology,IM,866.5150,N,N,Eligible,1
CZR,"Hemopexin, Rhodamine, Antigen, Antiserum, Control",2,IM,Immunology,IM,866.5490,N,N,Eligible,4
CZS,"Retinol-Binding Protein, Antigen, Antiserum, Control",1,IM,Immunology,IM,866.5765,N,N,Eligible,4
CZT,"Hemopexin, Fitc, Antigen, Antiserum, Control",2,IM,Immunology,IM,866.5490,N,N,Eligible,4
CZW,"Complement C3, Antigen, Antiserum, Control",2,IM,Immunology,IM,866.5240,N,N,Eligible,1
CZX,"Hemopexin, Antigen, Antiserum, Control",2,IM,Immunology,IM,866.5490,N,N,Eligible,4
CZY,"Complement C1s, Antigen, Antiserum, Control",2,IM,Immunology,IM,866.5240,N,N,Eligible,1
CZZ,"Haptoglobin, Rhodamine, Antigen, Antiserum, Control",2,IM,Immunology,IM,866.5460,N,N,Eligible,4
DAA,"Igg, Peroxidase, Antigen, Antiserum, Control",2,IM,Immunology,PA,866.5510,N,N,Eligible,1
DAB,"Haptoglobin, Fitc, Antigen, Antiserum, Control",2,IM,Immunology,IM,866.5460,N,N,Eligible,4
DAC,"Complement C3b Activator, Antigen, Antiserum, Control",2,IM,Immunology,IM,866.5260,N,N,Eligible,1
DAD,"Haptoglobin, Antigen, Antiserum, Control",2,IM,Immunology,IM,866.5460,N,N,Eligible,4
DAE,"Complement C9, Antigen, Antiserum, Control",2,IM,Immunology,IM,866.5240,N,N,Eligible,1
DAF,"Gamma Globulin, Fitc, Antigen, Antiserum, Control",2,IM,Immunology,IM,866.5510,N,N,Eligible,1
DAG,"Complement C8, Antigen, Antiserum, Control",2,IM,Immunology,IM,866.5240,N,N,Eligible,1
DAH,"Gamma Globulin, Antigen, Antiserum, Control",2,IM,Immunology,IM,866.5510,N,N,Eligible,1
DAI,"Complement C1r, Antigen, Antiserum, Control",2,IM,Immunology,IM,866.5240,N,N,Eligible,1
DAJ,"Free Secretory Component, Antigen, Antiserum, Control",2,IM,Immunology,IM,866.5380,N,N,Eligible,4
DAK,"Complement C1q, Antigen, Antiserum, Control",2,IM,Immunology,IM,866.5240,N,N,Eligible,1
DAL,"Fraction Iv-5, Antigen, Antiserum, Control",1,IM,Immunology,IM,866.5360,N,N,Eligible,4
DAM,"Hemoglobin, Chain Specific, Antigen, Antiserum, Control",2,IM,Immunology,IM,866.5470,N,N,Eligible,4
DAN,"Fibrinopeptide A, Antigen, Antiserum, Control",2,IM,Immunology,IM,866.5350,N,N,Eligible,1
DAO,"Igm (Mu Chain Specific), Antigen, Antiserum, Control",2,IM,Immunology,IM,866.5550,N,N,Eligible,1
DAP,"Fibrinogen And Fibrin Split Products, Antigen, Antiserum, Control",2,HE,Hematology,HE,864.7320,N,N,Ineligible,1
DAQ,"Igg (Fd Fragment Specific), Antigen, Antiserum, Control",1,IM,Immunology,IM,866.5540,N,N,Eligible,4
DAR,"Fibrinogen And Split Products, Rhodamine, Antigen, Antiserum, Control",2,HE,Hematology,HE,864.7340,N,N,Ineligible,1
DAS,"Igg (Fc Fragment Specific), Antigen, Antiserum, Control",1,IM,Immunology,IM,866.5530,N,N,Eligible,4
DAT,"Fibrinogen And Split Products, Peroxidase, Antigen, Antiserum, Control",2,HE,Hematology,HE,864.7340,N,N,Ineligible,1
DAW,"Alpha-2-Ap-Glycoprotein, Antigen, Antiserum, Control",1,IM,Immunology,IM,866.5425,N,N,Eligible,4
DAX,"Fibrinogen And Split Products, Fitc, Antigen, Antiserum, Control",2,HE,Hematology,HE,864.7340,N,N,Ineligible,1
DAY,"Complement C5, Antigen, Antiserum, Control",2,IM,Immunology,IM,866.5240,N,N,Eligible,1
DAZ,"Fibrinogen And Split Products, Antigen, Antiserum, Control",2,HE,Hematology,HE,864.7340,N,N,Ineligible,1
DBA,"Complement C1 Inhibitor (Inactivator), Antigen, Antiserum, Control",2,IM,Immunology,IM,866.5250,N,N,Eligible,1
DBC,"Alpha 2, 2n-Glycoprotein, Antigen, Antiserum, Control",1,IM,Immunology,IM,866.5425,N,N,Eligible,4
DBE,"Antismooth Muscle Antibody, Indirect Immunofluorescent, Antigen, Control",2,IM,Immunology,IM,866.5120,N,N,Eligible,1
DBF,"Ferritin, Antigen, Antiserum, Control",2,IM,Immunology,IM,866.5340,N,N,Eligible,1
DBH,"Fc, Rhodamine, Antigen, Antiserum, Control",1,IM,Immunology,IM,866.5530,N,N,Eligible,4
DBI,"Complement C4, Antigen, Antiserum, Control",2,IM,Immunology,IM,866.5240,N,N,Eligible,1
DBJ,"Antiparietal Antibody, Indirect Immunofluorescent, Antigen, Control",2,IM,Immunology,IM,866.5110,N,N,Eligible,1
DBK,"Fc, Fitc, Antigen, Antiserum, Control",1,IM,Immunology,IM,866.5530,N,N,Eligible,4
DBL,"Multiple Autoantibodies, Indirect Immunofluorescent, Antigen, Control",2,IM,Immunology,IM,866.5660,N,N,Eligible,1
DBM,"Antimitochondrial Antibody, Indirect Immunofluorescent, Antigen, Control",2,IM,Immunology,IM,866.5090,N,N,Eligible,1
DBN,"Fc, Antigen, Antiserum, Control",1,IM,Immunology,IM,866.5530,N,N,Eligible,4
DBT,"Factor Xiii A, S, Antigen, Antiserum, Control",1,IM,Immunology,HE,866.5330,N,N,Eligible,4
DBY,"Fab, Rhodamine, Antigen, Antiserum, Control",1,IM,Immunology,IM,866.5520,N,N,Eligible,4
DCB,"Fab, Fitc, Antigen, Antiserum, Control",1,IM,Immunology,IM,866.5520,N,N,Eligible,4
DCE,"Fab, Antigen, Antiserum, Control",1,IM,Immunology,IM,866.5520,N,N,Eligible,4
DCF,"Albumin, Antigen, Antiserum, Control",2,IM,Immunology,IM,866.5040,N,N,Eligible,4
DCH,"System, Test, C-Reactive Protein, Rhodamine",2,IM,Immunology,IM,866.5270,N,N,Eligible,1
DCJ,"Beta-Globulin, Antigen, Antiserum, Control",1,IM,Immunology,IM,866.5160,N,N,Eligible,4
DCK,"C-Reactive Protein, Antigen, Antiserum, And Control",2,IM,Immunology,IM,866.5270,N,N,Eligible,1
DCN,"System, Test, C-Reactive Protein",2,IM,Immunology,IM,866.5270,N,N,Eligible,1
DCO,"Alpha-Globulin, Antigen, Antiserum, Control",1,IM,Immunology,IM,866.5400,N,N,Eligible,4
DCT,"Ceruloplasmin, Rhodamine, Antigen, Antiserum, Control",2,IM,Immunology,IM,866.5210,N,N,Eligible,4
DCY,"Ceruloplasmin, Fitc, Antigen, Antiserum, Control",2,IM,Immunology,IM,866.5210,N,N,Eligible,4
DDB,"Ceruloplasmin, Antigen, Antiserum, Control",2,IM,Immunology,IM,866.5210,N,N,Eligible,4
DDC,"Thyroglobulin, Antigen, Antiserum, Control",2,IM,Immunology,IM,866.5870,N,N,Ineligible,1
DDD,"Transferrin, Rhodamine, Antigen, Antiserum, Control",2,IM,Immunology,IM,866.5880,N,N,Eligible,1
DDE,"Carbonic Anhydrase C, Antigen, Antiserum, Control",1,IM,Immunology,HE,866.5200,N,N,Eligible,4
DDF,"Prothrombin, Antigen, Antiserum, Control",1,IM,Immunology,HE,866.5735,N,N,Eligible,4
DDG,"Transferrin, Antigen, Antiserum, Control",2,IM,Immunology,IM,866.5880,N,N,Eligible,1
DDH,"Carbonic Anhydrase B, Antigen, Antiserum, Control",1,IM,Immunology,HE,866.5200,N,N,Eligible,4
DDI,"Transferrin, Fitc, Antigen, Antiserum, Control",2,IM,Immunology,IM,866.5880,N,N,Eligible,1
DDJ,"Thyroglobulin, Fitc, Antigen, Antiserum, Control",2,IM,Immunology,IM,866.5870,N,N,Eligible,1
DDK,"Beta-2-Glycoprotein Iii, Antigen, Antiserum, Control",1,IM,Immunology,IM,866.5440,N,N,Eligible,4
DDL,"Thyroglobulin, Rhodamine, Antigen, Antiserum, Control",2,IM,Immunology,IM,866.5870,N,N,Eligible,1
DDN,"Beta-2-Glycoprotein I, Antigen, Antiserum, Control",1,IM,Immunology,IM,866.5430,N,N,Eligible,4
DDO,"Myoglobin, Rhodamine, Antigen, Antiserum, Control",2,IM,Immunology,IM,866.5680,N,N,Eligible,1
DDQ,"Antigen, Antiserum, Control, Antithrombin Iii",2,HE,Hematology,HE,864.7060,N,N,Eligible,1
DDR,"Myoglobin, Antigen, Antiserum, Control",2,IM,Immunology,IM,866.5680,N,N,Eligible,1
DDS,"Prealbumin, Fitc, Antigen, Antiserum, Control",1,IM,Immunology,IM,866.5060,N,N,Eligible,4
DDT,"Alpha-2-Macroglobulin, Rhodamine, Antigen, Antiserum, Control",2,IM,Immunology,IM,866.5620,N,N,Eligible,4
DDX,"Plasminogen, Antigen, Antiserum, Control",1,IM,Immunology,HE,866.5715,N,N,Eligible,4
DDY,"Alpha-2-Macroglobulin, Fitc, Antigen, Antiserum, Control",2,IM,Immunology,IM,866.5620,N,N,Eligible,4
DDZ,"Albumin, Fitc, Antigen, Antiserum, Control",2,IM,Immunology,IM,866.5040,N,N,Eligible,4
DEA,"Myoglobin, Fitc, Antigen, Antiserum, Control",2,IM,Immunology,IM,866.5680,N,N,Eligible,1
DEB,"Alpha-2-Macroglobulin, Antigen, Antiserum, Control",2,IM,Immunology,IM,866.5620,N,N,Eligible,4
DEC,"Inter-Alpha Trypsin Inhibitor, Fitc, Antigen, Antiserum, Control",1,IM,Immunology,IM,866.5890,N,N,Eligible,4
DEF,"Alpha-2-Hs-Glycoprotein, Antigen, Antiserum, Control",1,IM,Immunology,IM,866.5425,N,N,Eligible,4
DEG,"Lactoferrin, Antigen, Antiserum, Control",1,IM,Immunology,IM,866.5570,N,N,Eligible,4
DEH,"Lambda, Antigen, Antiserum, Control",2,IM,Immunology,IM,866.5550,N,N,Eligible,1
DEI,"Alpha-1-Antitrypsin, Fitc, Antigen, Antiserum, Control",2,IM,Immunology,IM,866.5130,N,N,Eligible,1
DEJ,"Alpha-2-Glycoproteins, Antigen, Antiserum, Control",1,IM,Immunology,IM,866.5425,N,N,Eligible,4
DEK,"Kappa, Rhodamine, Antigen, Antiserum, Control",2,IM,Immunology,IM,866.5550,N,N,Eligible,1
DEL,"Lipoprotein X, Antigen, Antiserum, Control",1,IM,Immunology,IM,866.5590,N,N,Eligible,4
DEM,"Alpha-1-Antitrypsin, Antigen, Antiserum, Control",2,IM,Immunology,IM,866.5130,N,N,Eligible,1
DEN,"Alpha-1-T-Glycoprotein, Antigen, Antiserum, Control",1,IM,Immunology,IM,866.5420,N,N,Eligible,4
DEO,"Kappa, Fitc, Antigen, Antiserum, Control",2,IM,Immunology,IM,866.5550,N,N,Eligible,1
DEP,"Lambda, Peroxidase, Antigen, Antiserum, Control",2,IM,Immunology,PA,866.5550,N,N,Eligible,1
DER,"Alpha-1-Lipoprotein, Antigen, Antiserum, Control",2,IM,Immunology,IM,866.5580,N,N,Eligible,1
DES,"Lambda, Fitc, Antigen, Antiserum, Control",2,IM,Immunology,IM,866.5550,N,N,Eligible,1
DET,"Lactic Dehydrogenase, Antigen, Antiserum, Control",1,IM,Immunology,IM,866.5560,N,N,Eligible,4
DEW,"Igg, Antigen, Antiserum, Control",2,IM,Immunology,IM,866.5510,N,N,Eligible,1
DEX,"Alpha-1-B-Glycoprotein, Antigen, Antiserum, Control",1,IM,Immunology,IM,866.5420,N,N,Eligible,4
DEY,"Igm, Peroxidase, Antigen, Antiserum, Control",2,IM,Immunology,PA,866.5550,N,N,Eligible,1
DEZ,"Igm, Rhodamine, Antigen, Antiserum, Control",2,IM,Immunology,IM,866.5550,N,N,Eligible,1
DFB,"Alpha-1-Antitrypsin, Rhodamine, Antigen, Antiserum, Control",2,IM,Immunology,IM,866.5130,N,N,Eligible,1
DFC,"Lipoprotein, Low-Density, Antigen, Antiserum, Control",2,IM,Immunology,IM,866.5600,N,N,Eligible,1
DFD,"Kappa, Peroxidase, Antigen, Antiserum, Control",2,IM,Immunology,PA,866.5550,N,N,Eligible,1
DFF,"Alpha-1-Antichymotrypsin, Antigen, Antiserum, Control",2,IM,Immunology,IM,866.5080,N,N,Eligible,1
DFG,"Lambda, Rhodamine, Antigen, Antiserum, Control",2,IM,Immunology,IM,866.5550,N,N,Eligible,1
DFH,"Kappa, Antigen, Antiserum, Control",2,IM,Immunology,IM,866.5550,N,N,Eligible,1
DFI,"Total Spinal-Fluid, Antigen, Antiserum, Control",1,IM,Immunology,IM,866.5860,N,N,Eligible,4
DFJ,"Albumin, Rhodamine, Antigen, Antiserum, Control",2,IM,Immunology,IM,866.5040,N,N,Eligible,4
DFK,"Igg (Fab Fragment Specific), Antigen, Antiserum, Control",1,IM,Immunology,IM,866.5520,N,N,Eligible,4
DFL,"Igm, Ferritin, Antigen, Antiserum, Control",2,IM,Immunology,IM,866.5550,N,N,Eligible,1
DFM,"Ige, Ferritin, Antigen, Antiserum, Control",2,IM,Immunology,IM,866.5510,N,N,Eligible,1
DFO,"Igg, Rhodamine, Antigen, Antiserum, Control",2,IM,Immunology,IM,866.5510,N,N,Eligible,1
DFQ,"Sperm, Antigen, Antiserum, Control",1,IM,Immunology,IM,866.5800,N,N,Eligible,4
DFS,"Igm, Fitc, Antigen, Antiserum, Control",2,IM,Immunology,IM,866.5550,N,N,Eligible,1
DFT,"Igm, Antigen, Antiserum, Control",2,IM,Immunology,IM,866.5550,N,N,Eligible,1
DFX,"Sperm, Fitc, Antigen, Antiserum, Control",1,IM,Immunology,IM,866.5800,N,N,Eligible,4
DFZ,"Igg (Gamma Chain Specific), Antigen, Antiserum, Control",2,IM,Immunology,IM,866.5510,N,N,Eligible,1
DGA,"Cohn Fraction Ii, Antigen, Antiserum, Control",1,IM,Immunology,IM,866.5220,N,N,Eligible,4
DGB,"Seminal Fluid, Antigen, Antiserum, Control",1,IM,Immunology,HE,866.5800,N,N,Eligible,4
DGC,"Ige, Antigen, Antiserum, Control",2,IM,Immunology,IM,866.5510,N,N,Eligible,1
DGD,"Igg, Ferritin, Antigen, Antiserum, Control",2,IM,Immunology,IM,866.5510,N,N,Eligible,1
DGE,"Igd, Rhodamine, Antigen, Antiserum, Control",2,IM,Immunology,IM,866.5510,N,N,Eligible,1
DGG,"Igd, Fitc, Antigen, Antiserum, Control",2,IM,Immunology,IM,866.5510,N,N,Eligible,1
DGH,"Igd, Peroxidase, Antigen, Antiserum, Control",2,IM,Immunology,PA,866.5510,N,N,Eligible,1
DGI,"Breast Milk, Rhodamine, Antigen, Antiserum, Control",1,IM,Immunology,IM,866.5170,N,N,Eligible,4
DGJ,"Colostrum, Antigen, Antiserum, Control",1,IM,Immunology,IM,866.5230,N,N,Eligible,4
DGK,"Igg, Fitc, Antigen, Antiserum, Control",2,IM,Immunology,IM,866.5510,N,N,Eligible,1
DGL,"Ige, Rhodamine, Antigen, Antiserum, Control",2,IM,Immunology,IM,866.5510,N,N,Eligible,1
DGM,"Breast Milk, Antigen, Antiserum, Control",1,IM,Immunology,IM,866.5170,N,N,Eligible,4
DGN,"Breast Milk, Fitc, Antigen, Antiserum, Control",1,IM,Immunology,IM,866.5170,N,N,Eligible,4
DGO,"Ige, Peroxidase, Antigen, Antiserum, Control",2,IM,Immunology,PA,866.5510,N,N,Eligible,1
DGP,"Ige, Fitc, Antigen, Antiserum, Control",2,IM,Immunology,IM,866.5510,N,N,Eligible,1
DGQ,"Whole Blood Plasma, Antigen, Antiserum, Control",1,IM,Immunology,HE,866.5700,N,N,Eligible,4
DGR,"Whole Human Serum, Antigen, Antiserum, Control",1,IM,Immunology,HE,866.5700,N,N,Eligible,4
DGW,"System, Test, Hypersensitivity Pneumonitis",2,IM,Immunology,IM,866.5500,N,N,Eligible,1
DGX,"Ng1m(A), Antigen, Antiserum, Control",1,IM,Immunology,IM,866.5065,N,N,Eligible,4
DHA,"System, Test, Human Chorionic Gonadotropin",2,CH,Clinical Chemistry,CH,862.1155,N,N,Eligible,1
DHB,"System, Test, Radioallergosorbent (Rast) Immunological",2,IM,Immunology,IM,866.5750,N,N,Eligible,1
DHC,"System, Test, Systemic Lupus Erythematosus",2,IM,Immunology,IM,866.5820,N,N,Eligible,1
DHF,"D/Km-1, Antigen, Antiserum, Control",1,IM,Immunology,PA,866.5065,N,N,Eligible,4
DHI,"Ng3m(Bo), Antigen, Antiserum, Control",1,IM,Immunology,IM,866.5065,N,N,Eligible,4
DHL,"Protein, Complement, Antigen, Antiserum, Control",1,IM,Immunology,IM,866.4100,N,N,Eligible,4
DHN,"Antinuclear Antibody, Indirect Immunofluorescent, Antigen, Control",2,IM,Immunology,IM,866.5100,N,N,Eligible,1
DHQ,"Ng3m(G), Antigen, Antiserum, Control",1,IM,Immunology,IM,866.5065,N,N,Eligible,4
DHR,"System, Test, Rheumatoid Factor",2,IM,Immunology,IM,866.5775,N,N,Eligible,1
DHX,"System, Test, Carcinoembryonic Antigen",2,IM,Immunology,IM,866.6010,N,N,Ineligible,1
DHY,"Ng4m(A), Antigen, Antiserum, Control",1,IM,Immunology,IM,866.5065,N,N,Eligible,4
DIC,"Alcohol Dehydrogenase, Specific Reagent For Ethanol Enzyme Method",2,TX,Clinical Toxicology,TX,862.3040,N,N,Eligible,1
DID,"Bacillus Subtilis Microbiology Assay, Tobramycin",2,TX,Clinical Toxicology,TX,862.3900,N,N,Eligible,1
DIE,Heavy Metals Control Materials,1,TX,Clinical Toxicology,TX,862.3280,N,N,Eligible,4
DIF,Drug Mixture Control Materials,1,TX,Clinical Toxicology,TX,862.3280,N,N,Eligible,4
DIG,Cholinesterase Test Paper,1,TX,Clinical Toxicology,TX,862.3240,N,N,Eligible,4
DIH,"Colorimetry, Cholinesterase",1,TX,Clinical Toxicology,TX,862.3240,N,N,Eligible,4
DII,"Columns, Glc",1,CH,Clinical Chemistry,TX,862.2250,N,N,Eligible,4
DIJ,"Lead, Delta Amino Levulinic Acid",2,TX,Clinical Toxicology,TX,862.3550,N,N,Eligible,1
DIK,"Thin Layer Chromatography, Quinine",1,TX,Clinical Toxicology,TX,862.3750,N,N,Eligible,1
DIL,"Radioimmunoassay, Primidone",2,TX,Clinical Toxicology,TX,862.3680,N,N,Eligible,1
DIM,"Gas Chromatography, Salicylate",2,TX,Clinical Toxicology,TX,862.3830,N,N,Eligible,1
DIN,"Gas Chromatography, Cocaine",2,TX,Clinical Toxicology,TX,862.3250,N,N,Eligible,1
DIO,"Enzyme Immunoassay, Cocaine And Cocaine Metabolites",2,TX,Clinical Toxicology,TX,862.3250,N,N,Eligible,1
DIP,"Enzyme Immunoassay, Diphenylhydantoin",2,TX,Clinical Toxicology,TX,862.3350,N,N,Eligible,1
DIQ,"Radioimmunoassay, Morphine (3-H), Goat Antibody Ammonium Sulfate Sep.",2,TX,Clinical Toxicology,TX,862.3640,N,N,Eligible,1
DIR,"Free Radical Assay, Cocaine",2,TX,Clinical Toxicology,TX,862.3250,N,N,Eligible,1
DIS,"Enzyme Immunoassay, Barbiturate",2,TX,Clinical Toxicology,TX,862.3150,N,N,Eligible,1
DIT,"Thin Layer Chromatography, Amphetamine",2,TX,Clinical Toxicology,TX,862.3100,N,N,Eligible,1
DIW,"Hemagglutination Inhibition, Methadone",2,TX,Clinical Toxicology,TX,862.3620,N,N,Eligible,1
DIX,"Thin Layer Chromatography, Phenobarbital",2,TX,Clinical Toxicology,TX,862.3660,N,N,Eligible,1
DIY,"Gas Chromatography, Ethosuximide",2,TX,Clinical Toxicology,TX,862.3380,N,N,Eligible,1
DIZ,"Delayed Analysis, Alcohol",2,TX,Clinical Toxicology,TX,862.3040,N,N,Eligible,1
DJA,"Column Supports, Glc",1,CH,Clinical Chemistry,TX,862.2250,N,N,Eligible,4
DJB,"Radioimmunoassay, Gentamicin (125-I), Second Antibody Sep.",2,TX,Clinical Toxicology,TX,862.3450,N,N,Eligible,1
DJC,"Thin Layer Chromatography, Methamphetamine",2,TX,Clinical Toxicology,TX,862.3610,N,N,Eligible,1
DJD,"Enzyme Immunoassay, Primidone",2,TX,Clinical Toxicology,TX,862.3680,N,N,Eligible,1
DJE,"Thin Layer Chromatography, Salicylate",2,TX,Clinical Toxicology,TX,862.3830,N,N,Eligible,1
DJF,"Gas Chromatography, Opiates",2,TX,Clinical Toxicology,TX,862.3650,N,N,Eligible,1
DJG,"Enzyme Immunoassay, Opiates",2,TX,Clinical Toxicology,TX,862.3650,N,N,Eligible,1
DJH,"Gas Chromatography, Phenobarbital",2,TX,Clinical Toxicology,TX,862.3660,N,N,Eligible,1
DJI,"Antiserum, Gentamicin",2,TX,Clinical Toxicology,TX,862.3450,N,N,Eligible,1
DJJ,"Fluorometry, Morphine",2,TX,Clinical Toxicology,TX,862.3640,N,N,Eligible,1
DJK,"Digitoxin Control Serum, Ria",1,TX,Clinical Toxicology,TX,862.3280,N,N,Eligible,4
DJL,"Free Radical Assay, Amphetamine",2,TX,Clinical Toxicology,TX,862.3100,N,N,Eligible,1
DJN,"Mercury Dithiazone, Colorimetry, Barbiturate",2,TX,Clinical Toxicology,TX,862.3150,N,N,Eligible,1
DJO,"Indicator, Cellulose Fluorescent, Tlc",1,CH,Clinical Chemistry,TX,862.2270,N,N,Eligible,4
DJP,"Radioimmunoassay, Amphetamine",2,TX,Clinical Toxicology,TX,862.3100,N,N,Eligible,1
DJQ,Test Reagents For Phenothiazine,2,TX,Clinical Toxicology,TX,862.3670,N,N,Eligible,1
DJR,"Enzyme Immunoassay, Methadone",2,TX,Clinical Toxicology,TX,862.3620,N,N,Eligible,1
DJS,"U.V. Light, Tlc",1,CH,Clinical Chemistry,TX,862.2270,N,N,Eligible,4
DJX,"Radioimmunoassay, Ethosuximide",2,TX,Clinical Toxicology,TX,862.3380,N,N,Eligible,1
DJY,Ion-Exchange Chromatography,1,CH,Clinical Chemistry,TX,862.2230,N,N,Eligible,4
DJZ,"Devices, Breath Trapping, Alcohol",1,TX,Clinical Toxicology,TX,862.3050,N,N,Eligible,4
DKA,"Antiserum, Digoxin",2,TX,Clinical Toxicology,TX,862.3320,N,N,Eligible,1
DKB,"Calibrators, Drug Mixture",2,TX,Clinical Toxicology,TX,862.3200,N,N,Eligible,4
DKC,Alcohol Control Materials,1,TX,Clinical Toxicology,TX,862.3280,N,N,Eligible,4
DKD,"Bacillus Subtilis, Microbiological Assay, Gentamicin",2,TX,Clinical Toxicology,TX,862.3450,N,N,Eligible,1
DKE,"Reagents, Test, Tetrahydrocannabinol",2,TX,Clinical Toxicology,TX,862.3870,N,N,Eligible,1
DKG,"Plate, Cellulose, Tlc",1,CH,Clinical Chemistry,TX,862.2270,N,N,Eligible,4
DKH,"Gas Chromatography, Diphenylhydantoin",2,TX,Clinical Toxicology,TX,862.3350,N,N,Eligible,1
DKJ,"Colorimetry, Salicylate",2,TX,Clinical Toxicology,TX,862.3830,N,N,Eligible,1
DKK,"Tanks, Developing, Tlc",1,CH,Clinical Chemistry,TX,862.2270,N,N,Eligible,4
DKN,"Radioimmunoassay, Barbiturate",2,TX,Clinical Toxicology,TX,862.3150,N,N,Eligible,1
DKO,"Adsorbents, Ion-Exchange",1,CH,Clinical Chemistry,TX,862.2230,N,N,Eligible,4
DKP,"Radioimmunoassay, Phenobarbital",2,TX,Clinical Toxicology,TX,862.3660,N,N,Eligible,1
DKQ,"Antiserum, Digitoxin",2,TX,Clinical Toxicology,TX,862.3300,N,N,Eligible,1
DKR,"Thin Layer Chromatography, Methadone",2,TX,Clinical Toxicology,TX,862.3620,N,N,Eligible,1
DKS,"Plate, Silica Gel, Tlc",1,CH,Clinical Chemistry,TX,862.2270,N,N,Eligible,4
DKT,"Free Radical Assay, Opiates",2,TX,Clinical Toxicology,TX,862.3650,N,N,Eligible,1
DKW,Test Reagents For Sulphanimide Derivatives,1,TX,Clinical Toxicology,TX,862.3850,N,N,Eligible,1
DKX,"Thin Layer Chromatography, Barbiturate",2,TX,Clinical Toxicology,TX,862.3150,N,N,Eligible,1
DKY,"Indicator, Alumina Fluorescent, Tlc",1,CH,Clinical Chemistry,TX,862.2270,N,N,Eligible,4
DKZ,"Enzyme Immunoassay, Amphetamine",2,TX,Clinical Toxicology,TX,862.3100,N,N,Eligible,1
DLA,Test Reagents For Methyl Alcohol,2,TX,Clinical Toxicology,TX,862.3040,N,N,Eligible,1
DLB,"Radioimmunoassay, Lsd (125-I)",2,TX,Clinical Toxicology,TX,862.3580,N,N,Eligible,1
DLC,"Atomizer, Tlc",1,CH,Clinical Chemistry,TX,862.2270,N,N,Eligible,4
DLD,"Thin Layer Chromatography, Codeine",2,TX,Clinical Toxicology,TX,862.3270,N,N,Eligible,1
DLE,"Reagents, Test,  Bromides",2,TX,Clinical Toxicology,TX,862.3645,N,N,Eligible,1
DLF,"Enzyme Immunoassay, Ethosuximide",2,TX,Clinical Toxicology,TX,862.3380,N,N,Eligible,1
DLG,"Coating, Liquid, Glc",1,CH,Clinical Chemistry,TX,862.2250,N,N,Eligible,4
DLH,"Gas Chromatography, Alcohol",2,TX,Clinical Toxicology,TX,862.3040,N,N,Eligible,1
DLI,"Acetylcholine Chloride, Specific Reagent For Pseudo Cholinesterase",1,TX,Clinical Toxicology,TX,862.3240,N,N,Eligible,4
DLJ,"Calibrators, Drug Specific",2,TX,Clinical Toxicology,TX,862.3200,N,N,Eligible,4
DLN,"Hemagglutination, Cocaine Metabolites (Benzoylecgnonine)",2,TX,Clinical Toxicology,TX,862.3250,N,N,Eligible,1
DLO,"Indicator, Silica Gel Fluorescent, Tlc",1,CH,Clinical Chemistry,TX,862.2270,N,N,Eligible,4
DLP,"Radioimmunoassay, Diphenylhydantoin",2,TX,Clinical Toxicology,TX,862.3350,N,N,Eligible,1
DLR,"Hemagglutination Inhibition, Morphine",2,TX,Clinical Toxicology,TX,862.3640,N,N,Eligible,1
DLS,"Gas Chromatograph, Alcohol (Dedicated Instruments)",2,TX,Clinical Toxicology,TX,862.3040,N,N,Eligible,1
DLT,"Hemagglutination, Opiates",2,TX,Clinical Toxicology,TX,862.3650,N,N,Eligible,1
DLX,"Hemagglutination Inhibition, Barbiturate",2,TX,Clinical Toxicology,TX,862.3150,N,N,Eligible,1
DLY,"Plate, Alumina, Tlc",1,CH,Clinical Chemistry,TX,862.2270,N,N,Eligible,4
DLZ,"Enzyme Immunoassay, Phenobarbital",2,TX,Clinical Toxicology,TX,862.3660,N,N,Eligible,1
DMB,"Gas Chromatography, Methadone",2,TX,Clinical Toxicology,TX,862.3620,N,N,Eligible,1
DMF,"Gas Liquid Chromatography, Barbiturate",2,TX,Clinical Toxicology,TX,862.3150,N,N,Eligible,1
DMG,"Papers, Ion",1,CH,Clinical Chemistry,TX,862.2230,N,N,Eligible,4
DMI,Potassium Dichromate Specific Reagent For Alcohol,2,TX,Clinical Toxicology,TX,862.3040,N,N,Eligible,1
DMJ,Test Reagents For Ethyl Alcohol,2,TX,Clinical Toxicology,TX,862.3040,N,N,Eligible,1
DMK,"Lead, Protoporphyrin, Fluorometric",2,TX,Clinical Toxicology,TX,862.3550,N,N,Eligible,1
DML,"Nad-Nadh, Specific Reagent For Alcohol Enzyme Method",2,TX,Clinical Toxicology,TX,862.3040,N,N,Eligible,1
DMN,"Thin Layer Chromatography, Cocaine",2,TX,Clinical Toxicology,TX,862.3250,N,N,Eligible,1
DMP,"Digoxin Control Serum, Ria",1,TX,Clinical Toxicology,TX,862.3280,N,N,Eligible,4
DMQ,"Gas Chromatography, Primidone",2,TX,Clinical Toxicology,TX,862.3680,N,N,Eligible,1
DMR,"Solution, M-Nitrophenol, Specific Reagent For Cholinesterase",1,TX,Clinical Toxicology,TX,862.3240,N,N,Eligible,4
DMS,"Gases, Glc",1,CH,Clinical Chemistry,TX,862.2250,N,N,Eligible,4
DMT,"Enzymatic Method, Alcohol Dehydrogenase, Ultraviolet",2,TX,Clinical Toxicology,TX,862.3040,N,N,Eligible,1
DMX,"Liquid Chromatography, Salicylate",2,TX,Clinical Toxicology,TX,862.3830,N,N,Eligible,1
DMY,"Gas Chromatography, Morphine",2,TX,Clinical Toxicology,TX,862.3640,N,N,Eligible,1
DMZ,"Liquid Chromatography, Adsorbent",1,CH,Clinical Chemistry,TX,862.2260,N,N,Eligible,4
DNA,"Radioimmunoassay, Morphine-Barbiturate (125-I), Goat Antibody",2,TX,Clinical Toxicology,TX,862.3640,N,N,Eligible,1
DNC,"Strip, Paper, Salicylate",2,TX,Clinical Toxicology,TX,862.3830,N,N,Eligible,1
DND,"Radioimmunoassay, Digitoxin (125-I), Rabbit Antibody, Solid Phase Sep.",2,TX,Clinical Toxicology,TX,862.3300,N,N,Eligible,1
DNE,"Atomic Absorption, Antimony",1,TX,Clinical Toxicology,TX,862.3110,N,N,Eligible,1
DNF,"Liquid Chromatography, Ethosuximide",2,TX,Clinical Toxicology,TX,862.3380,N,N,Eligible,1
DNG,"Free Radical, Benzoylecgnonine",2,TX,Clinical Toxicology,TX,862.3250,N,N,Eligible,1
DNH,"Resins, Ion-Exchange, Liquid Chromatography",1,CH,Clinical Chemistry,TX,862.2260,N,N,Eligible,4
DNI,"Liquid Chromatography, Amphetamine",2,TX,Clinical Toxicology,TX,862.3100,N,N,Eligible,1
DNJ,"Radioimmunoassay, Digoxin (125-I), Goat Antibody, 2nd Antibody Sep.",2,TX,Clinical Toxicology,TX,862.3320,N,N,Eligible,1
DNK,"Thin Layer Chromatography, Morphine",2,TX,Clinical Toxicology,TX,862.3640,N,N,Eligible,1
DNL,"Radioimmunoassay, Digoxin (125-I), Rabbit Antibody, Second Antibody Sep.",2,TX,Clinical Toxicology,TX,862.3320,N,N,Eligible,1
DNN,"Calibrators, Ethyl Alcohol",2,TX,Clinical Toxicology,TX,862.3200,N,N,Eligible,4
DNO,"Hemagglutination Inhibition, Gentamicin",2,TX,Clinical Toxicology,TX,862.3450,N,N,Eligible,1
DNP,"Thin Layer Chromatography, Ethosuximide",2,TX,Clinical Toxicology,TX,862.3380,N,N,Eligible,1
DNQ,"Radioimmunoassay, Digoxin (3-H), Rabbit Antibody, Coated Tubes Sep.",2,TX,Clinical Toxicology,TX,862.3320,N,N,Eligible,1
DNS,"Radioimmunoassay, Digoxin (125-I), Rabbit Antibody, Double Label Sep.",2,TX,Clinical Toxicology,TX,862.3320,N,N,Eligible,1
DNT,"Liquid Chromatography, Methadone",2,TX,Clinical Toxicology,TX,862.3620,N,N,Eligible,1
DNW,"Radioimmunoassay, Digitoxin (3-H), Rabbit Antibody, Charcoal Sep.",2,TX,Clinical Toxicology,TX,862.3300,N,N,Eligible,1
DNX,"Lead, Protoporphyrin Zinc Method, Fluorometric",2,TX,Clinical Toxicology,TX,862.3550,N,N,Eligible,1
DNZ,"Atomic Absorption, Arsenic",1,TX,Clinical Toxicology,TX,862.3120,N,N,Eligible,1
DOA,"Radioimmunoassay, Digoxin (125-I), Goat Antibody, Anion Exchange, Resin Sep.",2,TX,Clinical Toxicology,TX,862.3320,N,N,Eligible,1
DOB,"Radioimmunoassay, Digitoxin (3-H)",2,TX,Clinical Toxicology,TX,862.3300,N,N,Eligible,1
DOD,"Gas Chromatography, Amphetamine",2,TX,Clinical Toxicology,TX,862.3100,N,N,Eligible,1
DOE,"Radioimmunoassay, Morphine (125-I), Goat Antibody Ammonium Sulfate Sep.",2,TX,Clinical Toxicology,TX,862.3640,N,N,Eligible,1
DOF,"Lead, Atomic Absorption",2,TX,Clinical Toxicology,TX,862.3550,N,N,Ineligible,1
DOG,"Radioimmunoassay, Digoxin (125-I), Rabbit Antibody, Polyethylene Glycol",2,TX,Clinical Toxicology,TX,862.3320,N,N,Eligible,1
DOH,"Electrometry, Cholinesterase",1,TX,Clinical Toxicology,TX,862.3240,N,N,Eligible,4
DOJ,"Potassium Dichromate, Alcohol",2,TX,Clinical Toxicology,TX,862.3040,N,N,Eligible,1
DOK,"Free Radical Assay, Morphine",2,TX,Clinical Toxicology,TX,862.3640,N,N,Eligible,1
DOL,"Free Radical Assay, Lsd",2,TX,Clinical Toxicology,TX,862.3580,N,N,Eligible,1
DOM,"Thin Layer Chromatography, Benzoylecgnonine",2,TX,Clinical Toxicology,TX,862.3250,N,N,Eligible,1
DON,"Radioimmunoassay, Digoxin (125-I), Rabbit Antibody, Solid Phase Sep.",2,TX,Clinical Toxicology,TX,862.3320,N,N,Eligible,1
DOO,"Liquid Chromatography, Phenobarbital",2,TX,Clinical Toxicology,TX,862.3660,N,N,Eligible,1
DOP,"Mass Spectrometer, Clinical Use",1,CH,Clinical Chemistry,TX,862.2860,N,N,Eligible,4
DOR,"Radioimmunoassay, Digoxin (3-H), Bovine Antibody, Charcoal Sep.",2,TX,Clinical Toxicology,TX,862.3320,N,N,Eligible,1
DOS,"Thin Layer Chromatography, Primidone",2,TX,Clinical Toxicology,TX,862.3680,N,N,Eligible,1
DOW,"Radioimmunoassay, Digitoxin (3-H), Rabbit Antibody, Coated Tube",2,TX,Clinical Toxicology,TX,862.3300,N,N,Eligible,1
DOX,"Fluorometer, Lead (Dedicated Instruments)",2,TX,Clinical Toxicology,TX,862.3550,N,N,Eligible,1
DOY,"Radioimmunoassay, Digoxin (3-H), Goat Antibody, 2nd Antibody Sep.",2,TX,Clinical Toxicology,TX,862.3320,N,N,Eligible,1
DOZ,"Liquid Chromatography, Diphenylhydantoin",2,TX,Clinical Toxicology,TX,862.3350,N,N,Eligible,1
DPA,"Apparatus, General Use, Thin Layer Chromatography",1,CH,Clinical Chemistry,TX,862.2270,N,N,Eligible,4
DPB,"Radioimmunoassay, Digoxin (125-I), Rabbit Antibody, Charcoal Sep.",2,TX,Clinical Toxicology,TX,862.3320,N,N,Eligible,1
DPD,"Radioimmunoassay, Digoxin (3-H), Rabbit Antibody, Charcoal Sep.",2,TX,Clinical Toxicology,TX,862.3320,N,N,Eligible,1
DPE,"Thin Layer Chromatography, Diphenylhydantoin",2,TX,Clinical Toxicology,TX,862.3350,N,N,Eligible,1
DPG,"Radioimmunoassay, Digitoxin (125-I), Rabbit Antibody, Coated Tube Sep.",2,TX,Clinical Toxicology,TX,862.3300,N,N,Eligible,1
DPH,"Mercury, Atomic Absorption",1,TX,Clinical Toxicology,TX,862.3600,N,N,Eligible,1
DPI,"Radioimmunoassay, Digoxin (125-I), Bovine Antibody, Charcoal Sep.",2,TX,Clinical Toxicology,TX,862.3320,N,N,Eligible,1
DPJ,"Radioimmunoassay, Amphetamine (125-I), Goat Antibody, Ammonium Sulfate Sep.",2,TX,Clinical Toxicology,TX,862.3100,N,N,Eligible,1
DPK,"Liquid Chromatography, Morphine",2,TX,Clinical Toxicology,TX,862.3640,N,N,Eligible,1
DPL,"Radioimmunoassay, Digitoxin (125-I), Bovine Antibody, Charcoal Sep.",2,TX,Clinical Toxicology,TX,862.3300,N,N,Eligible,1
DPM,"Columns, Liquid Chromatography",1,CH,Clinical Chemistry,TX,862.2260,N,N,Eligible,4
DPN,"Thin Layer Chromatography, Propoxyphene",2,TX,Clinical Toxicology,TX,862.3700,N,N,Eligible,1
DPO,"Radioimmunoassay, Digoxin (125-I), Rabbit Antibody, Coated Tube Sep.",2,TX,Clinical Toxicology,TX,862.3320,N,N,Eligible,1
DPP,"Free Radical Assay, Methadone",2,TX,Clinical Toxicology,TX,862.3620,N,N,Eligible,1
DPQ,"Liquid Chromatography, Primidone",2,TX,Clinical Toxicology,TX,862.3680,N,N,Eligible,1
DPS,Electrocardiograph,2,CV,Cardiovascular,CV,870.2340,N,N,Eligible,1
DPT,"Probe, Blood-Flow, Extravascular",2,CV,Cardiovascular,CV,870.2120,N,N,Eligible,1
DPW,"Flowmeter, Blood, Cardiovascular",2,CV,Cardiovascular,CV,870.2100,N,N,Eligible,1
DPZ,"Oximeter, Ear",2,CV,Cardiovascular,AN,870.2710,N,N,Eligible,1
DQA,Oximeter,2,CV,Cardiovascular,AN,870.2700,N,N,Eligible,1
DQB,"Phlebograph, Impedance",2,CV,Cardiovascular,CV,870.2750,N,N,Eligible,1
DQC,Phonocardiograph,1,CV,Cardiovascular,CV,870.2390,N,N,Eligible,4
DQD,"Stethoscope, Electronic",2,CV,Cardiovascular,CV,870.1875,N,N,Eligible,1
DQE,"Catheter, Oximeter, Fiber-Optic",2,CV,Cardiovascular,CV,870.1230,N,N,Eligible,1
DQF,"Actuator, Syringe, Injector Type",2,CV,Cardiovascular,HO,870.1670,N,N,Eligible,1
DQG,"Microsphere, Trace",3,CV,Cardiovascular,CV,870.1360,Y,N,Eligible,2
DQH,"Cardiograph, Apex (Vibrocardiograph)",2,CV,Cardiovascular,CV,870.2310,N,N,Eligible,1
DQI,Withdrawal/Infusion Pump,2,CV,Cardiovascular,HO,870.1800,N,N,Eligible,1
DQK,"Computer, Diagnostic, Programmable",2,CV,Cardiovascular,CV,870.1425,N,N,Eligible,1
DQO,"Catheter, Intravascular, Diagnostic",2,CV,Cardiovascular,CV,870.1200,N,N,Eligible,1
DQP,"Kit, Balloon Repair, Catheter",3,CV,Cardiovascular,CV,870.1350,N,N,Eligible,2
DQR,"Cannula, Catheter",2,CV,Cardiovascular,CV,870.1300,N,N,Eligible,1
DQT,"Occluder, Catheter Tip",2,CV,Cardiovascular,CV,870.1370,N,N,Eligible,1
DQX,"Wire, Guide, Catheter",2,CV,Cardiovascular,CV,870.1330,N,N,Eligible,1
DQY,"Catheter, Percutaneous",2,CV,Cardiovascular,CV,870.1250,N,N,Eligible,1
DRA,"Catheter, Steerable",2,CV,Cardiovascular,CV,870.1280,N,N,Eligible,1
DRB,"Stylet, Catheter",2,CV,Cardiovascular,CV,870.1380,N,N,Eligible,1
DRC,Trocar,2,CV,Cardiovascular,CV,870.1390,N,N,Eligible,4
DRE,"Dilator, Vessel, For Percutaneous Catheterization",2,CV,Cardiovascular,CV,870.1310,N,N,Eligible,1
DRF,"Catheter, Electrode Recording, Or Probe, Electrode Recording",2,CV,Cardiovascular,CV,870.1220,N,N,Eligible,1
DRG,"Transmitters And Receivers, Physiological Signal, Radiofrequency",2,CV,Cardiovascular,CV,870.2910,N,N,Eligible,1
DRI,"Monitor, Line Isolation",1,CV,Cardiovascular,CV,870.2620,N,N,Eligible,4
DRJ,"System, Signal Isolation",1,CV,Cardiovascular,CV,870.2600,N,N,Eligible,4
DRK,"Dc-Defibrillator, High Energy, (Including Paddles)",3,CV,Cardiovascular,CV,870.5300,N,N,Eligible,2
DRL,"Tester, Defibrillator",2,CV,Cardiovascular,CV,870.5325,N,N,Eligible,1
DRM,"Compressor, Cardiac, External",2,CV,Cardiovascular,CV,870.5200,N,N,Eligible,1
DRN,"Device, Counter-Pulsating, External",2,CV,Cardiovascular,CV,870.5225,N,N,Eligible,1
DRO,"Pacemaker, Cardiac, External Transcutaneous (Non-Invasive)",2,CV,Cardiovascular,CV,870.5550,N,Y,Eligible,1
DRP,"Tourniquet, Automatic Rotating",2,CV,Cardiovascular,CV,870.5925,N,N,Eligible,1
DRQ,"Amplifier And Signal Conditioner, Transducer Signal",2,CV,Cardiovascular,CV,870.2060,N,N,Eligible,1
DRR,"Amplifier And Signal Conditioner, Biopotential",2,CV,Cardiovascular,CV,870.2050,N,N,Eligible,1
DRS,"Transducer, Blood-Pressure, Extravascular",2,CV,Cardiovascular,CV,870.2850,N,N,Eligible,1
DRT,"Monitor, Cardiac (Incl. Cardiotachometer & Rate Alarm)",2,CV,Cardiovascular,CV,870.2300,N,N,Eligible,1
DRW,"Adaptor, Lead Switching, Electrocardiograph",2,CV,Cardiovascular,CV,870.2350,N,N,Eligible,1
DRX,"Electrode, Electrocardiograph",2,CV,Cardiovascular,CV,870.2360,N,N,Eligible,4
DRY,"Monitor, Blood-Gas, On-Line, Cardiopulmonary Bypass",2,CV,Cardiovascular,CV,870.4330,N,N,Eligible,1
DRZ,Oscillometer,2,CV,Cardiovascular,CV,870.2675,N,N,Eligible,4
DSA,"Cable, Transducer And Electrode, Patient, (Including Connector)",2,CV,Cardiovascular,CV,870.2900,N,N,Eligible,1
DSB,"Plethysmograph, Impedance",2,CV,Cardiovascular,CV,870.2770,N,N,Eligible,1
DSF,"Recorder, Paper Chart",1,CV,Cardiovascular,CV,870.2810,N,N,Eligible,4
DSH,"Recorder, Magnetic Tape, Medical",2,CV,Cardiovascular,CV,870.2800,N,N,Eligible,1
DSI,"Detector And Alarm, Arrhythmia",2,CV,Cardiovascular,CV,870.1025,N,N,Ineligible,1
DSJ,"Alarm, Blood-Pressure",2,CV,Cardiovascular,CV,870.1100,N,N,Eligible,1
DSK,"Computer, Blood-Pressure",2,CV,Cardiovascular,CV,870.1110,N,N,Eligible,1
DSM,"Alarm, Leakage Current, Portable",1,CV,Cardiovascular,CV,870.2640,N,N,Eligible,4
DSP,"System, Balloon, Intra-Aortic And Control",2,CV,Cardiovascular,CV,870.3535,N,N,Ineligible,1
DSQ,Ventricular (Assist) Bypass,3,,Unknown,CV,,Y,N,Ineligible,2
DSR,"Stimulator, Carotid Sinus Nerve",3,CV,Cardiovascular,CV,870.3850,Y,N,Eligible,2
DSS,"Clip, Vascular",2,CV,Cardiovascular,CV,870.3250,Y,N,Eligible,1
DST,"Clip, Vena-Cava",2,CV,Cardiovascular,CV,870.3260,Y,N,Eligible,1
DSW,"Bag, Polymeric Mesh, Pacemaker",1,CV,Cardiovascular,CV,870.3650,Y,N,Eligible,4
DSY,"Prosthesis, Vascular Graft, Of 6mm And Greater Diameter",2,CV,Cardiovascular,CV,870.3450,Y,N,Eligible,1
DSZ,Pacemaker Battery,3,CV,Cardiovascular,CV,870.3610,Y,N,Ineligible,2
DTA,"Tester, Pacemaker Electrode Function",2,CV,Cardiovascular,CV,870.3720,N,N,Eligible,1
DTB,Permanent Pacemaker Electrode,3,CV,Cardiovascular,CV,870.3680,Y,N,Ineligible,2
DTC,"Analyzer, Pacemaker Generator Function",2,CV,Cardiovascular,CV,870.3630,N,N,Eligible,1
DTD,Pacemaker Lead Adaptor,2,CV,Cardiovascular,CV,870.3620,Y,N,Eligible,1
DTE,"Pulse-Generator, Pacemaker, External",2,CV,Cardiovascular,CV,870.3600,N,N,Eligible,1
DTF,"Tools, Pacemaker Service",1,CV,Cardiovascular,CV,870.3730,N,N,Eligible,4
DTG,"Magnet, Test, Pacemaker",1,CV,Cardiovascular,CV,870.3690,N,N,Eligible,4
DTH,"Suture, Cardiovascular",3,,Unknown,SU,,Y,N,Eligible,2
DTI,"Sizer, Heart-Valve, Prosthesis",1,CV,Cardiovascular,CV,870.3945,N,N,Eligible,4
DTJ,"Holder, Heart-Valve, Prosthesis",1,CV,Cardiovascular,CV,870.3935,N,N,Eligible,4
DTK,"Filter, Intravascular, Cardiovascular",2,CV,Cardiovascular,CV,870.3375,Y,N,Eligible,1
DTL,"Adaptor, Stopcock, Manifold, Fitting, Cardiopulmonary Bypass",2,CV,Cardiovascular,CV,870.4290,N,N,Eligible,4
DTM,"Filter, Blood, Cardiopulmonary Bypass, Arterial Line",2,CV,Cardiovascular,CV,870.4260,N,Y,Eligible,1
DTN,"Reservoir, Blood, Cardiopulmonary Bypass",2,CV,Cardiovascular,CV,870.4400,N,N,Eligible,1
DTP,"Defoamer, Cardiopulmonary Bypass",2,CV,Cardiovascular,CV,870.4230,N,Y,Eligible,1
DTQ,"Console, Heart-Lung Machine, Cardiopulmonary Bypass",2,CV,Cardiovascular,CV,870.4220,N,Y,Eligible,1
DTR,"Heat-Exchanger, Cardiopulmonary Bypass",2,CV,Cardiovascular,CV,870.4240,N,Y,Eligible,1
DTS,"Sucker, Cardiotomy Return, Cardiopulmonary Bypass",2,CV,Cardiovascular,CV,870.4420,N,N,Eligible,4
DTW,"Monitor And/Or Control, Level Sensing, Cardiopulmonary Bypass",2,CV,Cardiovascular,CV,870.4340,N,N,Eligible,4
DTX,"Gas Control Unit, Cardiopulmonary Bypass",2,CV,Cardiovascular,CV,870.4300,N,Y,Eligible,1
DTY,"Sensor, Blood-Gas, In-Line, Cardiopulmonary Bypass",2,CV,Cardiovascular,CV,870.4410,N,N,Eligible,1
DTZ,"Oxygenator, Cardiopulmonary Bypass",2,CV,Cardiovascular,CV,870.4350,N,Y,Eligible,1
DWA,"Control, Pump Speed, Cardiopulmonary Bypass",2,CV,Cardiovascular,CV,870.4380,N,Y,Eligible,1
DWB,"Pump, Blood, Cardiopulmonary Bypass, Roller Type",2,CV,Cardiovascular,CV,870.4370,N,Y,Eligible,1
DWC,"Controller, Temperature, Cardiopulmonary Bypass",2,CV,Cardiovascular,CV,870.4250,N,Y,Ineligible,1
DWD,"Suction Control, Intracardiac, Cardiopulmonary Bypass",2,CV,Cardiovascular,CV,870.4430,N,N,Eligible,4
DWE,"Tubing, Pump, Cardiopulmonary Bypass",2,CV,Cardiovascular,CV,870.4390,N,N,Eligible,1
DWF,"Catheter, Cannula And Tubing, Vascular, Cardiopulmonary Bypass",2,CV,Cardiovascular,CV,870.4210,N,N,Eligible,1
DWG,Electrosurgical Device,2,SU,"General, Plastic Surgery",SU,878.4400,N,N,Eligible,1
DWH,"Blade, Saw, Surgical, Cardiovascular",1,SU,"General, Plastic Surgery",SU,878.4820,N,N,Eligible,4
DWI,"Saw, Electrically Powered",1,SU,"General, Plastic Surgery",SU,878.4820,N,N,Eligible,4
DWJ,"System, Thermal Regulating",2,CV,Cardiovascular,CV,870.5900,N,N,Ineligible,1
DWL,"Stocking, Medical Support (To Prevent Pooling Of Blood In Legs)",2,HO,General Hospital,HO,880.5780,N,N,Eligible,4
DWM,"Apparatus, Suction, Patient Care",2,CV,Cardiovascular,AN,870.5050,N,N,Eligible,1
DWO,"Needle, Biopsy, Cardiovascular",1,SU,"General, Plastic Surgery",SU,878.4800,N,N,Eligible,4
DWP,"Dilator, Vessel, Surgical",2,CV,Cardiovascular,CV,870.4475,N,N,Eligible,1
DWQ,"Stripper, Vein, External",2,CV,Cardiovascular,CV,870.4885,N,N,Eligible,1
DWS,"Instruments, Surgical, Cardiovascular",1,CV,Cardiovascular,CV,870.4500,N,N,Eligible,4
DWX,"Stripper, Artery, Intraluminal",2,CV,Cardiovascular,CV,870.4875,N,N,Eligible,1
DWZ,"Device, Biopsy, Endomyocardial",2,CV,Cardiovascular,CV,870.4075,N,N,Eligible,1
DXC,"Clamp, Vascular",2,CV,Cardiovascular,CV,870.4450,N,N,Eligible,1
DXE,"Catheter, Embolectomy",2,CV,Cardiovascular,CV,870.5150,N,N,Eligible,1
DXF,"Catheter, Septostomy",2,CV,Cardiovascular,CV,870.5175,N,N,Eligible,1
DXG,"Computer, Diagnostic, Pre-Programmed, Single-Function",2,CV,Cardiovascular,CV,870.1435,N,N,Eligible,1
DXH,"Transmitters And Receivers, Electrocardiograph, Telephone",2,CV,Cardiovascular,CV,870.2920,N,N,Eligible,1
DXJ,"Display, Cathode-Ray Tube, Medical",2,CV,Cardiovascular,CV,870.2450,N,N,Eligible,1
DXK,Echocardiograph,2,CV,Cardiovascular,CV,870.2330,N,N,Eligible,1
DXL,"Injector, Indicator",2,CV,Cardiovascular,CV,870.1660,N,N,Eligible,1
DXM,Densitometer,2,CV,Cardiovascular,CV,870.1450,N,N,Eligible,1
DXN,"System, Measurement, Blood-Pressure, Non-Invasive",2,CV,Cardiovascular,CV,870.1130,N,N,Eligible,1
DXO,"Transducer, Pressure, Catheter Tip",2,CV,Cardiovascular,CV,870.2870,N,N,Eligible,1
DXP,"Transducer, Vessel Occlusion",2,CV,Cardiovascular,CV,870.2890,N,N,Eligible,1
DXQ,Blood Pressure Cuff,2,CV,Cardiovascular,CV,870.1120,N,N,Eligible,1
DXR,Ballistocardiograph,2,CV,Cardiovascular,CV,870.2320,N,N,Eligible,1
DXS,"Gauge, Pressure, Coronary, Cardiopulmonary Bypass",2,CV,Cardiovascular,CV,870.4310,N,N,Eligible,1
DXT,"Injector And Syringe, Angiographic",2,CV,Cardiovascular,HO,870.1650,N,N,Ineligible,1
DXW,"System, Phonocatheter, Intracavitary",2,CV,Cardiovascular,CV,870.1270,N,N,Eligible,1
DXX,"System, Catheter Control, Steerable",2,CV,Cardiovascular,CV,870.1290,N,N,Eligible,1
DXY,Implantable Pacemaker Pulse-Generator,3,CV,Cardiovascular,CV,870.3610,Y,N,Ineligible,2
DXZ,"Patch, Pledget And Intracardiac, Petp, Ptfe, Polypropylene",2,CV,Cardiovascular,CV,870.3470,Y,N,Eligible,1
DYB,"Introducer, Catheter",2,CV,Cardiovascular,CV,870.1340,N,N,Eligible,1
DYC,Vectorcardiograph,2,CV,Cardiovascular,CV,870.2400,N,N,Eligible,1
DYE,Replacement Heart-Valve,3,CV,Cardiovascular,CV,870.3925,Y,N,Eligible,2
DYF,"Prosthesis, Vascular Graft, Of Less Then 6mm Diameter",2,CV,Cardiovascular,CV,870.3450,Y,N,Eligible,1
DYG,"Catheter, Flow Directed",2,CV,Cardiovascular,CV,870.1240,N,N,Eligible,1
DYH,"Adhesive, Bracket And Tooth Conditioner, Resin",2,DE,Dental,DE,872.3750,N,N,Eligible,1
DYJ,"Retainer, Screw Expansion, Orthodontic",1,DE,Dental,DE,872.5410,N,N,Eligible,4
DYN,"Mouthpiece, Saliva Ejector",1,DE,Dental,DE,872.6640,N,N,Eligible,4
DYO,"Band, Material, Orthodontic",1,DE,Dental,DE,872.5410,N,N,Eligible,4
DYT,"Maintainer, Space Preformed, Orthodontic",1,DE,Dental,DE,872.5525,N,N,Eligible,4
DYW,"Bracket, Plastic, Orthodontic",2,DE,Dental,DE,872.5470,N,N,Eligible,1
DYX,"Lock, Wire, And Ligature, Intraoral",2,DE,Dental,DE,872.4600,Y,N,Eligible,1
DZA,"Drill, Dental, Intraoral",1,DE,Dental,DE,872.4130,N,N,Eligible,4
DZB,"Headgear, Extraoral, Orthodontic",2,DE,Dental,DE,872.5500,N,N,Eligible,1
DZC,"Wire, Orthodontic",1,DE,Dental,DE,872.5410,N,N,Eligible,4
DZD,"Tube, Orthodontic",1,DE,Dental,DE,872.5410,N,N,Eligible,4
DZE,"Implant, Endosseous, Root-Form",2,DE,Dental,DE,872.3640,Y,N,Eligible,1
DZG,"Suture, Dental",3,,Unknown,SU,,Y,N,Eligible,2
DZH,"Saw, Bone, Ac-Powered",2,DE,Dental,DE,872.4120,N,N,Eligible,1
DZI,"Drill, Bone, Powered",2,DE,Dental,DE,872.4120,N,N,Eligible,1
DZJ,"Driver, Wire, And Bone Drill, Manual",2,DE,Dental,DE,872.4120,N,N,Eligible,1
DZK,"Wire, Fixation, Intraosseous",2,DE,Dental,DE,872.4880,Y,N,Eligible,1
DZL,"Screw, Fixation, Intraosseous",2,DE,Dental,DE,872.4880,Y,N,Eligible,1
DZM,"Needle, Dental",1,DE,Dental,DE,872.4730,N,N,Eligible,4
DZN,"Instruments, Dental Hand",1,DE,Dental,DE,872.4565,N,N,Eligible,4
DZP,"Instrument, Diamond, Dental",1,DE,Dental,DE,872.4535,N,N,Eligible,4
DZS,"Capsule, Dental, Amalgam",1,DE,Dental,DE,872.3110,N,N,Eligible,4
EAG,Cephalometer,2,DE,Dental,RA,872.1830,N,N,Eligible,1
EAH,"Cone, Radiographic, Lead-Lined",1,DE,Dental,RA,872.1850,N,N,Eligible,4
EAJ,"Apron, Leaded",1,RA,Radiology,RA,892.6500,N,N,Eligible,4
EAK,"Screen, Leaded, Operator Radiation Protector",1,RA,Radiology,RA,892.6500,N,N,Eligible,4
EAM,"Screen, Intensifying, Radiographic",1,RA,Radiology,RA,892.1960,N,N,Eligible,4
EAP,"Unit, X-Ray, Intraoral",2,DE,Dental,RA,872.1810,N,N,Eligible,1
EAQ,"Detector, Ultraviolet",2,DE,Dental,DE,872.6350,N,N,Eligible,1
EAS,"Gel, Electrode, For Pulp Tester",1,DE,Dental,DE,872.1730,N,N,Eligible,4
EAT,"Tester, Pulp",2,DE,Dental,DE,872.1720,N,N,Eligible,4
EAX,"Mirror, Mouth",1,DE,Dental,DE,872.4565,N,N,Eligible,4
EAY,"Light, Fiber Optic, Dental",1,DE,Dental,DE,872.4620,N,N,Eligible,4
EAZ,"Light, Operating, Dental",1,DE,Dental,DE,872.4630,N,N,Eligible,4
EBA,"Light, Surgical Headlight",1,DE,Dental,DE,872.4630,N,N,Eligible,4
EBC,"Sealant, Pit And Fissure, And Conditioner",2,DE,Dental,DE,872.3765,N,N,Eligible,1
EBD,"Coating, Filling Material, Resin",2,DE,Dental,DE,872.3310,N,N,Eligible,1
EBE,"Coating, Denture Hydrophilic, Resin",2,DE,Dental,DE,872.3300,N,N,Eligible,4
EBF,"Material, Tooth Shade, Resin",2,DE,Dental,DE,872.3690,N,N,Eligible,1
EBG,"Crown And Bridge, Temporary, Resin",2,DE,Dental,DE,872.3770,N,N,Eligible,1
EBH,"Material, Impression Tray, Resin",1,DE,Dental,DE,872.3670,N,N,Eligible,4
EBI,"Resin, Denture, Relining, Repairing, Rebasing",2,DE,Dental,DE,872.3760,N,N,Eligible,1
EBL,"Pin, Retentive And Splinting, And Accessory Instruments",1,DE,Dental,DE,872.3740,N,N,Eligible,4
EBO,Denture Repair Kit,2,DE,Dental,DE,872.3570,N,N,Eligible,7
EBP,"Reliner, Denture, Over The Counter",2,DE,Dental,DE,872.3560,N,N,Eligible,4
EBR,"Unit, Suction Operatory",1,DE,Dental,DE,872.6640,N,N,Eligible,4
EBW,"Controller, Foot, Handpiece And Cord",1,DE,Dental,DE,872.4200,N,N,Eligible,1
EBZ,"Activator, Ultraviolet, For Polymerization",2,DE,Dental,DE,872.6070,N,N,Eligible,1
ECB,"Unit, Syringe, Air And/Or Water",1,DE,Dental,DE,872.4565,N,N,Eligible,4
ECC,"Sterilizer, Glass Bead",3,DE,Dental,DE,872.6730,N,N,Eligible,2
ECG,"Sterilizer, Boiling Water",1,DE,Dental,DE,872.6710,N,N,Eligible,1
ECI,"Band, Elastic, Orthodontic",1,DE,Dental,DE,872.5410,N,N,Eligible,4
ECM,"Band, Preformed, Orthodontic",1,DE,Dental,DE,872.5410,N,N,Eligible,4
ECN,"Clamp, Wire, Orthodontic",1,DE,Dental,DE,872.5410,N,N,Eligible,4
ECO,"Spring, Orthodontic",1,DE,Dental,DE,872.5410,N,N,Eligible,4
ECP,"Instrument, Ligature Tucking, Orthodontic",1,DE,Dental,DE,872.4565,N,N,Eligible,4
ECQ,"Aligner, Bracket, Orthodontic",1,DE,Dental,DE,872.4565,N,N,Eligible,4
ECR,"Setter, Band, Orthodontic",1,DE,Dental,DE,872.4565,N,N,Eligible,4
ECS,"Pusher, Band, Orthodontic",1,DE,Dental,DE,872.4565,N,N,Eligible,4
ECT,"Driver, Band, Orthodontic",1,DE,Dental,DE,872.4565,N,N,Eligible,4
ECX,"Cylinder, Compressed Gas, And Valve",1,AN,Anesthesiology,AN,868.2700,N,N,Eligible,4
EEA,"Plate, Base, Shellac",1,DE,Dental,DE,872.6200,N,N,Eligible,4
EEF,"Clamp, Rubber Dam",1,DE,Dental,DE,872.6300,N,N,Eligible,4
EEG,Heat Source For Bleaching Teeth,1,DE,Dental,DE,872.6475,N,N,Eligible,4
EEJ,"Guard, Disk",1,DE,Dental,DE,872.6010,N,N,Eligible,4
EFA,"Handpiece, Belt And/Or Gear Driven, Dental",1,DE,Dental,DE,872.4200,N,N,Eligible,1
EFB,"Handpiece, Air-Powered, Dental",1,DE,Dental,DE,872.4200,N,N,Eligible,1
EFC,"Warmer, Anesthetic Tube",1,DE,Dental,DE,872.6100,N,N,Eligible,4
EFD,"Amalgamator, Dental, Ac-Powered",1,DE,Dental,DE,872.3100,N,N,Eligible,4
EFH,"Paper, Articulation",1,DE,Dental,DE,872.6140,N,N,Eligible,4
EFK,"Forceps, Articulation Paper",1,DE,Dental,DE,872.4565,N,N,Eligible,4
EFL,"Forceps, Dressing, Dental",1,DE,Dental,DE,872.4565,N,N,Eligible,4
EFN,"Cotton, Roll",1,DE,Dental,DE,872.6050,N,N,Eligible,4
EFQ,"Gauze/Sponge, Internal",U,,Unknown,SU,,N,N,Eligible,1
EFS,"Unit, Oral Irrigation",1,DE,Dental,DE,872.6510,N,N,Eligible,4
EFT,"Cleanser, Denture, Over The Counter",1,DE,Dental,DE,872.3520,N,N,Eligible,4
EFW,"Toothbrush, Manual",1,DE,Dental,DE,872.6855,N,N,Eligible,4
EFX,"Protector, Silicate",1,DE,Dental,DE,872.6670,N,N,Eligible,4
EGD,"Wax, Dental, Intraoral",1,DE,Dental,DE,872.6890,N,N,Eligible,4
EGG,"Attachment, Precision, All",1,DE,Dental,DE,872.3165,N,N,Eligible,4
EGI,Parallelometer,1,DE,Dental,DE,872.4565,N,N,Eligible,4
EGJ,"Device, Iontophoresis, Other Uses",2,PM,Physical Medicine,PM,890.5525,N,N,Eligible,1
EGM,"Injector, Jet, Mechanical-Powered",2,DE,Dental,DE,872.4475,N,N,Eligible,1
EGN,"Scissors, Surgical Tissue, Dental",1,DE,Dental,DE,872.4565,N,N,Eligible,4
EGQ,"Injector, Jet, Gas-Powered",2,DE,Dental,DE,872.4465,N,N,Eligible,1
EGS,"Handpiece, Contra- And Right-Angle Attachment, Dental",1,DE,Dental,DE,872.4200,N,N,Ineligible,1
EGT,"Controller, Temperature, Radiographic",2,RA,Radiology,RA,892.1900,N,N,Eligible,4
EGW,"Dryer, Film, Radiographic",2,RA,Radiology,RA,892.1900,N,N,Eligible,4
EGY,"Processor, Radiographic-Film, Automatic, Dental",2,RA,Radiology,RA,892.1900,N,N,Eligible,4
EGZ,"Holder, Film, X-Ray",1,DE,Dental,DE,872.1905,N,N,Eligible,4
EHA,"Aligner, Beam, X-Ray",1,DE,Dental,DE,872.1820,N,N,Eligible,4
EHB,"Collimator, X-Ray",1,DE,Dental,RA,872.1840,N,N,Eligible,4
EHD,"Unit, X-Ray, Extraoral With Timer",2,DE,Dental,RA,872.1800,N,N,Eligible,1
EHE,"Dispenser, Mercury And/Or Alloy",1,DE,Dental,DE,872.3080,N,N,Eligible,4
EHJ,"Disk, Abrasive",1,DE,Dental,DE,872.6010,N,N,Eligible,4
EHK,"Cup, Prophylaxis",1,DE,Dental,DE,872.6290,N,N,Eligible,4
EHL,"Point, Abrasive",1,DE,Dental,DE,872.6010,N,N,Eligible,4
EHM,"Strip, Polishing Agent",1,DE,Dental,DE,872.6010,N,N,Eligible,4
EHO,"Bar, Preformed",1,DE,Dental,DE,872.3165,N,N,Eligible,4
EHP,"Clasp, Preformed",1,DE,Dental,DE,872.3285,N,N,Eligible,4
EHQ,"Cusp, Preformed",1,DE,Dental,DE,872.3360,N,N,Eligible,4
EHR,"Pad, Denture, Over The Counter",2,DE,Dental,DE,872.3540,N,N,Eligible,4
EHS,"Cushion, Denture, Over The Counter",2,DE,Dental,DE,872.3540,N,N,Eligible,4
EHY,"Tray, Impression, Preformed",1,DE,Dental,DE,872.6880,N,N,Eligible,4
EHZ,"Evacuator, Oral Cavity",1,DE,Dental,DE,872.6640,N,N,Eligible,4
EIA,"Unit, Operative Dental",1,DE,Dental,DE,872.6640,N,N,Eligible,1
EIB,"Syringe, Irrigating (Dental)",1,DE,Dental,DE,872.4565,N,N,Eligible,4
EIC,"Syringe, Periodontic, Endodontic, Irrigating",1,DE,Dental,DE,872.4565,N,N,Eligible,4
EID,"Syringe, Restorative And Impression Material",1,DE,Dental,DE,872.4565,N,N,Eligible,4
EIE,"Dam, Rubber",1,DE,Dental,DE,872.6300,N,N,Eligible,4
EIF,"Accessories, Retractor, Dental",1,DE,Dental,DE,872.4565,N,N,Eligible,4
EIG,"Retractor, All Types",1,DE,Dental,DE,872.4565,N,N,Eligible,4
EIH,"Powder, Porcelain",2,DE,Dental,DE,872.6660,N,N,Eligible,1
EIK,"Carver, Wax, Dental",1,DE,Dental,DE,872.4565,N,N,Eligible,4
EIL,"Gauge, Depth, Instrument, Dental",1,DE,Dental,DE,872.4565,N,N,Eligible,4
EIR,"Scissors, Collar And Crown",1,DE,Dental,DE,872.4565,N,N,Eligible,4
EIS,"Remover, Crown",1,DE,Dental,DE,872.4565,N,N,Eligible,4
EIT,"Applicator, Rapid Wax, Dental",2,DE,Dental,DE,872.3060,N,N,Eligible,4
EIX,"Probe, Periodontic",1,DE,Dental,DE,872.4565,N,N,Eligible,4
EIY,"Instrument, Filling, Plastic, Dental",1,DE,Dental,DE,872.4565,N,N,Eligible,4
EJB,"Handle, Instrument, Dental",1,DE,Dental,DE,872.4565,N,N,Eligible,4
EJE,"Frame, Rubber Dam",1,DE,Dental,DE,872.6300,N,N,Eligible,4
EJF,"Bracket, Metal, Orthodontic",1,DE,Dental,DE,872.5410,N,N,Eligible,4
EJG,"Forceps, Rubber Dam Clamp",1,DE,Dental,DE,872.6300,N,N,Eligible,4
EJH,"Alloy, Metal, Base",2,DE,Dental,DE,872.3710,N,N,Eligible,4
EJI,"Syringe, Cartridge",2,DE,Dental,DE,872.6770,N,N,Eligible,4
EJJ,"Alloy, Amalgam",2,DE,Dental,DE,872.3070,N,N,Eligible,1
EJK,"Liner, Cavity, Calcium Hydroxide",2,DE,Dental,DE,872.3250,N,N,Eligible,1
EJL,"Bur, Dental",1,DE,Dental,DE,872.3240,N,N,Eligible,4
EJP,Articulators,1,DE,Dental,DE,872.3150,N,N,Eligible,4
EJQ,"Wheel, Polishing Agent",1,DE,Dental,DE,872.6010,N,N,Eligible,4
EJR,"Agent, Polishing, Abrasive, Oral Cavity",1,DE,Dental,DE,872.6030,N,N,Eligible,4
EJS,"Alloy, Other Noble Metal",2,DE,Dental,DE,872.3060,N,N,Eligible,4
EJT,"Alloy, Gold-Based Noble Metal",2,DE,Dental,DE,872.3060,N,N,Eligible,4
EJW,"Clasp, Wire",1,DE,Dental,DE,872.3285,N,N,Eligible,4
EJX,"Anchor, Preformed",1,DE,Dental,DE,872.3130,N,N,Eligible,4
EJY,"Pliers, Operative",1,DE,Dental,DE,872.4565,N,N,Eligible,4
EJZ,"Knife, Margin Finishing, Operative",1,DE,Dental,DE,872.4565,N,N,Eligible,4
EKA,"File, Margin Finishing, Operative",1,DE,Dental,DE,872.4565,N,N,Eligible,4
EKB,"Explorer, Operative",1,DE,Dental,DE,872.4565,N,N,Eligible,4
EKC,"Excavator, Dental, Operative",1,DE,Dental,DE,872.4565,N,N,Eligible,4
EKD,"Instrument, Cutting, Operative",1,DE,Dental,DE,872.4565,N,N,Eligible,4
EKE,"Curette, Operative",1,DE,Dental,DE,872.4565,N,N,Eligible,4
EKF,"Instrument, Contouring, Matrix, Operative",1,DE,Dental,DE,872.4565,N,N,Eligible,4
EKG,"Condenser, Amalgam And Foil, Operative",1,DE,Dental,DE,872.4565,N,N,Eligible,4
EKH,"Carver, Dental Amalgam, Operative",1,DE,Dental,DE,872.4565,N,N,Eligible,4
EKI,"Carrier, Amalgam, Operative",1,DE,Dental,DE,872.4565,N,N,Eligible,4
EKJ,"Burnisher, Operative",1,DE,Dental,DE,872.4565,N,N,Eligible,4
EKK,"Spreader, Pulp Canal Filling Material, Endodontic",1,DE,Dental,DE,872.4565,N,N,Eligible,4
EKL,"Point, Silver, Endodontic",1,DE,Dental,DE,872.3840,N,N,Eligible,4
EKM,Gutta-Percha,1,DE,Dental,DE,872.3850,N,N,Eligible,4
EKN,"Point, Paper, Endodontic",1,DE,Dental,DE,872.3830,N,N,Eligible,4
EKO,Denture Preformed (Partially Prefabricated Denture),2,DE,Dental,DE,872.3600,N,N,Eligible,4
EKP,"Reamer, Pulp Canal, Endodontic",1,DE,Dental,DE,872.4565,N,N,Eligible,4
EKQ,"Preparer, Root Canal Endodontic",1,DE,Dental,DE,872.4565,N,N,Eligible,4
EKR,"Plugger, Root Canal, Endodontic",1,DE,Dental,DE,872.4565,N,N,Eligible,4
EKS,"File, Pulp Canal, Endodontic",1,DE,Dental,DE,872.4565,N,N,Eligible,4
EKT,"Curette, Endodontic",1,DE,Dental,DE,872.4565,N,N,Eligible,4
EKW,"Broach, Endodontic",1,DE,Dental,DE,872.4565,N,N,Eligible,4
EKX,"Handpiece, Direct Drive, Ac-Powered",1,DE,Dental,DE,872.4200,N,N,Eligible,1
EKY,"Handpiece, Water-Powered",1,DE,Dental,DE,872.4200,N,N,Eligible,1
EKZ,"Unit, Electrosurgical, And Accessories, Dental",2,DE,Dental,DE,872.4920,N,N,Eligible,1
ELA,"Instrument, Hand, Calculus Removal",1,DE,Dental,DE,872.4565,N,N,Eligible,4
ELB,"Scaler, Rotary",2,DE,Dental,DE,872.4840,N,N,Eligible,1
ELC,"Scaler, Ultrasonic",2,DE,Dental,DE,872.4850,N,N,Eligible,1
ELE,"Implant, Subperiosteal",2,DE,Dental,DE,872.3645,Y,N,Eligible,1
ELJ,"Teeth, Artificial, Posterior With Metal Insert",1,DE,Dental,DE,872.3900,N,N,Eligible,4
ELK,"Teeth, Artificial, Backing And Facing",1,DE,Dental,DE,872.3910,N,N,Eligible,4
ELL,"Teeth, Porcelain",2,DE,Dental,DE,872.3920,N,N,Eligible,1
ELM,"Denture, Plastic, Teeth",2,DE,Dental,DE,872.3590,N,N,Eligible,4
ELN,"Teeth, Preformed Gold Denture",1,DE,Dental,DE,872.3580,N,N,Eligible,4
ELO,"Cusp, Gold And Stainless Steel",1,DE,Dental,DE,872.3350,N,N,Eligible,4
ELR,"Post, Root Canal",1,DE,Dental,DE,872.3810,N,N,Eligible,4
ELS,"Splint, Endodontic Stabilizing",2,DE,Dental,DE,872.3890,N,N,Eligible,4
ELW,"Material, Impression",2,DE,Dental,DE,872.3660,N,N,Eligible,1
ELY,Mercury,2,DE,Dental,DE,872.3070,N,N,Eligible,1
ELZ,"Crown, Preformed",1,DE,Dental,DE,872.3330,N,N,Eligible,4
EMA,"Cement, Dental",2,DE,Dental,DE,872.3275,N,N,Eligible,1
EMB,Zinc Oxide Eugenol,1,DE,Dental,DE,872.3275,N,N,Eligible,4
EMD,"Hemostat, Surgical",1,DE,Dental,DE,872.4565,N,N,Eligible,4
EME,"Punch, Biopsy, Surgical",1,DE,Dental,DE,872.4565,N,N,Eligible,4
EMF,"Knife, Surgical",1,SU,"General, Plastic Surgery",SU,878.4800,N,N,Eligible,4
EMG,"Forceps, Tooth Extractor, Surgical",1,DE,Dental,DE,872.4565,N,N,Eligible,4
EMH,"Forceps, Rongeur, Surgical",1,DE,Dental,DE,872.4565,N,N,Eligible,4
EMI,"File, Bone, Surgical",1,DE,Dental,DE,872.4565,N,N,Eligible,4
EMJ,"Elevator, Surgical, Dental",1,DE,Dental,DE,872.4565,N,N,Eligible,4
EMK,"Curette, Surgical, Dental",1,DE,Dental,DE,872.4565,N,N,Eligible,4
EML,"Chisel, Bone, Surgical",1,DE,Dental,DE,872.4565,N,N,Eligible,4
EMM,"Chisel, Osteotome, Surgical",1,DE,Dental,DE,872.4565,N,N,Eligible,4
EMN,"Scaler, Periodontic",1,DE,Dental,DE,872.4565,N,N,Eligible,4
EMO,"Knife, Periodontic",1,DE,Dental,DE,872.4565,N,N,Eligible,4
EMP,"Marker, Periodontic",1,DE,Dental,DE,872.4565,N,N,Eligible,4
EMQ,"Hoe, Periodontic",1,DE,Dental,DE,872.4565,N,N,Eligible,4
EMR,"File, Periodontic",1,DE,Dental,DE,872.4565,N,N,Eligible,4
EMS,"Curette, Periodontic",1,DE,Dental,DE,872.4565,N,N,Eligible,4
EMX,"Balloon, Epistaxis",1,EN,"Ear, Nose, Throat",EN,874.4100,N,N,Eligible,4
ENW,"Catheter, Nasopharyngeal",1,EN,"Ear, Nose, Throat",EN,874.4175,N,N,Eligible,4
ENZ,"Telescope, Laryngeal-Bronchial",2,EN,"Ear, Nose, Throat",EN,874.4680,N,N,Ineligible,1
EOB,Nasopharyngoscope (Flexible Or Rigid),2,EN,"Ear, Nose, Throat",EN,874.4760,N,N,Ineligible,1
EOQ,Bronchoscope (Flexible Or Rigid),2,EN,"Ear, Nose, Throat",EN,874.4680,N,N,Ineligible,1
EOX,Esophagoscope (Flexible Or Rigid),2,EN,"Ear, Nose, Throat",EN,874.4710,N,N,Ineligible,1
EPE,"Brush, Cleaning, Tracheal Tube",1,AN,Anesthesiology,AN,868.5795,N,N,Eligible,4
EPF,"Hearing Aid, Group And Auditory Trainer",2,EN,"Ear, Nose, Throat",EN,874.3320,N,N,Eligible,4
EPG,"Stimulator, Transdermal",3,,Unknown,EN,,N,N,Eligible,2
EPN,"Pump, Nebulizer, Manual",1,EN,"Ear, Nose, Throat",EN,874.5220,N,N,Eligible,4
EPP,"Splint, Nasal",1,EN,"Ear, Nose, Throat",EN,874.5800,N,N,Eligible,4
EPT,"Microscope, Surgical",1,SU,"General, Plastic Surgery",SU,878.4700,N,N,Eligible,4
EPW,"Support, Head, Surgical, Ent",1,SU,"General, Plastic Surgery",SU,878.4950,N,N,Eligible,4
EPY,"Speculum, Ent",1,SU,"General, Plastic Surgery",SU,878.1800,N,N,Eligible,4
EQH,"Source, Carrier, Fiberoptic Light",1,EN,"Ear, Nose, Throat",EN,874.4350,N,N,Eligible,4
EQJ,"Bur, Ear, Nose And Throat",1,EN,"Ear, Nose, Throat",EN,874.4140,N,N,Eligible,4
EQL,Laryngostroboscope,1,EN,"Ear, Nose, Throat",EN,874.4750,N,N,Eligible,4
EQN,"Laryngoscope, Nasopharyngoscope",2,EN,"Ear, Nose, Throat",EN,874.4760,N,N,Ineligible,1
ERA,Otoscope,1,EN,"Ear, Nose, Throat",EN,874.4770,N,N,Eligible,4
ERL,"Drill, Surgical, Ent (Electric Or Pneumatic) Including Handpiece",2,EN,"Ear, Nose, Throat",EN,874.4250,N,N,Ineligible,1
ERY,"Drape, Surgical, Ent",2,SU,"General, Plastic Surgery",HO,878.4370,N,N,Eligible,4
ESD,"Hearing Aid, Air-Conduction, Prescription",1,EN,"Ear, Nose, Throat",EN,874.3300,N,N,Eligible,4
ESE,"Larynx, Artificial (Battery-Powered)",1,EN,"Ear, Nose, Throat",EN,874.3375,N,N,Eligible,4
ESF,"Polymer, Composite Synthetic Ptfe With Carbon-Fiber, Ent",2,SU,"General, Plastic Surgery",SU,878.3500,Y,N,Eligible,1
ESH,"Polymer, Ent Synthetic-Pife, Silicon Elastomer, Polyethylene, Polyurethane",2,EN,"Ear, Nose, Throat",EN,874.3620,Y,N,Eligible,1
ESI,"Polymer, Natural-Absorbable Gelatin Material",3,,Unknown,EN,,N,N,Eligible,2
ESW,"Prosthesis, Esophageal",2,SU,"General, Plastic Surgery",GU,878.3610,Y,N,Eligible,1
ESX,"Tack, Sacculotomy (Cody Tack)",2,EN,"Ear, Nose, Throat",EN,874.3760,Y,N,Eligible,1
ESZ,"Tube, Shunt, Endolymphatic",2,EN,"Ear, Nose, Throat",EN,874.3820,Y,N,Eligible,1
ETA,"Replacement, Ossicular Prosthesis, Total",2,EN,"Ear, Nose, Throat",EN,874.3495,Y,N,Eligible,1
ETB,"Prosthesis, Partial Ossicular Replacement",2,EN,"Ear, Nose, Throat",EN,874.3450,Y,N,Eligible,1
ETC,"Mold, Middle-Ear",2,EN,"Ear, Nose, Throat",EN,874.3430,Y,N,Eligible,4
ETD,"Tube, Tympanostomy",2,EN,"Ear, Nose, Throat",EN,874.3880,Y,N,Eligible,1
ETF,"Unit, Examining/Treatment, Ent",1,EN,"Ear, Nose, Throat",EN,874.5300,N,N,Eligible,4
ETK,"Tube, Toynbee Diagnostic",1,EN,"Ear, Nose, Throat",EN,874.1925,N,N,Eligible,4
ETM,"Gustometer, Sterile",1,EN,"Ear, Nose, Throat",EN,874.1500,N,N,Eligible,4
ETN,"Stimulator, Nerve",2,EN,"Ear, Nose, Throat",EN,874.1820,N,N,Ineligible,1
ETP,"Stimulator, Caloric-Water",1,EN,"Ear, Nose, Throat",EN,874.1800,N,N,Eligible,4
ETR,"Adaptor, Short Increment Sensitivity Index (Sisi)",1,EN,"Ear, Nose, Throat",EN,874.1070,N,N,Eligible,4
ETS,"Generator, Electronic Noise (For Audiometric Testing)",2,EN,"Ear, Nose, Throat",EN,874.1120,N,N,Eligible,4
ETT,"Cushion, Earphone (For Audiometric Testing)",1,EN,"Ear, Nose, Throat",EN,874.1100,N,N,Eligible,4
ETW,"Calibrator, Hearing Aid / Earphone And Analysis Systems",2,EN,"Ear, Nose, Throat",EN,874.3310,N,N,Eligible,4
ETY,"Tester, Auditory Impedance",2,EN,"Ear, Nose, Throat",EN,874.1090,N,N,Eligible,1
EWA,"Set, Audiometer Calibration",1,EN,"Ear, Nose, Throat",EN,874.1080,N,N,Eligible,4
EWC,"Chamber, Acoustic (For Audiometric Testing)",1,EN,"Ear, Nose, Throat",EN,874.1060,N,N,Eligible,4
EWD,"Protector, Hearing (Insert)",U,,Unknown,EN,,N,N,Eligible,7
EWE,"Protector, Hearing (Circumaural)",U,,Unknown,EN,,N,N,Eligible,7
EWG,"Laser, Ent Microsurgical Carbon-Dioxide",2,EN,"Ear, Nose, Throat",EN,874.4500,N,N,Eligible,1
EWL,"Prosthesis, Laryngeal (Taub)",2,EN,"Ear, Nose, Throat",EN,874.3730,N,N,Eligible,1
EWO,Audiometer,2,EN,"Ear, Nose, Throat",EN,874.1050,N,N,Eligible,4
EWQ,"Saw, Surgical, Ent (Electric Or Pneumatic)",1,EN,"Ear, Nose, Throat",EN,874.4420,N,N,Eligible,4
EWT,"Device, Antichoke, Suction",3,EN,"Ear, Nose, Throat",EN,874.5350,N,N,Eligible,2
EWW,"Device, Antichoke, Tongs",3,EN,"Ear, Nose, Throat",EN,874.5370,N,N,Eligible,2
EWY,"Mediastinoscope, Surgical",2,EN,"Ear, Nose, Throat",EN,874.4720,N,N,Ineligible,1
EXA,"Selector, Size, Ostomy",1,GU,"Gastroenterology, Urology",GU,876.5900,N,N,Eligible,4
EXB,"Collector, Ostomy",1,GU,"Gastroenterology, Urology",GU,876.5900,N,N,Eligible,4
EXD,"Irrigator, Ostomy",2,GU,"Gastroenterology, Urology",GU,876.5895,N,N,Eligible,4
EXE,"Protector, Ostomy",1,GU,"Gastroenterology, Urology",GU,876.5900,N,N,Eligible,4
EXF,"Bag, Bile Collecting",2,GU,"Gastroenterology, Urology",GU,876.5010,N,N,Eligible,4
EXG,"Bag, Urine Collecting, Ureterostomy",1,GU,"Gastroenterology, Urology",GU,876.5900,N,N,Eligible,4
EXH,"Bag, Urinary, Ileostomy",1,GU,"Gastroenterology, Urology",GU,876.5900,N,N,Eligible,4
EXI,"Device, Paste-On For Incontinence, Sterile",1,GU,"Gastroenterology, Urology",GU,876.5250,N,N,Eligible,4
EXJ,"Device, Incontinence, Urosheath Type, Sterile",1,GU,"Gastroenterology, Urology",GU,876.5250,N,N,Eligible,4
EXM,"Truss, Umbilical",1,GU,"Gastroenterology, Urology",SU,876.5970,N,N,Eligible,4
EXN,"Support, Hernia",1,GU,"Gastroenterology, Urology",GU,876.5970,N,N,Eligible,4
EXQ,"Cystometer, Electrical Recording",2,GU,"Gastroenterology, Urology",GU,876.1620,N,N,Eligible,4
EXR,"Urinometer, Mechanical",2,GU,"Gastroenterology, Urology",GU,876.1800,N,N,Eligible,4
EXS,"Urinometer, Electrical",2,GU,"Gastroenterology, Urology",GU,876.1800,N,N,Eligible,4
EXW,"Pill, Radio",2,GU,"Gastroenterology, Urology",GU,876.1725,N,N,Eligible,1
EXX,"Probe, Rectal, Non-Powered",1,GU,"Gastroenterology, Urology",GU,876.4730,N,N,Eligible,4
EXY,Uroflowmeter,2,GU,"Gastroenterology, Urology",GU,876.1800,N,N,Eligible,4
EXZ,"Equipment, Photographic, For Physiologic Function Monitor",1,GU,"Gastroenterology, Urology",GU,876.1500,N,N,Eligible,4
EYA,"Stylet, Ureteral",1,GU,"Gastroenterology, Urology",GU,876.5130,N,N,Eligible,4
EYB,"Catheter, Ureteral, Gastro-Urology",2,GU,"Gastroenterology, Urology",GU,876.5130,N,N,Eligible,1
EYC,"Catheter, Upper Urinary Tract",2,GU,"Gastroenterology, Urology",GU,876.5130,N,N,Eligible,1
EYD,Stirrups,1,GU,"Gastroenterology, Urology",GU,876.4890,N,N,Eligible,4
EYF,"Protector, Wound, Plastic",1,SU,"General, Plastic Surgery",SU,878.4014,N,N,Eligible,1
EYH,"Table, Cysto, Non-Electrical",1,GU,"Gastroenterology, Urology",GU,876.4890,N,N,Eligible,4
EYI,"Adaptor, Ureteral Catheter",1,GU,"Gastroenterology, Urology",GU,876.5130,N,N,Eligible,4
EYJ,"Holder, Ureteral Catheter",1,GU,"Gastroenterology, Urology",GU,876.5130,N,N,Eligible,4
EYK,"Connector, Ureteral Catheter",1,GU,"Gastroenterology, Urology",GU,876.5130,N,N,Eligible,4
EYN,"Tray, Irrigation, Sterile",2,GU,"Gastroenterology, Urology",SU,876.5980,N,N,Eligible,1
EYQ,"Garment, Protective, For Incontinence",1,GU,"Gastroenterology, Urology",GU,876.5920,N,N,Eligible,4
EYR,"Tourniquet, Gastro-Urology",1,SU,"General, Plastic Surgery",SU,878.5900,N,N,Eligible,4
EYS,Ribdam,1,GU,"Gastroenterology, Urology",GU,876.4560,N,N,Eligible,4
EYT,"Sheath, Corrugated Rubber, For Nonindwelling Catheter, Sterile",1,GU,"Gastroenterology, Urology",GU,876.5250,N,N,Eligible,4
EYX,"Drape, Pure Latex Sheet, With Self-Retaining Finger Cot",2,SU,"General, Plastic Surgery",HO,878.4370,N,N,Eligible,4
EYY,"Drape, Urological, Disposable",2,SU,"General, Plastic Surgery",HO,878.4370,N,N,Eligible,4
EYZ,"System, Urine Drainage, Closed, For Nonindwelling Catheter, Sterile",1,GU,"Gastroenterology, Urology",GU,876.5250,N,N,Eligible,4
EZB,"Stylet For Catheter, Gastro-Urology",1,GU,"Gastroenterology, Urology",GU,876.5130,N,N,Eligible,4
EZC,"Catheter, Coude",2,GU,"Gastroenterology, Urology",GU,876.5130,N,N,Eligible,1
EZD,"Catheter, Straight",2,GU,"Gastroenterology, Urology",GU,876.5130,N,N,Eligible,1
EZK,"Catheter, Retention Type",2,GU,"Gastroenterology, Urology",GU,876.5980,N,N,Eligible,1
EZL,"Catheter, Retention Type, Balloon",2,GU,"Gastroenterology, Urology",GU,876.5130,N,N,Eligible,1
EZM,"Dilator, Esophageal (Metal Olive) Gastro-Urology",2,GU,"Gastroenterology, Urology",GU,876.5365,N,N,Eligible,4
EZN,"Dilator, Catheter, Ureteral",2,GU,"Gastroenterology, Urology",GU,876.5470,N,N,Eligible,1
EZO,Urethrotome,2,GU,"Gastroenterology, Urology",GU,876.4770,N,N,Eligible,4
EZP,"Rod, Colostomy",2,GU,"Gastroenterology, Urology",GU,876.4270,N,N,Eligible,4
EZQ,"Pouch, Colostomy",1,GU,"Gastroenterology, Urology",GU,876.5900,N,N,Eligible,4
EZR,"Cement, Stomal Appliance, Ostomy",1,GU,"Gastroenterology, Urology",GU,876.5900,N,N,Eligible,4
EZS,"Appliance, Colostomy, Disposable",1,GU,"Gastroenterology, Urology",GU,876.5900,N,N,Eligible,4
EZT,"Pacemaker, Bladder",3,GU,"Gastroenterology, Urology",GU,876.5270,Y,N,Eligible,2
EZW,"Stimulator, Electrical, Implantable, For Incontinence",3,GU,"Gastroenterology, Urology",GU,876.5270,Y,N,Eligible,2
EZX,"Mesh, Surgical, Metal",2,SU,"General, Plastic Surgery",SU,878.3300,Y,N,Eligible,1
EZY,"Device, Incontinence, Mechanical/Hydraulic",3,GU,"Gastroenterology, Urology",GU,876.5280,Y,N,Eligible,2
EZZ,"Prosthesis, Vas Deferens",3,,Unknown,GU,,Y,N,Eligible,2
FAA,"Replacer, Urethral",3,,Unknown,GU,,Y,N,Eligible,2
FAB,"Replacer, Ureteral",3,,Unknown,GU,,Y,N,Eligible,2
FAC,"Valve, Ureterovesicle",3,,Unknown,GU,,Y,N,Eligible,2
FAD,"Stent, Ureteral",2,GU,"Gastroenterology, Urology",GU,876.4620,Y,N,Ineligible,1
FAE,"Prosthesis, Penile",2,GU,"Gastroenterology, Urology",GU,876.3630,Y,N,Eligible,1
FAF,"Prosthesis, Testicular",3,GU,"Gastroenterology, Urology",GU,876.3750,Y,N,Eligible,2
FAG,"Prosthesis, Urethral Sphincter",3,,Unknown,GU,,Y,N,Eligible,2
FAH,"Dilator, Urethral, Mechanical",2,GU,"Gastroenterology, Urology",GU,876.5520,N,N,Eligible,1
FAJ,"Cystoscope And Accessories, Flexible/Rigid",2,GU,"Gastroenterology, Urology",GU,876.1500,N,N,Ineligible,1
FAK,Panendoscope (Gastroduodenoscope),2,GU,"Gastroenterology, Urology",GU,876.1500,N,N,Ineligible,1
FAL,Panendoscope (Urethroscope),2,GU,"Gastroenterology, Urology",GU,876.1500,N,N,Ineligible,1
FAM,"Sigmoidoscope And Accessories, Flexible/Rigid",2,GU,"Gastroenterology, Urology",GU,876.1500,N,N,Eligible,1
FAN,"Sigmoidoscope, Rigid, Electrical",2,GU,"Gastroenterology, Urology",GU,876.1500,N,N,Eligible,1
FAO,"Device, Cystometric, Air",3,,Unknown,GU,,N,N,Eligible,2
FAP,Cystometric Gas (Carbon-Dioxide) On Hydraulic Device,2,GU,"Gastroenterology, Urology",GU,876.1620,N,N,Eligible,4
FAQ,"Bag, Urine Collection, Leg, For External Use, Sterile",1,GU,"Gastroenterology, Urology",GU,876.5250,N,N,Eligible,4
FAR,"Unit, Electrosurgical",2,GU,"Gastroenterology, Urology",GU,876.4300,N,N,Eligible,1
FAS,"Electrode, Electrosurgical, Active, Urological",2,GU,"Gastroenterology, Urology",GU,876.4300,N,N,Eligible,1
FAT,"Bougie, Esophageal, And Gastrointestinal, Gastro-Urology",2,GU,"Gastroenterology, Urology",GU,876.5365,N,N,Eligible,4
FAX,"Bougie, Urological",1,GU,"Gastroenterology, Urology",GU,876.5520,N,N,Eligible,4
FAZ,"System, Cryosurgical, Liquid Nitrogen, For Urology",2,SU,"General, Plastic Surgery",SU,878.4350,N,N,Eligible,1
FBI,"Rongeur, Cystoscopic",2,GU,"Gastroenterology, Urology",GU,876.1500,N,N,Eligible,1
FBJ,"Cord, Electric For Transurethral Surgical Instrument",2,GU,"Gastroenterology, Urology",GU,876.4300,N,N,Eligible,1
FBK,"Endoscopic Injection Needle, Gastroenterology-Urology",2,GU,"Gastroenterology, Urology",GU,876.1500,N,N,Eligible,1
FBM,"Cannula And Trocar, Suprapubic, Non-Disposable",1,GU,"Gastroenterology, Urology",GU,876.5090,N,N,Eligible,4
FBN,"Choledochoscope And Accessories, Flexible/Rigid",2,GU,"Gastroenterology, Urology",GU,876.1500,N,N,Ineligible,1
FBO,Cystourethroscope,2,GU,"Gastroenterology, Urology",GU,876.1500,N,N,Ineligible,1
FBP,"Telescope, Rigid, Endoscopic",2,GU,"Gastroenterology, Urology",GU,876.1500,N,N,Ineligible,1
FBQ,"Trocar, Gastro-Urology",2,GU,"Gastroenterology, Urology",SU,876.5090,N,N,Eligible,4
FBR,Urethrometer,1,GU,"Gastroenterology, Urology",GU,876.5520,N,N,Eligible,4
FBS,"Sound, Metal, Interconnected",1,GU,"Gastroenterology, Urology",GU,876.4590,N,N,Eligible,4
FBW,Filiform And Filiform Follower,1,GU,"Gastroenterology, Urology",GU,876.5520,N,N,Eligible,4
FBX,"Sound, Urethral, Metal Or Plastic",1,GU,"Gastroenterology, Urology",GU,876.5520,N,N,Eligible,4
FBY,"Cooler, Esophageal And Gastric",3,,Unknown,GU,,N,N,Eligible,2
FBZ,"Cooler, Prostatic",3,,Unknown,GU,,N,N,Eligible,2
FCB,"Bag, Hemostatic",2,GU,"Gastroenterology, Urology",GU,876.5980,N,N,Eligible,1
FCC,Endoscopic Magnetic Retriever,2,GU,"Gastroenterology, Urology",GU,876.1500,N,N,Eligible,1
FCD,Barium Enema Kit,1,GU,"Gastroenterology, Urology",RA,876.5210,N,N,Eligible,4
FCE,Enema Kit,1,GU,"Gastroenterology, Urology",GU,876.5210,N,N,Eligible,4
FCF,"Instrument, Biopsy, Mechanical, Gastrointestinal",2,GU,"Gastroenterology, Urology",GU,876.1075,N,N,Eligible,1
FCG,Biopsy Needle,2,GU,"Gastroenterology, Urology",GU,876.1075,N,N,Eligible,1
FCH,"Tray, Biopsy, Without Biopsy Instruments",1,GU,"Gastroenterology, Urology",GU,876.4730,N,N,Eligible,4
FCI,"Punch, Biopsy",2,GU,"Gastroenterology, Urology",GU,876.1075,N,N,Eligible,1
FCK,"Instrument, Biopsy, Suction",2,GU,"Gastroenterology, Urology",GU,876.1075,N,N,Eligible,1
FCL,"Forceps, Biopsy, Non-Electric",1,GU,"Gastroenterology, Urology",GU,876.1075,N,N,Eligible,4
FCM,"Tray, Catheterization, Sterile Urethral, With Or Without Catheter (Kit)",2,GU,"Gastroenterology, Urology",GU,876.5130,N,N,Eligible,1
FCN,"Urinary Drainage Collection Kit, For Indwelling Catheter",2,GU,"Gastroenterology, Urology",GU,876.5250,N,N,Eligible,4
FCO,"Box, Battery, Rechargeable",1,GU,"Gastroenterology, Urology",GU,876.1500,N,N,Eligible,4
FCP,"Box, Battery, Pocket",1,GU,"Gastroenterology, Urology",GU,876.1500,N,N,Eligible,4
FCQ,"Light Source, Incandescent, Diagnostic",2,GU,"Gastroenterology, Urology",GU,876.1500,N,N,Eligible,4
FCR,"Light Source, Photographic, Fiberoptic",2,GU,"Gastroenterology, Urology",GU,876.1500,N,N,Eligible,4
FCS,"Light, Catheter, Fiberoptic, Glass, Ureteral",2,GU,"Gastroenterology, Urology",GU,876.4020,N,N,Eligible,4
FCT,"Headlight, Fiberoptic Focusing",2,OP,Ophthalmic,OP,886.4335,N,N,Eligible,4
FCW,"Light Source, Fiberoptic, Routine",2,GU,"Gastroenterology, Urology",GU,876.1500,N,N,Eligible,4
FCX,"Insufflator, Automatic Carbon-Dioxide For Endoscope",2,GU,"Gastroenterology, Urology",GU,876.1500,N,N,Eligible,1
FCY,"Bulb, Inflation, For Endoscope",1,GU,"Gastroenterology, Urology",GU,876.1500,N,N,Eligible,4
FCZ,"Tube, Smoke Removal, Endoscopic",1,GU,"Gastroenterology, Urology",GU,876.1500,N,N,Eligible,4
FDA,Enteroscope And Accessories,2,GU,"Gastroenterology, Urology",GU,876.1500,N,N,Ineligible,1
FDB,"Plate, Patient",2,GU,"Gastroenterology, Urology",GU,876.4300,N,N,Eligible,1
FDC,"Resectoscope, Working Element",2,GU,"Gastroenterology, Urology",GU,876.1500,N,N,Ineligible,1
FDE,Laparoscopy Kit,2,GU,"Gastroenterology, Urology",GU,876.1500,N,N,Eligible,7
FDF,"Colonoscope And Accessories, Flexible/Rigid",2,GU,"Gastroenterology, Urology",GU,876.1500,N,N,Ineligible,1
FDG,"Retractor, Fiberoptic",1,GU,"Gastroenterology, Urology",GU,876.4530,N,N,Eligible,4
FDI,"Snare, Flexible",2,GU,"Gastroenterology, Urology",GU,876.4300,N,N,Eligible,1
FDJ,"Snare, Rigid Self-Opening",2,GU,"Gastroenterology, Urology",GU,876.4300,N,N,Eligible,1
FDL,"Wristlet, Patient Return",2,GU,"Gastroenterology, Urology",GU,876.4300,N,N,Eligible,1
FDP,"Apparatus, Pneumoperitoneum, Automatic",2,GU,"Gastroenterology, Urology",SU,876.1500,N,N,Eligible,1
FDR,Sphyncteroscope,2,GU,"Gastroenterology, Urology",GU,876.1500,N,N,Eligible,1
FDS,"Gastroscope And Accessories, Flexible/Rigid",2,GU,"Gastroenterology, Urology",GU,876.1500,N,N,Ineligible,1
FDT,"Duodenoscope And Accessories, Flexible/Rigid",2,GU,"Gastroenterology, Urology",GU,876.1500,N,N,Ineligible,1
FDW,"Esophagoscope, Rigid, Gastro-Urology",2,GU,"Gastroenterology, Urology",GU,876.1500,N,N,Ineligible,1
FDX,Endoscopic Cytology Brush,2,GU,"Gastroenterology, Urology",GU,876.1500,N,N,Eligible,1
FDY,"Device, Measuring, For Panendoscope",1,GU,"Gastroenterology, Urology",GU,876.1500,N,N,Eligible,4
FDZ,"Attachment, Eyepiece, For Insertion Of Prescription Lens",1,GU,"Gastroenterology, Urology",GU,876.1500,N,N,Eligible,4
FEA,"Attachment, Teaching, For Endoscope",1,GU,"Gastroenterology, Urology",GU,876.1500,N,N,Eligible,4
FEB,"Accessories, Cleaning, For Endoscope",2,GU,"Gastroenterology, Urology",HO,876.1500,N,N,Ineligible,1
FEC,"Obturator, For Endoscope",2,GU,"Gastroenterology, Urology",GU,876.1500,N,N,Eligible,1
FED,"Endoscopic Access Overtube, Gastroenterology-Urology",2,GU,"Gastroenterology, Urology",GU,876.1500,N,N,Eligible,1
FEF,"Tube, Single Lumen, With Mercury Wt Balloon For Intestinal Intubation And / Or Decompression",2,GU,"Gastroenterology, Urology",GU,876.5980,N,N,Eligible,1
FEG,"Tube, Double Lumen For Intestinal Decompression And/Or Intubation",2,GU,"Gastroenterology, Urology",GU,876.5980,N,N,Eligible,1
FEH,"Electrode, Flexible Suction Coagulator",2,GU,"Gastroenterology, Urology",GU,876.4300,N,N,Eligible,1
FEI,"Instrument, Special Lens, For Endoscope",1,GU,"Gastroenterology, Urology",GU,876.1500,N,N,Eligible,4
FEJ,"Attachment, Binocular, For Endoscope",1,GU,"Gastroenterology, Urology",GU,876.1500,N,N,Eligible,4
FEM,"Accessories, Photographic, For Endoscope (Exclude Light Sources)",1,GU,"Gastroenterology, Urology",GU,876.1500,N,N,Eligible,4
FEN,"Device, Cystometric, Hydraulic",2,GU,"Gastroenterology, Urology",GU,876.1620,N,N,Eligible,4
FEO,"Lithotriptor, Ultrasonic",2,GU,"Gastroenterology, Urology",GU,876.4480,N,N,Eligible,1
FEQ,"Pump, Air, Non-Manual, For Endoscope",2,GU,"Gastroenterology, Urology",GU,876.1500,N,N,Eligible,1
FER,Anoscope And Accessories,2,GU,"Gastroenterology, Urology",GU,876.1500,N,N,Eligible,1
FES,"Recorder, External, Pressure, Amplifier & Transducer",2,GU,"Gastroenterology, Urology",GU,876.1725,N,N,Eligible,1
FET,"Endoscopic Video Imaging System/Component, Gastroenterology-Urology",2,GU,"Gastroenterology, Urology",GU,876.1500,N,N,Eligible,1
FEW,"Catheter, Malecot",2,GU,"Gastroenterology, Urology",GU,876.5090,N,N,Eligible,1
FEX,"Instrument, Catheter, Punch",1,GU,"Gastroenterology, Urology",GU,876.5090,N,N,Eligible,4
FEZ,"Catheter And Tube, Suprapubic",2,GU,"Gastroenterology, Urology",GU,876.5090,Y,N,Eligible,1
FFA,"Tube, Drainage, Suprapubic",2,GU,"Gastroenterology, Urology",GU,876.5090,N,N,Eligible,1
FFD,"Evacuator, Bladder, Manually Operated",1,GU,"Gastroenterology, Urology",GU,876.4370,N,N,Eligible,4
FFE,"System, Water Jet Catheter, Renal",2,GU,"Gastroenterology, Urology",GU,876.4650,N,N,Eligible,4
FFF,"Cover, Biopsy Forceps",1,GU,"Gastroenterology, Urology",GU,876.1075,N,N,Eligible,4
FFG,"Device, Urine Flow Rate Measuring, Non-Electrical, Disposable",2,GU,"Gastroenterology, Urology",GU,876.1800,N,N,Eligible,4
FFH,"Collector, Urine, Pediatric, For Indwelling Catheter",2,GU,"Gastroenterology, Urology",GU,876.5250,N,N,Eligible,4
FFI,"System, Alarm, Electrosurgical",2,GU,"Gastroenterology, Urology",GU,876.4300,N,N,Eligible,1
FFK,"Lithotriptor, Electro-Hydraulic",2,GU,"Gastroenterology, Urology",GU,876.4480,N,N,Eligible,1
FFL,"Dislodger, Stone, Basket, Ureteral, Metal",2,GU,"Gastroenterology, Urology",GU,876.4680,N,N,Eligible,4
FFN,"Clamp, Non-Electrical",1,GU,"Gastroenterology, Urology",GU,876.4730,N,N,Eligible,4
FFO,"Retractor, Self-Retaining",1,GU,"Gastroenterology, Urology",GU,876.4730,N,N,Eligible,4
FFP,"Dilator, Rectal",1,GU,"Gastroenterology, Urology",GU,876.5450,N,N,Eligible,4
FFQ,"Speculum, Rectal",1,GU,"Gastroenterology, Urology",GU,876.4730,N,N,Eligible,4
FFR,"Device, Locking, For Intestinal Clamp",1,GU,"Gastroenterology, Urology",GU,876.4730,N,N,Eligible,4
FFS,"Image, Illumination, Fiberoptic, For Endoscope ",2,GU,"Gastroenterology, Urology",GU,876.1500,N,N,Eligible,1
FFT,"Electrode, Ph, Stomach",1,GU,"Gastroenterology, Urology",GU,876.1400,N,N,Ineligible,4
FFW,"String And Tubes, Gastrointestinal, To Locate Internal Bleeding",2,GU,"Gastroenterology, Urology",GU,876.5980,N,N,Eligible,1
FFX,"System, Gastrointestinal Motility (Electrical)",2,GU,"Gastroenterology, Urology",GU,876.1725,N,N,Eligible,1
FFY,"Adaptor, Bulbs, Miscellaneous, For Endoscope",1,GU,"Gastroenterology, Urology",GU,876.1500,N,N,Eligible,4
FFZ,"Cord, Electric, For Endoscope",2,GU,"Gastroenterology, Urology",GU,876.1500,N,N,Eligible,1
FGA,"Kit, Nephroscope",2,GU,"Gastroenterology, Urology",GU,876.1500,N,N,Ineligible,1
FGB,"Ureteroscope And Accessories, Flexible/Rigid",2,GU,"Gastroenterology, Urology",GU,876.1500,N,N,Ineligible,1
FGC,Urethroscope,2,GU,"Gastroenterology, Urology",GU,876.1500,N,N,Ineligible,1
FGD,"Catheter, Retention, Barium Enema With Bag",2,GU,"Gastroenterology, Urology",GU,876.5980,N,N,Eligible,4
FGE,"Stents, Drains And Dilators For The Biliary Ducts",2,GU,"Gastroenterology, Urology",GU,876.5010,Y,Y,Ineligible,1
FGF,"Catheter, Ureteral Disposable (X-Ray)",2,GU,"Gastroenterology, Urology",GU,876.5130,N,N,Eligible,1
FGH,"Catheter, Double Lumen Female Urethrographic",2,GU,"Gastroenterology, Urology",GU,876.5130,N,N,Eligible,1
FGI,"Catheter, Urethrographic, Male",2,GU,"Gastroenterology, Urology",GU,876.5130,N,N,Eligible,1
FGK,"Tripsor, Stone, Bladder",2,GU,"Gastroenterology, Urology",GU,876.4500,N,N,Eligible,1
FGM,"Probe And Director, Gastro-Urology",1,GU,"Gastroenterology, Urology",GU,876.4730,N,N,Eligible,4
FGN,"Retractor, Non-Self-Retaining",1,GU,"Gastroenterology, Urology",GU,876.4730,N,N,Eligible,4
FGO,"Dislodger, Stone, Flexible",2,GU,"Gastroenterology, Urology",GU,876.4680,N,N,Eligible,4
FGS,"Carrier, Sponge, Endoscopic",2,GU,"Gastroenterology, Urology",GU,876.1500,N,N,Eligible,4
FGW,"Clamp, Electrical",2,GU,"Gastroenterology, Urology",GU,876.4300,N,N,Eligible,1
FGX,"Snare, Non-Electrical",1,GU,"Gastroenterology, Urology",GU,876.4730,N,N,Eligible,4
FGY,"Cannula, Injection",1,SU,"General, Plastic Surgery",SU,878.4200,N,N,Eligible,4
FHA,"Clamp, Penile",1,GU,"Gastroenterology, Urology",GU,876.5160,N,N,Eligible,4
FHB,"Hook, Gastro-Urology",1,GU,"Gastroenterology, Urology",GU,876.4730,N,N,Eligible,4
FHC,"Adaptor To The Cord, For Transurethral Surgical Instrument",2,GU,"Gastroenterology, Urology",GU,876.4300,N,N,Eligible,1
FHF,"System, Evacuator, Fluid",2,GU,"Gastroenterology, Urology",GU,876.4370,N,N,Eligible,4
FHG,"Bell, Circumcision",2,OB,Obstetrics/Gynecology,OB,884.4530,N,N,Eligible,1
FHH,"Crusher, Spur, Colostomy",1,GU,"Gastroenterology, Urology",GU,876.4730,N,N,Eligible,4
FHI,"Ring, Laparotomy",1,GU,"Gastroenterology, Urology",GU,876.4730,N,N,Eligible,4
FHJ,"Shield, Circumcision",2,OB,Obstetrics/Gynecology,OB,884.4530,N,N,Eligible,1
FHK,"Spreader, Bladder Neck",1,GU,"Gastroenterology, Urology",GU,876.4730,N,N,Eligible,4
FHL,Scoop,1,GU,"Gastroenterology, Urology",GU,876.4730,N,N,Eligible,4
FHM,"Apparatus, Suturing, Stomach And Intestinal",1,SU,"General, Plastic Surgery",SU,878.4800,N,N,Eligible,4
FHN,"Ligator, Hemorrhoidal",2,GU,"Gastroenterology, Urology",GU,876.4400,N,N,Eligible,4
FHO,Pneumoperitoneum Needle,2,GU,"Gastroenterology, Urology",GU,876.1500,N,N,Eligible,1
FHP,"Needle, Pneumoperitoneum, Simple",2,GU,"Gastroenterology, Urology",GU,876.1500,N,N,Eligible,1
FHQ,"Holder, Needle, Gastroenterologic",1,GU,"Gastroenterology, Urology",GU,876.4730,N,N,Eligible,4
FHR,"Needle, Gastro-Urology",1,SU,"General, Plastic Surgery",SU,878.4800,N,N,Eligible,4
FHS,"Dialyzer, Single Coil",2,GU,"Gastroenterology, Urology",GU,876.5820,N,Y,Ineligible,1
FHT,"Set, Gavage, Infant, Sterile",2,GU,"Gastroenterology, Urology",GU,876.5980,N,N,Eligible,1
FHW,"Device, Impotence, Mechanical/Hydraulic",3,GU,"Gastroenterology, Urology",GU,876.3350,Y,N,Ineligible,2
FHX,"Jelly, Lubricating, For Transurethral Surgical Instrument",2,GU,"Gastroenterology, Urology",GU,876.1500,N,N,Eligible,1
FHY,"Jelly, Contact, For Transurethral Surgical Instrument",2,GU,"Gastroenterology, Urology",GU,876.4300,N,N,Eligible,1
FHZ,"Desiccator, Transurethral",2,GU,"Gastroenterology, Urology",GU,876.4300,N,N,Eligible,1
FIA,"Chair, Dialysis, Unpowered, Without Scales",1,GU,"Gastroenterology, Urology",GU,876.5820,N,N,Eligible,4
FIB,"Protector, Transducer, Dialysis",2,GU,"Gastroenterology, Urology",GU,876.5820,N,Y,Eligible,1
FID,"Tubing, Dialysate",2,GU,"Gastroenterology, Urology",GU,876.5820,N,Y,Ineligible,1
FIE,"Needle, Fistula",2,GU,"Gastroenterology, Urology",GU,876.5540,N,N,Ineligible,1
FIF,"Set, Dialysis, Single Needle With Uni-Directional Pump",2,GU,"Gastroenterology, Urology",GU,876.5820,N,Y,Eligible,1
FIG,"Clamp, Tubing, Blood, Automatic",2,GU,"Gastroenterology, Urology",GU,876.5820,N,Y,Ineligible,1
FIH,"Pump, Infusion Or Syringe, Extra-Luminal",2,GU,"Gastroenterology, Urology",GU,876.5820,N,Y,Eligible,1
FII,"System, Dialysate Delivery, Sealed",2,GU,"Gastroenterology, Urology",GU,876.5860,N,Y,Ineligible,1
FIJ,"System, Dialysate Delivery, Recirculating, Single Pass",2,GU,"Gastroenterology, Urology",GU,876.5820,N,Y,Ineligible,1
FIK,"System, Dialysate Delivery, Recirculating",2,GU,"Gastroenterology, Urology",GU,876.5820,N,Y,Ineligible,1
FIL,"System, Dialysate Delivery, Single Pass",2,GU,"Gastroenterology, Urology",GU,876.5820,N,Y,Ineligible,1
FIN,"Tank, Holding, Dialysis",2,GU,"Gastroenterology, Urology",GU,876.5820,N,N,Ineligible,1
FIP,"Subsystem, Water Purification",2,GU,"Gastroenterology, Urology",GU,876.5665,N,N,Ineligible,1
FIQ,"Cannula, A-V Shunt",2,GU,"Gastroenterology, Urology",GU,876.5540,Y,N,Eligible,1
FIR,"Pump, Blood, Extra-Luminal",2,GU,"Gastroenterology, Urology",GU,876.5820,N,Y,Eligible,1
FIS,"Flowmeter, Dialysate",2,GU,"Gastroenterology, Urology",GU,876.5820,N,Y,Eligible,1
FIW,"Alarm, Pillow Pressure",2,GU,"Gastroenterology, Urology",GU,876.5820,N,Y,Eligible,1
FIZ,"Meter, Conductivity, Non-Remote",2,GU,"Gastroenterology, Urology",GU,876.5820,N,Y,Eligible,1
FJA,"Manometer, Water",2,GU,"Gastroenterology, Urology",GU,876.5820,N,N,Eligible,1
FJB,"Detector, Dialysate Level",2,GU,"Gastroenterology, Urology",GU,876.5820,N,Y,Eligible,1
FJC,"Detector, Blood Level",2,GU,"Gastroenterology, Urology",GU,876.5820,N,Y,Eligible,1
FJD,"Detector, Leak, Blood",2,GU,"Gastroenterology, Urology",GU,876.5820,N,Y,Ineligible,1
FJF,"Detector, Air Bubble",2,GU,"Gastroenterology, Urology",GU,876.5820,N,Y,Ineligible,1
FJG,"Dialyzer, Parallel Flow",2,GU,"Gastroenterology, Urology",GU,876.5820,N,Y,Ineligible,1
FJH,"Dialyzer, Disposable",2,GU,"Gastroenterology, Urology",GU,876.5830,N,Y,Ineligible,1
FJI,"Dialyzer, Capillary, Hollow Fiber",2,GU,"Gastroenterology, Urology",GU,876.5820,N,Y,Ineligible,1
FJJ,"Dialyzer, Twin Coil",2,GU,"Gastroenterology, Urology",GU,876.5820,N,Y,Ineligible,1
FJK,"Set, Tubing, Blood, With And Without Anti-Regurgitation Valve",2,GU,"Gastroenterology, Urology",GU,876.5820,N,Y,Ineligible,1
FJL,Resectoscope,2,GU,"Gastroenterology, Urology",GU,876.1500,N,N,Ineligible,1
FJM,"Guard, Shunt",2,GU,"Gastroenterology, Urology",GU,876.5540,N,N,Eligible,1
FJN,"Stabilizer, Shunt",2,GU,"Gastroenterology, Urology",GU,876.5540,N,N,Eligible,1
FJO,"Plier, Tube",1,GU,"Gastroenterology, Urology",GU,876.5540,N,N,Eligible,1
FJP,"Adaptor, Y",2,GU,"Gastroenterology, Urology",GU,876.5820,N,N,Eligible,1
FJQ,"Connector, Shunt",1,GU,"Gastroenterology, Urology",GU,876.5540,N,N,Eligible,1
FJR,"Forceps, Disconnect",1,GU,"Gastroenterology, Urology",GU,876.5540,N,N,Eligible,4
FJS,"Catheter, Peritoneal, Long-Term Indwelling",2,GU,"Gastroenterology, Urology",GU,876.5630,Y,N,Ineligible,1
FJT,"Intracatheter, Dialysis",2,GU,"Gastroenterology, Urology",GU,876.5820,N,Y,Eligible,1
FJW,"Ring, Joint",1,GU,"Gastroenterology, Urology",GU,876.5540,N,N,Eligible,4
FJX,"Ring, Crimp",1,GU,"Gastroenterology, Urology",GU,876.5540,N,N,Eligible,4
FJY,"Plier, Crimp",1,GU,"Gastroenterology, Urology",GU,876.5540,N,N,Eligible,4
FJZ,"Declotting Tray, Kit (Including Contents)",2,GU,"Gastroenterology, Urology",GU,876.5820,N,N,Eligible,1
FKA,"Dilator, Vessel",2,GU,"Gastroenterology, Urology",GU,876.5540,N,N,Eligible,1
FKB,"Connector, Blood Tubing, Infusion T",2,GU,"Gastroenterology, Urology",GU,876.5820,N,Y,Ineligible,1
FKC,"Clamp, Cannula",1,GU,"Gastroenterology, Urology",GU,876.5540,Y,N,Eligible,4
FKD,"Canister, Coil",2,GU,"Gastroenterology, Urology",GU,876.5820,N,Y,Eligible,1
FKE,"Tie, Dialysis",1,GU,"Gastroenterology, Urology",GU,876.5820,N,N,Eligible,4
FKF,"Gun, Tie, Dialysis",1,GU,"Gastroenterology, Urology",GU,876.5820,N,N,Eligible,4
FKG,"Tray, Start/Stop (Including Contents), Dialysis",1,GU,"Gastroenterology, Urology",GU,876.5820,N,N,Eligible,4
FKH,"Solution-Test Standard-Conductivity, Dialysis",2,GU,"Gastroenterology, Urology",GU,876.5820,N,N,Eligible,1
FKI,"Set, Dialyzer Holder",2,GU,"Gastroenterology, Urology",GU,876.5820,N,N,Eligible,4
FKJ,"Filter, Blood, Dialysis",2,GU,"Gastroenterology, Urology",GU,876.5820,N,Y,Eligible,1
FKK,"Clamp, Line",1,GU,"Gastroenterology, Urology",GU,876.4730,N,N,Eligible,4
FKL,"Insert, Pump, Blood",2,GU,"Gastroenterology, Urology",GU,876.5820,N,Y,Eligible,1
FKM,"Adaptor, Fistula",2,GU,"Gastroenterology, Urology",GU,876.5820,N,N,Eligible,1
FKN,"Adaptor, Shunt",2,GU,"Gastroenterology, Urology",GU,876.5540,Y,N,Eligible,1
FKO,"Catheter, Peritoneal Dialysis, Single Use",2,GU,"Gastroenterology, Urology",GU,876.5630,N,Y,Ineligible,1
FKP,"System, Dialysate Delivery, Single Patient",2,GU,"Gastroenterology, Urology",GU,876.5820,N,Y,Ineligible,1
FKQ,"System, Dialysate Delivery, Central Multiple Patient",2,GU,"Gastroenterology, Urology",GU,876.5820,N,Y,Ineligible,1
FKR,"Subsystem, Proportioning",2,GU,"Gastroenterology, Urology",GU,876.5820,N,Y,Ineligible,1
FKT,"System, Dialysate Delivery, Sorbent Regenerated",2,GU,"Gastroenterology, Urology",GU,876.5600,N,Y,Ineligible,1
FKW,"Tip, Vessel",2,GU,"Gastroenterology, Urology",GU,876.5540,Y,N,Eligible,1
FKX,"System, Peritoneal, Automatic Delivery",2,GU,"Gastroenterology, Urology",GU,876.5630,N,Y,Ineligible,1
FKY,"Connector, Tubing, Dialysate",2,GU,"Gastroenterology, Urology",GU,876.5820,N,Y,Eligible,1
FLA,"Monitor, Temperature, Dialysis",2,GU,"Gastroenterology, Urology",GU,876.5820,N,Y,Ineligible,1
FLB,"Meter, Conductivity, Induction, Remote Type",2,GU,"Gastroenterology, Urology",GU,876.5820,N,N,Ineligible,1
FLC,"Station, Dialysis Control, Negative Pressure Type",2,GU,"Gastroenterology, Urology",GU,876.5820,N,Y,Eligible,1
FLD,"Apparatus, Hemoperfusion, Sorbent",2,GU,"Gastroenterology, Urology",GU,876.5870,N,N,Ineligible,1
FLE,"Sterilizer, Steam",2,HO,General Hospital,HO,880.6880,N,N,Ineligible,1
FLF,"Sterilizer, Ethylene-Oxide Gas",2,HO,General Hospital,HO,880.6860,N,N,Ineligible,1
FLG,"Cleaner, Ultrasonic, Medical Instrument",1,HO,General Hospital,HO,880.6150,N,N,Ineligible,4
FLH,Washer Of Body Waste Receptacles,1,HO,General Hospital,HO,880.6800,N,N,Eligible,4
FLI,"Cabinet, Ethylene-Oxide Gas Aerator",2,HO,General Hospital,HO,880.6100,N,N,Eligible,1
FLJ,"Unit, Airflow, Laminar",2,SU,"General, Plastic Surgery",HO,878.5070,N,N,Eligible,1
FLK,"Thermometer, Clinical Mercury",2,HO,General Hospital,HO,880.2920,N,N,Eligible,4
FLL,Continuous Measurement Thermometer,2,HO,General Hospital,HO,880.2910,N,N,Eligible,1
FLN,"Monitor, Electric For Gravity Flow Infusion Systems",2,HO,General Hospital,HO,880.2420,N,N,Eligible,1
FLS,"Monitor, Apnea, Facility Use",2,AN,Anesthesiology,AN,868.2377,N,Y,Eligible,1
FMA,"Depressor, Tongue, Non-Surgical",1,HO,General Hospital,HO,880.6230,N,N,Eligible,4
FMC,Patient Examination Glove,1,HO,General Hospital,HO,880.6250,N,N,Eligible,1
FME,"Gown, Examination",1,HO,General Hospital,HO,880.6265,N,N,Eligible,4
FMF,"Syringe, Piston",2,HO,General Hospital,HO,880.5860,N,N,Eligible,1
FMG,"Stopcock, I.V. Set",2,HO,General Hospital,HO,880.5440,N,N,Eligible,1
FMH,"Container, Specimen, Sterile",1,PA,Pathology,HO,864.3250,N,N,Eligible,4
FMI,"Needle, Hypodermic, Single Lumen",2,HO,General Hospital,HO,880.5570,N,N,Ineligible,1
FMJ,"Manometer, Spinal-Fluid",2,HO,General Hospital,HO,880.2500,N,N,Eligible,1
FMK,Single Use Only Blood Lancet With An Integral Sharps Injury Prevention Feature,2,SU,"General, Plastic Surgery",SU,878.4850,N,N,Eligible,1
FML,"Chair, Blood Donor",1,HO,General Hospital,HO,880.6140,N,N,Eligible,4
FMP,"Protector, Skin Pressure",1,HO,General Hospital,HO,880.6450,N,N,Eligible,4
FMQ,"Restraint, Protective",1,HO,General Hospital,HO,880.6760,N,N,Eligible,4
FMR,"Device, Transfer, Patient, Manual",1,HO,General Hospital,HO,880.6785,N,N,Eligible,4
FMS,"Bed, Pediatric Open Hospital",2,HO,General Hospital,HO,880.5140,N,N,Eligible,4
FMT,"Warmer, Infant Radiant",2,HO,General Hospital,HO,880.5130,N,N,Eligible,1
FMW,"Cover, Mattress (Medical Purposes)",1,HO,General Hospital,HO,880.6190,N,N,Eligible,4
FMZ,"Incubator, Neonatal",2,HO,General Hospital,HO,880.5400,N,N,Eligible,1
FNC,"Tent, Pediatric Aerosol",2,AN,Anesthesiology,AN,868.5710,N,N,Eligible,1
FNG,"Lift, Patient, Ac-Powered",2,HO,General Hospital,HO,880.5500,N,N,Eligible,4
FNJ,"Bed, Manual",1,HO,General Hospital,HO,880.5120,N,N,Eligible,4
FNK,"Bed, Hydraulic, Adjustable Hospital",1,HO,General Hospital,HO,880.5110,N,N,Eligible,4
FNL,"Bed, Ac-Powered Adjustable Hospital",2,HO,General Hospital,HO,880.5100,N,N,Eligible,4
FNM,"Mattress, Air Flotation, Alternating Pressure",2,HO,General Hospital,HO,880.5550,N,N,Eligible,4
FNN,"Nipple, Lambs Feeding",1,HO,General Hospital,HO,880.5640,N,N,Eligible,4
FNP,Urinal,1,HO,General Hospital,HO,880.6730,N,N,Eligible,4
FNS,Ring Cutter,1,HO,General Hospital,HO,880.6200,N,N,Eligible,4
FNW,"Pad, Kelly",2,SU,"General, Plastic Surgery",SU,878.4370,N,N,Eligible,4
FNY,"Basin, Emesis",1,HO,General Hospital,HO,880.6730,N,N,Eligible,4
FOA,"Board, Cardiopulmonary",1,HO,General Hospital,HO,880.6080,N,N,Eligible,4
FOB,Bedpan,1,HO,General Hospital,HO,880.6730,N,N,Eligible,4
FOC,"Bag, Urine Collection, Newborn",2,GU,"Gastroenterology, Urology",GU,876.5250,N,N,Eligible,4
FOD,"Device, Occlusion, Umbilical",1,HO,General Hospital,HO,880.5950,N,N,Eligible,4
FOG,"Hood, Oxygen, Infant",1,AN,Anesthesiology,AN,868.5700,N,N,Eligible,4
FOH,"Mattress, Water, Temperature Regulated",1,HO,General Hospital,HO,880.5560,N,N,Eligible,4
FOK,"Pad, Neonatal Eye",1,HO,General Hospital,HO,880.5270,N,N,Eligible,4
FON,"Bag, Drainage, With Adhesive, Ostomy",1,GU,"Gastroenterology, Urology",GU,876.5900,N,N,Eligible,4
FOS,"Catheter, Umbilical Artery",2,HO,General Hospital,HO,880.5200,N,N,Eligible,1
FOX,"Stand, Infusion",1,HO,General Hospital,HO,880.6990,N,N,Eligible,4
FOZ,"Catheter, Intravascular, Therapeutic, Short-Term Less Than 30 Days",2,HO,General Hospital,HO,880.5200,N,N,Ineligible,1
FPA,"Set, Administration, Intravascular",2,HO,General Hospital,HO,880.5440,N,N,Ineligible,1
FPB,"Filter, Infusion Line",2,HO,General Hospital,HO,880.5440,N,N,Eligible,1
FPD,"Tube, Feeding",2,GU,"Gastroenterology, Urology",GU,876.5980,N,N,Eligible,1
FPF,"Bottle, Hot/Cold Water",1,HO,General Hospital,HO,880.6085,N,N,Eligible,4
FPK,"Tubing, Fluid Delivery",2,HO,General Hospital,HO,880.5440,N,N,Eligible,1
FPL,"Incubator, Neonatal Transport",2,HO,General Hospital,HO,880.5410,N,N,Eligible,1
FPO,"Stretcher, Wheeled",2,HO,General Hospital,HO,880.6910,N,N,Eligible,4
FPP,"Stretcher, Hand-Carried",1,HO,General Hospital,HO,880.6900,N,N,Eligible,4
FPS,"Board, Bed",1,HO,General Hospital,HO,880.6070,N,N,Eligible,4
FPX,"Strip, Adhesive, Closure, Skin",1,HO,General Hospital,SU,880.5240,N,N,Eligible,4
FPY,"Sheet, Burn",1,HO,General Hospital,SU,880.5180,N,N,Eligible,4
FQA,"Scale, Surgical Sponge",1,HO,General Hospital,HO,880.2740,N,N,Eligible,4
FQH,"Lavage, Jet",2,HO,General Hospital,HO,880.5475,N,N,Eligible,4
FQJ,"Support, Scrotal, Therapeutic",1,HO,General Hospital,HO,880.5820,N,N,Eligible,4
FQK,"Binder, Perineal",1,HO,General Hospital,HO,880.5160,N,N,Eligible,4
FQL,"Stocking, Medical Support (For General Medical Purposes)",1,HO,General Hospital,HO,880.5780,N,N,Eligible,4
FQM,"Bandage, Elastic",1,HO,General Hospital,HO,880.5075,N,N,Eligible,4
FQO,"Table, Operating-Room, Ac-Powered",1,SU,"General, Plastic Surgery",SU,878.4960,N,N,Eligible,4
FQP,"Lamp, Operating-Room",2,SU,"General, Plastic Surgery",SU,878.4580,N,N,Eligible,4
FQZ,"Thermometer, Clinical Color Change",1,HO,General Hospital,HO,880.2900,N,N,Eligible,4
FRA,"Purifier, Air, Ultraviolet, Medical",2,HO,General Hospital,HO,880.6500,N,N,Eligible,1
FRC,"Indicator, Biological Sterilization Process",2,HO,General Hospital,HO,880.2800,N,N,Eligible,1
FRF,"Cleaner, Air, Medical Recirculating",2,HO,General Hospital,HO,880.5045,N,N,Eligible,1
FRG,"Wrap, Sterilization",2,HO,General Hospital,HO,880.6850,N,N,Eligible,1
FRI,"Scale, Stand-On, Patient",1,HO,General Hospital,HO,880.2700,N,N,Eligible,4
FRJ,"Chair, Geriatric",1,HO,General Hospital,HO,880.6140,N,N,Eligible,4
FRK,"Chair, Examination And Treatment",1,HO,General Hospital,HO,880.6140,N,N,Eligible,4
FRL,"Fiber, Medical, Absorbent",1,HO,General Hospital,HO,880.5300,N,N,Eligible,4
FRN,"Pump, Infusion",2,HO,General Hospital,HO,880.5725,N,N,Ineligible,1
FRO,"Dressing, Wound, Drug",U,,Unknown,SU,,N,N,Ineligible,1
FRP,"Holder, Infant Position",1,HO,General Hospital,HO,880.5680,N,N,Eligible,1
FRQ,"Tube, Levine",2,GU,"Gastroenterology, Urology",GU,876.5980,N,N,Eligible,1
FRR,"Chamber, Reverse Isolation, Patient Care",2,HO,General Hospital,HO,880.5450,N,N,Eligible,1
FRT,"Unit, Isolation, Surgical",2,SU,"General, Plastic Surgery",HO,878.5070,N,N,Eligible,1
FRW,"Scale, Patient",1,HO,General Hospital,HO,880.2720,N,N,Eligible,4
FRZ,"Device, Patient Transfer, Powered",2,HO,General Hospital,HO,880.6775,N,N,Eligible,4
FSA,"Lift, Patient, Non-Ac-Powered",1,HO,General Hospital,HO,880.5510,N,N,Eligible,4
FSD,"Binder, Abdominal",1,HO,General Hospital,HO,880.5160,N,N,Eligible,4
FSE,"Table, Operating-Room, Manual",1,SU,"General, Plastic Surgery",SU,878.4950,N,N,Eligible,4
FSH,"Tray, Surgical, Needle",1,SU,"General, Plastic Surgery",SU,878.4800,N,N,Eligible,4
FSM,"Tray, Surgical, Instrument",1,SU,"General, Plastic Surgery",SU,878.4800,N,N,Eligible,4
FSO,"Microscope, Surgical, General & Plastic Surgery",1,SU,"General, Plastic Surgery",SU,878.4700,N,N,Eligible,4
FSP,"Loupe, Diagnostic/Surgical",1,SU,"General, Plastic Surgery",SU,878.4800,N,N,Eligible,4
FSQ,"Light, Surgical, Instrument",2,SU,"General, Plastic Surgery",SU,878.4580,N,N,Eligible,4
FSR,"Light, Headband, Surgical",2,OP,Ophthalmic,OP,886.4335,N,N,Eligible,4
FSS,"Light, Surgical, Floor Standing",2,SU,"General, Plastic Surgery",SU,878.4580,N,N,Eligible,4
FST,"Light, Surgical, Fiberoptic",2,SU,"General, Plastic Surgery",SU,878.4580,N,N,Eligible,1
FSW,"Light, Surgical, Endoscopic",2,SU,"General, Plastic Surgery",SU,878.4580,N,N,Eligible,4
FSX,"Light, Surgical, Connector",2,SU,"General, Plastic Surgery",SU,878.4580,N,N,Eligible,4
FSY,"Light, Surgical, Ceiling Mounted",2,SU,"General, Plastic Surgery",SU,878.4580,N,N,Eligible,4
FSZ,"Light, Surgical, Carrier",2,SU,"General, Plastic Surgery",SU,878.4580,N,N,Eligible,4
FTA,"Light, Surgical, Accessories",2,SU,"General, Plastic Surgery",SU,878.4580,N,N,Eligible,4
FTC,"Light, Ultraviolet, Dermatological",2,SU,"General, Plastic Surgery",SU,878.4630,N,N,Eligible,1
FTD,"Lamp, Surgical",2,SU,"General, Plastic Surgery",SU,878.4580,N,N,Eligible,4
FTF,"Illuminator, Non-Remote",2,SU,"General, Plastic Surgery",SU,878.4580,N,N,Eligible,1
FTG,"Illuminator, Remote",2,SU,"General, Plastic Surgery",SU,878.4580,N,N,Eligible,4
FTH,"Camera, Still, Microsurgical",1,SU,"General, Plastic Surgery",SU,878.4160,N,N,Eligible,4
FTI,"Lamp, Endoscope, Incandescent",2,GU,"Gastroenterology, Urology",GU,876.1500,N,N,Eligible,1
FTJ,"Colonoscope, General & Plastic Surgery",2,GU,"Gastroenterology, Urology",GU,876.1500,N,N,Eligible,1
FTL,"Mesh, Surgical, Polymeric",2,SU,"General, Plastic Surgery",SU,878.3300,Y,N,Ineligible,1
FTM,"Mesh, Surgical",2,SU,"General, Plastic Surgery",SU,878.3300,Y,N,Ineligible,1
FTN,Plastic Surgery And Accessories Kit,1,SU,"General, Plastic Surgery",SU,878.3925,N,N,Eligible,7
FTO,"Prosthesis, Testicle",3,GU,"Gastroenterology, Urology",GU,876.3750,Y,N,Eligible,2
FTQ,"Prosthesis, Penis, Rigid Rod",2,GU,"Gastroenterology, Urology",GU,876.3630,Y,N,Eligible,1
FTR,"Prosthesis, Breast, Noninflatable, Internal, Silicone Gel-Filled",3,SU,"General, Plastic Surgery",SU,878.3540,Y,N,Ineligible,2
FTS,"Camera, Cine, Endoscopic, With Audio",1,SU,"General, Plastic Surgery",SU,878.4160,N,N,Eligible,4
FTT,"Camera, Still, Surgical",1,SU,"General, Plastic Surgery",SU,878.4160,N,N,Eligible,4
FTX,"Mirror, General & Plastic Surgery",1,SU,"General, Plastic Surgery",SU,878.4800,N,N,Eligible,4
FTY,"Tape, Measuring, Rulers And Calipers",1,SU,"General, Plastic Surgery",SU,878.4800,N,N,Eligible,4
FTZ,"Locator, Magnetic",1,OP,Ophthalmic,OP,886.4445,N,N,Eligible,4
FWB,"Camera, Television, Surgical, Without Audio",1,SU,"General, Plastic Surgery",SU,878.4160,N,N,Eligible,4
FWC,"Camera, Television, Surgical, With Audio",1,SU,"General, Plastic Surgery",SU,878.4160,N,N,Eligible,4
FWD,"Camera, Television, Microsurgical, Without Audio",1,SU,"General, Plastic Surgery",SU,878.4160,N,N,Eligible,4
FWE,"Camera, Television, Microsurgical, With Audio",1,SU,"General, Plastic Surgery",SU,878.4160,N,N,Eligible,4
FWF,"Camera, Television, Endoscopic, Without Audio",1,SU,"General, Plastic Surgery",SU,878.4160,N,N,Eligible,4
FWG,"Camera, Television, Endoscopic, With Audio",1,SU,"General, Plastic Surgery",SU,878.4160,N,N,Eligible,4
FWH,"Camera, Cine, Surgical, Without Audio",1,SU,"General, Plastic Surgery",SU,878.4160,N,N,Eligible,4
FWI,"Camera, Cine, Surgical, With Audio",1,SU,"General, Plastic Surgery",SU,878.4160,N,N,Eligible,4
FWJ,"Camera, Cine, Microsurgical, Without Audio",1,SU,"General, Plastic Surgery",SU,878.4160,N,N,Eligible,4
FWK,"Camera, Cine, Microsurgical, With Audio",1,SU,"General, Plastic Surgery",SU,878.4160,N,N,Eligible,4
FWL,"Camera, Cine, Endoscopic, Without Audio",1,SU,"General, Plastic Surgery",SU,878.4160,N,N,Eligible,4
FWM,"Prosthesis, Breast, Inflatable, Internal, Saline",3,SU,"General, Plastic Surgery",SU,878.3530,Y,N,Ineligible,2
FWN,"Prosthesis, Larynx (Stents And Keels)",2,EN,"Ear, Nose, Throat",EN,874.3620,N,N,Eligible,1
FWP,"Prosthesis, Chin, Internal",2,SU,"General, Plastic Surgery",SU,878.3550,Y,N,Eligible,1
FWW,"Table, Operating-Room, Pneumatic",1,SU,"General, Plastic Surgery",SU,878.4960,N,N,Eligible,4
FWX,"Table, Operating-Room, Mechanical",1,SU,"General, Plastic Surgery",SU,878.4950,N,N,Eligible,4
FWY,"Table, Operating-Room, Non-Electrical",1,SU,"General, Plastic Surgery",SU,878.4950,N,N,Eligible,4
FWZ,Operating Room Accessories Table Tray,1,SU,"General, Plastic Surgery",SU,878.4950,N,N,Eligible,7
FXE,"Speculum, Non-Illuminated",1,SU,"General, Plastic Surgery",SU,878.1800,N,N,Eligible,4
FXF,"Speculum, Illuminated",1,SU,"General, Plastic Surgery",SU,878.1800,N,N,Eligible,4
FXG,Specula Accessories,1,SU,"General, Plastic Surgery",SU,878.1800,N,N,Eligible,4
FXM,"Camera, Still, Endoscopic",1,SU,"General, Plastic Surgery",SU,878.4160,N,N,Eligible,4
FXN,"Tape, Camera, Surgical",1,SU,"General, Plastic Surgery",SU,878.4160,N,N,Eligible,4
FXO,"Suit, Surgical",1,SU,"General, Plastic Surgery",HO,878.4040,N,N,Eligible,4
FXP,"Cover, Shoe, Operating-Room",1,SU,"General, Plastic Surgery",HO,878.4040,N,N,Eligible,4
FXQ,"Lens, Camera, Surgical",1,SU,"General, Plastic Surgery",SU,878.4160,N,N,Eligible,4
FXR,"Holder, Camera, Surgical",1,SU,"General, Plastic Surgery",SU,878.4160,N,N,Eligible,4
FXS,"Frame, Camera, Surgical",1,SU,"General, Plastic Surgery",SU,878.4160,N,N,Eligible,4
FXT,"Film, Camera, Surgical",1,SU,"General, Plastic Surgery",SU,878.4160,N,N,Eligible,4
FXW,"Shoes, Operating-Room",1,SU,"General, Plastic Surgery",SU,878.4040,N,N,Eligible,4
FXX,"Mask, Surgical",2,SU,"General, Plastic Surgery",HO,878.4040,N,N,Eligible,1
FXY,"Hood, Surgical",2,SU,"General, Plastic Surgery",HO,878.4040,N,N,Eligible,1
FXZ,"Helmet, Surgical",1,SU,"General, Plastic Surgery",HO,878.4040,N,N,Eligible,4
FYA,"Gown, Surgical",2,SU,"General, Plastic Surgery",HO,878.4040,N,N,Eligible,1
FYB,"Gown, Patient",2,SU,"General, Plastic Surgery",HO,878.4040,N,N,Eligible,1
FYC,"Gown, Isolation, Surgical",2,SU,"General, Plastic Surgery",HO,878.4040,N,N,Eligible,1
FYD,"Apparatus, Exhaust, Surgical",2,SU,"General, Plastic Surgery",HO,878.5070,N,N,Eligible,1
FYE,"Dress, Surgical",1,SU,"General, Plastic Surgery",SU,878.4040,N,N,Eligible,4
FYF,"Cap, Surgical",1,SU,"General, Plastic Surgery",SU,878.4040,N,N,Eligible,4
FYH,"Splint, Extremity, Noninflatable, External, Sterile",1,SU,"General, Plastic Surgery",HO,878.3910,N,N,Eligible,4
FYI,"Appliance, Facial Fracture, External",1,SU,"General, Plastic Surgery",SU,878.3250,N,N,Eligible,4
FZC,"Prosthesis, Arterial Graft, Bovine Carotid Artery",3,,Unknown,CV,,N,N,Eligible,2
FZD,"Prosthesis, Ear, Internal",2,SU,"General, Plastic Surgery",SU,878.3590,Y,N,Eligible,1
FZE,"Prosthesis, Nose, Internal",2,SU,"General, Plastic Surgery",SU,878.3680,Y,N,Eligible,1
FZF,"Splint, Extremity, Inflatable, External",1,SU,"General, Plastic Surgery",SU,878.3900,N,N,Eligible,4
FZG,"Apparatus, Air Handling, Bench",2,SU,"General, Plastic Surgery",SU,878.5070,N,N,Eligible,4
FZH,"Apparatus, Air Handling, Room",2,SU,"General, Plastic Surgery",SU,878.5070,N,N,Eligible,4
FZI,"Apparatus, Air Handling, Enclosure",2,SU,"General, Plastic Surgery",SU,878.5070,N,N,Eligible,4
FZK,"Chair, Surgical, Non-Electrical",1,SU,"General, Plastic Surgery",SU,878.4950,N,N,Eligible,4
FZM,"Stool, Operating-Room",1,SU,"General, Plastic Surgery",SU,878.4950,N,N,Eligible,4
FZO,"Chisel, Surgical, Manual",1,SU,"General, Plastic Surgery",SU,878.4800,N,N,Eligible,4
FZP,"Clip, Implantable",2,SU,"General, Plastic Surgery",SU,878.4300,Y,N,Eligible,1
FZQ,"Clip, Removable (Skin)",1,SU,"General, Plastic Surgery",SU,878.4320,N,N,Eligible,4
FZR,"Contractor, Surgical",1,SU,"General, Plastic Surgery",SU,878.4800,N,N,Eligible,4
FZS,"Curette, Surgical, General Use",1,SU,"General, Plastic Surgery",SU,878.4800,N,N,Eligible,4
FZT,"Cutter, Surgical",1,SU,"General, Plastic Surgery",SU,878.4800,N,N,Eligible,4
FZW,"Expander, Surgical, Skin Graft",1,SU,"General, Plastic Surgery",SU,878.4800,N,N,Eligible,4
FZX,"Guide, Surgical, Instrument",1,SU,"General, Plastic Surgery",SU,878.4800,N,N,Eligible,4
FZY,"Hammer, Surgical",1,SU,"General, Plastic Surgery",SU,878.4800,N,N,Eligible,4
FZZ,"Marker, Skin",1,SU,"General, Plastic Surgery",SU,878.4660,N,N,Eligible,4
GAA,"Needle, Aspiration And Injection, Disposable",1,SU,"General, Plastic Surgery",SU,878.4800,N,N,Eligible,4
GAB,"Needle, Suturing, Disposable",1,SU,"General, Plastic Surgery",SU,878.4800,N,N,Eligible,4
GAC,"Rasp, Surgical, General & Plastic Surgery",1,SU,"General, Plastic Surgery",SU,878.4800,N,N,Eligible,4
GAD,Retractor,1,SU,"General, Plastic Surgery",SU,878.4800,N,N,Eligible,4
GAE,"Snare, Surgical",1,SU,"General, Plastic Surgery",SU,878.4800,N,N,Eligible,4
GAF,"Spatula, Surgical, General & Plastic Surgery",1,SU,"General, Plastic Surgery",SU,878.4800,N,N,Eligible,4
GAG,"Stapler, Surgical",2,HO,General Hospital,SU,878.4740,N,N,Ineligible,1
GAH,"Stylet, Surgical, General & Plastic Surgery",1,SU,"General, Plastic Surgery",SU,878.4800,N,N,Eligible,4
GAI,"Stripper, Vein, Reusable",1,SU,"General, Plastic Surgery",SU,878.4800,N,N,Eligible,4
GAJ,"Stripper, Vein, Disposable",1,SU,"General, Plastic Surgery",SU,878.4800,N,N,Eligible,4
GAK,"Suture, Absorbable",2,SU,"General, Plastic Surgery",SU,878.4830,Y,N,Eligible,1
GAL,"Suture, Absorbable, Natural",2,SU,"General, Plastic Surgery",SU,878.4830,Y,N,Eligible,1
GAM,"Suture, Absorbable, Synthetic, Polyglycolic Acid",2,SU,"General, Plastic Surgery",SU,878.4493,Y,N,Eligible,1
GAN,"Suture, Absorbable, Synthetic",2,SU,"General, Plastic Surgery",SU,878.4830,Y,N,Eligible,1
GAO,"Suture, Nonabsorbable",2,SU,"General, Plastic Surgery",SU,878.4495,Y,N,Eligible,1
GAP,"Suture, Nonabsorbable, Silk",2,SU,"General, Plastic Surgery",SU,878.5030,Y,N,Eligible,1
GAQ,"Suture, Nonabsorbable, Steel, Monofilament And Multifilament, Sterile",2,SU,"General, Plastic Surgery",SU,878.4495,Y,N,Eligible,1
GAR,"Suture, Nonabsorbable, Synthetic, Polyamide",2,SU,"General, Plastic Surgery",SU,878.5020,Y,N,Eligible,1
GAS,"Suture, Nonabsorbable, Synthetic, Polyester",2,SU,"General, Plastic Surgery",SU,878.5000,Y,N,Eligible,1
GAT,"Suture, Nonabsorbable, Synthetic, Polyethylene",2,SU,"General, Plastic Surgery",SU,878.5000,Y,N,Eligible,1
GAW,"Suture, Nonabsorbable, Synthetic, Polypropylene",2,SU,"General, Plastic Surgery",SU,878.5010,Y,N,Ineligible,1
GAX,"Tourniquet, Nonpneumatic",1,SU,"General, Plastic Surgery",SU,878.5900,N,N,Eligible,4
GAZ,"Tubing, Noninvasive",2,HO,General Hospital,HO,880.6740,N,N,Eligible,4
GBA,"Catheter, Balloon Type",1,SU,"General, Plastic Surgery",SU,878.4200,N,N,Eligible,4
GBB,"Chair, Surgical, Ac-Powered",1,SU,"General, Plastic Surgery",SU,878.4960,N,N,Eligible,4
GBC,"Lamp, Surgical, Incandescent",2,SU,"General, Plastic Surgery",SU,878.4580,N,N,Eligible,4
GBI,"Material, External Aesthetic Restoration, Used With Adhesive",1,SU,"General, Plastic Surgery",SU,878.3800,N,N,Eligible,4
GBJ,"Prosthesis, Adhesive, External",1,SU,"General, Plastic Surgery",SU,878.3750,N,N,Eligible,4
GBL,"Catheter, Ureteral, General & Plastic Surgery",N,GU,"Gastroenterology, Urology",GU,876.5130,N,N,Eligible,3
GBM,"Catheter, Urethral",2,GU,"Gastroenterology, Urology",GU,876.5130,N,N,Eligible,1
GBN,"Catheter, Pediatric, General & Plastic Surgery",1,SU,"General, Plastic Surgery",SU,878.4200,N,N,Eligible,4
GBO,"Catheter, Nephrostomy, General & Plastic Surgery",1,SU,"General, Plastic Surgery",SU,878.4200,N,N,Eligible,4
GBP,"Catheter, Multiple Lumen",1,SU,"General, Plastic Surgery",SU,878.4200,N,N,Eligible,4
GBQ,"Catheter, Continuous Irrigation",1,SU,"General, Plastic Surgery",SU,878.4200,N,N,Eligible,4
GBS,"Catheter, Ventricular, General & Plastic Surgery",1,SU,"General, Plastic Surgery",SU,878.4200,N,N,Eligible,4
GBT,"Catheter, Rectal",2,GU,"Gastroenterology, Urology",GU,876.5980,N,N,Eligible,1
GBW,"Catheter, Peritoneal",1,SU,"General, Plastic Surgery",SU,878.4200,N,N,Eligible,4
GBX,"Catheter, Irrigation",1,SU,"General, Plastic Surgery",SU,878.4200,N,N,Eligible,4
GBY,"Catheter, Eustachian, General & Plastic Surgery",1,SU,"General, Plastic Surgery",SU,878.4200,N,N,Eligible,4
GBZ,"Catheter, Cholangiography",1,SU,"General, Plastic Surgery",SU,878.4200,N,N,Eligible,4
GCA,Biliary Catheter For Stone Removal That May Also Allow For Irrigation And Contrast Injection,2,GU,"Gastroenterology, Urology",GU,876.5010,N,N,Eligible,1
GCB,"Needle, Catheter",1,SU,"General, Plastic Surgery",SU,878.4200,N,N,Eligible,4
GCC,"Dilator, Catheter",1,SU,"General, Plastic Surgery",SU,878.4200,N,N,Eligible,4
GCD,"Connector, Catheter",1,SU,"General, Plastic Surgery",SU,878.4200,N,N,Eligible,4
GCE,"Adaptor, Catheter",1,SU,"General, Plastic Surgery",SU,878.4200,N,N,Eligible,4
GCF,Proctoscope,2,GU,"Gastroenterology, Urology",GU,876.1500,N,N,Eligible,1
GCG,Peritoneoscope,2,GU,"Gastroenterology, Urology",SU,876.1500,N,N,Eligible,1
GCH,"Mediastinoscope, Diagnostic",2,GU,"Gastroenterology, Urology",SU,876.1500,N,N,Eligible,1
GCI,"Laryngoscope, Endoscope",2,GU,"Gastroenterology, Urology",SU,876.1500,N,N,Eligible,1
GCJ,"Laparoscope, General & Plastic Surgery",2,GU,"Gastroenterology, Urology",SU,876.1500,N,N,Ineligible,1
GCK,"Gastroscope, General & Plastic Surgery",2,GU,"Gastroenterology, Urology",GU,876.1500,N,N,Eligible,1
GCL,"Esophagoscope, General & Plastic Surgery",2,GU,"Gastroenterology, Urology",GU,876.1500,N,N,Ineligible,1
GCM,"Endoscope, Rigid",2,GU,"Gastroenterology, Urology",GU,876.1500,N,N,Ineligible,1
GCN,"Endoscope, Prism",2,GU,"Gastroenterology, Urology",GU,876.1500,N,N,Eligible,1
GCO,"Endoscope, Mirror",2,GU,"Gastroenterology, Urology",GU,876.1500,N,N,Eligible,1
GCP,"Endoscope, Ac-Powered And Accessories",2,GU,"Gastroenterology, Urology",GU,876.1500,N,N,Eligible,1
GCQ,"Endoscope, Flexible",2,GU,"Gastroenterology, Urology",GU,876.1500,N,N,Eligible,1
GCS,"Endoscope, Battery-Powered And Accessories",2,GU,"Gastroenterology, Urology",GU,876.1500,N,N,Eligible,1
GCT,"Light Source, Endoscope, Xenon Arc",2,GU,"Gastroenterology, Urology",GU,876.1500,N,N,Eligible,4
GCW,"Transformer, Endoscope",2,GU,"Gastroenterology, Urology",GU,876.1500,N,N,Eligible,4
GCX,"Apparatus, Suction, Operating-Room, Wall Vacuum Powered",2,HO,General Hospital,HO,880.6740,N,N,Eligible,4
GCY,"Apparatus, Suction, Single Patient Use, Portable, Nonpowered",1,SU,"General, Plastic Surgery",SU,878.4680,N,N,Eligible,4
GCZ,"Retainer, Surgical",1,SU,"General, Plastic Surgery",SU,878.4800,N,N,Eligible,4
GDB,"Endoscope, Fiber Optic",2,GU,"Gastroenterology, Urology",GU,876.1500,N,N,Ineligible,1
GDC,"Table, Operating-Room, Electrical",1,SU,"General, Plastic Surgery",SU,878.4960,N,N,Eligible,4
GDF,"Guide, Needle, Surgical",1,SU,"General, Plastic Surgery",SU,878.4800,N,N,Eligible,4
GDG,"Hook, Surgical, General & Plastic Surgery",1,SU,"General, Plastic Surgery",SU,878.4800,N,N,Eligible,4
GDH,"Gouge, Surgical, General & Plastic Surgery",1,SU,"General, Plastic Surgery",SU,878.4800,N,N,Eligible,4
GDI,"Dissector, Surgical, General & Plastic Surgery",1,SU,"General, Plastic Surgery",SU,878.4800,N,N,Eligible,4
GDJ,"Clamp, Surgical, General & Plastic Surgery",1,SU,"General, Plastic Surgery",SU,878.4800,N,N,Eligible,4
GDL,"Needle, Suturing, Reusable",1,SU,"General, Plastic Surgery",SU,878.4800,N,N,Eligible,4
GDM,"Needle, Aspiration And Injection, Reusable",1,SU,"General, Plastic Surgery",SU,878.4800,N,N,Eligible,4
GDN,"Knife, Amputation",1,SU,"General, Plastic Surgery",SU,878.4800,N,N,Eligible,4
GDO,"Applier, Surgical, Clip",1,SU,"General, Plastic Surgery",SU,878.4800,N,N,Eligible,4
GDR,"Saw, Manual And Accessories",1,SU,"General, Plastic Surgery",SU,878.4800,N,N,Eligible,4
GDS,"Bag, Stomal",1,GU,"Gastroenterology, Urology",GU,876.5900,N,N,Eligible,4
GDT,"Staple, Removable (Skin)",1,SU,"General, Plastic Surgery",SU,878.4760,N,N,Eligible,4
GDW,"Staple, Implantable",2,SU,"General, Plastic Surgery",SU,878.4750,Y,N,Ineligible,1
GDX,"Scalpel, One-Piece",1,SU,"General, Plastic Surgery",SU,878.4800,N,N,Eligible,4
GDY,"Gauze/Sponge, Internal, X-Ray Detectable",1,SU,"General, Plastic Surgery",SU,878.4450,N,N,Eligible,4
GDZ,"Handle, Scalpel",1,SU,"General, Plastic Surgery",SU,878.4800,N,N,Eligible,4
GEA,"Cannula, Surgical, General & Plastic Surgery",1,SU,"General, Plastic Surgery",SU,878.4800,N,N,Eligible,4
GEC,"Brush, Scrub, Operating-Room",1,SU,"General, Plastic Surgery",SU,878.4800,N,N,Eligible,4
GED,"Brush, Dermabrasion, Manual",1,SU,"General, Plastic Surgery",SU,878.4800,N,N,Eligible,4
GEE,"Brush, Biopsy, General & Plastic Surgery",1,SU,"General, Plastic Surgery",SU,878.4800,N,N,Eligible,4
GEF,"Applier, Staple, Surgical,",1,SU,"General, Plastic Surgery",SU,878.4800,N,N,Eligible,4
GEG,"Elevator, Surgical, General & Plastic Surgery",1,SU,"General, Plastic Surgery",SU,878.4800,N,N,Eligible,4
GEH,"Unit, Cryosurgical, Accessories",2,SU,"General, Plastic Surgery",SU,878.4350,N,N,Eligible,1
GEI,"Electrosurgical, Cutting & Coagulation & Accessories",2,SU,"General, Plastic Surgery",SU,878.4400,N,N,Ineligible,1
GEJ,"Carrier, Ligature",1,SU,"General, Plastic Surgery",SU,878.4800,N,N,Eligible,4
GEN,"Forceps, General & Plastic Surgery",1,SU,"General, Plastic Surgery",SU,878.4800,N,N,Eligible,4
GEO,"File, Surgical, General & Plastic Surgery",1,SU,"General, Plastic Surgery",SU,878.4800,N,N,Eligible,4
GES,"Blade, Scalpel",1,SU,"General, Plastic Surgery",SU,878.4800,N,N,Eligible,4
GET,"Motor, Surgical Instrument, Pneumatic Powered",1,SU,"General, Plastic Surgery",SU,878.4820,N,N,Eligible,4
GEX,Powered Laser Surgical Instrument,2,SU,"General, Plastic Surgery",SU,878.4810,N,N,Eligible,1
GEY,"Motor, Surgical Instrument, Ac-Powered",1,SU,"General, Plastic Surgery",SU,878.4820,N,N,Eligible,4
GFA,"Blade, Saw, General & Plastic Surgery, Surgical",1,SU,"General, Plastic Surgery",SU,878.4820,N,N,Eligible,4
GFB,"Head, Surgical, Hammer",1,SU,"General, Plastic Surgery",SU,878.4820,N,N,Eligible,4
GFC,"Driver, Surgical, Pin",1,SU,"General, Plastic Surgery",SU,878.4820,N,N,Eligible,4
GFD,Dermatome,1,SU,"General, Plastic Surgery",SU,878.4820,N,N,Ineligible,4
GFE,"Brush, Dermabrasion, Powered",1,SU,"General, Plastic Surgery",SU,878.4820,N,N,Ineligible,4
GFF,"Bur, Surgical, General & Plastic Surgery",1,SU,"General, Plastic Surgery",SU,878.4820,N,N,Eligible,4
GFG,"Bit, Surgical",1,SU,"General, Plastic Surgery",SU,878.4820,N,N,Eligible,4
GFI,"Osteotome, Manual",1,SU,"General, Plastic Surgery",SU,878.4800,N,N,Eligible,4
GFJ,"Mallet, Surgical, General & Plastic Surgery",1,SU,"General, Plastic Surgery",SU,878.4800,N,N,Eligible,4
GFK,Fibrinogen Determination Standards And Controls,2,HE,Hematology,HE,864.7340,N,N,Eligible,1
GFO,Activated Partial Thromboplastin,2,HE,Hematology,HE,864.7925,N,N,Ineligible,1
GFS,"Standards And Controls, Hemoglobin, Normal And Abnormal",2,HE,Hematology,HE,864.8625,N,N,Eligible,4
GFT,Protamine Sulphate,2,HE,Hematology,HE,864.7525,N,N,Eligible,1
GFX,Fibrinogen Standard,2,HE,Hematology,HE,864.7340,N,N,Eligible,4
GGC,"Control, Plasma, Abnormal",2,HE,Hematology,HE,864.5425,N,N,Eligible,4
GGF,Acid Hematin,2,HE,Hematology,HE,864.7500,N,N,Eligible,4
GGG,Guaiac Reagent,2,HE,Hematology,HE,864.6550,N,N,Eligible,1
GGH,Iron Stains,1,HE,Hematology,PA,864.1850,N,N,Eligible,4
GGJ,"Fluid, Diluting, White-Cell",1,HE,Hematology,HE,864.8200,N,N,Eligible,4
GGK,"Products, Red-Cell Lysing Products",1,HE,Hematology,HE,864.8540,N,N,Eligible,4
GGL,"Control, White-Cell",2,HE,Hematology,HE,864.8625,N,N,Eligible,4
GGM,"Control, Hemoglobin",2,HE,Hematology,HE,864.8625,N,N,Eligible,4
GGN,"Plasma, Coagulation Control",2,HE,Hematology,HE,864.5425,N,N,Eligible,4
GGO,"Reagent, Thromboplastin And Control",2,HE,Hematology,HE,864.7925,N,N,Eligible,1
GGP,"Test, Qualitative And Quantitative Factor Deficiency",2,HE,Hematology,HE,864.7290,N,N,Eligible,1
GGQ,"Test, Prothrombin Consumption",2,HE,Hematology,HE,864.7720,N,N,Eligible,4
GGT,"Assay, Erythropoietin",2,HE,Hematology,HE,864.7250,N,N,Eligible,1
GGW,"Test, Time, Partial Thromboplastin",2,HE,Hematology,HE,864.7925,N,N,Ineligible,1
GGX,"Pipette, Sahli",1,HE,Hematology,HE,864.6160,N,N,Eligible,4
GGY,"Pipette, Diluting",1,HE,Hematology,HE,864.6160,N,N,Eligible,4
GGZ,Oxyhemoglobin,2,HE,Hematology,HE,864.7500,N,N,Eligible,1
GHA,"Hemoglobin, Alkali Resistant",2,HE,Hematology,HE,864.7455,N,N,Eligible,1
GHC,"Tube, Sedimentation Rate",1,HE,Hematology,HE,864.6700,N,N,Eligible,4
GHD,"Test, Leukocyte Alkaline Phosphatase",1,HE,Hematology,HE,864.7660,N,N,Eligible,4
GHH,Fibrin Split Products,2,HE,Hematology,HE,864.7320,N,N,Ineligible,1
GHK,"Centrifuge, Microsedimentation",1,HE,Hematology,HE,864.5350,N,N,Eligible,4
GHM,"Test, Sickle Cell",2,HE,Hematology,HE,864.7825,N,N,Eligible,1
GHO,Hemocytometer,1,HE,Hematology,HE,864.6160,N,N,Eligible,4
GHQ,"Stain, Fetal Hemoglobin",2,HE,Hematology,HE,864.7455,N,N,Eligible,4
GHR,"Reagent, Platelet Aggregation",2,HE,Hematology,HE,864.5700,N,N,Eligible,1
GHS,"Assay, Carboxyhemoglobin",2,HE,Hematology,HE,864.7425,N,N,Eligible,1
GHY,"Hematocrit, Tube, Rack, Sealer, Holder",2,HE,Hematology,HE,864.6400,N,N,Eligible,4
GHZ,"Solution, Gugol Blue",1,HE,Hematology,PA,864.1850,N,N,Eligible,4
GIA,"Test, Leukocyte Peroxidase",1,HE,Hematology,PA,864.7675,N,N,Eligible,4
GIE,Fibrometer,2,HE,Hematology,HE,864.5400,N,N,Eligible,4
GIF,"Diluent, Blood Cell",1,HE,Hematology,HE,864.8200,N,N,Eligible,4
GIG,Hemoglobinometer,2,HE,Hematology,HE,864.7500,N,N,Eligible,1
GII,"Glutathione, Red-Cell",2,HE,Hematology,HE,864.7375,N,N,Eligible,4
GIL,"Plasma, Fibrinogen Control",2,HE,Hematology,HE,864.7340,N,N,Eligible,4
GIM,"Tubes, Vacuum Sample, With Anticoagulant",2,CH,Clinical Chemistry,CH,862.1675,N,N,Ineligible,1
GIO,"Tube, Collection, Capillary Blood",1,HE,Hematology,HE,864.6150,N,N,Eligible,4
GIQ,Hemoglobin S,2,HE,Hematology,HE,864.7415,N,N,Eligible,1
GIR,"Reagent, Russel Viper Venom",1,HE,Hematology,HE,864.8950,N,N,Eligible,1
GIS,"Test, Fibrinogen",2,HE,Hematology,HE,864.7340,N,N,Eligible,1
GIT,"Reagent & Control, Partial Thromboplastin Time",2,HE,Hematology,HE,864.7925,N,N,Eligible,1
GIZ,"Plasma, Control, Normal",2,HE,Hematology,HE,864.5425,N,N,Eligible,4
GJA,"Test, Thrombin Time",2,HE,Hematology,HE,864.7875,N,N,Ineligible,1
GJB,Thrombin,2,HE,Hematology,HE,864.7875,N,N,Eligible,1
GJC,"Assay, Sulfhemoglobin",2,HE,Hematology,HE,864.7490,N,N,Eligible,1
GJE,"Tray, Blood Collection",2,CH,Clinical Chemistry,CH,862.1675,N,N,Ineligible,1
GJG,"Pipette, Quantitative, Hematology",1,HE,Hematology,HE,864.6160,N,N,Eligible,4
GJH,"Stain, Reticulocyte",1,HE,Hematology,HE,864.1850,N,N,Eligible,4
GJJ,"Stains, Heinz Body",1,HE,Hematology,HE,864.1850,N,N,Eligible,4
GJL,Romanowsky Stains,1,HE,Hematology,HE,864.1850,N,N,Eligible,4
GJN,"Fluid, Diluting, Red-Cell",1,HE,Hematology,HE,864.8200,N,N,Eligible,4
GJP,"Control, Platelet",2,HE,Hematology,HE,864.8625,N,N,Eligible,4
GJR,"Control, Red-Cell",2,HE,Hematology,HE,864.8625,N,N,Eligible,4
GJS,"Test, Time, Prothrombin",2,HE,Hematology,HE,864.7750,N,N,Ineligible,1
GJT,"Plasma, Coagulation Factor Deficient",2,HE,Hematology,HE,864.7290,N,N,Eligible,1
GJW,"Pipette, Pasteur",1,HE,Hematology,HE,864.6160,N,N,Eligible,4
GJZ,Cyanomethemoglobin Reagent And Standard Solution,2,HE,Hematology,HE,864.7500,N,N,Eligible,1
GKA,Abnormal Hemoglobin Quantitation,2,HE,Hematology,HE,864.7415,N,N,Eligible,1
GKB,"Device, Automated Sedimentation Rate",1,HE,Hematology,HE,864.5800,N,N,Eligible,4
GKE,Osmotic Fragility Testing,1,HE,Hematology,HE,864.6600,N,N,Eligible,4
GKF,"Instrument, Hematocrit, Automated",2,HE,Hematology,HE,864.5600,N,N,Eligible,1
GKG,"Centrifuge, Hematocrit",2,HE,Hematology,HE,864.6400,N,N,Eligible,4
GKH,"Apparatus, Automated Blood Cell Diluting",1,HE,Hematology,HE,864.5240,N,N,Eligible,4
GKJ,"Spinner, Slide, Automated",1,HE,Hematology,HE,864.5850,N,N,Eligible,4
GKK,Cyanomethemoglobin,2,HE,Hematology,HE,864.7500,N,N,Eligible,1
GKL,"Counter, Cell, Automated (Particle Counter)",2,HE,Hematology,HE,864.5200,N,N,Eligible,1
GKM,"Hand-Tally, Differential",1,HE,Hematology,HE,864.6160,N,N,Eligible,4
GKN,"Timer, Clot, Automated",2,HE,Hematology,HE,864.5400,N,N,Eligible,1
GKP,"Instrument, Coagulation, Automated",2,HE,Hematology,HE,864.5400,N,N,Ineligible,1
GKQ,"Test, Thromboplastin Generation",1,HE,Hematology,HE,864.7900,N,N,Eligible,4
GKR,"System, Hemoglobin, Automated",2,HE,Hematology,HE,864.5620,N,N,Eligible,1
GKT,"Separator, Automated, Blood Cell, Diagnostic",2,HE,Hematology,HE,864.9245,N,N,Eligible,1
GKW,"Aggregometer, Platelet, Thrombokinetogram",2,HE,Hematology,HE,864.6675,N,N,Eligible,1
GKX,"Instrument, Automated Platelet Counting",2,HE,Hematology,HE,864.5200,N,N,Eligible,1
GKZ,"Counter, Differential Cell",2,HE,Hematology,HE,864.5220,N,N,Ineligible,1
GLE,"Mixer, Blood Tube",1,CH,Clinical Chemistry,CH,862.2050,N,N,Eligible,4
GLG,"Platelet Counting, Manual",1,HE,Hematology,HE,864.6160,N,N,Eligible,4
GLK,"Control, Hematocrit",2,HE,Hematology,HE,864.8625,N,N,Eligible,4
GLQ,"Mixture, Control, White-Cell And Red-Cell Indices",2,HE,Hematology,HE,864.8625,N,N,Eligible,4
GLY,Oximeter To Measure Hemoglobin,2,HE,Hematology,HE,864.7500,N,N,Eligible,1
GLZ,"Antigens, If, Toxoplasma Gondii",2,MI,Microbiology,MI,866.3780,N,N,Eligible,1
GMA,"Antisera, Fluorescent, Sporothrix Schenekii",1,MI,Microbiology,MI,866.3680,N,N,Eligible,4
GMB,"Light, Wood'S, Fluorescence",1,MI,Microbiology,MI,866.2600,N,N,Eligible,4
GMD,"Antisera, Latex Agglutination, Cryptococcus Neoformans",2,MI,Microbiology,MI,866.3165,N,N,Eligible,4
GME,"Antisera, Fluorescent, Cryptococcus Neoformans",2,MI,Microbiology,MI,866.3165,N,N,Eligible,4
GMG,"Antigen, Latex Agglutination, Coccidioides Immitis",2,MI,Microbiology,MI,866.3135,N,N,Eligible,4
GMH,"Antiserum, Positive Control, Coccidioides Immitis",2,MI,Microbiology,MI,866.3135,N,N,Eligible,4
GMI,"Antigen, Cf And / Or Id, Coccidioides Immitis",2,MI,Microbiology,MI,866.3135,N,N,Eligible,4
GMJ,"Antigens, Histoplasma Capsulatum, All",2,MI,Microbiology,MI,866.3320,N,N,Eligible,4
GMK,"Antiserum, Positive Control, Histoplasma Capsulatum",2,MI,Microbiology,MI,866.3320,N,N,Eligible,4
GML,"Antisera, Fluorescent, Histoplasma Capsulatum",2,MI,Microbiology,MI,866.3320,N,N,Eligible,4
GMM,"Antigens, Iha, Toxoplasma Gondii",2,MI,Microbiology,MI,866.3780,N,N,Eligible,1
GMN,"Antigens, Cf, Toxoplasma Gondii",2,MI,Microbiology,MI,866.3780,N,N,Eligible,1
GMO,"Antigen, Latex Agglutination, Entamoeba Histolytica & Rel. Spp.",2,MI,Microbiology,MI,866.3220,N,N,Eligible,4
GMP,"Antisera, Control For Nontreponemal Tests",2,MI,Microbiology,MI,866.3820,N,N,Eligible,1
GMQ,"Antigens, Nontreponemal, All",2,MI,Microbiology,MI,866.3820,N,N,Eligible,1
GMR,"Sera, Reactive And Non-Specific Control, Fta-Abs Test",2,MI,Microbiology,MI,866.3830,N,N,Eligible,1
GMS,"Anti-Human Globulin, Fta-Abs Test",2,MI,Microbiology,MI,866.3830,N,N,Eligible,1
GMT,"Antigens, Ha, Treponema Pallidum",2,MI,Microbiology,MI,866.3830,N,N,Eligible,1
GMW,"Test, Sorbent, Fta-Abs",2,MI,Microbiology,MI,866.3830,N,N,Eligible,1
GMX,"Antisera, Fluorescent Antibody For Fta-Abs Test",2,MI,Microbiology,MI,866.3830,N,N,Eligible,1
GMY,"Antisera, Fluorescent, All Types, Escherichia Coli",1,MI,Microbiology,MI,866.3255,N,N,Eligible,4
GMZ,"Antigens, All Types, Escherichia Coli",1,MI,Microbiology,MI,866.3255,N,N,Eligible,4
GNA,"Antisera, All Types, Escherichia Coli",1,MI,Microbiology,MI,866.3255,N,N,Eligible,4
GNB,"Antisera, All Types, Shigella Spp.",2,MI,Microbiology,MI,866.3660,N,N,Eligible,4
GNC,"Antigens, Febrile, Slide And Tube, All Groups, Salmonella Spp.",2,MI,Microbiology,MI,866.3550,N,N,Eligible,4
GND,"Antigen, Iha, T. Cruzi",1,MI,Microbiology,MI,866.3870,N,N,Eligible,1
GNE,"Antigen, Latex Agglutination, T. Cruzi",1,MI,Microbiology,MI,866.3870,N,N,Eligible,1
GNF,"Antigen, Cf, T. Cruzi",1,MI,Microbiology,MI,866.3870,N,N,Eligible,1
GNG,"Antigens, Cf (Including Cf Control), Coxsackievirus A 1-24, B 1-6",1,MI,Microbiology,MI,866.3145,N,N,Eligible,4
GNH,"Antigen, Fluorescent Antibody Test, Schistosoma Mansoni",1,MI,Microbiology,MI,866.3600,N,N,Eligible,4
GNI,"Antisera, Neutralization, Echovirus 1-34",1,MI,Microbiology,MI,866.3205,N,N,Eligible,4
GNJ,"Antigens, Ha, Echovirus 1-34",1,MI,Microbiology,MI,866.3205,N,N,Eligible,4
GNK,"Antisera, Cf, Echovirus 1-34",1,MI,Microbiology,MI,866.3205,N,N,Eligible,4
GNL,"Antigens, Cf (Including Cf Control), Echovirus 1-34",1,MI,Microbiology,MI,866.3205,N,N,Eligible,4
GNM,"Antisera, Fluorescent, Coxsackievirus A 1-24, B 1-6",1,MI,Microbiology,MI,866.3145,N,N,Eligible,4
GNN,"Antisera, Neutralization, Coxsackievirus A 1-24, B 1-6",1,MI,Microbiology,MI,866.3145,N,N,Eligible,4
GNO,"Antisera, Cf, Coxsackievirus A 1-24, B 1-6",1,MI,Microbiology,MI,866.3145,N,N,Eligible,4
GNP,"Antiserum, Cf, Epstein-Barr Virus",1,MI,Microbiology,MI,866.3235,N,N,Eligible,1
GNQ,"Antigen, Cf (Including Cf Control), Epstein-Barr Virus",1,MI,Microbiology,MI,866.3235,N,N,Eligible,1
GNR,"Antisera, Neutralization, Influenza Virus A, B, C",1,MI,Microbiology,MI,866.3330,N,N,Eligible,4
GNS,"Antisera, Hai, Influenza Virus A, B, C",1,MI,Microbiology,MI,866.3330,N,N,Eligible,4
GNT,"Antigens, Ha (Including Ha Control), Influenza Virus A, B, C",1,MI,Microbiology,MI,866.3330,N,N,Eligible,4
GNW,"Antisera, Cf, Influenza Virus A, B, C",1,MI,Microbiology,MI,866.3330,N,N,Eligible,4
GNX,"Antigens, Cf (Including Cf Control), Influenza Virus A, B, C",1,MI,Microbiology,MI,866.3330,N,N,Eligible,4
GNY,"Antisera, Fluorescent, Adenovirus 1-33",1,MI,Microbiology,MI,866.3020,N,N,Eligible,4
GNZ,"Antisera, Neutralization, Adenovirus 1-33",1,MI,Microbiology,MI,866.3020,N,N,Eligible,4
GOA,"Antisera, Cf, Adenovirus 1-33",1,MI,Microbiology,MI,866.3020,N,N,Eligible,4
GOB,"Antigens, Ha (Including Ha Control), Adenovirus 1-33",1,MI,Microbiology,MI,866.3020,N,N,Eligible,4
GOC,"Antisera, Hai, Adenovirus 1-33",1,MI,Microbiology,MI,866.3020,N,N,Eligible,4
GOD,"Antigens, Cf (Including Cf Control), Adenovirus 1-33",1,MI,Microbiology,MI,866.3020,N,N,Eligible,4
GOE,"Antisera, Fluorescent, Poliovirus 1-3",1,MI,Microbiology,MI,866.3405,N,N,Eligible,4
GOF,"Antisera, Neutralization, Poliovirus 1-3",1,MI,Microbiology,MI,866.3405,N,N,Eligible,4
GOG,"Antisera, Cf, Poliovirus 1-3",1,MI,Microbiology,MI,866.3405,N,N,Eligible,4
GOH,"Antigens, Cf (Including Cf Control), Poliovirus 1-3",1,MI,Microbiology,MI,866.3405,N,N,Eligible,4
GOI,"Antiserum, Fluorescent, Rabies Virus",2,MI,Microbiology,MI,866.3460,N,N,Eligible,1
GOJ,"Antisera, Neutralization, Rubella",2,MI,Microbiology,MI,866.3510,N,N,Eligible,1
GOK,"Antisera, Hai (Including Hai Control), Rubella",2,MI,Microbiology,MI,866.3510,N,N,Eligible,1
GOL,"Antigen, Ha (Including Ha Control), Rubella",2,MI,Microbiology,MI,866.3510,N,N,Eligible,1
GOM,"Antisera, Cf, Rubella",2,MI,Microbiology,MI,866.3510,N,N,Eligible,1
GON,"Antigen, Cf (Including Cf Control), Rubella",2,MI,Microbiology,MI,866.3510,N,N,Eligible,1
GOO,"Antisera, Fluorescent, All Globulins, Salmonella Spp.",2,MI,Microbiology,MI,866.3550,N,N,Eligible,4
GOP,"Antisera, C. Acnes (553, 605)",1,MI,Microbiology,MI,866.3140,N,N,Eligible,4
GOS,"Antiserum, Fluorescent, C. Diphtheriae",1,MI,Microbiology,MI,866.3140,N,N,Eligible,4
GOT,"Antigen, B. Parapertussis",1,MI,Microbiology,MI,866.3065,N,N,Eligible,4
GOW,"Antisera, Agglutinating, B. Parapertussis",1,MI,Microbiology,MI,866.3065,N,N,Eligible,4
GOX,"Antigen, B. Pertussis",1,MI,Microbiology,MI,866.3065,N,N,Eligible,4
GOY,"Antisera, Agglutinating, B. Pertussis, All",1,MI,Microbiology,MI,866.3065,N,N,Eligible,4
GOZ,"Antisera, Fluorescent, B. Pertussis",1,MI,Microbiology,MI,866.3065,N,N,Eligible,4
GPD,"Antigen, Indirect Fluorescent Antibody Test, Echinococcus Granulosus",1,MI,Microbiology,MI,866.3200,N,N,Eligible,4
GPE,"Antisera, Positive Control, Echinococcus Spp.",1,MI,Microbiology,MI,866.3200,N,N,Eligible,4
GPF,"Antigen, Agglutinating, Echinococcus Spp.",1,MI,Microbiology,MI,866.3200,N,N,Eligible,4
GPG,"Antigen, Latex Agglutination, Trichinella Spiralis",1,MI,Microbiology,MI,866.3850,N,N,Eligible,4
GPH,"Antiserum, Bentonite Flocculation, Trichinella Spiralis",1,MI,Microbiology,MI,866.3850,N,N,Eligible,4
GPI,"Antigen, Bentonite Flocculation, Trichinella Spiralis",1,MI,Microbiology,MI,866.3850,N,N,Eligible,4
GPJ,"Antiserum, Fluorescent, Q Fever",1,MI,Microbiology,MI,866.3500,N,N,Eligible,4
GPK,"Antiserum, Rickettsial Pox",1,MI,Microbiology,MI,866.3500,N,N,Eligible,4
GPM,"Antiserum, Murine Typhus Fever",1,MI,Microbiology,MI,866.3500,N,N,Eligible,4
GPN,"Antiserum, Typhus Fever",1,MI,Microbiology,MI,866.3500,N,N,Eligible,4
GPO,"Antigen, Cf, Typhus Fever Group",1,MI,Microbiology,MI,866.3500,N,N,Eligible,4
GPP,"Antiserum, Rocky Mountain Spotted Fever",1,MI,Microbiology,MI,866.3500,N,N,Eligible,4
GPQ,"Antigen, Cf, Spotted Fever Group",1,MI,Microbiology,MI,866.3500,N,N,Eligible,4
GPR,"Antiserum, Cf, Q Fever",1,MI,Microbiology,MI,866.3500,N,N,Eligible,4
GPS,"Antigen, Cf, Q Fever",1,MI,Microbiology,MI,866.3500,N,N,Eligible,4
GPT,"Antiserum, Cf, Psittacosis (Chlamydia Group)",1,MI,Microbiology,MI,866.3120,N,N,Eligible,1
GPW,"Antigen, Cf, Psittacosis (Chlamydia Group)",1,MI,Microbiology,MI,866.3120,N,N,Eligible,1
GPX,"Antisera, Neutralizion, Reovirus 1-3",1,MI,Microbiology,MI,866.3470,N,N,Eligible,4
GPY,"Antisera, Hai, Reovirus 1-3",1,MI,Microbiology,MI,866.3470,N,N,Eligible,4
GPZ,"Antisera, Cf, Reovirus 1-3",1,MI,Microbiology,MI,866.3470,N,N,Eligible,4
GQA,"Antigens, Ha (Including Ha Control), Reovirus 1-3",1,MI,Microbiology,MI,866.3470,N,N,Eligible,4
GQB,"Antigens, Cf (Including Cf Control), Reovirus 1-3",1,MI,Microbiology,MI,866.3470,N,N,Eligible,4
GQC,"Antisera, Cf, Equine Encephalitis Virus, Eee, Wee",1,MI,Microbiology,MI,866.3240,N,N,Eligible,4
GQD,"Antigens, Cf (Including Cf Control), Equine Encephalitis Virus, Eee, Wee",1,MI,Microbiology,MI,866.3240,N,N,Eligible,4
GQE,"Antisera, Neutralization, All Types, Rhinovirus",1,MI,Microbiology,MI,866.3490,N,N,Eligible,4
GQF,"Antiserum, Neutralization, Respiratory Syncytial Virus",1,MI,Microbiology,MI,866.3480,N,N,Eligible,4
GQG,"Antigen, Cf (Including Cf Controls), Respiratory Syncytial Virus",1,MI,Microbiology,MI,866.3480,N,N,Eligible,4
GQH,"Antigen, Cf (Including Cf Control), Cytomegalovirus",2,MI,Microbiology,MI,866.3175,N,N,Eligible,1
GQI,"Antiserum, Cf, Cytomegalovirus",2,MI,Microbiology,MI,866.3175,N,N,Eligible,1
GQJ,"Antiserum, Cf, Lymphocytic Choriomeningitis Virus",1,MI,Microbiology,MI,866.3360,N,N,Eligible,4
GQK,"Antigen, Cf, Lymphocytic Choriomeningitis Virus",1,MI,Microbiology,MI,866.3360,N,N,Eligible,4
GQL,"Antisera, Fluorescent, Herpesvirus Hominis 1,2",2,MI,Microbiology,MI,866.3305,N,N,Eligible,1
GQM,"Antisera, Neutralization, Herpesvirus Hominis",2,MI,Microbiology,MI,866.3305,N,N,Eligible,1
GQN,"Antigen, Cf (Including Cf Control), Herpesvirus Hominis 1,2",2,MI,Microbiology,MI,866.3305,N,N,Eligible,1
GQO,"Antisera, Cf, Herpesvirus Hominis 1,2",2,MI,Microbiology,MI,866.3305,N,N,Eligible,1
GQP,"Antisera, Neutralization, Parainfluenza Virus 1-4",1,MI,Microbiology,MI,866.3400,N,N,Eligible,4
GQQ,"Antisera, Hai, Parainfluenza Virus 1-4",1,MI,Microbiology,MI,866.3400,N,N,Eligible,4
GQR,"Antigens, Ha (Including Ha Control), Parainfluenza Virus 1-4",1,MI,Microbiology,MI,866.3400,N,N,Eligible,4
GQS,"Antigens, Cf (Including Cf Control), Parainfluenza Virus 1-4",1,MI,Microbiology,MI,866.3400,N,N,Eligible,4
GQT,"Antisera, Cf, Parainfluenza Virus 1-4",1,MI,Microbiology,MI,866.3400,N,N,Eligible,4
GQW,"Antigen, Cf, (Including Cf Control), Varicella-Zoster",2,MI,Microbiology,MI,866.3900,N,N,Eligible,1
GQX,"Antiserum, Cf, Varicella-Zoster",2,MI,Microbiology,MI,866.3900,N,N,Eligible,1
GQY,"Antigen, Ha (Including Ha Control), Mumps Virus",1,MI,Microbiology,MI,866.3380,N,N,Eligible,4
GQZ,"Antiserum, Neutralization, Mumps Virus",1,MI,Microbiology,MI,866.3380,N,N,Eligible,4
GRA,"Antiserum, Fluorescent, Mumps Virus",1,MI,Microbiology,MI,866.3380,N,N,Eligible,4
GRB,"Antiserum, Cf, Mumps Virus",1,MI,Microbiology,MI,866.3380,N,N,Eligible,4
GRC,"Antigen, Cf (Including Cf Control), Mumps Virus",1,MI,Microbiology,MI,866.3380,N,N,Eligible,4
GRD,"Antiserum, Hai, Mumps Virus",1,MI,Microbiology,MI,866.3380,N,N,Eligible,4
GRE,"Antiserum, Fluorescent, Rubeola",1,MI,Microbiology,MI,866.3520,N,N,Eligible,4
GRF,"Antiserum, Cf, Rubeola",1,MI,Microbiology,MI,866.3520,N,N,Eligible,4
GRG,"Antiserum, Hai, Rubeola",1,MI,Microbiology,MI,866.3520,N,N,Eligible,4
GRH,"Antigen, Ha (Including Ha Control), Rubeola",1,MI,Microbiology,MI,866.3520,N,N,Eligible,4
GRI,"Antiserum, Neutralization, Rubeola",1,MI,Microbiology,MI,866.3520,N,N,Eligible,4
GRJ,"Antigen, Cf, (Including Cf Control), Rubeola",1,MI,Microbiology,MI,866.3520,N,N,Eligible,4
GRK,"Antisera, Fluorescent, Echovirus 1-34",1,MI,Microbiology,MI,866.3205,N,N,Eligible,4
GRL,"Antigens, All Groups, Salmonella Spp.",2,MI,Microbiology,MI,866.3550,N,N,Eligible,4
GRM,"Antisera, All Groups, Salmonella Spp.",2,MI,Microbiology,MI,866.3550,N,N,Eligible,4
GRO,"Antisera, Fluorescent, All Types, Hemophilus Spp.",2,MI,Microbiology,MI,866.3300,N,N,Eligible,4
GRP,"Antisera, All Types, H. Influenza",2,MI,Microbiology,MI,866.3300,N,N,Eligible,4
GRT,"Antiserum, Fluorescent, Mycobacterium Tuberculosis",1,MI,Microbiology,MI,866.3370,N,N,Eligible,1
GRW,"Antisera, All Fluorescent, Leptospira Spp.",2,MI,Microbiology,MI,866.3350,N,N,Eligible,4
GRX,"Antisera, All Leptospira Spp.",2,MI,Microbiology,MI,866.3350,N,N,Eligible,4
GRY,"Antigens, All, Leptospira Spp.",2,MI,Microbiology,MI,866.3350,N,N,Eligible,4
GRZ,"Antisera, Fluorescent, All, Mycoplasma Spp.",1,MI,Microbiology,MI,866.3375,N,N,Eligible,4
GSA,"Antisera, All Mycoplasma Spp.",1,MI,Microbiology,MI,866.3375,N,N,Eligible,4
GSB,"Antigens, Cf, All, Mycoplasma Spp.",1,MI,Microbiology,MI,866.3375,N,N,Eligible,4
GSD,"Antiserum, Fluorescent, Erysipelothrix Rhusiopathiae",1,MI,Microbiology,MI,866.3250,N,N,Eligible,4
GSE,"Antiserum, Erysipelothrix Rhusiopathiae",1,MI,Microbiology,MI,866.3250,N,N,Eligible,4
GSF,"Antigen, Erysipelothrix Rhusiopathiae",1,MI,Microbiology,MI,866.3250,N,N,Eligible,4
GSG,"Antisera, Fluorescent, All Types, Listeria Monocytogenes",1,MI,Microbiology,MI,866.3355,N,N,Eligible,4
GSH,"Antisera, All Types, Listeria Monocytogenes",1,MI,Microbiology,MI,866.3355,N,N,Eligible,4
GSI,"Antigens, Slide And Tube, All Types, Listeria Monocytogenes",1,MI,Microbiology,MI,866.3355,N,N,Eligible,4
GSJ,"Antiserum, Fluorescent, Francisella Tularensis",2,MI,Microbiology,MI,866.3280,N,N,Eligible,4
GSK,"Antiserum, Francisella Tularensis",2,MI,Microbiology,MI,866.3280,N,N,Eligible,4
GSL,"Antigens, Slide And Tube, Francisella Tularensis",2,MI,Microbiology,MI,866.3280,N,N,Eligible,4
GSM,"Antisera, Fluorescent, Brucella Spp.",2,MI,Microbiology,MI,866.3085,N,N,Eligible,4
GSN,"Antiserum, Positive And Negative Febrile Antigen Control Serum",2,MI,Microbiology,MI,866.3085,N,N,Eligible,4
GSO,"Antigens (Febrile), Agglutination, Brucella Spp.",2,MI,Microbiology,MI,866.3085,N,N,Eligible,4
GSP,"Antiserum, Fluorescent, Campylobacter Fetus",1,MI,Microbiology,MI,866.3110,N,N,Eligible,1
GSQ,"Antiserum, Vibrio Cholerae, All Varieties",2,MI,Microbiology,MI,866.3930,N,N,Eligible,4
GSR,"Antisera, Fluorescent, Pseudomonas Pseudomallei",2,MI,Microbiology,MI,866.3415,N,N,Eligible,4
GSS,"Antisera, Fluorescent, Pseudomonas Aeruginosa",2,MI,Microbiology,MI,866.3415,N,N,Eligible,4
GST,"Antiserum, Pseudomonas Pseudomallei",2,MI,Microbiology,MI,866.3415,N,N,Eligible,4
GSW,"Antiserum, Flavobacterium Meningosepticum, All Groups",1,MI,Microbiology,MI,866.3270,N,N,Eligible,4
GSX,"Antisera, Acinetobacter Calcoaceticus, All Varieties",1,MI,Microbiology,MI,866.3010,N,N,Eligible,4
GSY,"Antisera, Fluorescent, All Globulins, Proteus Spp.",1,MI,Microbiology,MI,866.3410,N,N,Eligible,4
GSZ,"Antigens, Febrile (Weil-Felix), All Groups",1,MI,Microbiology,MI,866.3410,N,N,Eligible,4
GTA,"Antisera, All, Serratia Marcesans",1,MI,Microbiology,MI,866.3630,N,N,Eligible,4
GTB,"Antisera, Fluorescent, All Types, Klebsiella Spp.",1,MI,Microbiology,MI,866.3340,N,N,Eligible,4
GTC,"Antisera, All Types, Klebsiella Spp.",1,MI,Microbiology,MI,866.3340,N,N,Eligible,4
GTD,"Antisera, Fluorescent, All Globulins, Shigella Spp.",2,MI,Microbiology,MI,866.3660,N,N,Eligible,4
GTE,"Antisera, Arizona Spp., All",1,MI,Microbiology,MI,866.3035,N,N,Eligible,4
GTF,"Antisera, Bethesda - Ballerup Polyvalent, Citrobacter Spp.",1,MI,Microbiology,MI,866.3125,N,N,Eligible,4
GTH,"Antiserum, Fluorescent (Direct Test), All Groups, N. Gonorrhoeae",2,MI,Microbiology,MI,866.3390,N,N,Eligible,1
GTI,"Antisera, Fluorescent, All Groups, N. Meningitidis",2,MI,Microbiology,MI,866.3390,N,N,Eligible,1
GTJ,"Antisera, All Groups, N. Meningitidis",2,MI,Microbiology,MI,866.3390,N,N,Eligible,1
GTL,"Phages, Staphylococcal Typing, All Types",1,MI,Microbiology,MI,866.2050,N,N,Eligible,4
GTN,"Antisera, Fluorescent, All Types, Staphylococcus Spp.",1,MI,Microbiology,MI,866.3700,N,N,Eligible,4
GTO,Anti-Streptokinase,1,MI,Microbiology,MI,866.3720,N,N,Eligible,4
GTP,"Exoenzymes, Multiple, Streptococcal",1,MI,Microbiology,MI,866.3720,N,N,Eligible,4
GTQ,Antistreptolysin - Titer/Streptolysin O Reagent,1,MI,Microbiology,MI,866.3720,N,N,Eligible,4
GTR,"Antideoxyribonuclease, Streptococcus Spp.",1,MI,Microbiology,MI,866.3720,N,N,Eligible,4
GTX,"Antisera, Fluorescent, All Groups, Streptococcus Spp.",1,MI,Microbiology,MI,866.3740,N,N,Eligible,4
GTY,"Antigens, All Groups, Streptococcus Spp.",1,MI,Microbiology,MI,866.3740,N,N,Eligible,4
GTZ,"Antisera, All Groups, Streptococcus Spp.",1,MI,Microbiology,MI,866.3740,N,N,Eligible,4
GWB,"Antisera, Fluorescent, All Types, Streptococcus Pneumoniae",1,MI,Microbiology,MI,866.3740,N,N,Eligible,4
GWC,"Antisera, All Types, Streptococcus Pneumoniae",1,MI,Microbiology,MI,866.3740,N,N,Eligible,4
GWD,"Indirect Fluorescent Antibody Test, Entamoeba Histolytica & Rel Sp",2,MI,Microbiology,MI,866.3220,N,N,Eligible,4
GWE,"Stimulator, Photic, Evoked Response",2,NE,Neurology,NE,882.1890,N,N,Eligible,1
GWF,"Stimulator, Electrical, Evoked Response",2,NE,Neurology,NE,882.1870,N,N,Eligible,1
GWG,"Endoscope, Neurological",2,NE,Neurology,NE,882.1480,N,N,Ineligible,1
GWI,"Discriminator, Two-Point",1,NE,Neurology,NE,882.1200,N,N,Eligible,4
GWJ,"Stimulator, Auditory, Evoked Response",2,NE,Neurology,NE,882.1900,N,N,Eligible,1
GWK,"Conditioner, Signal, Physiological",2,NE,Neurology,NE,882.1845,N,N,Eligible,1
GWL,"Amplifier, Physiological Signal",2,NE,Neurology,NE,882.1835,N,N,Eligible,1
GWM,"Device, Monitoring, Intracranial Pressure",2,NE,Neurology,NE,882.1620,N,N,Ineligible,1
GWN,Nystagmograph,2,NE,Neurology,NE,882.1460,N,N,Eligible,1
GWO,"Plate, Cranioplasty, Preformed, Alterable",2,NE,Neurology,NE,882.5320,Y,N,Eligible,1
GWQ,Full-Montage Standard Electroencephalograph,2,NE,Neurology,NE,882.1400,N,N,Eligible,1
GWR,"Generator, Electroencephalograph Test Signal",1,NE,Neurology,NE,882.1430,N,N,Eligible,4
GWS,"Analyzer, Spectrum, Electroencephalogram Signal",1,NE,Neurology,NE,882.1420,N,N,Eligible,1
GWW,Ataxiagraph,1,NE,Neurology,NE,882.1030,N,N,Eligible,4
GWX,"Fork, Tuning",1,NE,Neurology,NE,882.1525,N,N,Eligible,4
GWY,Pinwheel,1,NE,Neurology,NE,882.1750,N,N,Eligible,4
GWZ,Percussor,1,NE,Neurology,NE,882.1700,N,N,Eligible,4
GXB,Esthesiometer,1,NE,Neurology,NE,882.1500,N,N,Eligible,4
GXC,"Device, Electroconvulsive Therapy",3,NE,Neurology,NE,882.5940,N,N,Ineligible,2
GXD,"Generator, Lesion, Radiofrequency",2,NE,Neurology,NE,882.4400,N,N,Ineligible,1
GXE,Leukotome,1,NE,Neurology,NE,882.4600,N,N,Eligible,4
GXH,"Device, Surgical, Cryogenic",2,NE,Neurology,NE,882.4250,N,N,Eligible,1
GXI,"Probe, Radiofrequency Lesion",2,NE,Neurology,NE,882.4725,N,N,Ineligible,1
GXJ,"Punch, Skull",1,NE,Neurology,NE,882.4750,N,N,Eligible,4
GXL,"Screwdriver, Skullplate",1,NE,Neurology,NE,882.4900,N,N,Eligible,4
GXM,"Anvil, Skull Plate",1,NE,Neurology,NE,882.4030,N,N,Eligible,4
GXN,"Plate, Cranioplasty, Preformed, Non-Alterable",2,NE,Neurology,NE,882.5330,Y,N,Eligible,1
GXO,"Strip, Craniosynostosis, Preformed",2,NE,Neurology,NE,882.5900,Y,N,Eligible,1
GXP,Methyl Methacrylate For Cranioplasty,2,NE,Neurology,NE,882.5300,Y,N,Eligible,1
GXQ,Dura Substitute,2,NE,Neurology,NE,882.5910,Y,N,Ineligible,1
GXR,"Cover, Burr Hole",2,NE,Neurology,NE,882.5250,Y,N,Eligible,1
GXS,"Monitor, Alpha",2,NE,Neurology,NE,882.1610,N,N,Eligible,1
GXT,"Monitor, Lesion Temperature",2,NE,Neurology,NE,882.5500,N,N,Eligible,1
GXW,Echoencephalograph,2,NE,Neurology,NE,882.1240,N,N,Eligible,1
GXX,"Block, Test, Ultrasonic Scanner Calibration",1,NE,Neurology,NE,882.1925,N,N,Eligible,4
GXY,"Electrode, Cutaneous",2,NE,Neurology,NE,882.1320,N,N,Ineligible,1
GXZ,"Electrode, Needle",2,NE,Neurology,NE,882.1350,N,N,Eligible,1
GYA,"Tester, Electrode/Lead, Electroencephalograph",1,NE,Neurology,NE,882.1410,N,N,Eligible,4
GYB,"Media, Electroconductive",2,NE,Neurology,NE,882.1275,N,N,Eligible,1
GYC,"Electrode, Cortical",2,NE,Neurology,NE,882.1310,N,N,Eligible,1
GYD,"Transducer, Tremor",2,NE,Neurology,NE,882.1950,N,N,Eligible,1
GYE,Encephalogram Telemetry System,2,NE,Neurology,NE,882.1855,N,N,Eligible,4
GYK,"Instrument, Shunt System Implantation",1,NE,Neurology,NE,882.4545,N,N,Eligible,4
GYZ,"Stimulator, Intracerebral/Subcortical, Implanted",3,NE,Neurology,NE,882.5840,Y,N,Ineligible,2
GZA,Implanted Cerebellar Stimulator,3,NE,Neurology,NE,882.5820,Y,N,Ineligible,2
GZB,"Stimulator, Spinal-Cord, Implanted (Pain Relief)",2,NE,Neurology,NE,882.5880,Y,N,Ineligible,1
GZC,"Stimulator, Neuromuscular, Implanted",3,NE,Neurology,PM,882.5860,Y,N,Ineligible,2
GZD,"Stimulator, Spinal-Cord, Implanted, For Bladder Evacuation",3,NE,Neurology,GU,882.5850,Y,N,Eligible,2
GZE,Implanted Diaphragmatic/Phrenic Nerve Stimulator,3,NE,Neurology,AN,882.5830,Y,N,Eligible,2
GZF,"Stimulator, Peripheral Nerve, Implanted (Pain Relief)",2,NE,Neurology,NE,882.5870,Y,N,Ineligible,1
GZI,"Stimulator, Neuromuscular, External Functional",2,NE,Neurology,NE,882.5810,N,N,Eligible,1
GZJ,"Stimulator, Nerve, Transcutaneous, For Pain Relief",2,NE,Neurology,NE,882.5890,N,N,Eligible,1
GZK,"Electrode, Nasopharyngeal",2,NE,Neurology,NE,882.1340,N,N,Eligible,1
GZL,"Electrode, Depth",2,NE,Neurology,NE,882.1330,N,N,Eligible,1
GZM,"Analyzer, Rigidity",2,NE,Neurology,NE,882.1020,N,N,Eligible,4
GZN,Rheoencephalograph,3,NE,Neurology,NE,882.1825,N,N,Ineligible,2
GZO,"Device, Galvanic Skin Response Measurement",2,NE,Neurology,NE,882.1540,N,N,Eligible,4
GZP,"Stimulator, Mechanical, Evoked Response",2,NE,Neurology,NE,882.1880,N,N,Eligible,1
GZQ,"Instrument, Dowel Cutting",2,NE,Neurology,NE,882.4275,N,N,Eligible,1
GZT,"Retractor, Self-Retaining, For Neurosurgery",2,NE,Neurology,NE,882.4800,N,N,Eligible,1
GZX,"Instrument, Microsurgical",1,NE,Neurology,NE,882.4525,N,N,Eligible,4
HAB,"Saw, Powered, And Accessories",1,SU,"General, Plastic Surgery",SU,878.4820,N,N,Eligible,4
HAD,"Rongeur, Powered",2,NE,Neurology,NE,882.4845,N,N,Eligible,1
HAE,"Rongeur, Manual",2,NE,Neurology,NE,882.4840,N,N,Eligible,1
HAM,"Apparatus, Electrosurgical",2,SU,"General, Plastic Surgery",SU,878.4400,N,N,Eligible,1
HAO,"Instrument, Surgical, Non-Powered",1,NE,Neurology,NE,882.4535,N,N,Eligible,4
HAS,"Needle, Neurosurgical Suture",1,NE,Neurology,NE,882.4650,N,N,Eligible,4
HAW,Neurological Stereotaxic Instrument,2,NE,Neurology,NE,882.4560,N,N,Ineligible,1
HAX,"Tong, Skull For Traction",2,NE,Neurology,NE,882.5960,N,N,Eligible,1
HBA,Neurosurgical Paddie,2,NE,Neurology,NE,882.4700,N,N,Ineligible,1
HBB,"Motor, Drill, Pneumatic",2,NE,Neurology,NE,882.4370,N,N,Eligible,1
HBC,"Motor, Drill, Electric",2,NE,Neurology,NE,882.4360,N,N,Eligible,1
HBD,"Handpiece (Brace), Drill",1,NE,Neurology,NE,882.4325,N,N,Eligible,4
HBE,"Drills, Burrs, Trephines & Accessories (Simple, Powered)",2,NE,Neurology,NE,882.4310,N,N,Eligible,1
HBF,"Drills, Burrs, Trephines & Accessories (Compound, Powered)",2,NE,Neurology,NE,882.4305,N,N,Eligible,1
HBG,"Drills, Burrs, Trephines & Accessories (Manual)",2,NE,Neurology,NE,882.4300,N,N,Eligible,1
HBI,"Illuminator, Fiberoptic, Surgical Field",2,SU,"General, Plastic Surgery",SU,878.4580,N,N,Eligible,1
HBK,"Chair, Pneumoencephalographic",2,RA,Radiology,RA,892.1820,N,N,Eligible,4
HBL,"Holder, Head, Neurosurgical (Skull Clamp)",2,NE,Neurology,NE,882.4460,N,N,Ineligible,1
HBM,"Headrest, Neurosurgical",1,NE,Neurology,NE,882.4440,N,N,Eligible,4
HBN,"Chair, Neurosurgical",1,NE,Neurology,NE,882.4125,N,N,Eligible,4
HBO,"Clip, Scalp",2,NE,Neurology,NE,882.4150,N,N,Eligible,1
HBP,"Clip, Implanted Malleable",2,NE,Neurology,NE,882.5225,Y,N,Eligible,1
HBQ,"Instrument, Clip Removal",1,NE,Neurology,NE,882.4200,N,N,Eligible,4
HBR,"Rack, Clip",1,NE,Neurology,NE,882.4215,N,N,Eligible,4
HBS,"Instrument, Clip Forming/Cutting",1,NE,Neurology,NE,882.4190,N,N,Eligible,4
HBT,"Applier, Hemostatic Clip",1,SU,"General, Plastic Surgery",SU,878.4800,N,N,Eligible,4
HBW,"Fastener, Plate, Cranioplasty",2,NE,Neurology,NE,882.5360,Y,N,Eligible,1
HBX,"Instrument, Cranioplasty Material Forming",1,NE,Neurology,NE,882.4500,N,N,Eligible,4
HBZ,"Catheter, Intravascular Occluding",3,NE,Neurology,NE,882.5150,N,N,Ineligible,2
HCA,"Catheter, Ventricular",2,NE,Neurology,NE,882.4100,N,N,Eligible,1
HCB,"Device, Aversive Conditioning",2,NE,Neurology,NE,882.5235,N,N,Ineligible,1
HCC,"Device, Biofeedback",2,NE,Neurology,NE,882.5050,N,N,Eligible,4
HCD,"Cannula, Ventricular",1,NE,Neurology,NE,882.4060,N,N,Eligible,4
HCE,"Clamp, Carotid Artery",2,NE,Neurology,NE,882.5175,Y,N,Eligible,1
HCF,"Instrument, Ligature Passing And Knot Tying",1,SU,"General, Plastic Surgery",SU,878.4800,N,N,Eligible,4
HCG,"Device, Neurovascular Embolization",2,NE,Neurology,NE,882.5950,Y,N,Ineligible,1
HCH,"Clip, Aneurysm",2,NE,Neurology,NE,882.5200,Y,N,Eligible,1
HCI,"Applier, Aneurysm Clip",2,NE,Neurology,NE,882.4175,N,N,Eligible,1
HCJ,"Device, Skin Potential Measurement",2,NE,Neurology,NE,882.1560,N,N,Eligible,4
HCS,"Device, Temperature Measurement, Direct Contact, Powered",2,NE,Neurology,NE,882.1570,N,N,Eligible,1
HCY,"Curette, Uterine",1,OB,Obstetrics/Gynecology,OB,884.4530,N,N,Eligible,4
HCZ,"Forceps, Surgical, Gynecological",2,OB,Obstetrics/Gynecology,OB,884.4530,N,N,Eligible,1
HDA,"Forceps, Obstetrical",2,OB,Obstetrics/Gynecology,OB,884.4400,N,N,Eligible,4
HDB,"Extractor, Vacuum, Fetal",2,OB,Obstetrics/Gynecology,OB,884.4340,N,N,Ineligible,1
HDC,"Tenaculum, Uterine",2,OB,Obstetrics/Gynecology,OB,884.4530,N,N,Eligible,1
HDD,"Table, Obstetrical, Ac-Powered (And Accessories)",2,OB,Obstetrics/Gynecology,OB,884.4900,N,N,Eligible,4
HDE,"Hook, Fibroid, Gynecological",1,OB,Obstetrics/Gynecology,OB,884.4520,N,N,Eligible,4
HDF,"Speculum, Vaginal, Metal",1,OB,Obstetrics/Gynecology,OB,884.4520,N,N,Eligible,4
HDG,"Speculum, Vaginal, Metal, Fiberoptic",1,OB,Obstetrics/Gynecology,OB,884.4520,N,N,Eligible,4
HDH,"Needle, Cerclage, Gynecological",1,OB,Obstetrics/Gynecology,OB,884.4530,N,N,Eligible,4
HDI,"Hook, Destructive, Obstetrical",2,OB,Obstetrics/Gynecology,OB,884.4500,N,N,Ineligible,1
HDJ,"Scissors, Umbilical",1,OB,Obstetrics/Gynecology,OB,884.4520,N,N,Eligible,4
HDK,"Scissors, Episiotomy",1,OB,Obstetrics/Gynecology,OB,884.4520,N,N,Eligible,4
HDL,"Retractor, Vaginal",1,OB,Obstetrics/Gynecology,OB,884.4520,N,N,Eligible,4
HDM,"Packer, Uterine",1,OB,Obstetrics/Gynecology,OB,884.4520,N,N,Eligible,4
HDN,"Dilator, Cervical, Expandable",3,OB,Obstetrics/Gynecology,OB,884.4250,N,N,Ineligible,2
HDO,"Valve, Tubal Occlusion",3,OB,Obstetrics/Gynecology,OB,884.5380,Y,N,Ineligible,2
HDP,"Elevator, Uterine",2,OB,Obstetrics/Gynecology,OB,884.4530,N,N,Eligible,1
HDQ,"Dilator, Cervical, Fixed Size",1,OB,Obstetrics/Gynecology,OB,884.4530,N,N,Eligible,4
HDR,"Cap, Cervical",2,OB,Obstetrics/Gynecology,OB,884.5250,N,N,Eligible,1
HDT,"Device, Intrauterine, Contraceptive And Introducer",3,OB,Obstetrics/Gynecology,OB,884.5360,Y,N,Ineligible,2
HDW,"Diaphragm, Contraceptive (And Accessories)",2,OB,Obstetrics/Gynecology,OB,884.5350,N,N,Eligible,1
HDX,"Dilator, Vaginal",2,OB,Obstetrics/Gynecology,OB,884.3900,N,N,Eligible,1
HDY,"Dilator, Cervical, Hygroscopic-Laminaria",2,OB,Obstetrics/Gynecology,OB,884.4260,N,N,Eligible,1
HDZ,"Knife, Cervical Cone",2,OB,Obstetrics/Gynecology,OB,884.4530,N,N,Eligible,1
HEB,"Tampon, Menstrual, Unscented",2,OB,Obstetrics/Gynecology,OB,884.5470,N,N,Ineligible,1
HEC,"Insufflator, Vaginal",1,OB,Obstetrics/Gynecology,OB,884.5920,N,N,Eligible,4
HED,"Douche Apparatus, Vaginal, Therapeutic",1,OB,Obstetrics/Gynecology,OB,884.5900,N,N,Eligible,4
HEE,"Set, Anesthesia, Paracervical",2,OB,Obstetrics/Gynecology,OB,884.5100,N,N,Eligible,1
HEF,"Binder, Breast",1,HO,General Hospital,HO,880.5160,N,N,Eligible,4
HEG,"Set, Anesthesia, Pudendal",2,OB,Obstetrics/Gynecology,OB,884.5100,N,N,Eligible,1
HEH,"Chamber, Decompression, Abdominal",3,OB,Obstetrics/Gynecology,OB,884.5225,N,N,Ineligible,2
HEI,"Monitor, Heart-Valve Movement, Fetal, Ultrasonic",2,OB,Obstetrics/Gynecology,OB,884.2660,N,N,Ineligible,1
HEJ,"Monitor, Hemic Sound, Ultrasonic",2,OB,Obstetrics/Gynecology,OB,884.2660,N,N,Ineligible,1
HEK,"Monitor, Heart Sound, Fetal, Ultrasonic",2,OB,Obstetrics/Gynecology,OB,884.2660,N,N,Ineligible,1
HEL,"Monitor, Heart Rate, Fetal, Ultrasonic",2,OB,Obstetrics/Gynecology,OB,884.2660,N,N,Ineligible,1
HEM,"Imager, Ultrasonic Obstetric-Gynecologic",2,OB,Obstetrics/Gynecology,OB,884.2225,N,N,Ineligible,1
HEN,"Caliper, Fetal Head, Ultrasonic",2,OB,Obstetrics/Gynecology,OB,884.2225,N,N,Eligible,1
HEO,"Analyzer, Data, Obstetric",3,OB,Obstetrics/Gynecology,OB,884.2050,N,N,Ineligible,2
HEP,"Monitor, Blood-Flow, Ultrasonic",2,OB,Obstetrics/Gynecology,OB,884.2660,N,N,Ineligible,1
HEQ,"Monitor, Pressure, Arterial, Fetal, Ultrasonic",2,OB,Obstetrics/Gynecology,OB,884.2660,N,N,Ineligible,1
HER,"Pelvimeter, External",1,OB,Obstetrics/Gynecology,OB,884.4520,N,N,Eligible,4
HES,"Insufflator, Carbon-Dioxide, Uterotubal (And Accessories)",2,OB,Obstetrics/Gynecology,OB,884.1300,N,N,Eligible,1
HET,"Laparoscope, Gynecologic (And Accessories)",2,OB,Obstetrics/Gynecology,OB,884.1720,N,N,Ineligible,1
HEW,Culdoscope (And Accessories),2,OB,Obstetrics/Gynecology,OB,884.1640,N,N,Ineligible,1
HEX,Colposcope (And Colpomicroscope),2,OB,Obstetrics/Gynecology,OB,884.1630,N,N,Eligible,1
HEZ,"Endoscope, Transcervical (Amnioscope)(And Accessories)",2,OB,Obstetrics/Gynecology,OB,884.1660,N,N,Eligible,1
HFA,"Amnioscope, Transabdominal (Fetoscope) (And Accessories)",f,OB,Obstetrics/Gynecology,OB,884.1600,N,N,Eligible,6
HFB,"Forceps, Biopsy, Gynecological",1,OB,Obstetrics/Gynecology,OB,884.4530,N,N,Eligible,4
HFC,"Aspirator, Endocervical",2,OB,Obstetrics/Gynecology,OB,884.1050,N,N,Eligible,1
HFD,"Washer, Endometrial",2,OB,Obstetrics/Gynecology,OB,884.1185,N,N,Eligible,1
HFE,"Brush, Endometrial",2,OB,Obstetrics/Gynecology,OB,884.1100,N,N,Eligible,1
HFF,"Aspirator, Endometrial",2,OB,Obstetrics/Gynecology,OB,884.1060,N,N,Eligible,1
HFG,"Coagulator, Laparoscopic, Unipolar (And Accessories)",2,OB,Obstetrics/Gynecology,OB,884.4160,N,N,Eligible,1
HFH,"Coagulator, Hysteroscopic (And Accessories)",2,OB,Obstetrics/Gynecology,OB,884.4160,N,N,Eligible,1
HFI,"Coagulator, Culdoscopic (And Accessories)",2,OB,Obstetrics/Gynecology,OB,884.4160,N,N,Eligible,1
HFJ,"Prosthesis, Fallopian Tube",2,OB,Obstetrics/Gynecology,OB,884.3650,Y,N,Eligible,1
HFK,"Mold, Vaginal",2,OB,Obstetrics/Gynecology,OB,884.3900,N,N,Eligible,1
HFL,"Drain, Cervical",2,OB,Obstetrics/Gynecology,OB,884.3200,N,N,Eligible,4
HFM,"Monitor, Uterine Contraction, External (For Use In Clinic)",2,OB,Obstetrics/Gynecology,OB,884.2720,N,N,Ineligible,1
HFN,"Transducer, Pressure, Intrauterine",2,OB,Obstetrics/Gynecology,OB,884.2700,N,N,Ineligible,1
HFO,"Recorder, Pressure, Intrauterine",2,OB,Obstetrics/Gynecology,OB,884.2700,N,N,Ineligible,1
HFP,"Monitor, Phonocardiographic, Fetal",2,OB,Obstetrics/Gynecology,OB,884.2640,N,N,Ineligible,1
HFS,"Shield, Nipple",1,HO,General Hospital,HO,880.5630,N,N,Eligible,4
HFW,"Clamp, Umbilical",2,OB,Obstetrics/Gynecology,OB,884.4530,N,N,Eligible,4
HFX,"Clamp, Circumcision",2,OB,Obstetrics/Gynecology,OB,884.4530,N,N,Eligible,1
HFY,"Band, Tubal Occlusion",3,OB,Obstetrics/Gynecology,OB,884.5380,Y,N,Ineligible,2
HFZ,Craniotribe,2,OB,Obstetrics/Gynecology,OB,884.4500,N,N,Eligible,1
HGA,Cranioclast,2,OB,Obstetrics/Gynecology,OB,884.4500,N,N,Eligible,1
HGB,"Clip, Tubal Occlusion",3,OB,Obstetrics/Gynecology,OB,884.5380,Y,N,Ineligible,2
HGC,"Clamp, Uterine",1,OB,Obstetrics/Gynecology,OB,884.4520,N,N,Eligible,4
HGD,"Applicator, Vaginal",1,OB,Obstetrics/Gynecology,OB,884.4520,N,N,Eligible,4
HGE,Amniotome,1,OB,Obstetrics/Gynecology,OB,884.4530,N,N,Ineligible,4
HGF,"Source, Abortion Unit, Vacuum",2,OB,Obstetrics/Gynecology,OB,884.5070,N,N,Eligible,1
HGG,"Controller, Abortion Unit, Vacuum",2,OB,Obstetrics/Gynecology,OB,884.5070,N,N,Ineligible,1
HGH,"Cannula, Suction, Uterine",2,OB,Obstetrics/Gynecology,OB,884.5070,N,N,Ineligible,1
HGI,"Electrocautery, Gynecologic (And Accessories)",2,OB,Obstetrics/Gynecology,OB,884.4120,N,N,Eligible,1
HGK,"Endoscope, Fetal Blood Sampling (And Accessories)",2,OB,Obstetrics/Gynecology,OB,884.1660,N,N,Eligible,1
HGL,"Transducer, Ultrasonic, Obstetric",2,OB,Obstetrics/Gynecology,OB,884.2960,N,N,Ineligible,1
HGM,"System, Monitoring, Perinatal",2,OB,Obstetrics/Gynecology,OB,884.2740,N,N,Ineligible,1
HGN,"Stethoscope, Fetal",1,OB,Obstetrics/Gynecology,OB,884.2900,N,N,Eligible,4
HGO,"Monitor, Electroencephalographic, Fetal (And Accessories)",3,OB,Obstetrics/Gynecology,OB,884.2620,N,N,Ineligible,2
HGP,"Electrode, Circular (Spiral), Scalp And Applicator",2,OB,Obstetrics/Gynecology,OB,884.2675,N,N,Ineligible,1
HGS,"Catheter, Intrauterine And Introducer",2,OB,Obstetrics/Gynecology,OB,884.2700,N,N,Eligible,1
HGW,"Sampler, Blood, Fetal",2,OB,Obstetrics/Gynecology,OB,884.1560,N,N,Eligible,1
HGX,"Pump, Breast, Powered",2,OB,Obstetrics/Gynecology,OB,884.5160,N,N,Eligible,1
HGY,"Pump, Breast, Non-Powered",1,OB,Obstetrics/Gynecology,OB,884.5150,N,N,Eligible,4
HGZ,"Heater, Perineal, Direct Contact",2,OB,Obstetrics/Gynecology,OB,884.5390,N,N,Eligible,4
HHA,"Heater, Perineal, Radiant, Non-Contact",2,OB,Obstetrics/Gynecology,OB,884.5390,N,N,Eligible,4
HHD,"Pad, Menstrual, Unscented",1,OB,Obstetrics/Gynecology,OB,884.5435,N,N,Eligible,4
HHE,"Cup, Menstrual",2,OB,Obstetrics/Gynecology,OB,884.5400,N,N,Eligible,4
HHF,"Remover, Intrauterine Device, Contraceptive, Hook-Type",1,OB,Obstetrics/Gynecology,OB,884.4530,N,N,Eligible,4
HHG,"Dilator, Cervical, Vibratory",3,OB,Obstetrics/Gynecology,OB,884.4270,N,N,Ineligible,2
HHI,"System, Abortion, Vacuum",2,OB,Obstetrics/Gynecology,OB,884.5070,N,N,Ineligible,1
HHJ,"Locator, Intracorporeal Device, Ultrasonic, Obstetric-Gynecologic",2,OB,Obstetrics/Gynecology,OB,884.2225,N,N,Eligible,1
HHK,"Curette, Suction, Endometrial (And Accessories)",2,OB,Obstetrics/Gynecology,OB,884.1175,N,N,Eligible,1
HHL,"Pad, Menstrual, Scented, Scented-Deodorized",2,OB,Obstetrics/Gynecology,OB,884.5425,N,N,Eligible,4
HHM,"Sound, Uterine",1,OB,Obstetrics/Gynecology,OB,884.4530,N,N,Eligible,4
HHN,Cleidoclast,2,OB,Obstetrics/Gynecology,OB,884.4500,N,N,Ineligible,1
HHO,"Screw, Fibroid, Gynecological",2,OB,Obstetrics/Gynecology,OB,884.4530,N,N,Eligible,1
HHP,"Table, Obstetrical, Manual (And Accessories)",2,OB,Obstetrics/Gynecology,OB,884.4900,N,N,Eligible,4
HHQ,"System, Abortion, Metreurynter-Balloon",3,OB,Obstetrics/Gynecology,OB,884.5050,N,N,Ineligible,2
HHR,"Laser, Surgical, Gynecologic",2,OB,Obstetrics/Gynecology,OB,884.4550,N,N,Ineligible,1
HHS,Transcervical Contraceptive Tubal Occlusion Device,3,OB,Obstetrics/Gynecology,OB,884.5380,Y,N,Ineligible,2
HHT,"Spatula, Cervical, Cytological",2,OB,Obstetrics/Gynecology,OB,884.4530,N,N,Eligible,1
HHW,"Pessary, Vaginal",2,OB,Obstetrics/Gynecology,OB,884.3575,N,N,Eligible,1
HHX,"Holograph, Fetal, Acoustical",2,OB,Obstetrics/Gynecology,OB,884.2225,N,N,Eligible,1
HHY,"Prosthesis, Suture, Cerclage",3,,Unknown,OB,,N,N,Ineligible,2
HIB,"Speculum, Vaginal, Nonmetal",2,OB,Obstetrics/Gynecology,OB,884.4530,N,N,Eligible,4
HIC,"Speculum, Vaginal, Nonmetal, Fiberoptic",2,OB,Obstetrics/Gynecology,OB,884.4530,N,N,Eligible,4
HIF,"Insufflator, Laparoscopic",2,OB,Obstetrics/Gynecology,OB,884.1730,N,N,Ineligible,1
HIG,"Insufflator, Hysteroscopic",2,OB,Obstetrics/Gynecology,OB,884.1700,N,N,Ineligible,1
HIH,Hysteroscope (And Accessories),2,OB,Obstetrics/Gynecology,OB,884.1690,N,N,Ineligible,1
HII,"Stimulator, Vaginal, Muscle, Powered, For Therapeutic Use",3,OB,Obstetrics/Gynecology,OB,884.5940,N,N,Ineligible,2
HIL," Tampon, Menstrual, Scented, Scented-Deodorized",2,OB,Obstetrics/Gynecology,OB,884.5460,N,N,Ineligible,1
HIM,"Electrocautery, Endoscopic And Accessories",2,OB,Obstetrics/Gynecology,OB,884.4100,N,N,Eligible,1
HIN,"Coagulator-Cutter, Endoscopic, Bipolar (And Accessories)",2,OB,Obstetrics/Gynecology,OB,884.4150,N,N,Eligible,1
HIO,"Sampler, Amniotic Fluid (Amniocentesis Tray)",1,OB,Obstetrics/Gynecology,OB,884.1550,N,N,Eligible,4
HIQ,"Electrode, Clip, Fetal Scalp (And Applicator)",3,OB,Obstetrics/Gynecology,OB,884.2685,N,N,Ineligible,2
HIR,Perineometer,2,OB,Obstetrics/Gynecology,GU,884.1425,N,N,Eligible,1
HIS,Condom,2,OB,Obstetrics/Gynecology,OB,884.5300,N,N,Eligible,1
HIT,"Tester, Color Vision",1,OP,Ophthalmic,OP,886.1170,N,N,Eligible,4
HIW,Anomaloscope,1,OP,Ophthalmic,OP,886.1070,N,N,Eligible,4
HIX,"Maxwell Spot, Ac-Powered",1,OP,Ophthalmic,OP,886.1435,N,N,Eligible,4
HIY,"Brush, Haidinger, (Including Macular Integrity)",1,OP,Ophthalmic,OP,886.1090,N,N,Eligible,4
HJA,Photokeratoscope,1,OP,Ophthalmic,OP,886.1350,N,N,Eligible,4
HJB,"Instrument, Measuring, Corneal Radius",1,OP,Ophthalmic,OP,886.1450,N,N,Eligible,4
HJC,"Esthesiometer, Ocular",1,OP,Ophthalmic,OP,886.1040,N,N,Eligible,4
HJD,"Illuminator, Color Vision Plate",1,OP,Ophthalmic,OP,886.1160,N,N,Eligible,4
HJE,"Lamp, Fluorescein, Ac-Powered",2,SU,"General, Plastic Surgery",SU,878.4580,N,N,Eligible,1
HJF,"Magnifier, Hand-Held, Low-Vision",1,OP,Ophthalmic,OP,886.5540,N,N,Eligible,4
HJG,"System, Reading, Television, Closed-Circuit",1,OP,Ophthalmic,OP,886.5820,N,N,Eligible,4
HJH,"Loupe, Binocular, Low Power",1,OP,Ophthalmic,OP,886.5120,N,N,Eligible,4
HJI,"Lens, Fundus, Hruby, Diagnostic",1,OP,Ophthalmic,OP,886.1395,N,N,Eligible,4
HJJ,"Lens, Fresnel, Flexible, Diagnostic",1,OP,Ophthalmic,OP,886.1390,N,N,Eligible,4
HJK,"Lens, Contact, Polymethylmethacrylate, Diagnostic",2,OP,Ophthalmic,OP,886.1385,N,N,Eligible,1
HJL,"Lens, Condensing, Diagnostic",1,OP,Ophthalmic,OP,886.1380,N,N,Eligible,4
HJM,"Transilluminator, Ac-Powered",2,OP,Ophthalmic,OP,886.1945,N,N,Eligible,4
HJN,"Transilluminator, Battery-Powered",1,OP,Ophthalmic,OP,886.1945,N,N,Eligible,4
HJO,"Biomicroscope, Slit-Lamp, Ac-Powered",2,OP,Ophthalmic,OP,886.1850,N,N,Eligible,1
HJQ,"Stereoscope, Ac-Powered",1,OP,Ophthalmic,OP,886.1870,N,N,Eligible,4
HJR,"Stereoscope, Battery-Powered",1,OP,Ophthalmic,OP,886.1870,N,N,Eligible,4
HJS,"Test, Spectacle Dissociation, Ac-Powered (Lancaster)",1,OP,Ophthalmic,OP,886.1910,N,N,Eligible,4
HJT,Haploscope,1,OP,Ophthalmic,OP,886.1340,N,N,Eligible,4
HJW,Adaptometer (Biophotometer),1,OP,Ophthalmic,OP,886.1050,N,N,Eligible,4
HJX,"Reader, Prism, Ophthalmic",1,OP,Ophthalmic,OP,886.5810,N,N,Eligible,4
HJY,"Reader, Bar, Ophthalmic",1,OP,Ophthalmic,OP,886.5800,N,N,Eligible,4
HJZ,"Crutch, Ptosis",1,OP,Ophthalmic,OP,886.5600,N,N,Eligible,4
HKB,"Telescope, Hand-Held, Low-Vision",1,OP,Ophthalmic,OP,886.5870,N,N,Eligible,4
HKC,"Spectacle Microscope, Low-Vision",1,OP,Ophthalmic,OP,886.5540,N,N,Eligible,4
HKD,"Tape, Nystagmus",1,OP,Ophthalmic,OP,886.1905,N,N,Eligible,4
HKF,"Mirror, Headband, Ophthalmic",1,OP,Ophthalmic,OP,886.1500,N,N,Eligible,4
HKG,Fornixscope,1,OP,Ophthalmic,OP,886.1320,N,N,Eligible,4
HKI,"Camera, Ophthalmic, Ac-Powered",2,OP,Ophthalmic,OP,886.1120,N,N,Eligible,1
HKK,"Telescope, Spectacle, Low-Vision",1,OP,Ophthalmic,OP,886.5870,N,N,Eligible,4
HKL,"Retinoscope, Ac-Powered",2,OP,Ophthalmic,OP,886.1780,N,N,Eligible,4
HKM,"Retinoscope, Battery-Powered",1,OP,Ophthalmic,OP,886.1780,N,N,Eligible,4
HKN,"Refractor, Manual, Non-Powered, Including Phoropter",1,OP,Ophthalmic,OP,886.1770,N,N,Eligible,4
HKO,"Refractometer, Ophthalmic",1,OP,Ophthalmic,OP,886.1760,N,N,Eligible,4
HKP,"Instrument, Vitreous Aspiration And Cutting, Battery-Powered",2,OP,Ophthalmic,OP,886.4150,N,N,Eligible,1
HKQ,"Prism, Rotary, Ophthalmic",1,OP,Ophthalmic,OP,886.1665,N,N,Eligible,4
HKR,"Lens, Maddox",1,OP,Ophthalmic,OP,886.1400,N,N,Eligible,4
HKS,"Prism, Gonioscopic",1,OP,Ophthalmic,OP,886.1660,N,N,Eligible,4
HKT,"Prism, Fresnel, Ophthalmic",1,OP,Ophthalmic,OP,886.1655,N,N,Eligible,4
HKW,"Prism, Bar, Ophthalmic",1,OP,Ophthalmic,OP,886.1650,N,N,Eligible,4
HKX,"Tonometer, Ac-Powered",2,OP,Ophthalmic,OP,886.1930,N,N,Eligible,1
HKY,"Tonometer, Manual",2,OP,Ophthalmic,OP,886.1930,N,N,Eligible,1
HKZ,"Sterilizer, Tonometer",1,OP,Ophthalmic,OP,886.1940,N,N,Eligible,4
HLA,"Calibrator, Tonometer",2,OP,Ophthalmic,OP,886.1930,N,N,Eligible,1
HLC,"Instrument, Measuring, Stereopsis",1,OP,Ophthalmic,OP,886.1460,N,N,Eligible,4
HLD,"Engine, Trephine, Accessories, Gas-Powered",1,OP,Ophthalmic,OP,886.4070,N,N,Eligible,4
HLE,"Ruler, Nearpoint (Punctometer)",1,OP,Ophthalmic,OP,886.1790,N,N,Eligible,4
HLF,"Device, Measuring, Lens Radius, Ophthalmic",1,OP,Ophthalmic,OP,886.1430,N,N,Eligible,4
HLG,"Pupillometer, Ac-Powered",1,OP,Ophthalmic,OP,886.1700,N,N,Eligible,4
HLH,"Pupillometer, Manual",1,OP,Ophthalmic,OP,886.1700,N,N,Eligible,4
HLI,"Ophthalmoscope, Ac-Powered",2,OP,Ophthalmic,OP,886.1570,N,N,Eligible,4
HLJ,"Ophthalmoscope, Battery-Powered",2,OP,Ophthalmic,OP,886.1570,N,N,Eligible,4
HLK,"Screen, Tangent, Target, Battery-Powered",1,OP,Ophthalmic,OP,886.1810,N,N,Eligible,4
HLL,"Monitor, Eye Movement",2,OP,Ophthalmic,OP,886.1510,N,N,Eligible,1
HLM,"Instrument, Measuring, Lens, Ac-Powered",1,OP,Ophthalmic,OP,886.1425,N,N,Eligible,4
HLN,"Gauge, Lens, Ophthalmic",1,OP,Ophthalmic,OP,886.1420,N,N,Eligible,4
HLO,"Test, Spectacle Dissociation, Battery-Powered (Lancaster)",1,OP,Ophthalmic,OP,886.1910,N,N,Eligible,4
HLP,"Target, Fusion And Stereoscopic",1,OP,Ophthalmic,OP,886.1880,N,N,Eligible,4
HLQ,"Keratoscope, Ac-Powered",1,OP,Ophthalmic,OP,886.1350,N,N,Eligible,4
HLR,"Keratoscope, Battery-Powered",1,OP,Ophthalmic,OP,886.1350,N,N,Eligible,4
HLS,Exophthalmometer,1,OP,Ophthalmic,OP,886.1270,N,N,Eligible,4
HLT,"Preamplifier, Ac-Powered, Ophthalmic",2,OP,Ophthalmic,OP,886.1640,N,N,Eligible,1
HLW,"Preamplifier, Battery-Powered, Ophthalmic",2,OP,Ophthalmic,OP,886.1640,N,N,Eligible,1
HLX,"Photostimulator, Ac-Powered",2,OP,Ophthalmic,OP,886.1630,N,N,Eligible,1
HLZ,"Electrode, Corneal",2,OP,Ophthalmic,OP,886.1220,N,N,Eligible,1
HMC,"Monitor, Eye Movement, Diagnostic",2,OP,Ophthalmic,OP,886.1510,N,N,Eligible,1
HMD,"Chair, Ophthalmic, Manual",1,OP,Ophthalmic,OP,886.1140,N,N,Eligible,4
HME,"Chair, Ophthalmic, Ac-Powered",1,OP,Ophthalmic,OP,886.1140,N,N,Eligible,4
HMF,"Stand, Instrument, Ac-Powered, Ophthalmic",1,OP,Ophthalmic,OP,886.1860,N,N,Eligible,4
HMG,"Stand, Instrument, Ophthalmic, Non-Powered",1,OP,Ophthalmic,OP,886.1860,N,N,Eligible,4
HMH,"Rack, Skiascopic",1,OP,Ophthalmic,OP,886.1750,N,N,Eligible,4
HMJ,"Screen, Tangent, Projection, Battery-Powered",1,OP,Ophthalmic,OP,886.1810,N,N,Eligible,4
HMK,"Euthyscope, Ac-Powered",2,OP,Ophthalmic,OP,886.1250,N,N,Eligible,4
HML,"Euthyscope, Battery-Powered",1,OP,Ophthalmic,OP,886.1250,N,N,Eligible,4
HMM,Distometer,1,OP,Ophthalmic,OP,886.1190,N,N,Eligible,4
HMN,"Suture, Nonabsorable, Ophthalmic",3,,Unknown,SU,,Y,N,Eligible,2
HMO,"Suture, Absorbable, Ophthalmic",3,,Unknown,SU,,Y,N,Eligible,2
HMP,"Pad, Eye",1,SU,"General, Plastic Surgery",SU,878.4440,N,N,Eligible,4
HMQ,"Marker, Sclera",1,OP,Ophthalmic,OP,886.4570,N,N,Eligible,4
HMR,"Marker, Ocular",1,OP,Ophthalmic,OP,886.4570,N,N,Eligible,4
HMS,"Drum, Eye Knife Test",1,OP,Ophthalmic,OP,886.4230,N,N,Eligible,4
HMT,"Drape, Patient, Ophthalmic",2,SU,"General, Plastic Surgery",HO,878.4370,N,N,Eligible,4
HMW,"Drape, Microscope, Ophthalmic",2,SU,"General, Plastic Surgery",HO,878.4370,N,N,Eligible,4
HMX,"Cannula, Ophthalmic",1,OP,Ophthalmic,OP,886.4350,N,N,Eligible,4
HMY,"Keratome, Battery-Powered",1,OP,Ophthalmic,OP,886.4370,N,N,Eligible,1
HMZ,Trabeculotome,1,OP,Ophthalmic,OP,886.4350,N,N,Eligible,4
HNA,"Spud, Ophthalmic",1,OP,Ophthalmic,OP,886.4350,N,N,Eligible,4
HNB,"Spoon, Ophthalmic",1,OP,Ophthalmic,OP,886.4350,N,N,Eligible,4
HNC,"Specula, Ophthalmic",1,OP,Ophthalmic,OP,886.4350,N,N,Eligible,4
HND,"Spatula, Ophthalmic",1,OP,Ophthalmic,OP,886.4350,N,N,Eligible,4
HNE,"Snare, Enucleating",1,OP,Ophthalmic,OP,886.4350,N,N,Eligible,4
HNF,"Scissors, Ophthalmic",1,OP,Ophthalmic,OP,886.4350,N,N,Eligible,4
HNG,"Rongeur, Lachrymal Sac",1,OP,Ophthalmic,OP,886.4350,N,N,Eligible,4
HNH,"Ring, Ophthalmic (Flieringa)",1,OP,Ophthalmic,OP,886.4350,N,N,Eligible,4
HNI,"Retractor, Ophthalmic",1,OP,Ophthalmic,OP,886.4350,N,N,Eligible,4
HNJ,"Punch, Corneo-Scleral",1,OP,Ophthalmic,OP,886.4350,N,N,Eligible,4
HNK,"Probe, Trabeculotomy",1,OP,Ophthalmic,OP,886.4350,N,N,Eligible,4
HNL,"Probe, Lachrymal",1,OP,Ophthalmic,OP,886.4350,N,N,Eligible,4
HNM,"Needle, Ophthalmic Suturing",1,OP,Ophthalmic,OP,886.4350,N,N,Eligible,4
HNN,"Knife, Ophthalmic",1,OP,Ophthalmic,OP,886.4350,N,N,Eligible,4
HNO,"Keratome, Ac-Powered",1,OP,Ophthalmic,OP,886.4370,N,N,Eligible,1
HNP,"Introducer, Sphere",1,OP,Ophthalmic,OP,886.4350,N,N,Eligible,4
HNQ,"Hook, Ophthalmic",1,OP,Ophthalmic,OP,886.4350,N,N,Eligible,4
HNR,"Forceps, Ophthalmic",1,OP,Ophthalmic,OP,886.4350,N,N,Eligible,4
HNS,Expressor,1,OP,Ophthalmic,OP,886.4350,N,N,Eligible,4
HNT,Erisophake,1,OP,Ophthalmic,OP,886.4350,N,N,Eligible,4
HNW,"Dilator, Lachrymal",1,OP,Ophthalmic,OP,886.4350,N,N,Eligible,4
HNX,"Depressor, Orbital",1,OP,Ophthalmic,OP,886.4350,N,N,Eligible,4
HNY,Cystotome,1,OP,Ophthalmic,OP,886.4350,N,N,Eligible,4
HNZ,"Curette, Ophthalmic",1,OP,Ophthalmic,OP,886.4350,N,N,Eligible,4
HOA,"Compressor, Orbital",1,OP,Ophthalmic,OP,886.4350,N,N,Eligible,4
HOB,"Clamp, Muscle, Ophthalmic",1,OP,Ophthalmic,OP,886.4350,N,N,Eligible,4
HOC,"Clip, Iris Retractor",1,OP,Ophthalmic,OP,886.4350,N,N,Eligible,4
HOD,"Clamp, Eyelid, Ophthalmic",1,OP,Ophthalmic,OP,886.4350,N,N,Eligible,4
HOE,"Caliper, Ophthalmic",1,OP,Ophthalmic,OP,886.4350,N,N,Eligible,4
HOF,"Burr, Corneal, Manual",1,OP,Ophthalmic,OP,886.4350,N,N,Eligible,4
HOG,"Burr, Corneal, Battery-Powered",1,OP,Ophthalmic,OP,886.4070,N,N,Eligible,4
HOH,"Spectacle, Operating (Loupe), Ophthalmic",1,OP,Ophthalmic,OP,886.4770,N,N,Eligible,4
HOI,"Spectacle, Magnifying",1,OP,Ophthalmic,OP,886.5840,N,N,Eligible,4
HOJ,"Screen, Tangent, Target",1,OP,Ophthalmic,OP,886.1810,N,N,Eligible,4
HOK,"Screen, Tangent, Projection, Ac-Powered",1,OP,Ophthalmic,OP,886.1810,N,N,Eligible,4
HOL,"Screen, Tangent, Felt (Campimeter)",1,OP,Ophthalmic,OP,886.1810,N,N,Eligible,4
HOM,"Screen, Tangent, Ac-Powered (Campimeter)",1,OP,Ophthalmic,OP,886.1810,N,N,Eligible,4
HON,"Perimeter, Manual",1,OP,Ophthalmic,OP,886.1605,N,N,Eligible,4
HOO,"Perimeter, Ac-Powered",1,OP,Ophthalmic,OP,886.1605,N,N,Eligible,4
HOP,"Campimeter, Stereo, Battery-Powered",1,OP,Ophthalmic,OP,886.1810,N,N,Eligible,4
HOQ,"Grid, Amsler",1,OP,Ophthalmic,OP,886.1330,N,N,Eligible,4
HOR,Simulatan (Including Crossed Cylinder),1,OP,Ophthalmic,OP,886.1840,N,N,Eligible,4
HOS,"Projector, Ophthalmic",1,OP,Ophthalmic,OP,886.1680,N,N,Eligible,4
HOT,"Aid, Vision Image Intensification",1,OP,Ophthalmic,OP,886.5910,N,N,Eligible,4
HOW,"Drum, Opticokinetic",1,OP,Ophthalmic,OP,886.1200,N,N,Eligible,4
HOX,"Chart, Visual Acuity",1,OP,Ophthalmic,OP,886.1150,N,N,Eligible,4
HOY,"Shield, Eye, Ophthalmic (Including Sunlamp Protective Eyewear And Post-Mydriatic Eyewear)",1,OP,Ophthalmic,OP,886.4750,N,N,Eligible,4
HOZ,"Sponge, Ophthalmic",2,OP,Ophthalmic,OP,886.4790,N,N,Eligible,4
HPA,"Frame, Trial, Ophthalmic",1,OP,Ophthalmic,OP,886.1415,N,N,Eligible,4
HPB,"Clip, Lens, Trial, Ophthalmic",1,OP,Ophthalmic,OP,886.1410,N,N,Eligible,4
HPC,"Set, Lens, Trial, Ophthalmic",1,OP,Ophthalmic,OP,886.1405,N,N,Eligible,4
HPD,"Lens, Bagolini",1,OP,Ophthalmic,OP,886.1375,N,N,Eligible,4
HPE,"Aid, Vision, Optical, Battery-Powered",1,OP,Ophthalmic,OP,886.5915,N,N,Eligible,4
HPF,"Aid, Vision, Electronic, Ac-Powered",1,OP,Ophthalmic,OP,886.5900,N,N,Eligible,4
HPG,"Aid, Vision, Electronic, Battery-Powered",1,OP,Ophthalmic,OP,886.5900,N,N,Eligible,4
HPH,"Diathermy, Microwave, For Use Other Than Applying Therapeutic Deep Heat",3,PM,Physical Medicine,PM,890.5275,N,N,Ineligible,2
HPI,"Aid, Vision, Optical, Ac-Powered",1,OP,Ophthalmic,OP,886.5915,N,N,Eligible,4
HPJ,"Instrument, Visual Field, Laser",2,OP,Ophthalmic,OP,886.1360,N,N,Eligible,1
HPK,Tonograph,2,OP,Ophthalmic,OP,886.1930,N,N,Eligible,1
HPL,"Device, Fixation, Ac-Powered, Ophthalmic",1,OP,Ophthalmic,OP,886.1290,N,N,Eligible,4
HPM,"Locator, Metal, Electronic",2,OP,Ophthalmic,OP,886.4400,N,N,Eligible,4
HPN,"Magnet, Permanent",1,OP,Ophthalmic,OP,886.4445,N,N,Eligible,4
HPO,"Magnet, Ac-Powered",2,OP,Ophthalmic,OP,886.4440,N,N,Eligible,4
HPP,"Headlamp, Operating, Battery-Operated",1,OP,Ophthalmic,OP,886.4335,N,N,Eligible,4
HPQ,"Headlamp, Operating, Ac-Powered",2,OP,Ophthalmic,OP,886.4335,N,N,Eligible,4
HPS,"Unit, Cryophthalmic",2,OP,Ophthalmic,OP,886.4170,N,N,Eligible,1
HPT,"Perimeter, Automatic, Ac-Powered",1,OP,Ophthalmic,OP,886.1605,N,N,Eligible,4
HPW,"Probe And Counter, Isotope, For Phosphorus 32",2,OP,Ophthalmic,OP,886.1670,N,N,Eligible,1
HPX,"Lens, Contact (Polymethylmethacrylate)",U,,Unknown,OP,,N,N,Eligible,1
HPY,"Unit, Electrolysis, Battery-Powered, Ophthalmic",1,OP,Ophthalmic,OP,886.4250,N,N,Eligible,4
HPZ,"Implant, Eye Sphere",2,OP,Ophthalmic,OP,886.3320,Y,N,Eligible,1
HQA,"Unit, Cryotherapy, Ophthalmic",2,OP,Ophthalmic,OP,886.4170,N,N,Eligible,1
HQB,Photocoagulator And Accessories,2,OP,Ophthalmic,OP,886.4690,N,N,Eligible,1
HQC,"Unit, Phacofragmentation",2,OP,Ophthalmic,OP,886.4670,N,N,Eligible,1
HQD,"Lens, Contact (Other Material) - Daily",2,OP,Ophthalmic,OP,886.5916,N,N,Eligible,1
HQE,"Instrument, Vitreous Aspiration And Cutting, Ac-Powered",2,OP,Ophthalmic,OP,886.4150,N,N,Eligible,1
HQF,"Laser, Ophthalmic",2,OP,Ophthalmic,OP,886.4390,N,N,Eligible,1
HQG,"Lens, Spectacle, Non-Custom (Prescription)",1,OP,Ophthalmic,OP,886.5844,N,N,Eligible,4
HQH,"Eye, Artificial, Non-Custom",1,OP,Ophthalmic,OP,886.3200,N,N,Eligible,4
HQJ,"Implant, Absorbable, (Scleral Buckling Methods)",2,OP,Ophthalmic,OP,886.3300,Y,N,Eligible,1
HQL,Intraocular Lens,3,OP,Ophthalmic,OP,886.3600,Y,N,Eligible,2
HQM,"Keratoprosthesis, Permanent Implant",2,OP,Ophthalmic,OP,886.3400,Y,N,Eligible,1
HQN,"Conformer, Ophthalmic",2,OP,Ophthalmic,OP,886.3130,N,N,Eligible,4
HQO,"Unit, Cautery, Thermal, Ac-Powered",2,OP,Ophthalmic,OP,886.4115,N,N,Eligible,1
HQP,"Unit, Cautery, Thermal, Battery-Powered",2,OP,Ophthalmic,OP,886.4115,N,N,Eligible,1
HQQ,"Apparatus, Cautery, Radiofrequency, Battery-Powered",2,OP,Ophthalmic,OP,886.4100,N,N,Eligible,1
HQR,"Apparatus, Cautery, Radiofrequency, Ac-Powered",2,OP,Ophthalmic,OP,886.4100,N,N,Eligible,1
HQS,"Burr, Corneal, Ac-Powered",1,OP,Ophthalmic,OP,886.4070,N,N,Eligible,4
HQT,"Shell, Scleral",2,OP,Ophthalmic,OP,886.3800,Y,N,Eligible,4
HQW,"Clip, Tantalum, Ophthalmic",2,OP,Ophthalmic,OP,886.3100,Y,N,Eligible,4
HQX,"Implant, Orbital, Extra-Ocular",2,OP,Ophthalmic,OP,886.3340,Y,N,Eligible,1
HQY,Sunglasses (Non-Prescription Including Photosensitive),1,OP,Ophthalmic,OP,886.5850,N,N,Eligible,4
HQZ,"Frame, Spectacle",1,OP,Ophthalmic,OP,886.5842,N,N,Eligible,4
HRB,"Microscope, Operating, Non-Electric, Ophthalmic",1,SU,"General, Plastic Surgery",SU,878.4700,N,N,Eligible,4
HRC,"Sterilizer, Soft-Lens, Thermal, Battery-Powered",2,OP,Ophthalmic,OP,886.5928,N,N,Eligible,1
HRD,"Sterilizer, Soft-Lens, Thermal, Ac-Powered",2,OP,Ophthalmic,OP,886.5928,N,N,Eligible,1
HRE,"Cabinet, Instrument, Ac-Powered, Ophthalmic",1,OP,Ophthalmic,OP,886.1860,N,N,Eligible,4
HRF,"Engine, Trephine, Accessories, Battery-Powered",1,OP,Ophthalmic,OP,886.4070,N,N,Eligible,4
HRG,"Engine, Trephine, Accessories, Ac-Powered",1,OP,Ophthalmic,OP,886.4070,N,N,Eligible,4
HRH,"Trephine, Manual, Ophthalmic",1,OP,Ophthalmic,OP,886.4350,N,N,Eligible,4
HRI,Pupillograph,1,OP,Ophthalmic,OP,886.1690,N,N,Eligible,4
HRJ,"Table, Instrument, Powered, Ophthalmic",1,OP,Ophthalmic,OP,886.4855,N,N,Eligible,4
HRK,"Table, Instrument, Manual, Ophthalmic",1,OP,Ophthalmic,OP,886.4855,N,N,Eligible,4
HRL,"Unit, Beta, Radiation, Ophthalmic",2,OP,Ophthalmic,OP,886.5100,N,N,Eligible,1
HRM,"Microscope, Operating & Accessories, Ac-Powered, Ophthalmic",1,SU,"General, Plastic Surgery",SU,878.4700,N,N,Eligible,4
HRN,"Unit, Cryophthalmic, Ac-Powered",2,OP,Ophthalmic,OP,886.4170,N,N,Eligible,1
HRO,"Unit, Electrolysis, Ac-Powered, Ophthalmic",2,OP,Ophthalmic,OP,886.4250,N,N,Eligible,4
HRP,"Pen, Marking, Surgical",1,OP,Ophthalmic,OP,886.4570,N,N,Eligible,4
HRQ,Hemostat,1,SU,"General, Plastic Surgery",SU,878.4800,N,N,Eligible,4
HRR,"Scissors, Orthopedic, Surgical",1,OR,Orthopedic,OR,888.4540,N,N,Eligible,4
HRS,"Plate, Fixation, Bone",2,OR,Orthopedic,OR,888.3030,Y,N,Eligible,1
HRT,"Stripper, Surgical",1,OR,Orthopedic,OR,888.4540,N,N,Eligible,4
HRW,"Dynamometer, Nonpowered",1,OR,Orthopedic,NE,888.1250,N,N,Eligible,4
HRX,Arthroscope,2,OR,Orthopedic,OR,888.1100,N,N,Ineligible,1
HRY,"Prosthesis, Knee, Femorotibial, Semi-Constrained, Cemented, Metal/Polymer",2,OR,Orthopedic,OR,888.3530,Y,N,Eligible,1
HRZ,"Prosthesis, Knee, Hinged (Metal-Metal)",3,OR,Orthopedic,OR,888.3480,Y,N,Eligible,2
HSA,"Prosthesis, Knee, Hemi-, Femoral",3,OR,Orthopedic,OR,888.3570,Y,N,Eligible,2
HSB,"Rod, Fixation, Intramedullary And Accessories",2,OR,Orthopedic,OR,888.3020,Y,N,Eligible,1
HSD,"Prosthesis, Shoulder, Hemi-, Humeral, Metallic Uncemented",2,OR,Orthopedic,OR,888.3690,Y,N,Eligible,1
HSH,"Prosthesis, Knee, Hemi-, Tibial, Resurfacing (Uncemented)",2,OR,Orthopedic,OR,888.3590,Y,N,Eligible,1
HSN,"Prosthesis, Ankle, Semi-Constrained, Cemented, Metal/Polymer",2,OR,Orthopedic,OR,888.3110,Y,N,Eligible,1
HSO,Saw,1,SU,"General, Plastic Surgery",SU,878.4800,N,N,Eligible,4
HSP,"Splint, Traction",1,OR,Orthopedic,OR,888.5890,N,N,Eligible,4
HSQ,"Belt, Pelvic, Traction",1,OR,Orthopedic,OR,888.5890,N,N,Eligible,4
HSR,"Unit, Traction, Hip, Non-Powered, Non-Penetrating",1,OR,Orthopedic,OR,888.5890,N,N,Eligible,4
HSS,"Halter, Head, Traction",1,OR,Orthopedic,PM,888.5890,N,N,Eligible,4
HST,"Apparatus, Traction, Non-Powered",1,OR,Orthopedic,NE,888.5850,N,N,Eligible,4
HSX,"Prosthesis, Knee, Femorotibial, Non-Constrained, Cemented, Metal/Polymer",2,OR,Orthopedic,OR,888.3520,Y,N,Eligible,1
HSZ,"Instrument, Surgical, Orthopedic, Pneumatic Powered & Accessory/Attachment",1,SU,"General, Plastic Surgery",OR,878.4820,N,N,Eligible,4
HTC,"Pliers, Surgical",1,SU,"General, Plastic Surgery",SU,878.4800,N,N,Eligible,4
HTD,Forceps,1,SU,"General, Plastic Surgery",SU,878.4800,N,N,Eligible,4
HTE,Elevator,1,SU,"General, Plastic Surgery",SU,878.4800,N,N,Eligible,4
HTF,Curette,1,SU,"General, Plastic Surgery",SU,878.4800,N,N,Eligible,4
HTG,"Prosthesis, Knee, Hemi-, Patellar Resurfacing, Uncemented",2,OR,Orthopedic,OR,888.3580,Y,N,Eligible,1
HTH,Protractor,1,OR,Orthopedic,OR,888.4600,N,N,Eligible,4
HTJ,"Gauge, Depth",1,OR,Orthopedic,OR,888.4300,N,N,Eligible,4
HTM,"Stimulator, Osteogenesis, Electric, Battery-Operated, Invasive",3,,Unknown,OR,,N,N,Eligible,2
HTN,"Washer, Bolt Nut",2,OR,Orthopedic,OR,888.3030,Y,N,Eligible,1
HTO,Reamer,1,OR,Orthopedic,OR,888.4540,N,N,Eligible,4
HTP,File,1,OR,Orthopedic,OR,888.4540,N,N,Eligible,4
HTQ,Broach,1,OR,Orthopedic,OR,888.4540,N,N,Eligible,4
HTR,Rasp,1,SU,"General, Plastic Surgery",SU,878.4800,N,N,Eligible,4
HTS,"Knife, Orthopedic",1,OR,Orthopedic,OR,888.4540,N,N,Eligible,4
HTT,"Burr, Orthopedic",1,OR,Orthopedic,OR,888.4540,N,N,Eligible,4
HTW,"Bit, Drill",1,OR,Orthopedic,OR,888.4540,N,N,Eligible,4
HTX,Rongeur,1,OR,Orthopedic,OR,888.4540,N,N,Eligible,4
HTY,"Pin, Fixation, Smooth",2,OR,Orthopedic,OR,888.3040,Y,N,Eligible,1
HTZ,"Instrument, Cutting, Orthopedic",1,SU,"General, Plastic Surgery",SU,878.4800,N,N,Eligible,4
HWA,Impactor,1,OR,Orthopedic,OR,888.4540,N,N,Eligible,4
HWB,Extractor,1,OR,Orthopedic,OR,888.4540,N,N,Eligible,4
HWC,"Screw, Fixation, Bone",2,OR,Orthopedic,OR,888.3040,Y,N,Eligible,1
HWD,"Starter, Bone Screw",1,OR,Orthopedic,OR,888.4540,N,N,Eligible,4
HWE,"Instrument, Surgical, Orthopedic, Ac-Powered Motor And Accessory/Attachment",1,SU,"General, Plastic Surgery",OR,878.4820,N,N,Eligible,4
HWF,"Prosthesis, Ligament",3,,Unknown,OR,,Y,N,Eligible,2
HWI,Corkscrew,1,OR,Orthopedic,OR,888.4540,N,N,Eligible,4
HWJ,Awl,1,OR,Orthopedic,OR,888.4540,N,N,Eligible,4
HWK,Trephine,1,OR,Orthopedic,OR,888.4540,N,N,Eligible,4
HWL,"Set, Hollow Mill",1,OR,Orthopedic,OR,888.4540,N,N,Eligible,4
HWM,Osteotome,1,SU,"General, Plastic Surgery",SU,878.4800,N,N,Eligible,4
HWN,"Instrument, Compression",1,OR,Orthopedic,OR,888.4540,N,N,Eligible,4
HWO,"Skid, Bone",1,OR,Orthopedic,OR,888.4540,N,N,Eligible,4
HWP,"Punch, Femoral Neck",1,OR,Orthopedic,OR,888.4540,N,N,Eligible,4
HWQ,Passer,1,OR,Orthopedic,OR,888.4540,N,N,Eligible,4
HWR,"Driver, Prosthesis",1,OR,Orthopedic,OR,888.4540,N,N,Eligible,4
HWT,Template,1,OR,Orthopedic,OR,888.4800,N,N,Eligible,4
HWW,Countersink,1,OR,Orthopedic,OR,888.4540,N,N,Eligible,4
HWX,"Tap, Bone",1,OR,Orthopedic,OR,888.4540,N,N,Eligible,4
HXA,"Prosthesis, Tendon, Passive",2,OR,Orthopedic,OR,888.3025,Y,N,Eligible,1
HXB,Probe,1,OR,Orthopedic,OR,888.4540,N,N,Eligible,4
HXC,Wrench,1,OR,Orthopedic,OR,888.4540,N,N,Eligible,4
HXD,Clamp,1,SU,"General, Plastic Surgery",SU,878.4800,N,N,Eligible,4
HXE,Fork,1,OR,Orthopedic,OR,888.4540,N,N,Eligible,4
HXG,Tamp,1,OR,Orthopedic,OR,888.4540,N,N,Eligible,4
HXI,"Passer, Wire, Orthopedic",1,OR,Orthopedic,OR,888.4540,N,N,Eligible,4
HXJ,Staple Driver,1,OR,Orthopedic,OR,888.4540,N,N,Eligible,4
HXK,"Holder, Needle; Orthopedic",1,OR,Orthopedic,OR,888.4540,N,N,Eligible,4
HXL,Mallet,1,SU,"General, Plastic Surgery",SU,878.4800,N,N,Eligible,4
HXN,"Applier, Cerclage",1,OR,Orthopedic,OR,888.4540,N,N,Eligible,4
HXO,"Pusher, Socket",1,OR,Orthopedic,OR,888.4540,N,N,Eligible,4
HXP,"Instrument, Bending Or Contouring",1,OR,Orthopedic,OR,888.4540,N,N,Eligible,4
HXQ,"Crimper, Pin",1,OR,Orthopedic,OR,888.4540,N,N,Eligible,4
HXR,"Spatula, Orthopedic",1,SU,"General, Plastic Surgery",SU,878.4800,N,N,Eligible,4
HXS,"Twister, Wire",1,OR,Orthopedic,OR,888.4540,N,N,Eligible,4
HXT,"Tape, Orthopedic",1,SU,"General, Plastic Surgery",SU,878.4800,N,N,Eligible,4
HXW,Bender,1,OR,Orthopedic,OR,888.4540,N,N,Eligible,4
HXX,Screwdriver,1,OR,Orthopedic,OR,888.4540,N,N,Eligible,4
HXY,"Brace, Drill",1,OR,Orthopedic,OR,888.4540,N,N,Eligible,4
HXZ,"Cutter, Wire",1,OR,Orthopedic,OR,888.4540,N,N,Eligible,4
HYA,"Forceps, Wire Holding",1,SU,"General, Plastic Surgery",SU,878.4800,N,N,Eligible,4
HYB,Eosin Y,1,HE,Hematology,PA,864.1850,N,N,Eligible,4
HYC,Fast Green,1,HE,Hematology,PA,864.1850,N,N,Eligible,4
HYD,Fast Red Salt B,1,HE,Hematology,PA,864.1850,N,N,Eligible,4
HYE,"Solution, Fontanna Silver",1,HE,Hematology,PA,864.1850,N,N,Eligible,4
HYF,Giemsa Stain,1,HE,Hematology,PA,864.1850,N,N,Eligible,4
HYG,Glenner'S Stain,1,HE,Hematology,PA,864.1850,N,N,Eligible,4
HYH,Gold Chloride,1,HE,Hematology,PA,864.1850,N,N,Eligible,4
HYI,"Iodine, Grams",1,HE,Hematology,PA,864.1850,N,N,Eligible,4
HYJ,Hematoxylin,1,HE,Hematology,PA,864.1850,N,N,Eligible,4
HYK,Hematoxylin Harris'S,1,HE,Hematology,PA,864.1850,N,N,Eligible,4
HYL,Hematoxylin Mayer'S,1,HE,Hematology,PA,864.1850,N,N,Eligible,4
HYO,Hematoxylin Weigert'S,1,HE,Hematology,PA,864.1850,N,N,Eligible,4
HYQ,Iron Chloride-Weigert,1,HE,Hematology,PA,864.1850,N,N,Eligible,4
HYR,Leuco-Patent Blue,1,HE,Hematology,PA,864.1850,N,N,Eligible,4
HYS,Light Green,1,HE,Hematology,PA,864.1850,N,N,Eligible,4
HYT,Luxol Fast Blue,1,HE,Hematology,PA,864.1850,N,N,Eligible,4
HYW,"Stain, Trichrome, Mallory'S",1,HE,Hematology,PA,864.1850,N,N,Eligible,4
HYY,Metanil Yellow,1,HE,Hematology,PA,864.1850,N,N,Eligible,4
HYZ,Methenamine Silver,1,HE,Hematology,PA,864.1850,N,N,Eligible,4
HZA,Methyl Green,1,HE,Hematology,PA,864.1850,N,N,Eligible,4
HZC,Mucicarmine,1,HE,Hematology,PA,864.1850,N,N,Eligible,4
HZD,Muller'S Colloidal Iron,1,HE,Hematology,PA,864.1850,N,N,Eligible,4
HZE,Nile Blue,1,HE,Hematology,PA,864.1850,N,N,Eligible,4
HZF,Nuclear Fast Red,1,HE,Hematology,PA,864.1850,N,N,Eligible,4
HZG,Oil Red O,1,HE,Hematology,PA,864.1850,N,N,Eligible,4
HZH,Orange G,1,HE,Hematology,PA,864.1850,N,N,Eligible,4
HZI,"Acid, Osmic",1,PA,Pathology,PA,864.4010,N,N,Eligible,4
HZJ,"Stain, Papanicolau",1,HE,Hematology,PA,864.1850,N,N,Eligible,4
HZL,Phloxine B,1,HE,Hematology,PA,864.1850,N,N,Eligible,4
HZM,"Hematoxylin, Acid, Phosphotungstic",1,HE,Hematology,PA,864.1850,N,N,Eligible,4
HZN,Picro Methyl Blue,1,HE,Hematology,PA,864.1850,N,N,Eligible,4
HZO,"Stain, Ponceau",1,HE,Hematology,PA,864.1850,N,N,Eligible,4
HZP,Pyronin,1,HE,Hematology,PA,864.1850,N,N,Eligible,4
HZQ,Red-Violet Lb,1,HE,Hematology,PA,864.1850,N,N,Eligible,4
HZR,Resorcin Fuchsin,1,HE,Hematology,PA,864.1850,N,N,Eligible,4
HZS,Safranin,1,HE,Hematology,PA,864.1850,N,N,Eligible,4
HZT,"Reagent, Schiff",1,HE,Hematology,PA,864.1850,N,N,Eligible,4
HZX,Silver Nitrate,1,HE,Hematology,PA,864.1850,N,N,Eligible,4
HZY,Sirius Red,1,HE,Hematology,PA,864.1850,N,N,Eligible,4
HZZ,Sudan Black B,1,HE,Hematology,PA,864.1850,N,N,Eligible,4
IAA,Titan Yellow,1,HE,Hematology,PA,864.1850,N,N,Eligible,4
IAB,Toluidine Blue,1,HE,Hematology,PA,864.1850,N,N,Eligible,4
IAC,Van Gieson'S Stain,1,HE,Hematology,PA,864.1850,N,N,Eligible,4
IAD,Van Gieson'S Picro-Fuchsin,1,HE,Hematology,PA,864.1850,N,N,Eligible,4
IAE,"Hematoxylin, Iron, Weigert'S",1,HE,Hematology,PA,864.1850,N,N,Eligible,4
IAF,Wright'S Stain,1,HE,Hematology,PA,864.1850,N,N,Eligible,4
IAL,Iodine (Tincture),1,PA,Pathology,PA,864.4010,N,N,Eligible,4
IAM,"Solution, Lugol'S",1,PA,Pathology,PA,864.4010,N,N,Eligible,4
IAT,"Syrup, Gum, Apathy'S",1,PA,Pathology,PA,864.4010,N,N,Eligible,4
IAW,Collodion,1,PA,Pathology,PA,864.4010,N,N,Eligible,4
IAY,Colchicine,1,PA,Pathology,PA,864.4010,N,N,Eligible,4
IAZ,Heparin,1,PA,Pathology,HE,864.4400,N,N,Eligible,4
IBA,Streptolysin O,1,PA,Pathology,PA,864.4400,N,N,Eligible,4
IBB,Phytohemaglutinin M,1,PA,Pathology,IM,864.4010,N,N,Eligible,4
IBC,Diastase,1,PA,Pathology,PA,864.4400,N,N,Eligible,4
IBD,Hyaluronidase,1,PA,Pathology,PA,864.4400,N,N,Eligible,4
IBE,Neuramininase (Sialidase),1,PA,Pathology,PA,864.4400,N,N,Eligible,4
IBF,Papain,1,PA,Pathology,PA,864.4400,N,N,Eligible,4
IBG,Trypsin,1,PA,Pathology,PA,864.4400,N,N,Eligible,4
IBJ,"Light, Microscope",1,PA,Pathology,PA,864.3600,N,N,Eligible,4
IBK,"Microscope, Fluorescence/U.V.",1,PA,Pathology,PA,864.3600,N,N,Eligible,4
IBL,"Microscope, Inverted Stage, Tissue Culture",1,PA,Pathology,PA,864.3600,N,N,Eligible,4
IBM,"Microscope, Phase Contrast",1,PA,Pathology,PA,864.3600,N,N,Eligible,4
ICC,Eosin B,1,HE,Hematology,PA,864.1850,N,N,Eligible,4
ICD,Darrow Red,1,HE,Hematology,PA,864.1850,N,N,Eligible,4
ICF,Crystal Violet For Histology,1,HE,Hematology,PA,864.1850,N,N,Eligible,4
ICG,Cresyl Violet Acetate,1,HE,Hematology,PA,864.1850,N,N,Eligible,4
ICH,Congo Red,1,HE,Hematology,PA,864.1850,N,N,Eligible,4
ICI,"Hematoxylin, Chrome Alum",1,HE,Hematology,PA,864.1850,N,N,Eligible,4
ICJ,Carbol Night Blue,1,HE,Hematology,PA,864.1850,N,N,Eligible,4
ICL,Carbol Fuchsin,1,HE,Hematology,PA,864.1850,N,N,Eligible,4
ICM,Brilliant Yellow,1,HE,Hematology,PA,864.1850,N,N,Eligible,4
ICN,Biebrich Scarlet,1,HE,Hematology,PA,864.1850,N,N,Eligible,4
ICO,Best'S Carmine,1,HE,Hematology,PA,864.1850,N,N,Eligible,4
ICQ,Azure A,1,HE,Hematology,PA,864.1850,N,N,Eligible,4
ICR,Azocarmine B,1,HE,Hematology,PA,864.1850,N,N,Eligible,4
ICS,Azocarmine G,1,HE,Hematology,PA,864.1850,N,N,Eligible,4
ICT,Azan Counterstain,1,HE,Hematology,PA,864.1850,N,N,Eligible,4
ICX,Aniline,1,HE,Hematology,PA,864.1850,N,N,Eligible,4
ICY,"Acid, Aniline, Fuchsin",1,HE,Hematology,PA,864.1850,N,N,Eligible,4
ICZ,Ammoniacal Silver Hydroxide Silver Nitrate,1,HE,Hematology,PA,864.1850,N,N,Eligible,4
IDA,Alcian Blue,1,HE,Hematology,PA,864.1850,N,N,Eligible,4
IDB,Aldehyde Fuchsin,1,HE,Hematology,PA,864.1850,N,N,Eligible,4
IDC,Acridine Orange,1,HE,Hematology,PA,864.1850,N,N,Eligible,4
IDD,Alizarin Red,1,HE,Hematology,PA,864.1850,N,N,Eligible,4
IDE,"Acid, Hematein",1,HE,Hematology,PA,864.1850,N,N,Eligible,4
IDF,"Acid, Fuchsin",1,HE,Hematology,PA,864.1850,N,N,Eligible,4
IDL,"Microtome, Accessories",1,PA,Pathology,PA,864.3010,N,N,Eligible,4
IDM,"Microtome, Ultra",1,PA,Pathology,PA,864.3010,N,N,Eligible,4
IDN,"Microtome, Freezing Attachment",1,PA,Pathology,PA,864.3010,N,N,Eligible,4
IDO,"Microtome, Rotary",1,PA,Pathology,PA,864.3010,N,N,Eligible,4
IDP,"Microtome, Cryostat",1,PA,Pathology,PA,864.3010,N,N,Eligible,4
IDQ,Infiltrator,1,PA,Pathology,PA,864.3010,N,N,Eligible,4
IDR,"Ovens, Paraffin",1,PA,Pathology,PA,864.3010,N,N,Eligible,4
IDS,"Melting Pot, Paraffin",1,PA,Pathology,PA,864.3010,N,N,Eligible,4
IDT,"Apparatus, Melting Point, Paraffin",1,PA,Pathology,PA,864.3010,N,N,Eligible,4
IDW,"Dispensers, Paraffin",1,PA,Pathology,PA,864.3010,N,N,Eligible,4
IDX,"Sieves, Tissue",1,PA,Pathology,PA,864.3010,N,N,Eligible,4
IDY,"Bath, Flotation, Tissue",1,PA,Pathology,PA,864.3010,N,N,Eligible,4
IDZ,"Cassettes, Tissue",1,PA,Pathology,PA,864.3010,N,N,Eligible,4
IEG,"Table, Slide Warming",1,PA,Pathology,PA,864.3010,N,N,Eligible,4
IEH,"Lamps, Slide Warming",1,PA,Pathology,PA,864.3010,N,N,Eligible,4
IEO,"Processor, Tissue, Automated",1,PA,Pathology,PA,864.3875,N,N,Eligible,4
IER,Polyethylene Glycol (Carbowax),1,PA,Pathology,PA,864.4010,N,N,Eligible,4
IEX,Gelatin,1,PA,Pathology,PA,864.4010,N,N,Eligible,4
IEZ,Celloidin,1,PA,Pathology,PA,864.4010,N,N,Eligible,4
IFB,Cytocentrifuge,1,PA,Pathology,PA,864.3300,N,N,Eligible,4
IFF,"Solution, Decalcifier, Electrolytic",1,PA,Pathology,PA,864.4010,N,N,Eligible,4
IFH,"Solution, Zenker'S",1,PA,Pathology,PA,864.4010,N,N,Eligible,4
IFI,"Sprays, Synthetic, Smear",1,PA,Pathology,PA,864.4010,N,N,Eligible,4
IFJ,"Fixative, Richardson Glycol",1,PA,Pathology,PA,864.4010,N,N,Eligible,4
IFL,Polyethylene Glycol Preservative,1,PA,Pathology,PA,864.4010,N,N,Eligible,4
IFN,"Solution, Orth'S",1,PA,Pathology,PA,864.4010,N,N,Eligible,4
IFO,"Solution, Newcomer'S",1,PA,Pathology,HE,864.4010,N,N,Eligible,4
IFP,"Formalin, Neutral Buffered",1,PA,Pathology,PA,864.4010,N,N,Eligible,4
IFQ,"Formulations, Mercuric Chloride For Tissue",1,PA,Pathology,PA,864.4010,N,N,Eligible,4
IFS,"Solution, Helly",1,PA,Pathology,HE,864.4010,N,N,Eligible,4
IFT,Glutaraldehyde,1,PA,Pathology,PA,864.4010,N,N,Eligible,4
IFY,Gelatin-Formalin,1,PA,Pathology,PA,864.4010,N,N,Eligible,4
IFZ,Gelatin For Specimen Adhesion,1,PA,Pathology,PA,864.4010,N,N,Eligible,4
IGB,"Solution, Formalin-Sodium Acetate",1,PA,Pathology,PA,864.4010,N,N,Eligible,4
IGC,Formalin-Saline,1,PA,Pathology,PA,864.4010,N,N,Eligible,4
IGD,"Solution, Formol Calcium",1,PA,Pathology,PA,864.4010,N,N,Eligible,4
IGE,"Solution, Formalin Ammonium Bromide",1,PA,Pathology,PA,864.4010,N,N,Eligible,4
IGF,"Solution, Formalin-Alcohol-Acetic Acid",1,PA,Pathology,PA,864.4010,N,N,Eligible,4
IGG,"Formaldehyde (Formalin, Formol)",1,PA,Pathology,PA,864.4010,N,N,Eligible,4
IGK,"Solution, Clarke'S",1,PA,Pathology,HE,864.4010,N,N,Eligible,4
IGM,"Solution, Carnoy'S",1,PA,Pathology,PA,864.4010,N,N,Eligible,4
IGN,"Fluid, Bouin'S",1,PA,Pathology,PA,864.4010,N,N,Eligible,4
IHJ,"Blender, Sputum",1,PA,Pathology,PA,864.3010,N,N,Eligible,4
IJZ,"Oil, Clearing",1,PA,Pathology,HE,864.4010,N,N,Eligible,4
IKD,"Cable, Electrode",2,PM,Physical Medicine,PM,890.1175,N,N,Eligible,4
IKE,"Transducer, Miniature Pressure",1,PM,Physical Medicine,PM,890.1615,N,N,Eligible,4
IKK,"System, Isokinetic Testing And Evaluation",2,PM,Physical Medicine,PM,890.1925,N,N,Eligible,4
IKN,"Electromyograph, Diagnostic",2,PM,Physical Medicine,NE,890.1375,N,N,Eligible,1
IKO,"Hammer, Reflex, Powered",2,PM,Physical Medicine,PM,890.1450,N,N,Eligible,4
IKP,Chronaximeter,2,PM,Physical Medicine,PM,890.1225,N,N,Eligible,1
IKT,"Electrode, Needle, Diagnostic Electromyograph",2,PM,Physical Medicine,NE,890.1385,N,N,Eligible,1
IKW,"Utensil, Homemaking",1,PM,Physical Medicine,PM,890.5050,N,N,Eligible,4
IKX,"Aid, Transfer",1,PM,Physical Medicine,PM,890.5050,N,N,Eligible,4
IKY,"Mattress, Flotation Therapy, Non-Powered",1,HO,General Hospital,HO,880.5150,N,N,Eligible,4
IKZ,"Bed, Patient Rotation, Powered",2,PM,Physical Medicine,PM,890.5225,N,N,Eligible,4
ILC,"Utensil, Eating",1,PM,Physical Medicine,PM,890.5050,N,N,Eligible,4
ILD,"Adaptor, Dressing",1,PM,Physical Medicine,PM,890.5050,N,N,Eligible,4
ILE,"Sling, Arm, Overhead Supported",1,PM,Physical Medicine,PM,890.3475,N,N,Eligible,4
ILG,"Stocking, Elastic",1,PM,Physical Medicine,PM,890.3475,N,N,Eligible,4
ILH,"Splint, Hand, And Components",1,PM,Physical Medicine,PM,890.3475,N,N,Eligible,4
ILI,"Sling, Arm",1,PM,Physical Medicine,PM,890.3640,N,N,Eligible,4
ILJ,"Bath, Hydro-Massage",2,PM,Physical Medicine,PM,890.5100,N,N,Eligible,4
ILK,"Transport, Patient, Powered",2,PM,Physical Medicine,PM,890.5150,N,N,Eligible,1
ILM,"Bath, Sitz, Powered",2,PM,Physical Medicine,PM,890.5100,N,N,Eligible,4
ILO,"Pack, Hot Or Cold, Water Circulating",2,PM,Physical Medicine,PM,890.5720,N,N,Eligible,4
ILP,"System, Communication, Non-Powered",1,PM,Physical Medicine,PM,890.3700,N,N,Eligible,4
ILQ,"System, Communication, Powered",2,PM,Physical Medicine,PM,890.3710,N,N,Eligible,4
ILS,"Adaptor, Hygiene",1,PM,Physical Medicine,PM,890.5050,N,N,Eligible,4
ILT,"Adaptor, Recreational",1,PM,Physical Medicine,PM,890.5050,N,N,Eligible,4
ILW,"Adaptor, Grooming",1,PM,Physical Medicine,PM,890.5050,N,N,Eligible,4
ILX,"Diathermy, Shortwave, For Use Other Than Applying Therapeutic Deep Heat",2,PM,Physical Medicine,PM,890.5290,N,N,Eligible,1
ILY,"Lamp, Infrared, Therapeutic Heating",2,PM,Physical Medicine,PM,890.5500,N,N,Eligible,4
ILZ,"Accessories, Traction",1,PM,Physical Medicine,PM,890.5925,N,N,Eligible,4
IMA,"Pack, Heat, Moist",1,PM,Physical Medicine,PM,890.5730,N,N,Eligible,4
IMB,"Cabinet, Moist Steam",2,PM,Physical Medicine,PM,890.5250,N,N,Eligible,4
IMC,"Bath, Paraffin",2,PM,Physical Medicine,PM,890.5110,N,N,Eligible,4
IMD,"Pack, Hot Or Cold, Disposable",1,PM,Physical Medicine,PM,890.5710,N,N,Eligible,4
IME,"Pack, Hot Or Cold, Reusable",1,PM,Physical Medicine,PM,890.5700,N,N,Eligible,4
IMF,"Unit, Chilling",1,PM,Physical Medicine,PM,890.5940,N,N,Eligible,4
IMG,"Stimulator, Ultrasound And Muscle, For Use In Applying Therapeutic Deep Heat",2,PM,Physical Medicine,PM,890.5860,N,N,Eligible,1
IMI,Ultrasonic Diathermy For Use In Applying Therapeutic Deep Heat,2,PM,Physical Medicine,PM,890.5300,N,N,Eligible,1
IMJ,"Diathermy, Shortwave, For Use In Applying Therapeutic Deep Heat",2,PM,Physical Medicine,PM,890.5290,N,N,Eligible,1
IMK,"Wheelchair, Stair Climbing",2,PM,Physical Medicine,PM,890.3890,N,N,Eligible,1
IML,"Armrest, Wheelchair",1,PM,Physical Medicine,PM,890.3920,N,N,Eligible,4
IMM,"Footrest, Wheelchair",1,PM,Physical Medicine,PM,890.3920,N,N,Eligible,4
IMN,"Climber, Curb, Wheelchair",1,PM,Physical Medicine,PM,890.3920,N,N,Eligible,4
IMO,"Handrim, Wheelchair",1,PM,Physical Medicine,PM,890.3920,N,N,Eligible,4
IMP,"Cushion, Wheelchair",1,PM,Physical Medicine,PM,890.3920,N,N,Eligible,4
IMQ,"Attachment, Narrowing, Wheelchair",1,PM,Physical Medicine,PM,890.3920,N,N,Eligible,4
IMR,"Device, Anti-Tip, Wheelchair",1,PM,Physical Medicine,PM,890.3920,N,N,Eligible,4
IMS,"Support, Head And Trunk, Wheelchair",1,PM,Physical Medicine,PM,890.3910,N,N,Eligible,4
IMW,"Brake, Extension, Wheelchair",1,PM,Physical Medicine,PM,890.3920,N,N,Eligible,4
IMX,"Board, Lap, Wheelchair",1,PM,Physical Medicine,PM,890.3910,N,N,Eligible,4
IMY,"Armboard, Wheelchair",1,PM,Physical Medicine,PM,890.3910,N,N,Eligible,4
IMZ,"Holder, Crutch And Cane, Wheelchair",1,PM,Physical Medicine,PM,890.3910,N,N,Eligible,4
INA,"Hill Holder, Wheelchair",1,PM,Physical Medicine,PM,890.3920,N,N,Eligible,4
INB,"Attachment, Commode, Wheelchair",1,PM,Physical Medicine,PM,890.3920,N,N,Eligible,4
INC,"Cuff, Pusher, Wheelchair",1,PM,Physical Medicine,PM,890.3910,N,N,Eligible,4
INE,"Sling, Overhead Suspension, Wheelchair",1,PM,Physical Medicine,PM,890.3910,N,N,Eligible,4
INF,"Scale, Platform, Wheelchair",1,PM,Physical Medicine,PM,890.3940,N,N,Eligible,4
ING,"Elevator, Wheelchair, Portable",2,PM,Physical Medicine,PM,890.3930,N,N,Eligible,1
INI,"Vehicle, Motorized 3-Wheeled",2,PM,Physical Medicine,PM,890.3800,N,N,Eligible,1
INK,"Stretcher, Wheeled, Powered",2,PM,Physical Medicine,PM,890.3690,N,N,Eligible,4
INM,"Chair, With Casters",1,PM,Physical Medicine,PM,890.3100,N,N,Eligible,4
INN,"Chair, Adjustable, Mechanical",1,PM,Physical Medicine,PM,890.3100,N,N,Eligible,4
INO,"Chair, Positioning, Electric",2,PM,Physical Medicine,PM,890.3110,N,N,Eligible,4
INP,"Tips And Pads, Cane, Crutch And Walker",1,PM,Physical Medicine,PM,890.3790,N,N,Eligible,4
INQ,"Table, Powered",1,PM,Physical Medicine,PM,890.3760,N,N,Eligible,4
INT,Plinth,1,PM,Physical Medicine,PM,890.3520,N,N,Eligible,4
INW,"Table, Mechanical",1,PM,Physical Medicine,PM,890.3750,N,N,Eligible,4
INX,"Bed, Air Fluidized",2,PM,Physical Medicine,PM,890.5160,N,N,Eligible,4
INY,"Bed, Patient Rotation, Manual",1,PM,Physical Medicine,PM,890.5180,N,N,Eligible,4
IOA,"Diathermy, Microwave, For Use In Applying Therapeutic Deep Heat",2,PM,Physical Medicine,PM,890.5275,N,N,Eligible,1
IOB,"Lamp, Infrared, Non Heating",2,PM,Physical Medicine,PM,890.5500,N,N,Eligible,1
IOD,"Components, Exercise",1,PM,Physical Medicine,PM,890.5350,N,N,Eligible,4
IOE,"Bars, Parallel, Exercise",1,PM,Physical Medicine,PM,890.5370,N,N,Eligible,4
IOG,"Treadmill, Mechanical",1,PM,Physical Medicine,PM,890.5370,N,N,Eligible,4
IOL,"Treadmill, Powered",1,PM,Physical Medicine,PM,890.5380,N,N,Eligible,4
ION,"Exerciser, Non-Measuring",1,PM,Physical Medicine,PM,890.5370,N,N,Eligible,4
IOQ,"Bed, Flotation Therapy, Powered",2,PM,Physical Medicine,PM,890.5170,N,N,Eligible,4
IOR,"Wheelchair, Mechanical",1,PM,Physical Medicine,PM,890.3850,N,N,Eligible,1
IOY,"Support, Arm",1,PM,Physical Medicine,PM,890.3475,N,N,Eligible,4
IOZ,"Splint, Abduction, Congenital Hip Dislocation",1,PM,Physical Medicine,PM,890.3665,N,N,Eligible,4
IPF,"Stimulator, Muscle, Powered",2,PM,Physical Medicine,PM,890.5850,N,N,Eligible,1
IPG,"Shoe, Cast",1,PM,Physical Medicine,PM,890.3025,N,N,Eligible,4
IPL,"Wheelchair, Standup",2,PM,Physical Medicine,PM,890.3900,N,N,Eligible,1
IPM,"Cover, Limb",1,PM,Physical Medicine,PM,890.3025,N,N,Eligible,4
IPO,"Orthosis, Pneumatic Structure, Rigid",3,PM,Physical Medicine,PM,890.3610,N,N,Ineligible,2
IPR,Crutch,1,PM,Physical Medicine,PM,890.3150,N,N,Eligible,4
IPS,Cane,1,PM,Physical Medicine,PM,890.3075,N,N,Eligible,4
IPT,"Orthosis, Thoracic",1,PM,Physical Medicine,PM,890.3490,N,N,Eligible,4
IPW,"Orthosis, Sacroiliac, Soft",1,PM,Physical Medicine,PM,890.3490,N,N,Eligible,4
IPX,"Orthosis, Rib Fracture, Soft",1,PM,Physical Medicine,PM,890.3490,N,N,Eligible,4
IPY,"Orthosis, Lumbo-Sacral",1,PM,Physical Medicine,PM,890.3490,N,N,Eligible,4
IQA,"System, Environmental Control, Powered",2,PM,Physical Medicine,PM,890.3725,N,N,Eligible,4
IQB,"Belt, Wheelchair",1,PM,Physical Medicine,PM,890.3920,N,N,Eligible,4
IQC,"Wheelchair, Special Grade",2,PM,Physical Medicine,PM,890.3880,N,N,Eligible,1
IQE,"Orthosis, Lumbar",1,PM,Physical Medicine,PM,890.3490,N,N,Eligible,4
IQF,"Orthosis, Cervical-Thoracic, Rigid",1,PM,Physical Medicine,PM,890.3490,N,N,Eligible,4
IQG,"Adaptor, Holder, Syringe",1,PM,Physical Medicine,HO,890.5050,N,N,Eligible,4
IQI,"Orthosis, Limb Brace",1,PM,Physical Medicine,PM,890.3475,N,N,Eligible,4
IQJ,"Splint, Clavicle",1,PM,Physical Medicine,PM,890.3490,N,N,Eligible,4
IQK,"Orthosis, Cervical",1,PM,Physical Medicine,PM,890.3490,N,N,Eligible,4
IQM,"Splint, Temporary Training",1,PM,Physical Medicine,PM,890.3025,N,N,Eligible,4
IQO,"Device, Prosthesis Alignment",1,PM,Physical Medicine,PM,890.3025,N,N,Eligible,4
IQP,"Rotator, Transverse",1,PM,Physical Medicine,PM,890.3025,N,N,Eligible,4
IQQ,"Joint, Shoulder, External Limb Component",1,PM,Physical Medicine,PM,890.3420,N,N,Eligible,4
IQW,"Hook, External Limb Component, Powered",1,PM,Physical Medicine,PM,890.3420,N,N,Eligible,4
IQX,"Hook, External Limb Component, Mechanical",1,PM,Physical Medicine,PM,890.3420,N,N,Eligible,4
IQZ,"Hand, External Limb Component, Powered",1,PM,Physical Medicine,PM,890.3420,N,N,Eligible,4
IRA,"Hand, External Limb Component, Mechanical",1,PM,Physical Medicine,PM,890.3420,N,N,Eligible,4
IRD,"Joint, Elbow, External Limb Component, Mechanical",1,PM,Physical Medicine,PM,890.3420,N,N,Eligible,4
IRE,"Joint, Elbow, External Limb Component, Powered",1,PM,Physical Medicine,PM,890.3420,N,N,Eligible,4
IRN,"Device, Warning, Overload, External Limb, Powered",2,PM,Physical Medicine,PM,890.5575,N,N,Eligible,4
IRO,"Vibrator, Therapeutic",1,PM,Physical Medicine,PM,890.5975,N,N,Eligible,4
IRP,"Massager, Powered Inflatable Tube",2,PM,Physical Medicine,PM,890.5650,N,N,Eligible,1
IRQ,"Unit, Heating, Powered",1,PM,Physical Medicine,PM,890.5950,N,N,Eligible,4
IRR,"Bars, Parallel, Powered",1,PM,Physical Medicine,PM,890.5380,N,N,Eligible,4
IRS,"Head Halter, Traction",1,PM,Physical Medicine,PM,890.5925,N,N,Eligible,4
IRT,"Pad, Heating, Powered",2,PM,Physical Medicine,PM,890.5740,N,N,Eligible,4
ISA,"Massager, Therapeutic, Electric",1,PM,Physical Medicine,PM,890.5660,N,N,Eligible,4
ISB,"Stimulator, Muscle, Diagnostic",2,PM,Physical Medicine,PM,890.1850,N,N,Eligible,1
ISD,"Exerciser, Measuring",2,PM,Physical Medicine,PM,890.5360,N,N,Eligible,4
ISH,"Component, External, Limb, Ankle/Foot",1,PM,Physical Medicine,PM,890.3420,N,N,Eligible,4
ISL,"Joint, Hip, External Limb Component",1,PM,Physical Medicine,PM,890.3420,N,N,Eligible,4
ISM,"Pylon, Post Surgical",1,PM,Physical Medicine,PM,890.3025,N,N,Eligible,4
ISN,Cable,1,PM,Physical Medicine,PM,890.3420,N,N,Eligible,4
ISP,"Valve, Prosthesis",1,PM,Physical Medicine,PM,890.3420,N,N,Eligible,4
ISR,"Band Or Belt, Pelvic Support",1,PM,Physical Medicine,PM,890.3025,N,N,Eligible,4
ISS,"Prosthesis, Thigh Socket, External Component",1,PM,Physical Medicine,PM,890.3420,N,N,Eligible,4
ISW,"Assembly, Knee/Shank/Ankle/Foot, External",2,PM,Physical Medicine,PM,890.3500,N,N,Eligible,4
ISY,"Joint, Knee, External Limb Component",1,PM,Physical Medicine,PM,890.3420,N,N,Eligible,4
ISZ,"Unit, Wrist, External Limb Component, Mechanical",1,PM,Physical Medicine,PM,890.3420,N,N,Eligible,4
ITC,"Stirrup, External Brace Component",1,PM,Physical Medicine,PM,890.3410,N,N,Eligible,4
ITG,"Bandage, Cast",1,PM,Physical Medicine,PM,890.3025,N,N,Eligible,4
ITH,"Equipment, Traction, Powered",2,PM,Physical Medicine,PM,890.5900,N,N,Eligible,1
ITI,"Wheelchair, Powered",2,PM,Physical Medicine,PM,890.3860,N,N,Eligible,1
ITJ,"Walker, Mechanical",1,PM,Physical Medicine,PM,890.3825,N,N,Eligible,4
ITM,"Cage, Knee",1,PM,Physical Medicine,PM,890.3475,N,N,Eligible,4
ITN,"Splint, Denis Brown",1,PM,Physical Medicine,PM,890.3675,N,N,Eligible,4
ITO,"Twister, Brace Setting",1,PM,Physical Medicine,PM,890.3410,N,N,Eligible,4
ITQ,"Joint, Knee, External Brace",1,PM,Physical Medicine,PM,890.3475,N,N,Eligible,4
ITS,"Joint, Hip, External Brace",1,PM,Physical Medicine,PM,890.3475,N,N,Eligible,4
ITW,"Joint, Ankle, External Brace",1,PM,Physical Medicine,PM,890.3475,N,N,Eligible,4
ITX,"Transducer, Ultrasonic, Diagnostic",2,RA,Radiology,RA,892.1570,N,N,Eligible,1
ITY,"Assembly, Tube Housing, X-Ray, Diagnostic",1,RA,Radiology,RA,892.1760,N,N,Eligible,4
ITZ,"Assembly, Tube Housing, X-Ray, Therapeutic",2,RA,Radiology,RA,892.5930,N,N,Eligible,1
IWA,"Source, Wire, Iridium, Radioactive",2,RA,Radiology,RA,892.5730,N,N,Eligible,1
IWB,"System, Radiation Therapy, Radionuclide",2,RA,Radiology,RA,892.5750,N,N,Eligible,1
IWD,"Device, Beam Limiting, Teletherapy, Radionuclide",2,RA,Radiology,RA,892.5750,N,N,Eligible,1
IWE,"Monitor, Patient Position, Light-Beam",1,RA,Radiology,RA,892.5780,N,N,Eligible,4
IWF,"Needle, Isotope, Gold, Titanium, Platinum",2,RA,Radiology,RA,892.5730,N,N,Eligible,1
IWG,"Seed, Isotope, Gold, Titanium, Platinum",2,RA,Radiology,RA,892.5730,Y,N,Eligible,1
IWH,"Source, Teletherapy, Radionuclide",1,RA,Radiology,RA,892.5740,N,N,Eligible,4
IWI,"Source, Isotope, Sealed, Gold, Titanium, Platinum",2,RA,Radiology,RA,892.5730,N,N,Eligible,1
IWJ,"System, Applicator, Radionuclide, Manual",1,RA,Radiology,RA,892.5650,N,N,Eligible,4
IWK,"Cyclotron, Medical",2,RA,Radiology,RA,892.5050,N,N,Eligible,1
IWL,"System, Radiation Therapy, Neutron, Medical",2,RA,Radiology,RA,892.5300,N,N,Eligible,1
IWM,"Synchrotron, Medical",2,RA,Radiology,RA,892.5050,N,N,Eligible,1
IWN,"Cassette, Measurement, Ardran-Crooks",1,RA,Radiology,RA,892.1940,N,N,Eligible,4
IWO,"Apron, Protective",1,RA,Radiology,RA,892.6500,N,N,Eligible,4
IWP,Radiographic Protective Glove,1,RA,Radiology,RA,892.6500,N,N,Eligible,4
IWQ,"Curtain, Protective, Radiographic",1,RA,Radiology,RA,892.6500,N,N,Eligible,4
IWR,"Holder, Syringe, Lead",1,RA,Radiology,RA,892.6500,N,N,Eligible,4
IWS,"Shield, Eye, Radiological",1,RA,Radiology,RA,892.6500,N,N,Eligible,4
IWT,"Shield, Gonadal",1,RA,Radiology,RA,892.6500,N,N,Eligible,4
IWW,"Shield, Vial",1,RA,Radiology,RA,892.6500,N,N,Eligible,4
IWX,"Barrier, Control Panel, X-Ray, Movable",1,RA,Radiology,RA,892.6500,N,N,Eligible,4
IWY,"Holder, Head, Radiographic",1,RA,Radiology,RA,892.1920,N,N,Eligible,4
IWZ,"Film, Radiographic",1,RA,Radiology,RA,892.1840,N,N,Eligible,4
IXA,"Cassette, Radiographic Film",2,RA,Radiology,RA,892.1850,N,N,Eligible,4
IXC,"Illuminator, Radiographic-Film",1,RA,Radiology,RA,892.1890,N,N,Eligible,4
IXD,"Source, Calibration, Sealed, Nuclear",1,RA,Radiology,RA,892.1400,N,N,Eligible,4
IXF,"Test-Pattern, Radiographic",1,RA,Radiology,RA,892.1940,N,N,Eligible,4
IXG,"Phantom, Anthropomorphic, Radiographic",1,RA,Radiology,RA,892.1950,N,N,Eligible,4
IXH,"Camera, Focal Spot, Radiographic",1,RA,Radiology,RA,892.1940,N,N,Eligible,4
IXI,"Block, Beam-Shaping, Radiation Therapy",2,RA,Radiology,RA,892.5710,N,N,Eligible,1
IXJ,"Grid, Radiographic",1,RA,Radiology,RA,892.1910,N,N,Eligible,4
IXK,"System, Imaging, X-Ray, Electrostatic",2,RA,Radiology,RA,892.1630,N,N,Eligible,1
IXL,"Device, Spot-Film",2,RA,Radiology,RA,892.1670,N,N,Eligible,4
IXO,"Synchronizer, Ecg / Respirator, Radiographic",1,RA,Radiology,RA,892.1970,N,N,Eligible,4
IXQ,"Table, Radiographic, Stationary Top",2,RA,Radiology,RA,892.1980,N,N,Eligible,4
IXR,"Table, Radiographic, Tilting",2,RA,Radiology,RA,892.1980,N,N,Eligible,4
IXW,"Processor, Radiographic-Film, Automatic",2,RA,Radiology,RA,892.1900,N,N,Eligible,4
IXX,"Processor, Cine Film",2,RA,Radiology,RA,892.1900,N,N,Eligible,4
IXY,"Holder, Radiographic Cassette, Wall-Mounted",1,RA,Radiology,RA,892.1880,N,N,Eligible,4
IYB,"Tube Mount, X-Ray, Diagnostic",1,RA,Radiology,RA,892.1770,N,N,Eligible,4
IYC,"Generator, Orthovoltage, Therapeutic X-Ray",2,RA,Radiology,RA,892.5900,N,N,Eligible,1
IYD,"Generator, Low Voltage, Therapeutic X-Ray",2,RA,Radiology,RA,892.5900,N,N,Eligible,1
IYE,"Accelerator, Linear, Medical",2,RA,Radiology,RA,892.5050,N,N,Eligible,1
IYG,"Betatron, Medical",2,RA,Radiology,RA,892.5050,N,N,Eligible,1
IYH,"Generator, Dermatological (Grenz Ray), Therapeutic X-Ray",2,RA,Radiology,RA,892.5900,N,N,Eligible,1
IYI,"Collimator, Orthovoltage, Therapeutic X-Ray",2,RA,Radiology,RA,892.5900,N,N,Eligible,1
IYJ,"Collimator, Low Voltage, Therapeutic X-Ray",2,RA,Radiology,RA,892.5900,N,N,Eligible,1
IYK,"Collimator, High Voltage, Therapeutic X-Ray",2,RA,Radiology,RA,892.5900,N,N,Eligible,1
IYL,"Collimator, Dermatological, Therapeutic X-Ray",2,RA,Radiology,RA,892.5900,N,N,Eligible,1
IYM,"System, Telethermographic, Infrared",3,OB,Obstetrics/Gynecology,RA,884.2980,N,N,Eligible,2
IYN,"System, Imaging, Pulsed Doppler, Ultrasonic",2,RA,Radiology,RA,892.1550,N,N,Eligible,1
IYO,"System, Imaging, Pulsed Echo, Ultrasonic",2,RA,Radiology,RA,892.1560,N,N,Eligible,1
IYP,"Phantom, Anthropomorphic, Nuclear",1,RA,Radiology,RA,892.1370,N,N,Eligible,4
IYQ,"Phantom, Flood Source, Nuclear",1,RA,Radiology,RA,892.1380,N,N,Eligible,4
IYT,"System, Rebreathing, Radionuclide",2,RA,Radiology,RA,892.1390,N,N,Eligible,1
IYW,"Scanner, Rectilinear, Nuclear",1,RA,Radiology,RA,892.1300,N,N,Eligible,4
IYX,"Camera, Scintillation (Gamma)",1,RA,Radiology,RA,892.1100,N,N,Eligible,1
IYY,"Synchronizer, Electrocardiograph, Nuclear",1,RA,Radiology,RA,892.1410,N,N,Eligible,4
IYZ,"Bed, Scanning, Nuclear",1,RA,Radiology,RA,892.1350,N,N,Eligible,4
IZC,"Camera, Positron",1,RA,Radiology,RA,892.1110,N,N,Eligible,1
IZD,"Probe, Uptake, Nuclear",1,RA,Radiology,RA,892.1320,N,N,Eligible,4
IZF,"System, X-Ray, Tomographic",2,RA,Radiology,RA,892.1740,N,N,Eligible,1
IZG,"System, X-Ray, Photofluorographic",2,RA,Radiology,RA,892.1730,N,N,Eligible,1
IZH,"System, X-Ray, Mammographic",2,RA,Radiology,RA,892.1710,N,N,Eligible,1
IZI,"System, X-Ray, Angiographic",2,RA,Radiology,RA,892.1600,N,N,Eligible,1
IZJ,"Camera, X-Ray, Fluorographic, Cine Or Spot",2,RA,Radiology,RA,892.1620,N,N,Eligible,1
IZL,"System, X-Ray, Mobile",2,RA,Radiology,RA,892.1720,N,N,Eligible,1
IZO,"Generator, High-Voltage, X-Ray, Diagnostic",1,RA,Radiology,RA,892.1700,N,N,Eligible,4
IZP,"Programmer, Changer, Film/Cassette, Radiographic",2,RA,Radiology,RA,892.1870,N,N,Eligible,4
IZQ,"Injector, Contrast Medium, Automatic",2,CV,Cardiovascular,HO,870.1650,N,N,Ineligible,1
IZS,"Aperture, Radiographic",2,RA,Radiology,RA,892.1610,N,N,Eligible,4
IZT,"Cone, Radiographic",2,RA,Radiology,RA,892.1610,N,N,Eligible,4
IZW,"Collimator, Automatic, Radiographic",2,RA,Radiology,RA,892.1610,N,N,Eligible,4
IZX,"Collimator, Manual, Radiographic",2,RA,Radiology,RA,892.1610,N,N,Eligible,4
IZZ,"Table, Radiographic, Non-Tilting, Powered",2,RA,Radiology,RA,892.1980,N,N,Eligible,4
JAA,"System, X-Ray, Fluoroscopic, Image-Intensified",2,RA,Radiology,RA,892.1650,N,N,Eligible,1
JAB,"System, X-Ray, Fluoroscopic, Non-Image-Intensified",2,RA,Radiology,RA,892.1660,N,N,Eligible,1
JAC,"System, X-Ray, Film Marking, Radiographic",1,RA,Radiology,RA,892.1640,N,N,Eligible,4
JAD,"System, Therapeutic, X-Ray",2,RA,Radiology,RA,892.5900,N,N,Eligible,1
JAE,"Microtron, Medical",2,RA,Radiology,RA,892.5050,N,N,Eligible,1
JAF,"Monitor, Ultrasonic, Nonfetal",2,RA,Radiology,RA,892.1540,N,N,Eligible,1
JAG,"Illuminator, Radiographic-Film, Explosion-Proof",1,RA,Radiology,RA,892.1890,N,N,Eligible,4
JAI,"Couch, Radiation Therapy, Powered",2,RA,Radiology,RA,892.5770,N,N,Eligible,1
JAK,"System, X-Ray, Tomography, Computed",2,RA,Radiology,RA,892.1750,N,N,Eligible,1
JAM,"Scanner, Whole Body, Nuclear",1,RA,Radiology,RA,892.1330,N,N,Eligible,4
JAN,"Counter, Whole Body, Nuclear",1,RA,Radiology,RA,892.1130,N,N,Eligible,4
JAO,"Scanner, Fluorescent",2,RA,Radiology,RA,892.1220,N,N,Eligible,1
JAQ,"System, Applicator, Radionuclide, Remote-Controlled",2,RA,Radiology,RA,892.5700,N,N,Eligible,1
JAR,"Phantom, Test-Pattern, Radionuclide",1,RA,Radiology,RA,892.1420,N,N,Eligible,4
JAX,Pneumotachometer,2,AN,Anesthesiology,AN,868.2550,N,N,Eligible,4
JAY,"Support, Breathing Tube",1,AN,Anesthesiology,AN,868.5280,N,N,Eligible,4
JAZ,"Prosthesis, Facial, Mandibular Implant",2,EN,"Ear, Nose, Throat",EN,874.3695,Y,N,Eligible,1
JBB,"Solubility, Hemoglobin, Abnormal",2,HE,Hematology,HE,864.7825,N,N,Eligible,1
JBD,"System, Analysis, Electrophoretic Hemoglobin",2,HE,Hematology,HE,864.7440,N,N,Eligible,1
JBE,Cell Enzymes (Erythrocytic And Leukocytic),2,HE,Hematology,HE,864.7100,N,N,Eligible,1
JBF,"Glucose-6-Phosphate Dehydrogenase (Erythrocytic), Screening",2,HE,Hematology,HE,864.7360,N,N,Eligible,1
JBG,"Glucose-6-Phosphate Dehydrogenase (Erythrocytic), Spot",2,HE,Hematology,HE,864.7360,N,N,Eligible,1
JBH,"Glucose-6-Phosphate Dehydrogenase (Erythrocytic), Micromethod",2,HE,Hematology,HE,864.7360,N,N,Eligible,1
JBI,"Glucose-6-Phosphate Dehydrogenase (Erythrocytic), Catalase Inhibition",2,HE,Hematology,HE,864.7360,N,N,Eligible,1
JBJ,"Glucose-6-Phosphate Dehydrogenase (Erythrocytic), Methemoglobin Reduction",2,HE,Hematology,HE,864.7360,N,N,Eligible,1
JBK,"Glucose-6-Phosphate Dehydrogenase (Erythrocytic), U.V. Kinetic",2,HE,Hematology,HE,864.7360,N,N,Eligible,1
JBL,"Glucose-6-Phosphate Dehydrogenase (Erythrocytic), Quantitative",2,HE,Hematology,HE,864.7360,N,N,Eligible,1
JBM,"Glucose-6-Phosphate Dehydrogenase (Erythrocytic), Electrophoresis",2,HE,Hematology,HE,864.7360,N,N,Eligible,1
JBN,Fibrin Monomer Paracoagulation,2,HE,Hematology,HE,864.7300,N,N,Eligible,4
JBO,"Test, Euglobulin Lysis",2,HE,Hematology,HE,864.7275,N,N,Eligible,4
JBP,Activated Whole Blood Clotting Time,2,HE,Hematology,HE,864.7140,N,N,Ineligible,1
JBQ,Antithrombin Iii Quantitation,2,HE,Hematology,HE,864.7060,N,N,Eligible,1
JBR,"Test, Heparin Neutralization",2,HE,Hematology,HE,864.7525,N,N,Eligible,1
JBS,"Timer, General Laboratory",1,CH,Clinical Chemistry,CH,862.2050,N,N,Eligible,4
JBT,"Timer, Coagulation",2,HE,Hematology,HE,864.5400,N,N,Eligible,4
JBW,"Red-Cell Indices, Measured",2,HE,Hematology,HE,864.5300,N,N,Eligible,1
JBX,"Aggregrometer, Platelet",2,HE,Hematology,HE,864.6675,N,N,Eligible,1
JBY,"Aggregometer, Platelet, Photo-Optical Scanning",2,HE,Hematology,HE,864.6675,N,N,Eligible,1
JBZ,"Study, Platelet Adhesive",2,HE,Hematology,HE,864.6650,N,N,Eligible,4
JCA,"Device, Bleeding Time",2,HE,Hematology,HE,864.6100,N,N,Eligible,4
JCB,Detergent,1,PA,Pathology,PA,864.4010,N,N,Eligible,4
JCC,Ph Buffer,1,PA,Pathology,PA,864.4010,N,N,Eligible,4
JCE,"Solution, Isotonic",1,PA,Pathology,PA,864.4010,N,N,Eligible,4
JCF,Lymphocyte Separation Medium,1,HE,Hematology,HE,864.8500,N,N,Eligible,4
JCG,"Fluid, Diluting, Manual Cell",1,HE,Hematology,HE,864.8200,N,N,Eligible,4
JCH,Esterase,1,HE,Hematology,PA,864.1850,N,N,Eligible,4
JCI,"Acid Phosphatase, Cytochemical",1,HE,Hematology,PA,864.1850,N,N,Eligible,4
JCJ,Alkaline Phosphatase,1,HE,Hematology,HE,864.7660,N,N,Eligible,4
JCM,"Control, Hemoglobin, Abnormal",2,HE,Hematology,HE,864.7415,N,N,Eligible,4
JCN,"Control, Cell Counter, Normal And Abnormal",2,HE,Hematology,HE,864.8625,N,N,Eligible,4
JCO,Bothrops Atrox Reagent,2,HE,Hematology,HE,864.8100,N,N,Eligible,1
JCQ,"Prosthesis, Esophagus",2,SU,"General, Plastic Surgery",SU,878.3610,Y,N,Eligible,1
JCT,"Prosthesis, Tracheal, Expandable",2,SU,"General, Plastic Surgery",AN,878.3720,Y,Y,Eligible,1
JCW,"Prosthesis, Penis, Inflatable",3,GU,"Gastroenterology, Urology",GU,876.3350,Y,N,Ineligible,2
JCX,"Apparatus, Suction, Ward Use, Portable, Ac-Powered",2,SU,"General, Plastic Surgery",SU,878.4780,N,N,Eligible,1
JCY,"Catheter, Infusion",1,SU,"General, Plastic Surgery",SU,878.4200,N,N,Eligible,4
JDB,"Prosthesis, Elbow, Semi-Constrained, Cemented",2,OR,Orthopedic,OR,888.3160,Y,N,Eligible,1
JDC,"Prosthesis, Elbow, Constrained, Cemented",2,OR,Orthopedic,OR,888.3150,Y,N,Eligible,1
JDD,"Prosthesis, Upper Femoral",2,OR,Orthopedic,OR,888.3360,Y,N,Eligible,1
JDG,"Prosthesis, Hip, Femoral Component, Cemented, Metal",2,OR,Orthopedic,OR,888.3360,Y,N,Eligible,1
JDH,"Prosthesis, Hip, Hemi-, Trunnion-Bearing, Femoral, Metal/Polyacetal",3,OR,Orthopedic,OR,888.3380,Y,N,Eligible,2
JDI,"Prosthesis, Hip, Semi-Constrained, Metal/Polymer, Cemented",2,OR,Orthopedic,OR,888.3350,Y,N,Eligible,1
JDJ,"Mesh, Surgical, Acetabular, Hip, Prosthesis",2,SU,"General, Plastic Surgery",OR,878.3300,Y,N,Eligible,1
JDK,"Prosthesis, Hip, Cement Restrictor",2,SU,"General, Plastic Surgery",OR,878.3300,Y,N,Eligible,1
JDL,"Prosthesis, Hip, Semi-Constrained (Metal Cemented Acetabular Component)",3,OR,Orthopedic,OR,888.3320,Y,N,Eligible,2
JDN,"Implant, Fixation Device, Spinal",2,OR,Orthopedic,OR,888.3060,Y,N,Eligible,1
JDO,"Device, Fixation, Proximal Femoral, Implant",2,OR,Orthopedic,OR,888.3030,Y,N,Eligible,1
JDP,Condylar Plate Fixation Implant,2,OR,Orthopedic,OR,888.3030,Y,N,Eligible,1
JDQ,"Cerclage, Fixation",2,OR,Orthopedic,OR,888.3010,Y,N,Eligible,1
JDR,"Staple, Fixation, Bone",2,OR,Orthopedic,OR,888.3030,Y,N,Eligible,1
JDS,"Nail, Fixation, Bone",2,OR,Orthopedic,OR,888.3030,Y,N,Eligible,1
JDT,"Cap, Bone",1,OR,Orthopedic,OR,888.3000,Y,N,Eligible,4
JDW,"Pin, Fixation, Threaded",2,OR,Orthopedic,OR,888.3040,Y,N,Eligible,1
JDX,"Instrument, Surgical, Sonic And Accessory/Attachment",2,OR,Orthopedic,OR,888.4580,N,N,Eligible,4
JDY,"Evacuator, Vapor, Cement Monomer",1,OR,Orthopedic,OR,888.4220,N,N,Eligible,4
JDZ,"Mixer, Cement, For Clinical Use",1,OR,Orthopedic,OR,888.4210,N,N,Eligible,4
JEA,"Table, Surgical With Orthopedic Accessories, Ac-Powered",1,SU,"General, Plastic Surgery",SU,878.4960,N,N,Eligible,4
JEB,"Table, Surgical With Orthopedic Accessories, Manual",1,SU,"General, Plastic Surgery",SU,878.4950,N,N,Eligible,4
JEC,"Component, Traction, Invasive",2,OR,Orthopedic,OR,888.3040,Y,N,Eligible,1
JED,"Analyzer, Oxyhemoglobin Concentration, Blood-Phase, Indwelling",3,AN,Anesthesiology,AN,868.1120,N,N,Eligible,2
JEF,"Analyzer, Gas, Neon, Gaseous-Phase",2,AN,Anesthesiology,AN,868.1670,N,N,Eligible,1
JEG,"Analyzer, Gas, Argon, Gaseous-Phase",2,AN,Anesthesiology,AN,868.1075,N,N,Eligible,1
JEH,"Plethysmograph, Volume",2,AN,Anesthesiology,AN,868.1760,N,N,Eligible,1
JEI,"Claw, Foreign Body, Bronchoscope (Non-Rigid)",2,EN,"Ear, Nose, Throat",EN,874.4680,N,N,Ineligible,1
JEJ,"Tubing, Instrumentation, Bronchoscope (Brush Sheath A/O Aspirating)",2,EN,"Ear, Nose, Throat",EN,874.4680,N,N,Ineligible,1
JEK,"Forceps, Biopsy, Bronchoscope (Rigid)",2,EN,"Ear, Nose, Throat",EN,874.4680,N,N,Ineligible,1
JEL,"Curette, Biopsy, Bronchoscope (Rigid)",2,EN,"Ear, Nose, Throat",EN,874.4680,N,N,Ineligible,1
JEO,"Measurer, Gingival Fluid",1,DE,Dental,DE,872.1500,N,N,Eligible,4
JEP,"Retainer, Matrix",1,DE,Dental,DE,872.4565,N,N,Eligible,4
JEQ,"Toothbrush, Powered",1,DE,Dental,DE,872.6865,N,N,Eligible,4
JER,"Cleaner, Denture, Mechanical",1,DE,Dental,DE,872.3530,N,N,Eligible,4
JES,"Floss, Dental",1,DE,Dental,DE,872.6390,N,N,Eligible,4
JET,"Pick, Massaging",1,DE,Dental,DE,872.6650,N,N,Eligible,4
JEW,"Tip, Rubber, Oral Hygiene",1,DE,Dental,DE,872.6650,N,N,Eligible,4
JEX,"Plier, Orthodontic",1,DE,Dental,DE,872.4565,N,N,Eligible,4
JEY,"Plate, Bone",2,DE,Dental,DE,872.4760,Y,N,Eligible,1
JEZ,"Monitor, Lung Water Measurement",3,AN,Anesthesiology,AN,868.2450,N,N,Eligible,2
JFA,"Exerciser, Finger, Powered",1,PM,Physical Medicine,PM,890.5410,N,N,Eligible,4
JFB,"Table, Physical Therapy, Multi Function",2,PM,Physical Medicine,PM,890.5880,N,N,Eligible,1
JFC,"System, Pressure Measurement, Intermittent",1,PM,Physical Medicine,PM,890.1600,N,N,Eligible,4
JFE,"Valve, Switching (Ploss)",1,AN,Anesthesiology,AN,868.1965,N,N,Eligible,4
JFH,"Acid Phosphatase (Prostatic), Tartrate Inhibited",2,CH,Clinical Chemistry,CH,862.1020,N,N,Eligible,4
JFJ,"Catalytic Methods, Amylase",2,CH,Clinical Chemistry,CH,862.1070,N,N,Eligible,1
JFL,"Ph Rate Measurement, Carbon-Dioxide",2,CH,Clinical Chemistry,CH,862.1160,N,N,Eligible,1
JFM,"Enzymatic Method, Bilirubin",2,CH,Clinical Chemistry,CH,862.1110,N,N,Eligible,1
JFN,"Atomic Absorption, Calcium",2,CH,Clinical Chemistry,CH,862.1145,N,N,Eligible,1
JFO,"Fluorometric, Calcium",2,CH,Clinical Chemistry,CH,862.1145,N,N,Eligible,1
JFP,"Electrode, Ion Specific, Calcium",2,CH,Clinical Chemistry,CH,862.1145,N,N,Eligible,1
JFQ,"P-Phenyl-Enediamine/Edta (Spectrophotometric), Ceruloplasmin",2,IM,Immunology,IM,866.5210,N,N,Eligible,4
JFR,"Indirect Copper Assay, Ceruloplasmin",2,IM,Immunology,IM,866.5210,N,N,Eligible,4
JFS,"Coulometric, Chloride",2,CH,Clinical Chemistry,CH,862.1170,N,N,Ineligible,1
JFT,"Fluorometric, Cortisol",2,CH,Clinical Chemistry,CH,862.1205,N,N,Eligible,1
JFY,"Enzymatic Method, Creatinine",2,CH,Clinical Chemistry,CH,862.1225,N,N,Eligible,1
JGC,"Tryptophan Measurement (Colorimetric), Globulin",1,CH,Clinical Chemistry,CH,862.1330,N,N,Eligible,4
JGD,"Nephelometric Method, Globulin",1,CH,Clinical Chemistry,CH,862.1330,N,N,Eligible,4
JGE,"Turbidimetric Method, Globulin",1,CH,Clinical Chemistry,CH,862.1330,N,N,Eligible,4
JGF,"Differential Rate Kinetic Method, Lactate Dehydrogenase Isoenzymes",2,CH,Clinical Chemistry,CH,862.1445,N,N,Eligible,4
JGG,"L-Leucine-4-Nitroanilide (Colorimetric), Leucine Arylamidase",1,CH,Clinical Chemistry,CH,862.1460,N,N,Eligible,4
JGI,"Atomic Absorption, Magnesium",1,CH,Clinical Chemistry,CH,862.1495,N,N,Eligible,1
JGJ,"Photometric Method, Magnesium",1,CH,Clinical Chemistry,CH,862.1495,N,N,Eligible,1
JGK,"Ferric Chloride, Phenylketones (Urinary, Non-Quant.)",1,CH,Clinical Chemistry,CH,862.1560,N,N,Eligible,4
JGM,"Flame Photometry, Potassium",2,CH,Clinical Chemistry,CH,862.1600,N,N,Eligible,1
JGP,"Lowry (Colorimetric), Total Protein",2,CH,Clinical Chemistry,CH,862.1635,N,N,Eligible,4
JGQ,"Turbidimetric, Total Protein",2,CH,Clinical Chemistry,CH,862.1635,N,N,Eligible,4
JGR,"Refractometric, Total Protein",2,CH,Clinical Chemistry,CH,862.1635,N,N,Eligible,4
JGS,"Electrode, Ion Specific, Sodium",2,CH,Clinical Chemistry,CH,862.1665,N,N,Ineligible,1
JGT,"Flame Photometry, Sodium",2,CH,Clinical Chemistry,CH,862.1665,N,N,Eligible,1
JGW,"Fluorometric Method, Triglycerides",1,CH,Clinical Chemistry,CH,862.1705,N,N,Eligible,4
JGX,"Turbidimetric Method, Triglycerides",1,CH,Clinical Chemistry,CH,862.1705,N,N,Eligible,4
JGY,"Colorimetric Method, Triglycerides",1,CH,Clinical Chemistry,CH,862.1705,N,N,Eligible,4
JGZ,"O-Phthalaldehyde, Urea Nitrogen",2,CH,Clinical Chemistry,CH,862.1770,N,N,Eligible,1
JHA,"Acid, Uric, Uricase (Gasometric)",1,CH,Clinical Chemistry,CH,862.1775,N,N,Eligible,4
JHC,"Acid, Uric, Uricase (Oxygen Rate)",1,CH,Clinical Chemistry,CH,862.1775,N,N,Eligible,4
JHD,"Fluorometric Method, 17-Hydroxycorticosteroids",1,CH,Clinical Chemistry,CH,862.1385,N,N,Eligible,4
JHE,"Radioassay, 17-Hydroxycorticosteroids",1,CH,Clinical Chemistry,CH,862.1385,N,N,Eligible,4
JHF,"Colorimetric Method, Lecithin/Sphingomyelin Ratio",2,CH,Clinical Chemistry,CH,862.1455,N,N,Eligible,1
JHG,"Chromatographic Separation, Lecithin/Sphingomyelin Ratio",2,CH,Clinical Chemistry,CH,862.1455,N,N,Eligible,1
JHH,"Electrophoretic Method, Lecithin/Sphingomyelin Ratio",2,CH,Clinical Chemistry,CH,862.1455,N,N,Eligible,1
JHI,"Visual, Pregnancy Hcg, Prescription Use",2,CH,Clinical Chemistry,CH,862.1155,N,N,Eligible,1
JHJ,"Agglutination Method, Human Chorionic Gonadotropin",2,CH,Clinical Chemistry,CH,862.1155,N,N,Eligible,1
JHL,"Microdensitometry Method, Lipoproteins",1,CH,Clinical Chemistry,CH,862.1475,N,N,Eligible,4
JHM,"Colorimetric Method, Lipoproteins",1,CH,Clinical Chemistry,CH,862.1475,N,N,Eligible,4
JHN,"Turbidimetric Method, Lipoproteins",1,CH,Clinical Chemistry,CH,862.1475,N,N,Eligible,4
JHO,"Electrophoretic Separation, Lipoproteins",1,CH,Clinical Chemistry,CH,862.1475,N,N,Eligible,4
JHP,"Radial Immunodiffusion, Lipoproteins",1,CH,Clinical Chemistry,CH,862.1475,N,N,Eligible,4
JHQ,"Nephelometric Method, Lipoproteins",1,CH,Clinical Chemistry,CH,862.1475,N,N,Eligible,4
JHR,"Radioimmunoassay, Immunoglobulins (D, E)",2,IM,Immunology,IM,866.5510,N,N,Eligible,1
JHS,"Differential Rate Kinetic Method, Cpk Or Isoenzymes",2,CH,Clinical Chemistry,CH,862.1215,N,N,Eligible,1
JHT,"Chromatographic Separation, Cpk Isoenzymes",2,CH,Clinical Chemistry,CH,862.1215,N,N,Eligible,1
JHW,"U.V. Method, Cpk Isoenzymes",2,CH,Clinical Chemistry,CH,862.1215,N,N,Eligible,1
JHX,"Fluorometric Method, Cpk Or Isoenzymes",2,CH,Clinical Chemistry,CH,862.1215,N,N,Eligible,1
JHY,"Colorimetric Method, Cpk Or Isoenzymes",2,CH,Clinical Chemistry,CH,862.1215,N,N,Eligible,1
JIA,"Enzymatic Methods, Galactose",1,CH,Clinical Chemistry,CH,862.1310,N,N,Eligible,1
JIB,"U.V. Method, Galactose",1,CH,Clinical Chemistry,CH,862.1310,N,N,Eligible,1
JIC,"Colorimetric Method, Galactose",1,CH,Clinical Chemistry,CH,862.1310,N,N,Eligible,1
JID,"Photometric Method, Ammonia",1,CH,Clinical Chemistry,CH,862.1065,N,N,Eligible,1
JIE,"Method, Ion-Exchange, Ammonia",1,CH,Clinical Chemistry,CH,862.1065,N,N,Eligible,1
JIF,"Enzymatic Method, Ammonia",1,CH,Clinical Chemistry,CH,862.1065,N,N,Eligible,1
JIG,"Electrode, Ion-Specific Method, Ammonia",1,CH,Clinical Chemistry,CH,862.1065,N,N,Eligible,1
JIH,"Flame Photometry, Lithium",2,TX,Clinical Toxicology,TX,862.3560,N,N,Eligible,1
JII,"Atomic Absorption, Lithium",2,TX,Clinical Toxicology,TX,862.3560,N,N,Eligible,1
JIJ,"Wet Ash Method, Protein-Bound Iodine",1,CH,Clinical Chemistry,CH,862.1640,N,N,Eligible,4
JIK,"Dry Ash Method, Protein-Bound Iodine",1,CH,Clinical Chemistry,CH,862.1640,N,N,Eligible,4
JIL,"Method, Enzymatic, Glucose (Urinary, Non-Quantitative)",2,CH,Clinical Chemistry,CH,862.1340,N,N,Eligible,1
JIM,"Method, Metallic Reduction, Glucose (Urinary, Non-Quantitative)",2,CH,Clinical Chemistry,CH,862.1340,N,N,Eligible,1
JIN,"Nitroprusside, Ketones (Urinary, Non-Quant.)",1,CH,Clinical Chemistry,CH,862.1435,N,N,Eligible,4
JIO,"Blood, Occult, Colorimetric, In Urine",2,HE,Hematology,HE,864.6550,N,N,Eligible,1
JIP,"Blood, Occult, Enzymatic Method, In Urine",2,HE,Hematology,HE,864.6550,N,N,Eligible,1
JIQ,"Turbidimetric Method, Protein Or Albumin (Urinary, Non-Quant.)",1,CH,Clinical Chemistry,CH,862.1645,N,N,Eligible,4
JIR,"Indicator Method, Protein Or Albumin (Urinary, Non-Quant.)",1,CH,Clinical Chemistry,CH,862.1645,N,N,Eligible,4
JIS,"Calibrator, Primary",2,CH,Clinical Chemistry,CH,862.1150,N,N,Eligible,4
JIT,"Calibrator, Secondary",2,CH,Clinical Chemistry,CH,862.1150,N,N,Eligible,4
JIW,"Calibrator, Surrogate",2,CH,Clinical Chemistry,CH,862.1150,N,N,Eligible,4
JIX,"Calibrator, Multi-Analyte Mixture",2,CH,Clinical Chemistry,CH,862.1150,N,N,Eligible,4
JIY,"Photometric Method, Iron (Non-Heme)",1,CH,Clinical Chemistry,CH,862.1410,N,N,Eligible,4
JIZ,"Atomic Absorption, Iron (Non-Heme)",1,CH,Clinical Chemistry,CH,862.1410,N,N,Eligible,4
JJA,"Radio-Labeled Iron Method, Iron (Non-Heme)",1,CH,Clinical Chemistry,CH,862.1410,N,N,Eligible,4
JJB,"Azo-Dyes, Colorimetric, Bilirubin & Its Conjugates (Urinary, Non-Quant.)",1,CH,Clinical Chemistry,CH,862.1115,N,N,Eligible,4
JJC,"Analyzer, Chemistry (Sequential Multiple, Continuous Flow) Clinical Use",1,CH,Clinical Chemistry,CH,862.2150,N,N,Eligible,4
JJE,"Analyzer, Chemistry (Photometric, Discrete), For Clinical Use",1,CH,Clinical Chemistry,CH,862.2160,N,N,Eligible,4
JJF,"Analyzer, Chemistry, Micro, For Clinical Use",1,CH,Clinical Chemistry,CH,862.2170,N,N,Eligible,4
JJG,"Analyzer, Chemistry, Centrifugal, For Clinical Use",1,CH,Clinical Chemistry,CH,862.2140,N,N,Eligible,4
JJH,Clinical Sample Concentrator,1,CH,Clinical Chemistry,CH,862.2310,N,N,Eligible,4
JJI,"Analyzer, Enzyme, For Clinical Use",1,CH,Clinical Chemistry,CH,862.2500,N,N,Eligible,4
JJJ,"Counter (Beta, Gamma) For Clinical Use",1,CH,Clinical Chemistry,CH,862.2320,N,N,Eligible,4
JJK,"Oncometer, Plasma, For Clinical Use",1,CH,Clinical Chemistry,CH,862.2720,N,N,Eligible,4
JJL,Plasma Viscometer For Clinical Use,1,CH,Clinical Chemistry,CH,862.2920,N,N,Eligible,4
JJM,Osmometer For Clinical Use,1,CH,Clinical Chemistry,CH,862.2730,N,N,Eligible,4
JJN,"Apparatus, Electrophoresis, For Clinical Use",1,CH,Clinical Chemistry,CH,862.2485,N,N,Eligible,4
JJO,Flame Emission Photometer For Clinical Use,1,CH,Clinical Chemistry,CH,862.2540,N,N,Eligible,4
JJP,"Electrode, Ion Selective (Non-Specified)",1,CH,Clinical Chemistry,CH,862.2050,N,N,Eligible,4
JJQ,"Colorimeter, Photometer, Spectrophotometer For Clinical Use",1,CH,Clinical Chemistry,CH,862.2300,N,N,Eligible,4
JJR,Electrolyte Controls (Assayed And Unassayed),1,CH,Clinical Chemistry,CH,862.1660,N,N,Eligible,4
JJS,"Controls For Blood-Gases, (Assayed And Unassayed)",1,CH,Clinical Chemistry,CH,862.1660,N,N,Eligible,4
JJT,Enzyme Controls (Assayed And Unassayed),1,CH,Clinical Chemistry,CH,862.1660,N,N,Eligible,4
JJW,Urinalysis Controls (Assayed And Unassayed),1,CH,Clinical Chemistry,CH,862.1660,N,N,Eligible,4
JJX,Single (Specified) Analyte Controls (Assayed And Unassayed),1,CH,Clinical Chemistry,CH,862.1660,N,N,Eligible,4
JJY,"Multi-Analyte Controls, All Kinds (Assayed)",1,CH,Clinical Chemistry,CH,862.1660,N,N,Eligible,4
JKA,"Tubes, Vials, Systems, Serum Separators, Blood Collection",2,CH,Clinical Chemistry,CH,862.1675,N,N,Ineligible,1
JKB,"Radioimmunoassay, Compound S (11-Deoxycortisol)",1,CH,Clinical Chemistry,CH,862.1185,N,N,Eligible,4
JKC,"Radioimmunoassay, Dehydroepiandrosterone (Free And Sulfate)",1,CH,Clinical Chemistry,CH,862.1245,N,N,Eligible,4
JKD,"Radioimmunoassay, C-Peptides Of Proinsulin",1,CH,Clinical Chemistry,CH,862.1135,N,N,Eligible,4
JKF,"Dinitrophenyl Hydrazone Measurement (Colorimetric), Hydroxybutyric Dehydroge",1,CH,Clinical Chemistry,CH,862.1380,N,N,Eligible,4
JKG,"L-Isocitrate And Nadp (U.V.), Isocitric Dehydrogenase",1,CH,Clinical Chemistry,CH,862.1420,N,N,Eligible,4
JKH,"Hydrazone Deriv. Of Alpha-Ketogluterate (Colorimetry), Isocitric Dehydrogen",1,CH,Clinical Chemistry,CH,862.1420,N,N,Eligible,4
JKJ,"Fluorometric Measurement, Porphyrins",1,CH,Clinical Chemistry,CH,862.1595,N,N,Eligible,4
JKL,"Acid, Delta-Aminolevulinic, Ion-Exchange Columns With Colorimetry",1,CH,Clinical Chemistry,CH,862.1060,N,N,Eligible,4
JKM,"Immunochemical, Bence-Jones Protein",2,IM,Immunology,IM,866.5150,N,N,Eligible,1
JKP,"Chromium-51, Blood Volume",1,CH,Clinical Chemistry,CH,862.1130,N,N,Eligible,4
JKQ,"Gold Chloride (Colorimetric), Bromide",2,TX,Clinical Toxicology,TX,862.3645,N,N,Eligible,1
JKR,"Radioimmunoassay, Calcitonin",2,CH,Clinical Chemistry,CH,862.1140,N,N,Eligible,1
JKS,"Spectral Absorb. Curve, Oxyhemoglobin, Carboxyhemoglobin, Carbon-Monoxide",1,TX,Clinical Toxicology,TX,862.3220,N,N,Eligible,4
JKT,"Gas Chromatograph, Carbon-Monoxide",1,TX,Clinical Toxicology,TX,862.3220,N,N,Eligible,4
JKW,"N-Acetyl-L-Tyrosine Ethyl Ester (U.V.), Chymotrypsin",1,CH,Clinical Chemistry,CH,862.1180,N,N,Eligible,4
JKX,"N-Benzoyl-L-Tyrosine Ethyl Ester (U.V.), Chymotrypsin",1,CH,Clinical Chemistry,CH,862.1180,N,N,Eligible,4
JKY,"Oxalydihydrazide (Spectroscopic), Copper",1,CH,Clinical Chemistry,CH,862.1190,N,N,Eligible,4
JKZ,"Diethyldithiocarbamate (Colorimetric), Copper",1,CH,Clinical Chemistry,CH,862.1190,N,N,Eligible,4
JLA,"Conversion To Creatinine, Creatine",1,CH,Clinical Chemistry,CH,862.1210,N,N,Eligible,4
JLB,"Atp And Creatine Kinase (Enzymatic), Creatine",1,CH,Clinical Chemistry,CH,862.1210,N,N,Eligible,4
JLC,"Nitroprusside Reaction (Qualitative, Urine), Cystine",1,CH,Clinical Chemistry,CH,862.1240,N,N,Eligible,4
JLD,"Chromatographic, Cystine",1,CH,Clinical Chemistry,CH,862.1240,N,N,Eligible,4
JLE,"Radioimmunoassay, Desoxycorticosterone",1,CH,Clinical Chemistry,CH,862.1250,N,N,Eligible,4
JLF,"Radioimmunoassay, Etiocholanolone",1,CH,Clinical Chemistry,CH,862.1285,N,N,Eligible,4
JLG,"Conversion To Ferric Hydroxymates (Colorimetric), Fatty Acids",1,CH,Clinical Chemistry,CH,862.1290,N,N,Eligible,4
JLH,"Titrimetric, Fatty Acids",1,CH,Clinical Chemistry,CH,862.1290,N,N,Eligible,4
JLI,"Tetrahydrofolate, Enzymatic (U.V.), Formiminoglutamic Acid",1,CH,Clinical Chemistry,CH,862.1305,N,N,Eligible,4
JLJ,"Uridine-5-Diphosphoglucose, Nad (U.V.), Alpha-D Galactose-1-Phosphate",2,CH,Clinical Chemistry,CH,862.1315,N,N,Eligible,1
JLK,"Sodium Hydroxide And Phenol Red (Titrimetric), Gastric Acidity",1,CH,Clinical Chemistry,CH,862.1320,N,N,Eligible,4
JLL,"Tubeless Analysis, Gastric Acidity",1,CH,Clinical Chemistry,CH,862.1320,N,N,Eligible,4
JLM,"Isoenzymes, Electrophoretic, Glucose-6-Phosphate Dehydrogenase",2,HE,Hematology,HE,864.7360,N,N,Eligible,1
JLN,"Chromatographic, Glutathione",1,CH,Clinical Chemistry,CH,862.1365,N,N,Eligible,4
JLO,"Enzymatic (Glutathione Reductase), Glutathione",1,CH,Clinical Chemistry,CH,862.1365,N,N,Eligible,4
JLP,"Spectrophotometric Method, Pregnanediol",1,CH,Clinical Chemistry,CH,862.1605,N,N,Eligible,4
JLQ,"Spectrophotometric Method, Pregnanetriol",1,CH,Clinical Chemistry,CH,862.1610,N,N,Eligible,4
JLR,"Gas Chromatography, Pregnanetriol",1,CH,Clinical Chemistry,CH,862.1610,N,N,Eligible,4
JLS,"Radioimmunoassay, Progesterone",1,CH,Clinical Chemistry,CH,862.1620,N,N,Eligible,4
JLT,"Acid, Pyruvic, Enzymatic (U.V.)",1,CH,Clinical Chemistry,CH,862.1655,N,N,Eligible,4
JLW,"Radioimmunoassay, Thyroid-Stimulating Hormone",2,CH,Clinical Chemistry,CH,862.1690,N,N,Eligible,1
JLX,"Radioimmunoassay, 17-Hydroxyprogesterone",1,CH,Clinical Chemistry,CH,862.1395,N,N,Eligible,4
JLY,"Phosphoglycerate Mutase (Colorimetric), 2,3-Diphosphoglyceric Acid",1,CH,Clinical Chemistry,CH,862.1255,N,N,Eligible,4
JLZ,"Nadh, Phosphoglycerate Mutase, Atp (U.V.) 2,3-Diphosphoglyceric Acid",1,CH,Clinical Chemistry,CH,862.1255,N,N,Eligible,4
JMA,"Acid, Ascorbic, 2,4-Dinitrophenylhydrazine (Spectrophotometric)",1,CH,Clinical Chemistry,CH,862.1095,N,N,Eligible,4
JMB,"Visual, Semi-Quant. (Colorimetric), Glucose-6-Phosphate Dehydrogenase",2,HE,Hematology,HE,864.7360,N,N,Eligible,1
JMC,"Nadp Reduction (U.V.), Glucose-6-Phosphate Dehydrogenase",2,HE,Hematology,HE,864.7360,N,N,Eligible,1
JMD,"Radioimmunoassay, Total Estrogens, Nonpregnancy",1,CH,Clinical Chemistry,CH,862.1275,N,N,Eligible,4
JME,"Radioimmunoassay, Glucagon",1,CH,Clinical Chemistry,CH,862.1335,N,N,Eligible,4
JMF,"Radioimmunoassay, Human Placental Lactogen",2,CH,Clinical Chemistry,CH,862.1585,N,N,Eligible,1
JMG,"Radioimmunoassay (Two-Site Solid Phase), Ferritin",2,IM,Immunology,CH,866.5340,N,N,Eligible,1
JMH,"Fluorescence, Visual Observation (Qual., U.V.), Glutathione Reductase",2,HE,Hematology,HE,864.7375,N,N,Eligible,4
JMI,"Chromatographic, Histidine",1,CH,Clinical Chemistry,CH,862.1375,N,N,Eligible,4
JMJ,"Microbiological, Histidine",1,CH,Clinical Chemistry,CH,862.1375,N,N,Eligible,4
JMK,"Acid, Alpha-Ketobutyric And Nadh (U.V.), Hydroxybutyric Dehydrogenase",1,CH,Clinical Chemistry,CH,862.1380,N,N,Eligible,4
JMM,"Column Chromatography & Color Development, Hydroxyproline",1,CH,Clinical Chemistry,CH,862.1400,N,N,Eligible,4
JMN,"Extraction Plus Chromatography With Color By Ninhydrin, Hydroxyproline",1,CH,Clinical Chemistry,CH,862.1400,N,N,Eligible,4
JMO,Ferrozine (Colorimetric) Iron Binding Capacity,1,CH,Clinical Chemistry,CH,862.1415,N,N,Eligible,4
JMQ,"M. Lysodeikticus Cells (Spectrophotometric), Lysozyme (Muramidase)",1,CH,Clinical Chemistry,CH,862.1490,N,N,Eligible,4
JMR,"Immunochemical, Lysozyme (Muramidase)",1,CH,Clinical Chemistry,CH,862.1490,N,N,Eligible,4
JMS,"Acid, Oxalacetic And Nadh Oxidation (U.V.), Malic Dehydrogenase",1,CH,Clinical Chemistry,CH,862.1500,N,N,Eligible,4
JMT,"Diazo (Colorimetric), Nitrite (Urinary, Non-Quant)",1,CH,Clinical Chemistry,CH,862.1510,N,N,Eligible,4
JMW,"2,4-Dinitrofluorobenzene (Spectroscopic), Nitrogen (Amino-Nitrogen)",1,CH,Clinical Chemistry,CH,862.1515,N,N,Eligible,4
JMX,"Ninhydrin, Nitrogen (Amino-Nitrogen)",1,CH,Clinical Chemistry,CH,862.1515,N,N,Eligible,4
JMY,"Citrulline, Arsenate, Nessler (Colorimetry), Ornithine Carbamyl Transferase",1,CH,Clinical Chemistry,CH,862.1535,N,N,Eligible,4
JMZ,"Comparison Of Freezing Points & Stds. Of Known Osmotic Pressure, Osmolality",1,CH,Clinical Chemistry,CH,862.1540,N,N,Eligible,4
JNA,"Vapor Pressure, Osmolality Of Serum & Urine",1,CH,Clinical Chemistry,CH,862.1540,N,N,Eligible,4
JNB,"Ninhydrin And L-Leucyl-L-Alanine (Fluorimetric), Phenylalanine",2,CH,Clinical Chemistry,CH,862.1555,N,N,Eligible,1
JNC,"Column Or Paper Chromatography Plus Ninhydrin, Phenylalanine",2,CH,Clinical Chemistry,CH,862.1555,N,N,Eligible,1
JND,"Nadp Reduction, 6-Phosphogluconate Dehydrogenase",1,CH,Clinical Chemistry,CH,862.1565,N,N,Eligible,4
JNE,"Glucose-6-Phosphate (Colorimetric), Phosphohexose Isomerase",1,CH,Clinical Chemistry,CH,862.1570,N,N,Eligible,4
JNF,"Ion-Exchange Resin, Ehrlich'S Reagent, Porphobilinogen",1,CH,Clinical Chemistry,CH,862.1590,N,N,Eligible,4
JNG,"Radioimmunoassay, Pregnenolone",1,CH,Clinical Chemistry,CH,862.1615,N,N,Eligible,4
JNJ,"Phosphoenol Pyruvate, Adp, Nadh, Pyruvate Kinase",1,CH,Clinical Chemistry,CH,862.1650,N,N,Eligible,4
JNK,"Beta-D-Fructose & Nadh Oxidation (U.V.), Sorbitol Dehydrogenase",1,CH,Clinical Chemistry,CH,862.1670,N,N,Eligible,4
JNL,"Immunochemical, Thyroglobulin Autoantibody",2,IM,Immunology,IM,866.5870,N,N,Ineligible,1
JNM,"Immunochemical, Transferrin",2,IM,Immunology,IM,866.5880,N,N,Eligible,1
JNN,"P-Toluenesulphonyl-L-Arginine Methyl Ester (U.V.), Trypsin",1,CH,Clinical Chemistry,CH,862.1725,N,N,Eligible,4
JNO,"N-Benzoyl-L-Arginine Ethyl Ester (U.V.), Trypsin",1,CH,Clinical Chemistry,CH,862.1725,N,N,Eligible,4
JNP,"Infrared Spectroscopy Measurement, Urinary Calculi (Stone)",1,CH,Clinical Chemistry,CH,862.1780,N,N,Eligible,4
JNQ,"Qualitative Chemical Reactions, Urinary Calculi (Stone)",1,CH,Clinical Chemistry,CH,862.1780,N,N,Eligible,4
JNS,"Stannous Chloride - Hydrazine, Phospholipids",1,CH,Clinical Chemistry,CH,862.1575,N,N,Eligible,4
JNT,"Chromatographic, Phospholipids",1,CH,Clinical Chemistry,CH,862.1575,N,N,Eligible,4
JNX,"Membrane Osmometry, Plasma Oncometry",1,CH,Clinical Chemistry,CH,862.1530,N,N,Eligible,4
JNY,"Glyceralde-3-Phosphate, Nadh (Enzymatic), Triose Phosphate Isomerase",1,CH,Clinical Chemistry,CH,862.1720,N,N,Eligible,4
JNZ,"Fluorometric, Uroporphyrin",1,CH,Clinical Chemistry,CH,862.1790,N,N,Eligible,4
JOA,"Acid, Trifluoroacetic, Vitamin A, Hexane Extraction",1,CH,Clinical Chemistry,CH,862.1805,N,N,Eligible,4
JOB,"Hexane Extraction, Fluorescence, Vitamin E",1,CH,Clinical Chemistry,CH,862.1815,N,N,Eligible,4
JOC,"Colorimetric, Xylose",1,CH,Clinical Chemistry,CH,862.1820,N,N,Eligible,4
JOD,"Filter, Blood, Cardiotomy Suction Line, Cardiopulmonary Bypass",2,CV,Cardiovascular,CV,870.4270,N,N,Eligible,1
JOF,"Polymer, Ent Synthetic, Porous Polyethylene",2,EN,"Ear, Nose, Throat",EN,874.3620,Y,N,Eligible,1
JOH,Tube Tracheostomy And Tube Cuff,2,AN,Anesthesiology,AN,868.5800,N,Y,Eligible,1
JOJ,"Indicator, Physical/Chemical Sterilization Process",2,HO,General Hospital,HO,880.2800,N,N,Eligible,1
JOK,"Scissors, Medical, Disposable",1,HO,General Hospital,HO,880.6820,N,N,Eligible,4
JOL,"Catheter And Tip, Suction",2,HO,General Hospital,HO,880.6740,N,N,Eligible,4
JOM,"Plethysmograph, Photoelectric, Pneumatic Or Hydraulic",2,CV,Cardiovascular,CV,870.2780,N,N,Eligible,1
JON,"Transducer, Apex Cardiographic",2,CV,Cardiovascular,CV,870.2840,N,N,Eligible,1
JOO,"Transducer, Heart Sound",2,CV,Cardiovascular,CV,870.2860,N,N,Eligible,1
JOP,"Transducer, Ultrasonic",2,CV,Cardiovascular,CV,870.2880,N,N,Eligible,1
JOQ,"Generator, Pulse, Pacemaker, External Programmable (For Electrophysiological Studies Only)",2,CV,Cardiovascular,CV,870.1750,N,Y,Eligible,1
JOR,"Generator, Pulsatile Flow, Cardiopulmonary Bypass",3,CV,Cardiovascular,CV,870.4320,N,N,Eligible,2
JOS,"Electrode, Electrosurgical",2,SU,"General, Plastic Surgery",SU,878.4400,N,N,Eligible,1
JOT,"Electrode, Gel, Electrosurgical",2,SU,"General, Plastic Surgery",SU,878.4400,N,N,Eligible,1
JOW,"Sleeve, Limb, Compressible",2,CV,Cardiovascular,CV,870.5800,N,N,Eligible,1
JOX,"Analyzer, Heparin, Automated",2,HE,Hematology,HE,864.5680,N,N,Eligible,1
JOY,"Device, Automated Cell-Locating",2,HE,Hematology,HE,864.5260,N,N,Eligible,1
JOZ,"System, Automated Platelet Aggregation",2,HE,Hematology,HE,864.5700,N,N,Eligible,1
JPA,"System, Multipurpose For In Vitro Coagulation Studies",2,HE,Hematology,HE,864.5425,N,N,Ineligible,1
JPB,Hemoglobin M,2,HE,Hematology,HE,864.7415,N,N,Eligible,1
JPC,Hemoglobin F Quantitation,2,HE,Hematology,HE,864.7455,N,N,Eligible,1
JPD,Hemoglobin A2 Quantitation,2,HE,Hematology,HE,864.7400,N,N,Eligible,1
JPE,"Antithrombin Iii, Two Stage Clotting Time Assay",2,HE,Hematology,HE,864.7060,N,N,Eligible,1
JPF,Prothrombin-Proconvertin And Thrombotest,2,HE,Hematology,HE,864.7735,N,N,Eligible,4
JPH,"Test, Erythrocyte Sedimentation Rate",1,HE,Hematology,HE,864.6700,N,N,Eligible,4
JPI,"Device, Hematocrit Measuring",2,HE,Hematology,HE,864.6400,N,N,Eligible,4
JPJ,"Red-Cell Indices, Calculated",2,HE,Hematology,HE,864.5300,N,N,Eligible,1
JPK,"Mixture, Hematology Quality Control",2,HE,Hematology,HE,864.8625,N,N,Eligible,4
JPW,"Pump, Nebulizer, Electrically Powered",1,EN,"Ear, Nose, Throat",EN,874.5220,N,N,Eligible,4
JPZ,"Colorimetric Method, Gamma-Glutamyl Transpeptidase",1,CH,Clinical Chemistry,CH,862.1360,N,N,Eligible,4
JQA,"Electrophoretic, Gamma-Glutamyl Transpeptidase Isoenzymes",1,CH,Clinical Chemistry,CH,862.1360,N,N,Eligible,4
JQB,"Kinetic Method, Gamma-Glutamyl Transpeptidase",1,CH,Clinical Chemistry,CH,862.1360,N,N,Eligible,4
JQC,"Centrifuges (Micro, Ultra, Refrigerated) For Clinical Use",1,CH,Clinical Chemistry,CH,862.2050,N,N,Eligible,4
JQD,"Resin, Ion-Exchange, Thioglycolic Acid, Colorimetry, Iron Binding Capacity",1,CH,Clinical Chemistry,CH,862.1415,N,N,Eligible,4
JQE,"Resin, Ion-Exchange, Ascorbic Acid, Colorimetry, Iron Binding Capacity",1,CH,Clinical Chemistry,CH,862.1415,N,N,Eligible,4
JQF,"Bathophenanthroline, Iron Binding Capacity",1,CH,Clinical Chemistry,CH,862.1415,N,N,Eligible,4
JQG,"Radiometric, Fe59, Iron Binding Capacity",1,CH,Clinical Chemistry,CH,862.1415,N,N,Eligible,4
JQH,"Trinitrobenzene Sulfonate (Spectroscopic), Nitrogen (Amino-Nitrogen)",1,CH,Clinical Chemistry,CH,862.1515,N,N,Eligible,4
JQI,"Rotating Disc, Plasma Viscometry",1,CH,Clinical Chemistry,CH,862.1475,N,N,Eligible,4
JQJ,"Densitometeric, Protein Fractionation",1,CH,Clinical Chemistry,CH,862.1630,N,N,Eligible,4
JQK,"Immunodiffusion, Protein Fractionation",1,CH,Clinical Chemistry,CH,862.1630,N,N,Eligible,4
JQL,"Spectrophotometric, Uroporphyrin",1,CH,Clinical Chemistry,CH,862.1790,N,N,Eligible,4
JQM,"P-Bromoaniline, Xylose",1,CH,Clinical Chemistry,CH,862.1820,N,N,Eligible,4
JQN,"Colorimetric, Mucopolysaccharides",1,CH,Clinical Chemistry,CH,862.1505,N,N,Eligible,4
JQO,"Balance, Analytical",1,CH,Clinical Chemistry,CH,862.2050,N,N,Eligible,4
JQP,"Calculator/Data Processing Module, For Clinical Use",1,CH,Clinical Chemistry,CH,862.2100,N,N,Eligible,4
JQQ,Dialyzer,1,CH,Clinical Chemistry,CH,862.2050,N,N,Eligible,4
JQT,"Densitometer/Scanner (Integrating, Reflectance, Tlc, Radiochromat.) Clinica",1,CH,Clinical Chemistry,CH,862.2400,N,N,Eligible,4
JQW,"Station, Pipetting And Diluting, For Clinical Use",1,CH,Clinical Chemistry,CH,862.2750,N,N,Eligible,4
JQX,"Nephelometer, For Clinical Use",1,CH,Clinical Chemistry,CH,862.2700,N,N,Eligible,4
JQY,Ph Meter,1,CH,Clinical Chemistry,CH,862.2050,N,N,Eligible,4
JQZ,Polarimeter,1,CH,Clinical Chemistry,CH,862.2050,N,N,Eligible,4
JRA,"Microtitrator, For Clinical Use",1,CH,Clinical Chemistry,CH,862.2680,N,N,Eligible,4
JRB,Micro Mixer,1,CH,Clinical Chemistry,CH,862.2050,N,N,Eligible,4
JRC,Micro Pipette,1,CH,Clinical Chemistry,CH,862.2050,N,N,Eligible,4
JRE,Refractometer For Clinical Use,1,CH,Clinical Chemistry,CH,862.2800,N,N,Eligible,4
JRG,"Block, Heating",1,CH,Clinical Chemistry,CH,862.2050,N,N,Eligible,4
JRI,"Cuvette, Thermostated",1,CH,Clinical Chemistry,CH,862.2050,N,N,Eligible,4
JRJ,"Unit, Drying",1,CH,Clinical Chemistry,CH,862.2050,N,N,Eligible,4
JRK,Evaporator,1,CH,Clinical Chemistry,CH,862.2050,N,N,Eligible,4
JRL,"Unit, Filter, Membrane",1,CH,Clinical Chemistry,CH,862.2050,N,N,Eligible,4
JRM,Freezer,1,CH,Clinical Chemistry,CH,862.2050,N,N,Eligible,4
JRO,Blender/Mixer,1,CH,Clinical Chemistry,CH,862.2050,N,N,Eligible,4
JRQ,Shaker/Stirrer,1,CH,Clinical Chemistry,CH,862.2050,N,N,Eligible,4
JRR,"Regulator, Temperature",1,CH,Clinical Chemistry,CH,862.2050,N,N,Eligible,4
JRS,"Purifier, Water (Absorption, Deionization, Membrane Filter, Reverse Osmosis)",1,CH,Clinical Chemistry,CH,862.2050,N,N,Eligible,4
JRW,"Antisera, Fluorescent, B. Parapertussis",1,MI,Microbiology,MI,866.3065,N,N,Eligible,4
JRY,"Antiserum, Fluorescent, Epstein-Barr Virus",1,MI,Microbiology,MI,866.3235,N,N,Eligible,1
JRZ,"Media, Culture, Amino Acid Assay",1,MI,Microbiology,MI,866.2350,N,N,Eligible,4
JSA,"Culture Media, Antibiotic Assay",1,MI,Microbiology,MI,866.2350,N,N,Eligible,4
JSB,"Culture Media, Vitamin Assay",1,MI,Microbiology,MI,866.2350,N,N,Eligible,4
JSC,"Culture Media, General Nutrient Broth",1,MI,Microbiology,MI,866.2350,N,N,Eligible,4
JSD,"Culture Media, Selective Broth",1,MI,Microbiology,MI,866.2360,N,N,Eligible,4
JSE,"Culture Media, Multiple Biochemical Test",1,MI,Microbiology,MI,866.2320,N,N,Eligible,4
JSF,"Culture Media, Single Biochemical Test",1,MI,Microbiology,MI,866.2320,N,N,Eligible,4
JSG,"Culture Media, Non-Selective And Non-Differential",1,MI,Microbiology,MI,866.2300,N,N,Eligible,4
JSH,"Culture Media, Non-Selective And Differential",1,MI,Microbiology,MI,866.2320,N,N,Eligible,4
JSI,"Culture Media, Selective And Differential",1,MI,Microbiology,MI,866.2360,N,N,Eligible,4
JSJ,"Culture Media, Selective And Non-Differential",1,MI,Microbiology,MI,866.2360,N,N,Eligible,4
JSK,"Supplement, Culture Media",1,MI,Microbiology,MI,866.2450,N,N,Eligible,4
JSL,"Culture Media, Anaerobic Transport",1,MI,Microbiology,MI,866.2390,N,N,Eligible,1
JSM,"Culture Media, Non-Propagating Transport",1,MI,Microbiology,MI,866.2390,N,N,Eligible,1
JSN,"Culture Media, Propagating Transport",1,MI,Microbiology,MI,866.2390,N,N,Eligible,1
JSO,"Culture Media, Antimicrobial Susceptibility Test, Excluding Mueller Hinton Agar",2,MI,Microbiology,MI,866.1700,N,N,Eligible,1
JSP,"Kit, Anaerobic Identification",1,MI,Microbiology,MI,866.2660,N,N,Eligible,4
JSQ,Chromatography For Bacterial Identification,1,CH,Clinical Chemistry,TX,862.2250,N,N,Eligible,4
JSR,"Kit, Identification, Dermatophyte",1,MI,Microbiology,MI,866.2660,N,N,Eligible,4
JSS,"Kit, Identification, Enterobacteriaceae",1,MI,Microbiology,MI,866.2660,N,N,Eligible,4
JST,"Kit, Fastidious Organisms",1,MI,Microbiology,MI,866.2660,N,N,Eligible,4
JSW,"Kit, Identification, Glucose Nonfermenter",1,MI,Microbiology,MI,866.2660,N,N,Eligible,4
JSX,"Kit, Identification, Neisseria Gonorrhoeae",1,MI,Microbiology,MI,866.2660,N,N,Ineligible,4
JSY,"Kit, Identification, Mycobacteria",1,MI,Microbiology,MI,866.2660,N,N,Eligible,4
JSZ,"Kit, Identification, Pseudomonas",1,MI,Microbiology,MI,866.2660,N,N,Eligible,4
JTA,"Monitor, Microbial Growth",1,MI,Microbiology,MI,866.2560,N,N,Eligible,4
JTB,"Device, Media Dispensing/Stacking",1,MI,Microbiology,MI,866.2440,N,N,Eligible,4
JTC,"Device, Microtiter Diluting/Dispensing",1,MI,Microbiology,MI,866.2500,N,N,Eligible,4
JTL,"Plasma, Coagulase, Human, Horse And Rabbit",1,MI,Microbiology,MI,866.2160,N,N,Eligible,4
JTM,Anaerobic Box Glove,1,MI,Microbiology,MI,866.2120,N,N,Eligible,4
JTN,"Susceptibility Test Discs, Antimicrobial",2,MI,Microbiology,MI,866.1620,N,N,Ineligible,1
JTO,"Discs, Strips And Reagents, Microorganism Differentiation",1,MI,Microbiology,MI,866.2660,N,N,Eligible,4
JTQ,"Bath, Incubators/Water, All",1,MI,Microbiology,MI,866.2540,N,N,Eligible,4
JTR,"Kit, Quality Control For Culture Media",1,MI,Microbiology,MI,866.2480,N,N,Eligible,4
JTS,"Stains, Microbiologic",1,HE,Hematology,MI,864.1850,N,N,Eligible,4
JTT,"Susceptibility Test Powders, Antimicrobial",2,MI,Microbiology,MI,866.1640,N,N,Ineligible,1
JTW,"System, Transport, Aerobic",1,MI,Microbiology,MI,866.2900,N,N,Eligible,1
JTX,"Transport Systems, Anaerobic",1,MI,Microbiology,MI,866.2900,N,N,Eligible,1
JTY,"Culture Media, For Isolation Of Pathogenic Neisseria",2,MI,Microbiology,MI,866.2410,N,N,Eligible,1
JTZ,"Culture Media, Antimicrobial Susceptibility Test, Mueller Hinton Agar/Broth",2,MI,Microbiology,MI,866.1700,N,N,Ineligible,1
JWH,"Prosthesis, Knee, Patellofemorotibial, Semi-Constrained, Cemented, Polymer/Metal/Polymer",2,OR,Orthopedic,OR,888.3560,Y,N,Eligible,1
JWI,"Prosthesis, Wrist, 2 Part Metal-Plastic Articulation, Semi-Constrained",2,OR,Orthopedic,OR,888.3800,Y,N,Eligible,1
JWJ,"Prosthesis, Wrist, 3 Part Metal-Plastic-Metal Articulation, Semi-Constrained",2,OR,Orthopedic,OR,888.3800,Y,N,Eligible,1
JWK,"Antigen, Positive Control, Cryptococcus Neoformans",2,MI,Microbiology,MI,866.3165,N,N,Eligible,4
JWL,"Antigen, Treponema Pallidum For Fta-Abs Test",2,MI,Microbiology,MI,866.3830,N,N,Eligible,1
JWM,"System, Tomographic, Nuclear",2,RA,Radiology,RA,892.1310,N,N,Eligible,1
JWO,"Device, Blood Volume Measuring",2,HE,Hematology,HE,864.5950,N,N,Eligible,1
JWR,Atp Release (Luminescence),1,HE,Hematology,HE,864.7040,N,N,Eligible,4
JWT,"Antigen, Cf, Aspergillus Spp.",1,MI,Microbiology,MI,866.3040,N,N,Eligible,4
JWW,"Antigen, Cf, B. Dermatitidis",2,MI,Microbiology,MI,866.3060,N,N,Eligible,4
JWX,"Kit, Screening, Staphylococcus Aureus",1,MI,Microbiology,MI,866.2660,N,N,Eligible,4
JWY,Manual Antimicrobial Susceptibility Test Systems,2,MI,Microbiology,MI,866.1640,N,N,Ineligible,1
JWZ,"Kit, Screening, Trichomonas",1,MI,Microbiology,MI,866.2660,N,N,Eligible,4
JXA,"Kit, Screening, Urine",1,MI,Microbiology,MI,866.2660,N,N,Eligible,4
JXB,"Kit, Identification, Yeast",1,MI,Microbiology,MI,866.2660,N,N,Eligible,4
JXC,"Kit, Screening, Yeast",1,MI,Microbiology,MI,866.2660,N,N,Eligible,4
JXE,"Device, Nerve Conduction Velocity Measurement",2,NE,Neurology,NE,882.1550,N,N,Eligible,1
JXF,"Plethysmograph, Ocular",3,NE,Neurology,NE,882.1790,N,N,Ineligible,2
JXG,"Shunt, Central Nervous System And Components",2,NE,Neurology,NE,882.5550,Y,N,Ineligible,1
JXH,Methyl Methacrylate For Aneurysmorrhaphy,2,NE,Neurology,NE,882.5030,Y,N,Eligible,1
JXI,"Cuff, Nerve",2,NE,Neurology,NE,882.5275,Y,N,Eligible,1
JXK,Cranial Electrotherapy Stimulator To Treat Depression,3,NE,Neurology,NE,882.5800,N,N,Ineligible,2
JXL,"Block, Bite",2,NE,Neurology,NE,882.5070,N,N,Ineligible,1
JXM,"Enzyme Immunoassay, Benzodiazepine",2,TX,Clinical Toxicology,TX,862.3170,N,N,Eligible,1
JXN,"Enzyme Immunoassay, Propoxyphene",2,TX,Clinical Toxicology,TX,862.3700,N,N,Eligible,1
JXO,"Enzyme Immunoassay, Cocaine",2,TX,Clinical Toxicology,TX,862.3250,N,N,Eligible,1
JXQ,"Monitor, U.V., Glc",1,CH,Clinical Chemistry,TX,862.2250,N,N,Eligible,4
JXR,"Atomic Absorption Spectrophotometer, General Use",1,CH,Clinical Chemistry,TX,862.2850,N,N,Eligible,4
JXS,"Block, Cutting, Ent, Sterile",1,EN,"Ear, Nose, Throat",EN,874.3540,N,N,Eligible,4
JXT,"Crimper, Wire, Ent, Sterile",1,EN,"Ear, Nose, Throat",EN,874.3540,N,N,Eligible,4
JXW,"Die, Wire Bending, Ent, Sterile",1,EN,"Ear, Nose, Throat",EN,874.3540,N,N,Eligible,4
JXX,"Forceps, Wire Closure, Ent, Sterile",1,EN,"Ear, Nose, Throat",EN,874.3540,N,N,Eligible,4
JXY,"Jig, Piston Cutting, Ent, Sterile",1,EN,"Ear, Nose, Throat",EN,874.3540,N,N,Eligible,4
JXZ,"Punch, Gelfoam, Sterile",1,EN,"Ear, Nose, Throat",EN,874.3540,N,N,Eligible,4
JYA,"Scissors, Wire Cutting, Ent, Sterile",1,EN,"Ear, Nose, Throat",EN,874.3540,N,N,Eligible,4
JYB,"Vise, Ossicular Finger, Sterile",1,EN,"Ear, Nose, Throat",EN,874.3540,N,N,Eligible,4
JYC,"Cannula, Ear",1,SU,"General, Plastic Surgery",SU,878.4800,N,N,Eligible,4
JYD,"Chisel, Mastoid",1,SU,"General, Plastic Surgery",SU,878.4800,N,N,Eligible,4
JYE,"Chisel, Middle-Ear",1,EN,"Ear, Nose, Throat",EN,874.4420,N,N,Eligible,4
JYF,"Clamp, Ossicle Holding",1,EN,"Ear, Nose, Throat",EN,874.4420,N,N,Eligible,4
JYG,"Curette, Ear",1,EN,"Ear, Nose, Throat",EN,874.4420,N,N,Eligible,4
JYH,"Excavator, Ear",1,EN,"Ear, Nose, Throat",EN,874.4420,N,N,Eligible,4
JYI,"Gauge, Mastoid",1,EN,"Ear, Nose, Throat",EN,874.4420,N,N,Eligible,4
JYJ,"Gauge, Measuring",1,EN,"Ear, Nose, Throat",EN,874.4420,N,N,Eligible,4
JYK,"Holder, Ear Speculum",1,SU,"General, Plastic Surgery",SU,878.1800,N,N,Eligible,4
JYL,"Hook, Microsurgical Ear",1,EN,"Ear, Nose, Throat",EN,874.4420,N,N,Eligible,4
JYM,"Inserter, Myringotomy Tube",1,EN,"Ear, Nose, Throat",EN,874.4420,N,N,Eligible,4
JYN,"Inserter, Sacculotomy Tack",1,EN,"Ear, Nose, Throat",EN,874.4420,N,N,Eligible,4
JYO,"Knife, Ear",1,EN,"Ear, Nose, Throat",EN,874.4420,N,N,Eligible,4
JYP,"Knife, Myringotomy",1,EN,"Ear, Nose, Throat",EN,874.4420,N,N,Eligible,4
JYQ,"Loop, Wire",1,EN,"Ear, Nose, Throat",EN,874.4420,N,N,Eligible,4
JYR,"Nipper, Malleus",1,EN,"Ear, Nose, Throat",EN,874.4420,N,N,Eligible,4
JYS,"Perforator, Ear-Lobe",1,EN,"Ear, Nose, Throat",EN,874.4420,N,N,Eligible,4
JYT,"Pick, Microsurgical Ear",1,EN,"Ear, Nose, Throat",EN,874.4420,N,N,Eligible,4
JYW,"Press, Vein",1,EN,"Ear, Nose, Throat",EN,874.4420,N,N,Eligible,4
JYX,"Punch, Attic",1,EN,"Ear, Nose, Throat",EN,874.4420,N,N,Eligible,4
JYY,"Rasp, Ear",1,EN,"Ear, Nose, Throat",EN,874.4420,N,N,Eligible,4
JYZ,"Rod, Measuring Ear",1,EN,"Ear, Nose, Throat",EN,874.4420,N,N,Eligible,4
JZA,"Rongeur, Mastoid",1,EN,"Ear, Nose, Throat",EN,874.4420,N,N,Eligible,4
JZB,"Scissors, Ear",1,EN,"Ear, Nose, Throat",EN,874.4420,N,N,Eligible,4
JZC,"Searcher, Mastoid",1,EN,"Ear, Nose, Throat",EN,874.4420,N,N,Eligible,4
JZD,"Snare, Ear",1,EN,"Ear, Nose, Throat",EN,874.4420,N,N,Eligible,4
JZE,"Spoon, Ear",1,EN,"Ear, Nose, Throat",EN,874.4420,N,N,Eligible,4
JZF,"Tube, Ear Suction",1,EN,"Ear, Nose, Throat",EN,874.4420,N,N,Eligible,4
JZG,"System, Test, Beta-2-Microglobulin Immunological",2,IM,Immunology,IM,866.5630,N,N,Eligible,4
JZH,"Factor B, Antigen, Antiserum, Control",2,IM,Immunology,IM,866.5320,N,N,Eligible,4
JZJ,"Prealbumin, Antigen, Antiserum, Control",1,IM,Immunology,IM,866.5060,N,N,Eligible,4
JZO,"System, Test, Thyroid Autoantibody",2,IM,Immunology,IM,866.5870,N,N,Ineligible,1
JZP,"Plates, Ouchterlony Agar",1,IM,Immunology,IM,866.4600,N,N,Eligible,4
JZQ,"Plates And Equipment, Radial Immunodiffusion",1,IM,Immunology,IM,866.4800,N,N,Eligible,4
JZR,Support Gels,1,IM,Immunology,IM,866.4900,N,N,Eligible,4
JZS,Electrophoresis Instrumentation,1,IM,Immunology,IM,866.4500,N,N,Eligible,4
JZT,Fluorometer,1,IM,Immunology,IM,866.4520,N,N,Eligible,4
JZW,Nephelometer,1,IM,Immunology,IM,866.4540,N,N,Eligible,4
JZX,"Equipment, Rocket Immunoelectrophoresis",1,IM,Immunology,IM,866.4830,N,N,Eligible,4
JZY,"Knife, Laryngeal",1,EN,"Ear, Nose, Throat",EN,874.4420,N,N,Eligible,4
JZZ,"Saw, Laryngeal",1,EN,"Ear, Nose, Throat",EN,874.4420,N,N,Eligible,4
KAA,"Set, Laryngeal Injection",1,EN,"Ear, Nose, Throat",EN,874.4420,N,N,Eligible,4
KAB,"Trocar, Laryngeal",1,EN,"Ear, Nose, Throat",EN,874.4420,N,N,Eligible,4
KAC,"Tube, Laryngectomy",1,EN,"Ear, Nose, Throat",EN,874.4420,N,N,Eligible,4
KAD,"Elevator, Ent",1,EN,"Ear, Nose, Throat",EN,874.4420,N,N,Eligible,4
KAE,"Forceps, Ent",1,EN,"Ear, Nose, Throat",EN,874.4420,N,N,Eligible,4
KAG,"Holder, Speculum, Ent",1,SU,"General, Plastic Surgery",SU,878.1800,N,N,Eligible,4
KAH,"Microrule, Ent",1,EN,"Ear, Nose, Throat",EN,874.4420,N,N,Eligible,4
KAI,"Mirror, Ent",1,EN,"Ear, Nose, Throat",EN,874.4420,N,N,Eligible,4
KAJ,"Mobilizer, Ent",1,EN,"Ear, Nose, Throat",EN,874.4420,N,N,Eligible,4
KAK,"Probe, Ent",1,EN,"Ear, Nose, Throat",EN,874.4420,N,N,Eligible,4
KAL,"Retractor, Ent",1,EN,"Ear, Nose, Throat",EN,874.4420,N,N,Eligible,4
KAM,"Cannula, Sinus",1,SU,"General, Plastic Surgery",SU,878.4800,N,N,Eligible,4
KAN,"Chisel, Nasal",1,SU,"General, Plastic Surgery",SU,878.4800,N,N,Eligible,4
KAO,"Curette, Ethmoid",1,EN,"Ear, Nose, Throat",EN,874.4420,N,N,Eligible,4
KAP,"Curette, Nasal",1,EN,"Ear, Nose, Throat",EN,874.4420,N,N,Eligible,4
KAQ,"Gouge, Nasal, Ent",1,EN,"Ear, Nose, Throat",EN,874.4420,N,N,Eligible,4
KAR,"Irrigator, Sinus",1,EN,"Ear, Nose, Throat",EN,874.4420,N,N,Eligible,4
KAS,"Knife, Nasal",1,EN,"Ear, Nose, Throat",EN,874.4420,N,N,Eligible,4
KAT,"Perforator, Antrum",1,EN,"Ear, Nose, Throat",EN,874.4420,N,N,Eligible,4
KAW,"Punch, Antrum",1,EN,"Ear, Nose, Throat",EN,874.4420,N,N,Eligible,4
KAX,"Punch, Ethmoid",1,EN,"Ear, Nose, Throat",EN,874.4420,N,N,Eligible,4
KAY,"Punch, Nasal",1,EN,"Ear, Nose, Throat",EN,874.4420,N,N,Eligible,4
KAZ,"Rasp, Frontal-Sinus",1,EN,"Ear, Nose, Throat",EN,874.4420,N,N,Eligible,4
KBA,"Rasp, Nasal",1,EN,"Ear, Nose, Throat",EN,874.4420,N,N,Eligible,4
KBB,"Rongeur, Nasal",1,EN,"Ear, Nose, Throat",EN,874.4420,N,N,Eligible,4
KBC,"Saw, Nasal",1,EN,"Ear, Nose, Throat",EN,874.4420,N,N,Eligible,4
KBD,"Scissors, Nasal",1,EN,"Ear, Nose, Throat",EN,874.4420,N,N,Eligible,4
KBE,"Snare, Nasal",1,EN,"Ear, Nose, Throat",EN,874.4420,N,N,Eligible,4
KBF,"Trephine, Sinus",1,EN,"Ear, Nose, Throat",EN,874.4420,N,N,Eligible,4
KBG,"Trocar, Sinus",1,EN,"Ear, Nose, Throat",EN,874.4420,N,N,Eligible,4
KBH,Adenotome,1,EN,"Ear, Nose, Throat",EN,874.4420,N,N,Eligible,4
KBI,"Bougie, Eustachian",1,EN,"Ear, Nose, Throat",EN,874.4175,N,N,Eligible,4
KBJ,"Curette, Adenoid",1,EN,"Ear, Nose, Throat",EN,874.4420,N,N,Eligible,4
KBK,"Curette, Salpingeal",1,EN,"Ear, Nose, Throat",EN,874.4420,N,N,Eligible,4
KBL,"Depressor, Metal Tongue, Surgical",1,EN,"Ear, Nose, Throat",EN,874.4420,N,N,Eligible,4
KBM,"Dissector, Tonsil",1,EN,"Ear, Nose, Throat",EN,874.4420,N,N,Eligible,4
KBN,"Gag, Mouth",1,EN,"Ear, Nose, Throat",EN,874.4420,N,N,Eligible,4
KBO,"Guillotine, Tonsil",1,EN,"Ear, Nose, Throat",EN,874.4420,N,N,Eligible,4
KBP,"Hook, Tonsil Suturing",1,EN,"Ear, Nose, Throat",EN,874.4420,N,N,Eligible,4
KBQ,"Knife, Tonsil",1,EN,"Ear, Nose, Throat",EN,874.4420,N,N,Eligible,4
KBR,"Needle, Tonsil Suturing",1,EN,"Ear, Nose, Throat",EN,874.4420,N,N,Eligible,4
KBS,"Punch, Adenoid",1,EN,"Ear, Nose, Throat",EN,874.4420,N,N,Eligible,4
KBT,"Punch, Tonsil",1,EN,"Ear, Nose, Throat",EN,874.4420,N,N,Eligible,4
KBW,"Screw, Oral",1,EN,"Ear, Nose, Throat",EN,874.4420,N,N,Eligible,4
KBX,"Screw, Tonsil",1,EN,"Ear, Nose, Throat",EN,874.4420,N,N,Eligible,4
KBY,"Set, Filliform, Eustachian",1,EN,"Ear, Nose, Throat",EN,874.4175,N,N,Eligible,4
KBZ,"Snare, Tonsil",1,EN,"Ear, Nose, Throat",EN,874.4420,N,N,Eligible,4
KCA,Tonsillectome,1,EN,"Ear, Nose, Throat",EN,874.4420,N,N,Eligible,4
KCB,"Tube, Tonsil Suction",1,EN,"Ear, Nose, Throat",EN,874.4420,N,N,Eligible,4
KCC,"Bistoury, Tracheal",1,EN,"Ear, Nose, Throat",EN,874.4420,N,N,Eligible,4
KCD,"Bougie, Esophageal, Ent",1,EN,"Ear, Nose, Throat",EN,874.4420,N,N,Eligible,4
KCE,"Cannulae, Bronchial",1,SU,"General, Plastic Surgery",SU,878.4800,N,N,Eligible,4
KCF,"Dilator, Esophageal, Ent",1,EN,"Ear, Nose, Throat",EN,874.4420,N,N,Eligible,4
KCG,"Dilator, Tracheal",1,EN,"Ear, Nose, Throat",EN,874.4420,N,N,Eligible,4
KCH,"Hook, Tracheal",1,EN,"Ear, Nose, Throat",EN,874.4420,N,N,Eligible,4
KCI,"Trocar, Tracheal",1,EN,"Ear, Nose, Throat",EN,874.4420,N,N,Eligible,4
KCJ,"Applicator, Ent",1,EN,"Ear, Nose, Throat",EN,874.5220,N,N,Eligible,4
KCL,"Blower, Powder, Ent",1,EN,"Ear, Nose, Throat",EN,874.5220,N,N,Eligible,4
KCM,"Dropper, Ent",1,EN,"Ear, Nose, Throat",EN,874.5220,N,N,Eligible,4
KCN,Ear Wick,1,EN,"Ear, Nose, Throat",EN,874.5220,N,N,Eligible,4
KCO,"Nasal Spray, Ent Delivery",1,EN,"Ear, Nose, Throat",EN,874.5220,N,N,Eligible,4
KCP,"Syringe, Ent",1,EN,"Ear, Nose, Throat",EN,874.5220,N,N,Eligible,4
KCQ,Tube Impression And Matrix,1,DE,Dental,DE,872.6570,N,N,Eligible,4
KCR,Facebow,1,DE,Dental,DE,872.3220,N,N,Eligible,4
KCS,Pantograph,1,DE,Dental,DE,872.3730,N,N,Eligible,4
KCT,"Sterilization Wrap Containers, Trays, Cassettes & Other Accessories",2,HO,General Hospital,HO,880.6850,N,N,Eligible,1
KCW,"Epilator, High Frequency, Needle-Type",1,SU,"General, Plastic Surgery",SU,878.5350,N,N,Eligible,4
KCX,"Epilator, High Frequency, Tweezer-Type",1,SU,"General, Plastic Surgery",SU,878.5360,N,N,Eligible,4
KCY,"Tourniquet, Pneumatic",1,SU,"General, Plastic Surgery",SU,878.5910,N,N,Eligible,4
KCZ,"Prosthesis, Breast, External, Used With Adhesive",1,SU,"General, Plastic Surgery",SU,878.3800,N,N,Eligible,4
KDA,"Prosthesis, Ptfe/Carbon-Fiber",2,SU,"General, Plastic Surgery",SU,878.3500,Y,N,Eligible,1
KDC,"Instrument, Surgical, Disposable",1,SU,"General, Plastic Surgery",SU,878.4800,N,N,Eligible,4
KDD,"Kit, Surgical Instrument, Disposable",1,SU,"General, Plastic Surgery",SU,878.4800,N,N,Eligible,4
KDG,Chisel (Osteotome),1,SU,"General, Plastic Surgery",SU,878.4820,N,N,Eligible,4
KDH,"Catheter (Gastric, Colonic, Etc.), Irrigation And Aspiration",2,GU,"Gastroenterology, Urology",GU,876.5980,N,N,Eligible,1
KDI,"Dialyzer, High Permeability With Or Without Sealed Dialysate System",2,GU,"Gastroenterology, Urology",GU,876.5860,N,Y,Ineligible,1
KDJ,"Set, Administration, For Peritoneal Dialysis, Disposable",2,GU,"Gastroenterology, Urology",GU,876.5630,N,Y,Ineligible,1
KDK,"Container, Transport, Kidney",2,GU,"Gastroenterology, Urology",GU,876.5880,N,N,Ineligible,1
KDL,"Set, Perfusion, Kidney, Disposable",2,GU,"Gastroenterology, Urology",GU,876.5880,N,N,Ineligible,1
KDM,"Sigmoidoscope, Rigid, Non-Electrical",2,GU,"Gastroenterology, Urology",GU,876.1500,N,N,Eligible,1
KDN,"System, Perfusion, Kidney",2,GU,"Gastroenterology, Urology",GU,876.5880,N,N,Ineligible,1
KDO,"Rongeur, Cystoscopic, Hot",2,GU,"Gastroenterology, Urology",GU,876.1500,N,N,Eligible,1
KDP,"Regulator, Vacuum",2,HO,General Hospital,HO,880.6740,N,N,Eligible,4
KDQ,"Bottle, Collection, Vacuum",2,HO,General Hospital,HO,880.6740,N,N,Eligible,4
KDT,"Container, Specimen Mailer And Storage, Sterile",1,PA,Pathology,PA,864.3250,N,N,Eligible,4
KDW,"Container, Specimen Mailer And Storage, Temperature Controlled, Sterile",1,PA,Pathology,PA,864.3250,N,N,Eligible,4
KDX,"Solution, Decalcifier, Acid Containing",1,PA,Pathology,PA,864.4010,N,N,Eligible,4
KDY,"Agent, Chelating For Decalcification",1,PA,Pathology,PA,864.4010,N,N,Eligible,4
KDZ,"Device, Decalcifier, Electrolytic",1,PA,Pathology,PA,864.3010,N,N,Eligible,4
KEA,"Resins, Ion-Exchange",1,CH,Clinical Chemistry,TX,862.2230,N,N,Eligible,4
KEE,Osmium Tetroxide,1,PA,Pathology,PA,864.4010,N,N,Eligible,4
KEF,Paraformaldehyde,1,PA,Pathology,IM,864.4010,N,N,Eligible,4
KEG,"Lamps, Microscope",1,PA,Pathology,PA,864.3600,N,N,Eligible,4
KEH,"Micrometers, Microscope",1,PA,Pathology,PA,864.3600,N,N,Eligible,4
KEI,"Condensers, Microscope",1,PA,Pathology,PA,864.3600,N,N,Eligible,4
KEJ,"Stages, Microscope",1,PA,Pathology,PA,864.3600,N,N,Eligible,4
KEL,"Adhesive, Albumin-Based",1,PA,Pathology,PA,864.4010,N,N,Eligible,4
KEM,"Agent, Clearing",1,PA,Pathology,PA,864.4010,N,N,Eligible,4
KEO,"Formulations, Paraffin, All",1,PA,Pathology,PA,864.4010,N,N,Eligible,4
KEP,"Media, Mounting, Oil Soluble",1,PA,Pathology,PA,864.4010,N,N,Eligible,4
KEQ,"Media, Mounting, Water Soluble",1,PA,Pathology,PA,864.4010,N,N,Eligible,4
KER,"Container, Embedding",1,PA,Pathology,PA,864.3010,N,N,Eligible,4
KES,"Coverslips, Microscope Slide",1,PA,Pathology,PA,864.3010,N,N,Eligible,4
KET,"Filters, Cell Collection, Tissue Processing",1,PA,Pathology,PA,864.3010,N,N,Eligible,4
KEW,"Slides, Microscope",1,PA,Pathology,PA,864.3010,N,N,Eligible,4
KEY,"Stainer, Tissue, Automated",1,PA,Pathology,PA,864.3800,N,N,Eligible,4
KFC,"Methylene Blue, Tissue Stain",1,HE,Hematology,PA,864.1850,N,N,Eligible,4
KFD,Aniline Blue,1,HE,Hematology,PA,864.1850,N,N,Eligible,4
KFE,Neutral Red,1,HE,Hematology,PA,864.1850,N,N,Eligible,4
KFF,"Assay, Heparin",2,HE,Hematology,HE,864.7525,N,N,Ineligible,1
KFG,"Antiserum, Positive Control, Aspergillus Spp.",1,MI,Microbiology,MI,866.3040,N,N,Eligible,4
KFH,"Antiserum, Positive Control, Blastomyces Dermatitidis",2,MI,Microbiology,MI,866.3060,N,N,Eligible,4
KFI,"Strip, Virulence, Corynebacterium Diphtheriae",1,MI,Microbiology,MI,866.3140,N,N,Eligible,4
KFJ,"Materials, Repair Or Replacement, Pacemaker",3,CV,Cardiovascular,CV,870.3710,Y,N,Eligible,2
KFK,"Saw, Pneumatically Powered",1,SU,"General, Plastic Surgery",SU,878.4820,N,N,Eligible,4
KFL,"Microtome, Sliding",1,PA,Pathology,PA,864.3010,N,N,Eligible,4
KFM,"Pump, Blood, Cardiopulmonary Bypass, Non-Roller Type",2,CV,Cardiovascular,CV,870.4360,N,N,Eligible,1
KFT,"Assembly, Shoulder/Elbow/Forearm/Wrist/Hand, Mechanical",1,PM,Physical Medicine,PM,890.3420,N,N,Eligible,4
KFW,"Assembly, Shoulder/Elbow/Forearm/Wrist/Hand, Powered",1,PM,Physical Medicine,PM,890.3420,N,N,Eligible,4
KFX,"Assembly, Thigh/Knee/Shank/Ankle/Foot, External",2,PM,Physical Medicine,PM,890.3500,N,N,Eligible,4
KFZ,"Humidifier, Non-Direct Patient Interface (Home-Use)",1,AN,Anesthesiology,AN,868.5460,N,N,Eligible,4
KGB,"Mask, Oxygen, Non-Rebreathing",1,AN,Anesthesiology,AN,868.5570,N,N,Eligible,4
KGC,"Tube, Gastro-Enterostomy",2,GU,"Gastroenterology, Urology",GU,876.5980,N,N,Eligible,1
KGD,Scissors For Cystoscope,2,GU,"Gastroenterology, Urology",GU,876.1500,N,N,Ineligible,1
KGE,"Forceps, Biopsy, Electric",2,GU,"Gastroenterology, Urology",GU,876.4300,N,N,Eligible,1
KGF,"Adhesive, Tissue For Aneurysmorrhaphy",3,,Unknown,NE,,Y,N,Ineligible,2
KGG,Tissue Adhesive For Use In Embolization Of Brain Arteriovenous Malformations,3,,Unknown,NE,,N,N,Ineligible,2
KGH,"Unit, Wrist, External Limb Component, Powered",1,PM,Physical Medicine,PM,890.3420,N,N,Eligible,4
KGI,"Densitometer, Bone",2,RA,Radiology,RA,892.1170,N,N,Eligible,1
KGK,"Gas, Collecting Vessel",1,AN,Anesthesiology,AN,868.1575,N,N,Eligible,4
KGL,"Cabinet, Phototherapy (Puva)",2,SU,"General, Plastic Surgery",SU,878.4630,N,N,Eligible,1
KGM,"Silicone, Liquid, Injectable",3,,Unknown,SU,,N,N,Ineligible,2
KGN,Wound Dressing With Animal-Derived Material(S),U,,Unknown,SU,,Y,N,Ineligible,1
KGO,Surgeon'S Gloves,1,SU,"General, Plastic Surgery",HO,878.4460,N,N,Eligible,1
KGQ,"Cream, Gloving, Surgeon'S",1,SU,"General, Plastic Surgery",HO,878.4470,N,N,Eligible,4
KGS,"Retention Device, Suture",1,SU,"General, Plastic Surgery",SU,878.4930,N,N,Eligible,4
KGT,"Drape, Adhesive, Aerosol",1,SU,"General, Plastic Surgery",HO,878.4380,N,N,Eligible,4
KGW,"Ring (Wound Protector), Drape Retention, Internal",2,SU,"General, Plastic Surgery",SU,878.4370,N,N,Eligible,4
KGX,"Tape And Bandage, Adhesive",1,HO,General Hospital,SU,880.5240,N,N,Eligible,4
KGY,"Bag, Intestine",1,SU,"General, Plastic Surgery",SU,878.4100,N,N,Eligible,4
KGZ,"Accessories, Catheter",1,SU,"General, Plastic Surgery",SU,878.4200,N,N,Eligible,4
KHA,"Mask, Scavenging",1,AN,Anesthesiology,AN,868.5590,N,N,Eligible,4
KHE,"Reagent, Occult Blood",2,HE,Hematology,HE,864.6550,N,N,Eligible,1
KHF,Adenine Nucleotide Quantitation,1,HE,Hematology,HE,864.7040,N,N,Eligible,4
KHG,Whole Blood Hemoglobin Determination,2,HE,Hematology,HE,864.7500,N,N,Eligible,1
KHH,"Stimulator, Caloric-Air",1,EN,"Ear, Nose, Throat",EN,874.1800,N,N,Eligible,4
KHJ,"Polymer, Ent Synthetic-Polyamide (Mesh Or Foil Material)",2,EN,"Ear, Nose, Throat",EN,874.3620,Y,N,Eligible,1
KHL,"Hearing Aid, Master",2,EN,"Ear, Nose, Throat",EN,874.3330,N,N,Eligible,4
KHM,"Nephelometric, Amylase",2,CH,Clinical Chemistry,CH,862.1070,N,N,Eligible,1
KHO,"Fluorometer, For Clinical Use",1,CH,Clinical Chemistry,CH,862.2560,N,N,Eligible,4
KHP,"Acid, Lactic, Enzymatic Method",1,CH,Clinical Chemistry,CH,862.1450,N,N,Eligible,4
KHQ,"Radioassay, Triiodothyronine Uptake",2,CH,Clinical Chemistry,CH,862.1715,N,N,Eligible,4
KHR,"Absorber, Saliva, Paper",1,DE,Dental,DE,872.6050,N,N,Eligible,4
KHS,"Enzymatic, Carbon-Dioxide",2,CH,Clinical Chemistry,CH,862.1160,N,N,Eligible,1
KHT,"Fraction V, Antigen, Antiserum, Control",1,IM,Immunology,IM,866.5370,N,N,Eligible,4
KHW,"Antigen, Id, Ha, Cep, Entamoeba Histolytica & Rel. Spp.",2,MI,Microbiology,MI,866.3220,N,N,Eligible,4
KHX,"Platform, Force-Measuring",1,PM,Physical Medicine,PM,890.1575,N,N,Eligible,4
KHY,"Cane, Safety Walk",1,PM,Physical Medicine,PM,890.3075,N,N,Eligible,4
KIA,"Cover, Cast",1,HO,General Hospital,HO,880.6185,N,N,Eligible,4
KIC,"Cushion, Flotation",1,PM,Physical Medicine,PM,890.3175,N,N,Eligible,4
KID,"Restraint, Wheelchair, Non-Protective",1,PM,Physical Medicine,PM,890.3910,N,N,Eligible,4
KIE,"Apparatus, High Pressure Liquid Chromatography",1,CH,Clinical Chemistry,TX,862.2260,N,N,Eligible,4
KIF,"Resin, Root Canal Filling",2,DE,Dental,DE,872.3820,N,N,Eligible,1
KIG,"Prosthesis, Wrist, Constrained, Polymer",2,OR,Orthopedic,OR,888.3780,Y,N,Eligible,1
KIH,"Dispenser, Cement",1,OR,Orthopedic,OR,888.4200,N,N,Eligible,4
KII,"Tube, Cement Ventilation",1,OR,Orthopedic,OR,888.4230,N,N,Eligible,4
KIJ,"Instrument, Surgical, Orthopedic, Dc-Powered Motor And Accessory/Attachment",1,SU,"General, Plastic Surgery",OR,878.4820,N,N,Eligible,4
KIK,"Hook, Bone",1,SU,"General, Plastic Surgery",SU,878.4800,N,N,Eligible,4
KIL,"Positioner, Socket",1,OR,Orthopedic,OR,888.4540,N,N,Eligible,4
KIM,Device For Sealing Microsections,1,PA,Pathology,PA,864.3400,N,N,Eligible,4
KIN,"Slide Stainer, Contact Type",1,PA,Pathology,PA,864.3800,N,N,Eligible,4
KIO,"Slide Stainer, Immersion Type",1,PA,Pathology,PA,864.3800,N,N,Eligible,4
KIP,"Formulations, Balanced Salt Solutions",1,HE,Hematology,PA,864.2875,N,N,Eligible,4
KIQ,"Kit, Culture, Chromosome",1,HE,Hematology,PA,864.2260,N,N,Eligible,4
KIR,"Cells, Animal And Human, Cultured",1,HE,Hematology,PA,864.2280,N,N,Eligible,4
KIS,"Sera, Animal And Human",1,HE,Hematology,PA,864.2800,N,N,Eligible,4
KIT,"Media And Components, Synthetic Cell And Tissue Culture",1,HE,Hematology,PA,864.2220,N,N,Eligible,4
KIW,"Kit, Mycoplasma Detection",1,HE,Hematology,PA,864.2360,N,N,Eligible,4
KIX,"Media, Mycoplasma Detection",1,HE,Hematology,PA,864.2360,N,N,Eligible,4
KIY,"Chamber, Slide Culture",1,HE,Hematology,PA,864.2240,N,N,Eligible,4
KIZ,"Dish, Tissue Culture",1,HE,Hematology,PA,864.2240,N,N,Eligible,4
KJA,"Flask, Tissue Culture",1,HE,Hematology,PA,864.2240,N,N,Eligible,4
KJB,"Apparatus, Roller",1,HE,Hematology,PA,864.2240,N,N,Eligible,4
KJC,"Bottle, Roller, Tissue Culture",1,HE,Hematology,PA,864.2240,N,N,Eligible,4
KJD,"Spinner, Flask",1,HE,Hematology,PA,864.2240,N,N,Eligible,4
KJE,"Spinner System, Cell Culture",1,HE,Hematology,PA,864.2240,N,N,Eligible,4
KJF,"System, Suspension, Cell Culture",1,HE,Hematology,PA,864.2240,N,N,Eligible,4
KJG,"Tube, Tissue Culture",1,PA,Pathology,PA,864.3010,N,N,Eligible,4
KJH,"Apparatus, Perfusion",1,HE,Hematology,PA,864.2240,N,N,Eligible,4
KJI,"Radioimmunoassay, Kanamycin",2,TX,Clinical Toxicology,TX,862.3520,N,N,Eligible,1
KJJ,"Cleanser, Root Canal",U,,Unknown,DE,,N,N,Eligible,1
KJK,Auramine O,1,HE,Hematology,PA,864.1850,N,N,Eligible,4
KJL,Azure C,1,HE,Hematology,PA,864.1850,N,N,Eligible,4
KJM,Bismarck Brown Y,1,HE,Hematology,PA,864.1850,N,N,Eligible,4
KJN,Brilliant Cresyl Blue,1,HE,Hematology,PA,864.1850,N,N,Eligible,4
KJO,Brilliant Green,1,HE,Hematology,PA,864.1850,N,N,Eligible,4
KJP,Carmine,1,HE,Hematology,PA,864.1850,N,N,Eligible,4
KJQ,Chlorazol Black E,1,HE,Hematology,PA,864.1850,N,N,Eligible,4
KJR,Erythrosin B,1,HE,Hematology,PA,864.1850,N,N,Eligible,4
KJS,Ethyl Eosin,1,HE,Hematology,PA,864.1850,N,N,Eligible,4
KJT,Indigocarmine,1,HE,Hematology,PA,864.1850,N,N,Eligible,4
KJW,Janus Green B,1,HE,Hematology,PA,864.1850,N,N,Eligible,4
KJX,Jenner Stain,1,HE,Hematology,PA,864.1850,N,N,Eligible,4
KJY,Malachite Green,1,HE,Hematology,PA,864.1850,N,N,Eligible,4
KJZ,Martius Yellow,1,HE,Hematology,PA,864.1850,N,N,Eligible,4
KKA,Methyl Orange,1,HE,Hematology,PA,864.1850,N,N,Eligible,4
KKB,Methyl Violet 2b,1,HE,Hematology,PA,864.1850,N,N,Eligible,4
KKC,Methylene Violet,1,HE,Hematology,PA,864.1850,N,N,Eligible,4
KKD,Nigrosin,1,HE,Hematology,PA,864.1850,N,N,Eligible,4
KKE,Orange Ii,1,HE,Hematology,PA,864.1850,N,N,Eligible,4
KKF,Orcein,1,HE,Hematology,PA,864.1850,N,N,Eligible,4
KKG,Protargol S,1,HE,Hematology,PA,864.1850,N,N,Eligible,4
KKH,"Tablet, Resazurin",1,HE,Hematology,PA,864.1850,N,N,Eligible,4
KKI,Rose Bengal,1,HE,Hematology,PA,864.1850,N,N,Eligible,4
KKJ,Sudan Iii,1,HE,Hematology,PA,864.1850,N,N,Eligible,4
KKK,Sudan Iv,1,HE,Hematology,PA,864.1850,N,N,Eligible,4
KKL,Thionin,1,HE,Hematology,PA,864.1850,N,N,Eligible,4
KKM,Methylene Blue Thiocyanate,1,HE,Hematology,PA,864.1850,N,N,Eligible,4
KKO,"Ring, Teething, Fluid-Filled",2,DE,Dental,DE,872.5550,N,N,Eligible,4
KKP,"Solution, Silver Carbonate",1,HE,Hematology,PA,864.1850,N,N,Eligible,4
KKQ,Sodium Periodate,1,HE,Hematology,PA,864.1850,N,N,Eligible,4
KKR,Potassium Periodate,1,HE,Hematology,PA,864.1850,N,N,Eligible,4
KKS,"Acid, Periodic",1,HE,Hematology,PA,864.1850,N,N,Eligible,4
KKT,"Hematoxylin, Ehrlich'S",1,HE,Hematology,PA,864.1850,N,N,Eligible,4
KKW,Basic Fuchsin,1,HE,Hematology,PA,864.1850,N,N,Eligible,4
KKX,"Drape, Surgical, Antimicrobial",2,SU,"General, Plastic Surgery",HO,878.4370,N,N,Eligible,1
KKY,"Material, Polytetrafluoroethylene Vitreous Carbon, For Maxillofacial Reconstruction",2,SU,"General, Plastic Surgery",SU,878.3500,Y,N,Eligible,1
KLA,"Monitor, Esophageal Motility, Anorectal Motility, And Tube",2,GU,"Gastroenterology, Urology",GU,876.1725,N,N,Eligible,1
KLB,"Radioimmunoassay, Tobramycin",2,TX,Clinical Toxicology,TX,862.3900,N,N,Eligible,1
KLC,"Chair, Dental, With Operative Unit",1,DE,Dental,DE,872.6250,N,N,Eligible,1
KLE,"Agent, Tooth Bonding, Resin",2,DE,Dental,DE,872.3200,N,N,Eligible,1
KLH,"Antisera, C. Acnes",1,MI,Microbiology,MI,866.3140,N,N,Eligible,4
KLI,"Enzyme Immunoassay, Non-Radiolabeled, Total Thyroxine",2,CH,Clinical Chemistry,CH,862.1700,N,N,Eligible,4
KLJ,"Nad Reduction (U.V.), Phosphohexose Isomerase",1,CH,Clinical Chemistry,CH,862.1570,N,N,Eligible,4
KLK,"Monitor, Oxygen, Cutaneous, For Infant Not Under Gas Anesthesia",2,AN,Anesthesiology,AN,868.2500,N,N,Eligible,4
KLN,"Radioimmunoassay, Cocaine Metabolite",2,TX,Clinical Toxicology,TX,862.3250,N,N,Eligible,1
KLO,"Enzymatic Radiochemical Assay, Gentamicin",2,TX,Clinical Toxicology,TX,862.3450,N,N,Eligible,1
KLP,Amikacin Serum Assay,2,TX,Clinical Toxicology,TX,862.3035,N,N,Eligible,1
KLQ,"Radioimmunoassay, Amikacin",2,TX,Clinical Toxicology,TX,862.3035,N,N,Eligible,1
KLR,"Enzyme Immunoassay, Lidocaine",2,TX,Clinical Toxicology,TX,862.3555,N,N,Eligible,1
KLS,"Enzyme Immunoassay, Theophylline",2,TX,Clinical Toxicology,TX,862.3880,N,N,Eligible,1
KLT,"Enzyme Immunoassay, Carbamazepine",2,TX,Clinical Toxicology,TX,862.3645,N,N,Eligible,1
KLW,"Masker, Tinnitus",2,EN,"Ear, Nose, Throat",EN,874.3400,N,N,Eligible,1
KLX,Electroglottograph,2,EN,"Ear, Nose, Throat",EN,874.1325,N,N,Eligible,4
KLZ,"Tube, Shunt, Endolymphatic With Valve",2,EN,"Ear, Nose, Throat",EN,874.3850,Y,N,Eligible,1
KMA,"Irrigator, Powered Nasal",1,EN,"Ear, Nose, Throat",EN,874.5550,N,N,Eligible,4
KMB,"Prosthesis, Knee, Non-Constrained (Metal-Carbon Reinforced Polyethylene) Cemented",2,OR,Orthopedic,OR,888.3490,Y,N,Eligible,1
KMC,"Prosthesis, Hip, Semi-Constrained,  Composite/Metal",2,OR,Orthopedic,OR,888.3340,Y,N,Eligible,1
KMD,"Prosthesis, Ankle, Semi-Constrained, Cemented, Metal/Composite",2,OR,Orthopedic,OR,888.3100,Y,N,Eligible,1
KME,"Bedding, Disposable, Medical",1,HO,General Hospital,HO,880.6060,N,N,Eligible,4
KMF,"Bandage, Liquid",1,HO,General Hospital,SU,880.5090,N,N,Eligible,1
KMG,"Purifier, Water, Ultraviolet, Medical",2,HO,General Hospital,HO,880.6710,N,N,Eligible,4
KMH,"Sterilizer, Dry Heat",2,HO,General Hospital,HO,880.6870,N,N,Eligible,1
KMI,"Monitor, Bed Patient",1,HO,General Hospital,HO,880.2400,N,N,Eligible,4
KMJ,"Lubricant, Patient",1,HO,General Hospital,HO,880.6375,N,N,Eligible,4
KMK,"Device, Intravascular Catheter Securement",1,HO,General Hospital,HO,880.5210,N,N,Eligible,4
KMN,"Chair And Table, Medical",1,HO,General Hospital,HO,880.6140,N,N,Eligible,4
KMO,"Binder, Elastic",1,HO,General Hospital,HO,880.5160,N,N,Eligible,4
KMS,"Phenolphthalein Colorimetry, Carbon-Dioxide",2,CH,Clinical Chemistry,CH,862.1160,N,N,Eligible,1
KMT,"Tray, Fluoride, Disposable",1,DE,Dental,DE,872.6870,N,N,Eligible,4
KMW,"Handpiece, Rotary Bone Cutting",2,DE,Dental,DE,872.4120,N,N,Eligible,1
KMY,"Positioner, Tooth, Preformed",1,DE,Dental,DE,872.5525,N,N,Eligible,4
KNA,"Instrument, Manual, Specialized Obstetric-Gynecologic",2,OB,Obstetrics/Gynecology,OB,884.4530,N,N,Eligible,1
KNB,"Instrument, Destructive, Fetal, Obstetric",2,OB,Obstetrics/Gynecology,OB,884.4500,N,N,Ineligible,1
KNC,"Table, Obstetric (And Accessories)",2,OB,Obstetrics/Gynecology,OB,884.4900,N,N,Eligible,4
KND,"Heater, Perineal",2,OB,Obstetrics/Gynecology,OB,884.5390,N,N,Eligible,4
KNE,"Set, Anesthesia, Obstetric",2,OB,Obstetrics/Gynecology,OB,884.5100,N,N,Eligible,1
KNF,"Coagulator-Cutter, Endoscopic, Unipolar (And Accessories)",2,OB,Obstetrics/Gynecology,OB,884.4160,N,N,Eligible,1
KNG,"Monitor, Ultrasonic, Fetal",2,OB,Obstetrics/Gynecology,OB,884.2660,N,N,Ineligible,1
KNH,Laparoscopic Contraceptive Tubal Occlusion Device,3,OB,Obstetrics/Gynecology,OB,884.5380,Y,N,Ineligible,2
KNK,"Acid, Uric, Uricase (Colorimetric)",1,CH,Clinical Chemistry,CH,862.1775,N,N,Eligible,4
KNL,"Board, Scooter, Prone",1,PM,Physical Medicine,PM,890.5370,N,N,Eligible,4
KNM,"Device, Pressure Applying",1,PM,Physical Medicine,PM,890.5765,N,N,Eligible,4
KNN,"Components, Wheelchair",1,PM,Physical Medicine,PM,890.3920,N,N,Eligible,4
KNO,"Accessories, Wheelchair",1,PM,Physical Medicine,PM,890.3910,N,N,Eligible,4
KNP,"Orthosis, Corrective Shoe",1,PM,Physical Medicine,PM,890.3475,N,N,Eligible,4
KNQ,"Dilator, Esophageal",2,GU,"Gastroenterology, Urology",GU,876.5365,N,N,Eligible,4
KNR,"Adapter, A-V Shunt Or Fistula",2,GU,"Gastroenterology, Urology",GU,876.5540,Y,N,Eligible,1
KNS,"Unit, Electrosurgical, Endoscopic (With Or Without Accessories)",2,GU,"Gastroenterology, Urology",GU,876.4300,N,N,Eligible,1
KNT,"Tubes, Gastrointestinal (And Accessories)",2,GU,"Gastroenterology, Urology",GU,876.5980,N,N,Ineligible,1
KNW,"Instrument, Biopsy",2,GU,"Gastroenterology, Urology",SU,876.1075,N,N,Eligible,1
KNX,"Collector, Urine, (And Accessories) For Indwelling Catheter",2,GU,"Gastroenterology, Urology",GU,876.5250,N,N,Eligible,4
KNY,"Accessories, Catheter, G-U",2,GU,"Gastroenterology, Urology",GU,876.5130,N,N,Eligible,1
KNZ,"Accessories, A-V Shunt",2,GU,"Gastroenterology, Urology",GU,876.5540,Y,N,Eligible,1
KOA,"Surgical Instruments, G-U, Manual (And Accessories)",1,GU,"Gastroenterology, Urology",GU,876.4730,N,N,Eligible,4
KOB,"Catheter, Suprapubic (And Accessories)",2,GU,"Gastroenterology, Urology",GU,876.5090,Y,N,Eligible,1
KOC,"Accessories, Blood Circuit, Hemodialysis",2,GU,"Gastroenterology, Urology",GU,876.5820,N,Y,Ineligible,1
KOD,"Catheter, Urological",2,GU,"Gastroenterology, Urology",GU,876.5130,N,N,Eligible,1
KOE,"Dilator, Urethral",2,GU,"Gastroenterology, Urology",GU,876.5520,N,N,Eligible,4
KOH,"Instrument, Manual, General Obstetric-Gynecologic",1,OB,Obstetrics/Gynecology,OB,884.4520,N,N,Eligible,4
KOI,"Stimulator, Nerve, Peripheral, Electric",2,AN,Anesthesiology,AN,868.2775,N,N,Eligible,1
KOJ,Airbrush,2,DE,Dental,DE,872.6080,N,N,Eligible,1
KOK,"Sterilizer, Endodontic Dry Heat",3,DE,Dental,DE,872.6730,N,N,Eligible,2
KOL,"Adhesive, Denture, Carboxymethylcellulose Sodium (32%) And Ethylene-Oxide Homopolymer",1,DE,Dental,DE,872.3410,N,N,Eligible,4
KOM,"Adhesive, Denture, Acacia And Karaya With Sodium Borate",1,DE,Dental,DE,872.3400,N,N,Eligible,4
KON,"Adhesive, Denture, Polyacrylamide Polymer (Modified Cationic)",3,DE,Dental,DE,872.3480,N,N,Eligible,2
KOO,"Adhesive, Denture, Polyvinyl Methylether Maleic Acid Calcium-Sodium Double Salt",1,DE,Dental,DE,872.3490,N,N,Eligible,4
KOP,"Adhesive, Denture, Karaya",1,DE,Dental,DE,872.3450,N,N,Eligible,4
KOQ,"Adhesive, Denture, Carboxymethylcellulose Sodium (40-100&)",1,DE,Dental,DE,872.3410,N,N,Eligible,4
KOR,"Adhesive, Denture, Karaya With Sodium Borate",3,DE,Dental,DE,872.3400,N,N,Eligible,2
KOS,"Adhesive, Denture, Carboxymethylcellulose Sodium And Cationic Polyacrylamide Polymer",3,DE,Dental,DE,872.3420,N,N,Eligible,2
KOT,Carboxymethylcellulose Sodium Or Polyvinyl Methylether Maleic Acid Calcium-Sodium,1,DE,Dental,DE,872.3490,N,N,Eligible,4
KOX,"Solvent, Adhesive Tape",1,SU,"General, Plastic Surgery",SU,878.4730,N,N,Eligible,4
KOY,"Degreaser, Skin, Surgical",1,SU,"General, Plastic Surgery",SU,878.4730,N,N,Eligible,4
KOZ,"Beads, Hydrophilic, For Wound Exudate Absorption",1,SU,"General, Plastic Surgery",SU,878.4018,N,N,Eligible,4
KPA,"Slide Stainer, Automated",1,PA,Pathology,PA,864.3800,N,N,Eligible,4
KPB,"Media And Components, Mycoplasma Detection",1,HE,Hematology,PA,864.2360,N,N,Eligible,4
KPD,"Strip, Temperature, Forehead, Liquid Crystal",2,HO,General Hospital,HO,880.2200,N,N,Eligible,4
KPE,"Container, I.V.",2,HO,General Hospital,HO,880.5025,N,N,Eligible,1
KPF,"System, Dialysate Delivery, Semi-Automatic, Peritoneal",2,GU,"Gastroenterology, Urology",GU,876.5630,N,Y,Ineligible,1
KPH,"Catheter, Rectal For Continent Ileostomy",1,GU,"Gastroenterology, Urology",GU,876.5030,N,N,Eligible,4
KPI,"Stimulator, Electrical, Non-Implantable, For Incontinence",2,GU,"Gastroenterology, Urology",GU,876.5320,N,N,Eligible,1
KPJ,"Chamber, Oxygen, Topical, Extremity",2,SU,"General, Plastic Surgery",SU,878.5650,N,N,Eligible,1
KPK,"Marker, Ostia, Aorto-Saphenous Vein",2,SU,"General, Plastic Surgery",CV,878.4650,Y,N,Eligible,1
KPL,Colonic Irrigation System,2,GU,"Gastroenterology, Urology",GU,876.5220,N,N,Eligible,1
KPM,"Shunt, Peritoneal",2,GU,"Gastroenterology, Urology",GU,876.5955,Y,N,Ineligible,1
KPN,"Alarm, Conditioned Response Enuresis",2,GU,"Gastroenterology, Urology",GU,876.2040,N,N,Ineligible,4
KPO,Dialysate Concentrate For Hemodialysis (Liquid Or Powder),2,GU,"Gastroenterology, Urology",GU,876.5820,N,Y,Ineligible,1
KPP,Peritoneal Dialysate Filter,2,GU,"Gastroenterology, Urology",GU,876.5630,N,Y,Eligible,1
KPQ,"System, Simulation, Radiation Therapy",2,RA,Radiology,RA,892.5840,N,N,Eligible,1
KPR,"System, X-Ray, Stationary",2,RA,Radiology,RA,892.1680,N,N,Eligible,1
KPS,"System, Tomography, Computed, Emission",2,RA,Radiology,RA,892.1200,N,N,Eligible,1
KPT,"Calibrator, Dose, Radionuclide",2,RA,Radiology,RA,892.1360,N,N,Eligible,1
KPW,"Device, Beam Limiting, X-Ray, Diagnostic",2,RA,Radiology,RA,892.1610,N,N,Eligible,4
KPX,"Changer, Radiographic Film/Cassette",2,RA,Radiology,RA,892.1860,N,N,Eligible,4
KPY,"Shield, Protective, Personnel",1,RA,Radiology,RA,892.6500,N,N,Eligible,4
KPZ,"Generator, High Voltage, X-Ray, Therapeutic",2,RA,Radiology,RA,892.5900,N,N,Eligible,1
KQA,"Device, Beam Limiting, X-Ray, Therapeutic",2,RA,Radiology,RA,892.5900,N,N,Eligible,1
KQC,"Stains, Hematology",1,HE,Hematology,PA,864.1850,N,N,Eligible,4
KQE,"Assay, Erythrocytic Glucose-6-Phosphate Dehydrogenase",2,HE,Hematology,HE,864.7360,N,N,Eligible,1
KQF,"Assay, Glutathione Reductase",2,HE,Hematology,HE,864.7375,N,N,Eligible,4
KQG,"Instrument, Coagulation",2,HE,Hematology,HE,864.5400,N,N,Eligible,1
KQH,Red-Cell Indices,2,HE,Hematology,HE,864.5300,N,N,Eligible,1
KQI,"Assay, Fetal Hemoglobin",2,HE,Hematology,HE,864.7455,N,N,Eligible,1
KQJ,"System, Fibrinogen Determination",2,HE,Hematology,HE,864.7340,N,N,Eligible,1
KQL,"Tube, Tympanostomy With Semi-Permeable Membrane",2,EN,"Ear, Nose, Throat",EN,874.3930,Y,N,Eligible,1
KQM,"Camera, Surgical And Accessories",1,SU,"General, Plastic Surgery",SU,878.4160,N,N,Eligible,4
KQN,"Radioassay, Angiotensin Converting Enzyme",2,CH,Clinical Chemistry,CH,862.1090,N,N,Eligible,4
KQO,Automated Urinalysis System,1,CH,Clinical Chemistry,CH,862.2900,N,N,Eligible,4
KQP,"Fluorescent Proc. (Qual.), Galactose-1-Phosphate Uridyl Transferase",2,CH,Clinical Chemistry,CH,862.1315,N,N,Eligible,1
KQQ,"Tubing, Dialysate (And Connector)",2,GU,"Gastroenterology, Urology",GU,876.5820,N,Y,Eligible,1
KQR,"Detector, Air Or Foam",2,GU,"Gastroenterology, Urology",GU,876.5820,N,Y,Eligible,1
KQS,"Table, Cystometric, Non-Electric And Accessories",1,GU,"Gastroenterology, Urology",GU,876.4890,N,N,Eligible,4
KQT,"Evacuator, Gastro-Urology",2,GU,"Gastroenterology, Urology",GU,876.4370,N,N,Eligible,4
KQW,"Goniometer, Nonpowered",1,OR,Orthopedic,NE,888.1520,N,N,Eligible,4
KQX,"Goniometer, Ac-Powered",1,OR,Orthopedic,NE,888.1500,N,N,Eligible,4
KQZ,"Component, Traction, Non-Invasive",1,OR,Orthopedic,OR,888.5890,N,N,Eligible,4
KRA,"Catheter, Continuous Flush",2,CV,Cardiovascular,CV,870.1210,N,N,Eligible,1
KRB,"Probe, Thermodilution",2,CV,Cardiovascular,CV,870.1915,N,N,Eligible,1
KRC,"Tester, Electrode, Surface, Electrocardiographic",2,CV,Cardiovascular,CV,870.2370,N,N,Eligible,1
KRD,"Device, Vascular, For Promoting Embolization",2,CV,Cardiovascular,CV,870.3300,Y,N,Eligible,1
KRE,"Analyzer, Pacemaker Generator Function, Indirect",2,CV,Cardiovascular,CV,870.3640,N,N,Eligible,1
KRF,"Charger, Pacemaker",1,CV,Cardiovascular,CV,870.3670,N,N,Eligible,4
KRG,"Programmer, Pacemaker",3,CV,Cardiovascular,CV,870.3700,N,N,Eligible,2
KRH,"Ring, Annuloplasty",2,CV,Cardiovascular,CV,870.3800,Y,N,Eligible,1
KRI,"Accessory Equipment, Cardiopulmonary Bypass",1,CV,Cardiovascular,CV,870.4200,N,N,Eligible,4
KRJ,"Filter, Prebypass, Cardiopulmonary Bypass",2,CV,Cardiovascular,CV,870.4280,N,N,Eligible,4
KRK,"Manometer, Blood-Pressure, Venous",2,CV,Cardiovascular,CV,870.1140,N,N,Eligible,1
KRL,"Detector, Bubble, Cardiopulmonary Bypass",2,CV,Cardiovascular,CV,870.4205,N,N,Eligible,1
KRN,Metal Cemented Constrained Femorotibial Knee Prosthesis,3,OR,Orthopedic,OR,888.3480,Y,N,Eligible,2
KRO,"Prosthesis, Knee, Femorotibial, Constrained, Cemented, Metal/Polymer",2,OR,Orthopedic,OR,888.3510,Y,N,Eligible,1
KRP,"Prosthesis, Knee, Patello/Femorotibial, Constrained, Cemented, Polymer/Metal/Metal",3,OR,Orthopedic,OR,888.3550,Y,N,Eligible,2
KRQ,"Prosthesis, Knee, Patello/Femorotibial, Constrained, Cemented, Polymer/Metal/Polymer",2,OR,Orthopedic,OR,888.3550,Y,N,Eligible,1
KRR,"Prosthesis, Knee, Patello/Femoral, Semi-Constrained, Cemented, Metal/Polymer",2,OR,Orthopedic,OR,888.3540,Y,N,Eligible,1
KRS,"Prosthesis, Knee, Hemi-, Femoral (Uncemented)",3,OR,Orthopedic,OR,888.3570,Y,N,Eligible,2
KRX,Calibrator For Cell Indices,2,HE,Hematology,HE,864.8150,N,N,Eligible,4
KRY,Calibrator For Platelet Counting,2,HE,Hematology,HE,864.8175,N,N,Eligible,4
KRZ,Calibrator For Hemoglobin And Hematocrit Measurement,2,HE,Hematology,HE,864.8165,N,N,Eligible,4
KSA,Calibrator For Red-Cell And White-Cell Counting,2,HE,Hematology,HE,864.8185,N,N,Eligible,4
KSB,"Set, Transfer (Blood/Plasma)",2,HE,Hematology,HE,864.9875,N,N,Eligible,1
KSD,"Device, Heat-Sealing",1,HE,Hematology,HE,864.9750,N,N,Eligible,4
KSE,"Refrigerator, Freezer, Blood Storage",2,HE,Hematology,HE,864.9700,N,N,Eligible,4
KSF,"Kit, Quality Control For Blood Banking Reagents",2,HE,Hematology,HE,864.9650,N,N,Eligible,1
KSG,"Media, Potentiating For In Vitro Diagnostic Use",2,HE,Hematology,HE,864.9600,N,N,Eligible,4
KSH,"Chamber, Environmental For The Storage Of Platelet Concentrate",2,HE,Hematology,HE,864.9575,N,N,Eligible,4
KSI,Lectins And Protectins,2,HE,Hematology,HE,864.9550,N,N,Eligible,4
KSJ,"System, Identification, Hepatitis B Antigen",3,,Unknown,HE,,N,N,Ineligible,2
KSK,"Solution, Stabilized Enzyme",2,HE,Hematology,HE,864.9400,N,N,Eligible,4
KSL,"Solution, Copper Sulfate For Specific Gravity Determinations",1,HE,Hematology,HE,864.9320,N,N,Eligible,4
KSM,"System, Test, Combs, Automated",2,HE,Hematology,HE,864.9300,N,N,Eligible,1
KSN,"Centrifuge, Cell-Washing, Automated For Immuno-Hematology",2,HE,Hematology,HE,864.9285,N,N,Eligible,1
KSO,"Centrifuge, Blood-Bank For In Vitro Diagnostic Use",1,HE,Hematology,HE,864.9275,N,N,Eligible,4
KSP,"Apparatus, Cell-Freezing And Reagents",1,HE,Hematology,HE,864.9225,N,N,Eligible,4
KSQ,"Device, Blood Mixing And Blood Weighing",1,HE,Hematology,HE,864.9195,N,N,Eligible,4
KSR,"Container, Empty, For Collection & Processing Of Blood & Blood Components",2,HE,Hematology,HE,864.9100,N,N,Eligible,1
KSS,"Supplies, Blood-Bank",1,HE,Hematology,HE,864.9050,N,N,Eligible,1
KST,"System, Blood Collection, Vacuum-Assisted, Manual",1,HE,Hematology,HE,864.9125,N,N,Eligible,4
KSW,"System, Processing For Frozen Blood",2,HE,Hematology,HE,864.9145,N,N,Eligible,1
KSX,"Substance, Blood Grouping Of Non-Human Origin For In Vitro Diagnostic Use",2,HE,Hematology,HE,864.9160,N,N,Eligible,4
KSY,"Boxes, View, Blood Grouping",1,HE,Hematology,HE,864.9185,N,N,Eligible,4
KSZ,"System, Test, Automated Blood Grouping And Antibody",2,HE,Hematology,HE,864.9175,N,N,Eligible,1
KTA,"Medium, Contrast, Radiologic",U,,Unknown,RA,,N,N,Eligible,1
KTB,"Device, Iontophoresis, Specific Uses",2,PM,Physical Medicine,PM,890.5525,N,N,Eligible,1
KTC,"Bath, Sitz, Nonpowered",1,PM,Physical Medicine,PM,890.5125,N,N,Eligible,4
KTD,"Orthosis, Abdominal",1,PM,Physical Medicine,PM,890.3490,N,N,Eligible,4
KTE,"Trocar, Ent",1,EN,"Ear, Nose, Throat",EN,874.4420,N,N,Eligible,4
KTF,"Punch, Ent",1,EN,"Ear, Nose, Throat",EN,874.4420,N,N,Eligible,4
KTG,"Knife, Ent",1,EN,"Ear, Nose, Throat",EN,874.4420,N,N,Eligible,4
KTH,"Device, Anti-Stammering",1,EN,"Ear, Nose, Throat",EN,874.5840,N,N,Eligible,4
KTI,Bronchoscope Accessory,2,EN,"Ear, Nose, Throat",EN,874.4680,N,N,Ineligible,1
KTJ,"System, Test, Alpha-Fetoprotein, Ria",3,,Unknown,IM,,N,N,Ineligible,2
KTK,"Reagent, Immunoassay, Carbonic Anhydrase B And C",1,IM,Immunology,HE,866.5200,N,N,Eligible,4
KTL,Anti-Dna Indirect Immunofluorescent Solid Phase,2,IM,Immunology,IM,866.5100,N,N,Eligible,1
KTM,C3-Indirect Immunofluorescent Solid Phase,2,IM,Immunology,IM,866.5240,N,N,Eligible,1
KTN,"System, Test, Infectious Mononucleosis",2,IM,Immunology,MI,866.5640,N,N,Eligible,1
KTO,"Reagent, Immunoassay, Igg",1,IM,Immunology,IM,866.5530,N,N,Eligible,4
KTP,Complement C3b Activator Immunoassay Reagents,2,IM,Immunology,IM,866.5260,N,N,Eligible,1
KTQ,"Reagent, Complement",1,IM,Immunology,IM,866.4100,N,N,Eligible,4
KTR,"Tube, Aspirating, Bronchoscope, Rigid",2,EN,"Ear, Nose, Throat",EN,874.4680,N,N,Ineligible,1
KTS,Second Antibody (Species Specific Anti-Animal Gamma Globulin),2,IM,Immunology,IM,866.5510,N,N,Eligible,1
KTT,"Appliance, Fixation, Nail/Blade/Plate Combination, Multiple Component",2,OR,Orthopedic,OR,888.3030,Y,N,Eligible,1
KTW,"Appliance, Fixation, Nail/Blade/Plate Combination, Single Component",2,OR,Orthopedic,OR,888.3030,Y,N,Eligible,1
KTX,"Prosthesis, Knee, Femorotibial, Non-Constrained, Metal/Composite Cemented",2,OR,Orthopedic,OR,888.3490,Y,N,Eligible,1
KTZ,Caliper,1,OR,Orthopedic,OR,888.4150,N,N,Eligible,4
KWA,"Prosthesis, Hip, Semi-Constrained (Metal Uncemented Acetabular Component)",3,OR,Orthopedic,OR,888.3330,Y,N,Eligible,2
KWB,"Prosthesis, Hip, Hemi-, Acetabular, Cemented, Metal",3,OR,Orthopedic,OR,888.3370,Y,N,Eligible,2
KWD,"Prosthesis, Toe, Hemi-, Phalangeal",2,OR,Orthopedic,OR,888.3730,Y,N,Eligible,1
KWE,"Prosthesis, Finger, Constrained, Metal, Uncemented",3,OR,Orthopedic,OR,888.3200,Y,N,Eligible,2
KWF,"Prosthesis, Finger, Polymer",2,OR,Orthopedic,OR,888.3230,Y,N,Eligible,1
KWG,"Prosthesis, Finger, Constrained, Metal/Polymer",3,OR,Orthopedic,OR,888.3220,Y,N,Eligible,2
KWH,"Prosthesis, Toe, Constrained, Polymer",2,OR,Orthopedic,OR,888.3720,Y,N,Eligible,1
KWI,"Prosthesis, Elbow, Hemi-, Radial, Polymer",2,OR,Orthopedic,OR,888.3170,Y,N,Eligible,1
KWJ,"Prosthesis, Elbow, Hemi-, Humeral, Metal",3,OR,Orthopedic,OR,888.3180,Y,N,Eligible,2
KWK,"Appliance, Nail/Blade/Plate Combination, Single Component",2,OR,Orthopedic,OR,888.3030,Y,N,Eligible,1
KWL,"Prosthesis, Hip, Hemi-, Femoral, Metal",2,OR,Orthopedic,OR,888.3360,Y,N,Eligible,1
KWM,"Prosthesis, Wrist, Semi-Constrained",2,OR,Orthopedic,OR,888.3800,Y,N,Eligible,1
KWN,"Prosthesis, Wrist, Carpal Lunate",2,OR,Orthopedic,OR,888.3750,Y,N,Eligible,1
KWO,"Prosthesis, Wrist, Carpal Scaphoid",2,OR,Orthopedic,OR,888.3760,Y,N,Eligible,1
KWP,"Appliance, Fixation, Spinal Interlaminal",2,OR,Orthopedic,OR,888.3050,Y,N,Eligible,1
KWQ,"Appliance, Fixation, Spinal Intervertebral Body",2,OR,Orthopedic,OR,888.3060,Y,N,Eligible,1
KWR,"Prosthesis, Shoulder, Constrained, Metal/Metal Or Metal/Polymer Cemented",3,OR,Orthopedic,OR,888.3640,Y,N,Eligible,2
KWS,"Prosthesis, Shoulder, Semi-Constrained, Metal/Polymer Cemented",2,OR,Orthopedic,OR,888.3660,Y,N,Eligible,1
KWT,"Prosthesis, Shoulder, Non-Constrained, Metal/Polymer Cemented",2,OR,Orthopedic,OR,888.3650,Y,N,Eligible,1
KWW,"Radioimmunoassay, Cholyglycine, Bile Acids",2,CH,Clinical Chemistry,CH,862.1177,N,N,Eligible,1
KWX,"Radioimmunoassay, Conjugated Sulfalithocholic (Slcg) Acid, Bile Acids",2,CH,Clinical Chemistry,CH,862.1187,N,N,Eligible,1
KWY,"Prosthesis, Hip, Hemi-, Femoral, Metal/Polymer, Cemented Or Uncemented",2,OR,Orthopedic,OR,888.3390,Y,N,Eligible,1
KWZ,"Prosthesis, Hip, Constrained, Cemented Or Uncemented, Metal/Polymer",2,OR,Orthopedic,OR,888.3310,Y,N,Eligible,1
KXA,"Prosthesis, Hip, Femoral, Resurfacing",2,OR,Orthopedic,OR,888.3400,Y,N,Eligible,1
KXB,"Prosthesis, Hip, Pelvifemoral Resurfacing,  Metal/Polymer",3,OR,Orthopedic,OR,888.3410,Y,N,Eligible,2
KXC,"Prosthesis, Ankle, Cemented, Non-Constrained",3,OR,Orthopedic,OR,888.3120,Y,N,Eligible,2
KXD,"Prosthesis, Hip, Constrained, Metal",3,OR,Orthopedic,OR,888.3300,Y,N,Eligible,2
KXE,"Prosthesis, Wrist, Hemi-, Ulnar",2,OR,Orthopedic,OR,888.3810,Y,N,Eligible,1
KXF,"Applicator, Absorbent Tipped, Non-Sterile",1,HO,General Hospital,HO,880.6025,N,N,Eligible,4
KXG,"Applicator, Absorbent Tipped, Sterile",1,HO,General Hospital,HO,880.6025,N,N,Eligible,4
KXH,"Cradle, Patient, Radiologic",1,RA,Radiology,RA,892.1830,N,N,Eligible,4
KXJ,"Table, Radiologic",2,RA,Radiology,RA,892.1980,N,N,Eligible,4
KXK,"Source, Brachytherapy, Radionuclide",2,RA,Radiology,RA,892.5730,Y,N,Eligible,1
KXM,"System Accessories, Extracorporeal",2,GU,"Gastroenterology, Urology",GU,876.5820,N,Y,Eligible,1
KXN,"Monitor, Cardiac, Fetal",2,OB,Obstetrics/Gynecology,OB,884.2600,N,N,Eligible,1
KXO,"Monitor, Pressure, Intrauterine",2,OB,Obstetrics/Gynecology,OB,884.2700,N,N,Ineligible,1
KXP,"Stent, Vaginal",2,OB,Obstetrics/Gynecology,OB,884.3900,N,N,Eligible,1
KXQ,"Vibrator For Therapeutic Use, Genital",2,OB,Obstetrics/Gynecology,OB,884.5960,N,N,Eligible,4
KXR,"Applicator, Resin",1,DE,Dental,DE,872.3140,N,N,Eligible,4
KXS,"Radioimmunoassay, Methaqualone",2,TX,Clinical Toxicology,TX,862.3630,N,N,Eligible,1
KXT,"Enzyme Immunoassay, Digoxin",2,TX,Clinical Toxicology,TX,862.3320,N,N,Eligible,1
KXW,"Adhesive, Denture, Carboxymethylcellulose Sodium (49%) And Ethylene-Oxide Homopolymer",1,DE,Dental,DE,872.3410,N,N,Eligible,4
KXX,"Adhesive, Denture, Karaya And Ethylene-Oxide Homopolymer",1,DE,Dental,DE,872.3450,N,N,Eligible,4
KXY,Polyvinyl Methylether Maleic Anhydride &/Or Acid Copolymer & Carboxymethylce,3,DE,Dental,DE,872.3500,N,N,Eligible,2
KXZ,"System, Thermographic, Liquid Crystal, Powered (Adjunctive Use)",3,OB,Obstetrics/Gynecology,RA,884.2982,N,N,Eligible,2
KYA,"System, Thermographic, Liquid Crystal, Nonpowered (Adjunctive Use)",1,OB,Obstetrics/Gynecology,RA,884.2982,N,N,Eligible,1
KYB,"Lens, Guide, Intraocular",1,OP,Ophthalmic,OP,886.4300,N,N,Eligible,4
KYD,"Strip, Schirmer",1,OP,Ophthalmic,OP,886.1800,N,N,Eligible,4
KYE,Inserter/Remover Contact Lens,1,OP,Ophthalmic,OP,886.5420,N,N,Eligible,4
KYF,"Implant, Eye Valve",2,OP,Ophthalmic,OP,886.3920,Y,N,Ineligible,1
KYG,"Device, Irrigation, Ocular Surgery",1,OP,Ophthalmic,OP,886.4360,N,N,Eligible,4
KYH,"Endoscope, Ophthalmic",2,GU,"Gastroenterology, Urology",OP,876.1500,N,N,Eligible,1
KYI,"Prosthesis, Wrist, Carpal Trapezium",2,OR,Orthopedic,OR,888.3770,Y,N,Eligible,1
KYJ,"Prosthesis, Finger, Constrained, Polymer",2,OR,Orthopedic,OR,888.3230,Y,N,Eligible,1
KYK,"Prosthesis, Knee, Femorotibial, Semi-Constrained, Cemented, Metal/Composite",2,OR,Orthopedic,OR,888.3500,Y,N,Eligible,1
KYM,Metallic Cemented Glenoid Hemi-Shoulder Prosthesis,3,OR,Orthopedic,OR,888.3680,Y,N,Eligible,2
KYN,"Prosthesis, Wrist, Constrained, Metal",3,OR,Orthopedic,OR,888.3790,Y,N,Eligible,2
KYP,Snake Bite Suction Kit,1,HO,General Hospital,HO,880.5740,N,N,Eligible,7
KYQ,"Kit, Chemical Snake-Bite",3,HO,General Hospital,HO,880.5760,N,N,Eligible,2
KYR,"Bag, Ice",1,HO,General Hospital,HO,880.6050,N,N,Eligible,4
KYS,"Insoles, Medical",1,HO,General Hospital,HO,880.6280,N,N,Eligible,4
KYT,"Light, Examination, Medical, Battery Powered",1,HO,General Hospital,HO,880.6350,N,N,Eligible,4
KYW,"Container, Liquid Medication, Graduated",1,HO,General Hospital,HO,880.6430,N,N,Eligible,4
KYX,"Dispenser, Liquid Medication",1,HO,General Hospital,HO,880.6430,N,N,Eligible,4
KYZ,"Syringe, Irrigating (Non Dental)",1,HO,General Hospital,HO,880.6960,N,N,Eligible,4
KZA,"Device, Vein Location, Liquid Crystal",1,HO,General Hospital,HO,880.6970,N,N,Eligible,4
KZB,Automated Colony Counter,1,MI,Microbiology,MI,866.2170,N,N,Eligible,4
KZC,Manual Colony Counter,1,MI,Microbiology,MI,866.2180,N,N,Eligible,4
KZD,"Infusor, Pressure, For I.V. Bags",1,HO,General Hospital,HO,880.5420,N,N,Eligible,4
KZE,"Injector, Fluid, Non-Electrically Powered",2,HO,General Hospital,HO,880.5430,N,N,Eligible,1
KZF,"Device, Medical Examination, Ac Powered",1,HO,General Hospital,HO,880.6320,N,N,Eligible,4
KZH,"Introducer, Syringe Needle",2,HO,General Hospital,HO,880.6920,N,N,Eligible,1
KZI,"Culture Media, Enriched",1,MI,Microbiology,MI,866.2330,N,N,Eligible,4
KZJ,"Device, Gas Generating",1,MI,Microbiology,MI,866.2580,N,N,Eligible,4
KZK,"Reader, Zone, Automated",1,MI,Microbiology,MI,866.2850,N,N,Eligible,1
KZL,"Device, Warming. Blood And Plasma",2,HE,Hematology,HE,864.9205,N,N,Eligible,1
KZM,"Device, Muscle Monitoring",2,PM,Physical Medicine,DE,890.1375,N,N,Eligible,1
KZN,"Scanner, Color",2,DE,Dental,DE,872.3661,N,N,Eligible,4
KZO,"Ink, Arch Tracing",1,DE,Dental,DE,872.3150,N,N,Eligible,4
KZP,"Solution, Cement Dissolving",2,DE,Dental,DE,872.3750,N,N,Eligible,1
KZQ,"Chromatography(Gas), Clinical Use",1,CH,Clinical Chemistry,TX,862.2250,N,N,Eligible,4
KZR,"Chromatography (Liquid, Gel), Clinical Use",1,CH,Clinical Chemistry,TX,862.2260,N,N,Eligible,4
KZS,"Chromatography (Thin Layer), Clinical Use",1,CH,Clinical Chemistry,TX,862.2270,N,N,Eligible,4
KZT,"Kit, Disc, Agar Gel Diffusion, Determine Serum Levels Of Gentamicin",2,TX,Clinical Toxicology,TX,862.3450,N,N,Eligible,1
KZW,"Kit, Disc, Agar Gel Diffusion, Determine Serum Levels Of Kanamycin",2,TX,Clinical Toxicology,TX,862.3520,N,N,Eligible,1
KZX,"Kit, Disc, Agar Gel Diffusion, Determine Serum Levels Of Tobramycin",2,TX,Clinical Toxicology,TX,862.3900,N,N,Eligible,1
KZY,"High Pressure Liquid Chromatography, Barbiturate",2,TX,Clinical Toxicology,TX,862.3150,N,N,Eligible,1
KZZ,"Gas Chromatography, Benzodiazepine",2,TX,Clinical Toxicology,TX,862.3170,N,N,Eligible,1
LAA,"High Pressure Liquid Chromatography, Benzodiazepine",2,TX,Clinical Toxicology,TX,862.3170,N,N,Eligible,1
LAB,"Thin Layer Chromatography, Benzodiazepine",2,TX,Clinical Toxicology,TX,862.3170,N,N,Eligible,1
LAC,"High Pressure Liquid Chromatography, Cocaine And Cocaine Metabolites",2,TX,Clinical Toxicology,TX,862.3250,N,N,Eligible,1
LAD,"Gas Chromatography, Codeine",2,TX,Clinical Toxicology,TX,862.3270,N,N,Eligible,1
LAE,"High Pressure Liquid Chromatography, Codeine",2,TX,Clinical Toxicology,TX,862.3270,N,N,Eligible,1
LAF,"Gas Chromatography, Methamphetamine",2,TX,Clinical Toxicology,TX,862.3610,N,N,Eligible,1
LAG,"High Pressure Liquid Chromatography, Methamphetamine",2,TX,Clinical Toxicology,TX,862.3610,N,N,Eligible,1
LAH,"High Pressure Liquid Chromatography, Opiates",2,TX,Clinical Toxicology,TX,862.3650,N,N,Eligible,1
LAI,"Thin Layer Chromatography, Opiates",2,TX,Clinical Toxicology,TX,862.3650,N,N,Eligible,1
LAJ,"Gas Chromatography, Propoxyphene",2,TX,Clinical Toxicology,TX,862.3700,N,N,Eligible,1
LAK,"High Pressure Liquid Chromatography, Propoxyphene",2,TX,Clinical Toxicology,TX,862.3700,N,N,Eligible,1
LAL,"Eas Chromatography, Quinine",1,TX,Clinical Toxicology,TX,862.3750,N,N,Eligible,1
LAM,"High Pressure Liquid Chromatography, Quinine",1,TX,Clinical Toxicology,TX,862.3750,N,N,Eligible,1
LAN,"Enzyme Immunoassay, N-Acetylprocainamide",2,TX,Clinical Toxicology,TX,862.3320,N,N,Eligible,1
LAO,"Enzyme Immunoassay, Methotrexate",U,,Unknown,TX,,N,N,Eligible,1
LAR,"Enzyme Immunoassay, Procainamide",2,TX,Clinical Toxicology,TX,862.3320,N,N,Eligible,1
LAS,Drug Specific Control Materials,1,TX,Clinical Toxicology,TX,862.3280,N,N,Eligible,4
LAT,"Radioimmunoassay, Cannabinoid(S)",2,TX,Clinical Toxicology,TX,862.3870,N,N,Eligible,1
LAW,Theophylline Control Materials,1,TX,Clinical Toxicology,TX,862.3280,N,N,Eligible,4
LAX,Lidocaine Control Materials,1,TX,Clinical Toxicology,TX,862.3280,N,N,Eligible,4
LAY,Methotrexate Control Materials,1,TX,Clinical Toxicology,TX,862.3280,N,N,Eligible,4
LAZ,N-Acetylprocainamide Control Materials,1,TX,Clinical Toxicology,TX,862.3280,N,N,Eligible,4
LBA,Procainamide Control Materials,1,TX,Clinical Toxicology,TX,862.3280,N,N,Eligible,4
LBB,"Dynamometer, Ac-Powered",2,OR,Orthopedic,NE,888.1240,N,N,Eligible,4
LBC,"Prosthesis, Finger, Constrained, Metal, Cemented",3,OR,Orthopedic,OR,888.3210,Y,N,Eligible,2
LBE,"Stroller, Adaptive",1,PM,Physical Medicine,PM,890.3850,N,N,Eligible,1
LBG,"Device, Fluidized Therapy, Dry Heat",2,PM,Physical Medicine,PM,890.5500,N,N,Eligible,1
LBH,"Varnish, Cavity",2,DE,Dental,DE,872.3260,N,N,Eligible,1
LBI,"Unit, Neonatal Phototherapy",2,HO,General Hospital,HO,880.5700,N,N,Eligible,1
LBJ,"Device, Vein Stabilization",1,HO,General Hospital,HO,880.6980,N,N,Eligible,4
LBK,Neurosurgical Ultrasonic Instruments,U,,Unknown,NE,,N,N,Eligible,1
LBL,"Tube, Tympanostomy, Porous Polyethylene",2,EN,"Ear, Nose, Throat",EN,874.3880,Y,N,Eligible,1
LBM,Porous Polyethylene Ossicular Replacement,2,EN,"Ear, Nose, Throat",EN,874.3450,Y,N,Eligible,1
LBN,"Replacement, Total Ossicular, Prosthesis, Porous, Polyethylene",2,EN,"Ear, Nose, Throat",EN,874.3495,Y,N,Eligible,1
LBP,"Replacement, Ossicular (Stapes) Using Absorbable Gelatin Material",2,EN,"Ear, Nose, Throat",EN,874.3450,Y,N,Eligible,1
LBR,"Ldl & Vldl Precipitation, Hdl",1,CH,Clinical Chemistry,CH,862.1475,N,N,Eligible,4
LBS,"Ldl & Vldl Precipitation, Cholesterol Via Esterase-Oxidase, Hdl",1,CH,Clinical Chemistry,CH,862.1475,N,N,Eligible,4
LBT,"Electrophoresis, Cholesterol Via Esterase-Oxidase, Hdl",1,CH,Clinical Chemistry,CH,862.1475,N,N,Eligible,4
LBW,"Set, Dialysis, Single Needle (Co-Axial Flow)",2,GU,"Gastroenterology, Urology",GU,876.5540,Y,N,Ineligible,1
LBX,"Pelvimeter, Internal",2,OB,Obstetrics/Gynecology,OB,884.4530,N,N,Eligible,1
LBZ,"Enzyme Immunoassay, Quinidine",2,TX,Clinical Toxicology,TX,862.3320,N,N,Eligible,1
LCA,"Radioimmunoassay, Theophylline",2,TX,Clinical Toxicology,TX,862.3880,N,N,Eligible,1
LCC,"Applicator, Ocular Pressure",2,OP,Ophthalmic,OP,886.4610,N,N,Eligible,1
LCD,"Enzyme Immunoassay, Gentamicin",2,TX,Clinical Toxicology,TX,862.3450,N,N,Eligible,1
LCE,"Radioimmunoassay, Netilmicin (I-125)",2,TX,Clinical Toxicology,TX,862.3450,N,N,Eligible,1
LCG,Intestinal Splinting Tubes,2,GU,"Gastroenterology, Urology",GU,876.5980,N,N,Eligible,1
LCH,"Tonometer (Calibration And Q.C. Of Blood-Gas Instruments), Clinical",1,CH,Clinical Chemistry,CH,862.1660,N,N,Eligible,4
LCI,"Automated Radioimmunoassay Systems, For Clinical Use",1,CH,Clinical Chemistry,CH,862.2050,N,N,Eligible,1
LCJ,Tissue Expander And Accessories,U,,Unknown,SU,,Y,N,Ineligible,1
LCL,"Radioimmunoassay, Phencyclidine",U,,Unknown,TX,,N,N,Eligible,1
LCM,"Enzyme Immunoassay, Phencyclidine",U,,Unknown,TX,,N,N,Eligible,1
LCN,"Scraper, Tongue",1,DE,Dental,DE,872.6855,N,N,Eligible,4
LCO,Platelet Factor 4 Radioimmunoassay,2,HE,Hematology,HE,864.7695,N,N,Eligible,1
LCP,"Assay, Glycosylated Hemoglobin",2,HE,Hematology,HE,864.7470,N,N,Eligible,1
LCQ,Fluorescent Immunoassay Gentamicin,2,TX,Clinical Toxicology,TX,862.3450,N,N,Eligible,1
LCR,"Fluorescent Immunoassay, Tobramycin",2,TX,Clinical Toxicology,TX,862.3900,N,N,Eligible,1
LCS,"Radioimmunoassay, Digoxin (125-I)",2,TX,Clinical Toxicology,TX,862.3320,N,N,Eligible,1
LCT,"Radioimmunoassay, Digoxin (3-H)",2,TX,Clinical Toxicology,TX,862.3320,N,N,Eligible,1
LCW,"Radioimmunoassay, Digitoxin (125-I)",2,TX,Clinical Toxicology,TX,862.3300,N,N,Eligible,1
LCX,"Kit, Test, Pregnancy, Hcg, Over The Counter",2,CH,Clinical Chemistry,CH,862.1155,N,N,Eligible,1
LCY,"U.V. Spectrometry, Theophylline",2,TX,Clinical Toxicology,TX,862.3880,N,N,Eligible,1
LCZ,"U.V. Spectrometry, Primidone",2,TX,Clinical Toxicology,TX,862.3680,N,N,Eligible,1
LDA,"U.V. Spectrometry, Phenobarbital",2,TX,Clinical Toxicology,TX,862.3660,N,N,Eligible,1
LDB,"U.V. Spectrometry, Carbamazepine",2,TX,Clinical Toxicology,TX,862.3645,N,N,Eligible,1
LDC,"U.V. Spectrometry, Diphenylhydantoin",2,TX,Clinical Toxicology,TX,862.3350,N,N,Eligible,1
LDD,"Dc-Defibrillator, Low-Energy, (Including Paddles)",2,CV,Cardiovascular,CV,870.5300,N,Y,Eligible,1
LDE,"Stethoscope, Manual",1,CV,Cardiovascular,CV,870.1875,N,N,Eligible,4
LDF,"Electrode, Pacemaker, Temporary",2,CV,Cardiovascular,CV,870.3680,N,Y,Eligible,1
LDG,"Kit, Earmold, Impression",1,EN,"Ear, Nose, Throat",EN,874.3300,N,N,Eligible,4
LDJ,"Enzyme Immunoassay, Cannabinoids",2,TX,Clinical Toxicology,TX,862.3870,N,N,Eligible,1
LDK,"Device, Sensing, Optical Contour",U,,Unknown,PM,,N,N,Eligible,7
LDM,"Instrumentation, High Pressure Liquid Chromatography",1,CH,Clinical Chemistry,TX,862.2260,N,N,Eligible,4
LDN,"Enzymatic Radiochemical Assay, Amikacin",2,TX,Clinical Toxicology,TX,862.3035,N,N,Eligible,1
LDO,"Enzymatic Radiochemical Assay, Tobramycin",2,TX,Clinical Toxicology,TX,862.3900,N,N,Eligible,1
LDP,"Colorimetry, Acetaminophen",2,TX,Clinical Toxicology,TX,862.3030,N,N,Eligible,1
LDR,"Controller, Infusion, Intravascular, Electronic",2,HO,General Hospital,HO,880.5725,N,N,Eligible,1
LDS,"Device, Pasteurization, Hot Water",2,HO,General Hospital,HO,880.6991,N,N,Eligible,4
LDW,"Fixative, Acid Containing",1,PA,Pathology,PA,864.4010,N,N,Eligible,4
LDX,"Fixative, Metallic Containing",1,PA,Pathology,PA,864.4010,N,N,Eligible,4
LDY,"Fixative, Formalin-Containing",1,PA,Pathology,PA,864.4010,N,N,Eligible,4
LDZ,"Fixative, Alcohol Containing",1,PA,Pathology,PA,864.4010,N,N,Eligible,4
LEA,"Preservative, Cytological",1,PA,Pathology,PA,864.4010,N,N,Eligible,4
LEB,Mounting Media,1,PA,Pathology,PA,864.4010,N,N,Eligible,4
LEC,"Grinder, Tissue",1,PA,Pathology,PA,864.3010,N,N,Eligible,4
LED,"Stains, Chemical Solution",1,HE,Hematology,PA,864.1850,N,N,Eligible,4
LEE,"Stains, Dye Solution",1,HE,Hematology,PA,864.1850,N,N,Eligible,4
LEF,"Stains, Dye Powder",1,HE,Hematology,PA,864.1850,N,N,Eligible,4
LEG,"Enzyme Immunoassay, Valproic Acid",2,TX,Clinical Toxicology,TX,862.3645,N,N,Eligible,1
LEH,"Radioimmunoassay, Vancomycin",2,TX,Clinical Toxicology,TX,862.3950,N,N,Eligible,1
LEI,"Implant, Anti-Gastroesophageal Reflux",3,,Unknown,GU,,Y,N,Eligible,2
LEJ,"Booth, Sun Tan",2,SU,"General, Plastic Surgery",SU,878.4635,N,N,Eligible,1
LEK,Transilluminator (Diaphanoscope),3,RA,Radiology,RA,892.1990,N,N,Eligible,2
LEL,"Device, Sleep Assessment",2,NE,Neurology,NE,882.5050,N,N,Eligible,1
LEM,Human Lyophilized Dura Mater,2,NE,Neurology,NE,882.5975,Y,N,Eligible,1
LEQ,"Detectors, Electrochemical, Liquid Chromatography",1,CH,Clinical Chemistry,TX,862.2260,N,N,Eligible,4
LER,"Fluorescent Immunoassay, Theophylline",2,TX,Clinical Toxicology,TX,862.3880,N,N,Eligible,1
LES,"Fluorescent Immunoassay, Diphenylhydantoin",2,TX,Clinical Toxicology,TX,862.3350,N,N,Eligible,1
LET,"Fluorescent Immunoassay, Phenobarbital",2,TX,Clinical Toxicology,TX,862.3660,N,N,Eligible,1
LEW,"Thin Layer Chromatography, Theophylline",2,TX,Clinical Toxicology,TX,862.3880,N,N,Eligible,1
LEY,"Set, Oral Administration",2,GU,"Gastroenterology, Urology",HO,876.5980,N,N,Eligible,1
LEZ,"Aids, Speech Training For The Hearing Impaired (Ac-Powered And Patient-Contact)",U,,Unknown,EN,,N,N,Eligible,7
LFA,"Aids, Speech Training For The Hearing Impaired (Battery-Operated Or Non-Patient)",U,,Unknown,EN,,N,N,Eligible,7
LFB,"Button, Nasal Septal",U,,Unknown,EN,,Y,N,Eligible,1
LFC,"Device, Caries Detection",2,DE,Dental,DE,872.1740,N,N,Eligible,1
LFD,"Saliva, Artificial",U,,Unknown,DE,,N,N,Eligible,1
LFE,"Solution, Cold Sterilizing",2,HO,General Hospital,DE,880.6885,N,N,Eligible,1
LFF,"Unit, Activation, Breath Control",1,PM,Physical Medicine,PM,890.3920,N,N,Eligible,4
LFG,"Radioimmunoassay, Tricyclic Antidepressant Drugs",2,TX,Clinical Toxicology,TX,862.3910,N,N,Eligible,1
LFH,"U.V. Spectrometry, Tricyclic Antidepressant Drugs",2,TX,Clinical Toxicology,TX,862.3910,N,N,Eligible,1
LFI,"High Pressure Liquid Chromatography, Tricyclic Antidepressant Drugs",2,TX,Clinical Toxicology,TX,862.3910,N,N,Eligible,1
LFJ,"Catheter, Subclavian",2,GU,"Gastroenterology, Urology",GU,876.5540,Y,N,Ineligible,1
LFK,"Catheter, Femoral",2,GU,"Gastroenterology, Urology",GU,876.5540,Y,Y,Ineligible,1
LFL,"Instrument, Ultrasonic Surgical",U,,Unknown,SU,,N,N,Eligible,1
LFM,"Enzyme Immunoassay, Digitoxin",2,TX,Clinical Toxicology,TX,862.3300,N,N,Eligible,1
LFN,"Nephelometric Inhibition Immunoassay, Phenobarbital",2,TX,Clinical Toxicology,TX,862.3660,N,N,Eligible,1
LFO,"Nephelometric Inhibition Immunoassay, Diphenylhydantoin",2,TX,Clinical Toxicology,TX,862.3350,N,N,Eligible,1
LFP,"Conductivity Rate, Urea Nitrogen",2,CH,Clinical Chemistry,CH,862.1770,N,N,Eligible,1
LFQ,"Acid, Uric, Acid Reduction Of Ferric Ion",1,CH,Clinical Chemistry,CH,862.1775,N,N,Eligible,4
LFR,"Glucose Dehydrogenase, Glucose",2,CH,Clinical Chemistry,CH,862.1345,N,N,Ineligible,1
LFS,"Radioreceptor Assay, Human Chorionic Gonadotropin",2,CH,Clinical Chemistry,CH,862.1155,N,N,Eligible,1
LFT,"Fluorescent Immunoassay, Primidone",2,TX,Clinical Toxicology,TX,862.3680,N,N,Eligible,1
LFW,"Fluorescence Polarization Immunoassay, Tobramycin",2,TX,Clinical Toxicology,TX,862.3900,N,N,Eligible,1
LFX,"Enzyme Linked Immunoabsorbent Assay, Rubella",2,MI,Microbiology,MI,866.3510,N,N,Eligible,1
LFY,"Enzyme Linked Immunoabsorbent Assay, Varicella-Zoster",2,MI,Microbiology,MI,866.3900,N,N,Eligible,1
LFZ,"Enzyme Linked Immunoabsorbent Assay, Cytomegalovirus",2,MI,Microbiology,MI,866.3175,N,N,Eligible,1
LGA,"Device, Oxidase Test For Gonorrhea",3,MI,Microbiology,MI,866.2420,N,N,Ineligible,2
LGB,Gonococcal Antibody Tests,3,MI,Microbiology,MI,866.3290,N,N,Ineligible,2
LGC,"Enzyme Linked Immunoabsorbent Assay, Herpes Simplex Virus, Non-Specific",2,MI,Microbiology,MI,866.3305,N,N,Eligible,1
LGD,"Enzyme Linked Immunoabsorbent Assay, Toxoplasma Gondii",2,MI,Microbiology,MI,866.3780,N,N,Eligible,1
LGE,"Prosthesis, Knee, Femorotibial, Semi-Constrained, Cemented, Trunnion-Bearing",2,OR,Orthopedic,OR,888.3530,Y,N,Eligible,1
LGF,"Component, Cast",1,OR,Orthopedic,OR,888.5940,N,N,Eligible,4
LGG,"Instrument, Cast Application/Removal, Manual",1,OR,Orthopedic,OR,888.5980,N,N,Eligible,4
LGH,"Instrument, Cast Removal, Ac-Powered",1,OR,Orthopedic,OR,888.5960,N,N,Eligible,4
LGI,"Fluorescence Polarization Immunoassay, Carbamazepine",2,TX,Clinical Toxicology,TX,862.3645,N,N,Eligible,1
LGJ,"Fluorescence Polarization Immunoassay, Amibacin",2,TX,Clinical Toxicology,TX,862.3035,N,N,Eligible,1
LGL,"Assay, Bart'S, Hemoglobin",2,HE,Hematology,HE,864.7500,N,N,Eligible,1
LGM,"Chamber, Patient Isolation",2,HO,General Hospital,HO,880.5450,N,N,Eligible,1
LGN,"Chamber, Patient Transport Isolation",2,HO,General Hospital,HO,880.5450,N,N,Eligible,1
LGO,"Test, Leukocyte Typing",1,HE,Hematology,HE,864.7675,N,N,Eligible,4
LGP,"Assay, Alpha-2-Antiplasmin",2,HE,Hematology,HE,864.5425,N,N,Eligible,1
LGQ,"Fluorescence Polarization Immunoassay, Phenobarbital",2,TX,Clinical Toxicology,TX,862.3660,N,N,Eligible,1
LGR,"Fluorescence Polarization Immunoassay, Diphenylhydantoin (Total)",2,TX,Clinical Toxicology,TX,862.3350,N,N,Eligible,1
LGS,"Fluorescence Polarization Immunoassay, Theophylline",2,TX,Clinical Toxicology,TX,862.3880,N,N,Eligible,1
LGW,"Stimulator, Spinal-Cord, Totally Implanted For Pain Relief",3,,Unknown,NE,,Y,N,Ineligible,2
LGX,"Table, Examination, Medical, Powered",1,SU,"General, Plastic Surgery",HO,878.4960,N,N,Eligible,4
LGY,Trypan Blue,1,HE,Hematology,PA,864.1850,N,N,Eligible,4
LGZ,"Warmer, Thermal, Infusion Fluid",2,HO,General Hospital,HO,880.5725,N,N,Eligible,1
LHB,"Timer, Apgar",1,HO,General Hospital,HO,880.2930,N,N,Eligible,4
LHC,"Warmer, Irrigation Solution",1,PM,Physical Medicine,HO,890.5950,N,N,Eligible,4
LHD,"Device, Fertility Diagnostic, Proceptive",U,,Unknown,OB,,N,N,Eligible,7
LHE,"Controller, Closed-Loop Blood Glucose",3,,Unknown,CH,,N,N,Eligible,2
LHF,"Warmer, Microwave, Infusion Fluid",2,HO,General Hospital,HO,880.5725,N,N,Eligible,1
LHG,"Electrode, Spinal Epidural",2,NE,Neurology,NE,882.5880,Y,N,Ineligible,1
LHI,"Set, I.V. Fluid Transfer",2,HO,General Hospital,HO,880.5440,N,N,Eligible,1
LHJ,Staphylococcus Aureus Protein A Insoluble,1,MI,Microbiology,MI,866.3700,N,N,Eligible,4
LHK,"Antigen, Id, Candida Albicans",2,MI,Microbiology,MI,866.3165,N,N,Eligible,4
LHL,"Reagents, Antibody, Legionella, Direct & Indirect Fluorescent",2,MI,Microbiology,MI,866.3300,N,N,Eligible,4
LHM,"System, Thermographic, Liquid Crystal",1,OB,Obstetrics/Gynecology,RA,884.2982,N,N,Eligible,1
LHN,"System, Radiation Therapy, Charged-Particle, Medical",2,RA,Radiology,RA,892.5050,N,N,Eligible,1
LHO,"Instrument, Quality-Assurance, Radiologic",1,RA,Radiology,RA,892.1940,N,N,Eligible,4
LHP,"System, Telethermographic (Sole Diagnostic Screen)",3,OB,Obstetrics/Gynecology,RA,884.2980,N,N,Eligible,2
LHQ,"System, Telethermographic (Adjunctive Use)",1,OB,Obstetrics/Gynecology,RA,884.2980,N,N,Eligible,1
LHR,"System, Thermographic, Liquid Crystal (Sole Diagnostic Screen)",3,OB,Obstetrics/Gynecology,RA,884.2982,N,N,Eligible,2
LHT,Staphylococcus Aureus Somatic Antigens,1,MI,Microbiology,MI,866.3700,N,N,Eligible,4
LHW,"Erythrocyte Suspension, Multi Species, Serological Reagent And Equipment",1,MI,Microbiology,MI,866.3720,N,N,Eligible,4
LHX,"Trousers, Anti-Shock",2,CV,Cardiovascular,CV,870.5800,N,N,Eligible,1
LHY,"Electrode, Stabilized Epidural Spinal",3,,Unknown,NE,,Y,N,Ineligible,2
LHZ,"Viscometer, Mucus, Cervical",1,OB,Obstetrics/Gynecology,OB,884.1040,N,N,Eligible,4
LIA,"Antigens, All Groups, Shigella Spp.",2,MI,Microbiology,MI,866.3660,N,N,Eligible,4
LIB,"Device, General Purpose, Microbiology, Diagnostic",1,MI,Microbiology,MI,866.2660,N,N,Eligible,4
LIC,"Antiserum, Coagglutination (Direct) Neisseria Gonorrhoeae",2,MI,Microbiology,MI,866.3390,N,N,Eligible,1
LIE,"Reagent/Device, Inoculum Calibration",2,MI,Microbiology,MI,866.1640,N,N,Eligible,1
LIF,Dialyzer Reprocessing System,2,GU,"Gastroenterology, Urology",GU,876.5820,N,N,Ineligible,1
LIG,"Radioassay, Intrinsic Factor Blocking Antibody",2,CH,Clinical Chemistry,CH,862.1810,N,N,Eligible,1
LIH,Interferential Current Therapy,2,NE,Neurology,NE,882.5890,N,N,Eligible,1
LII,"Monitor, Intracranial Pressure, Implanted",3,,Unknown,NE,,Y,N,Ineligible,2
LIJ,Peroxidase Anti-Peroxidase Immunohistochemical Stain,1,PA,Pathology,PA,864.4400,N,N,Eligible,4
LIL,"Monitor, Penile Tumescence",U,,Unknown,GU,,N,N,Eligible,1
LIM,"Test, Screening, For D Positive Fetal Rbc'S",2,HE,Hematology,HE,864.7455,N,N,Eligible,1
LIN,"Antisera, Conjugated Fluorescent, Cytomegalovirus",2,MI,Microbiology,MI,866.3175,N,N,Eligible,1
LIO,"Device, Specimen Collection",1,MI,Microbiology,MI,866.2900,N,N,Eligible,1
LIP,"Enzyme Linked Immunoabsorption Assay, Treponema Pallidum",2,MI,Microbiology,MI,866.3830,N,N,Eligible,1
LIQ,"Enzyme Linked Immunoabsorbent Assay, Rotavirus",1,MI,Microbiology,MI,866.3405,N,N,Eligible,4
LIR,"Antigen, Enzyme Linked Immunoabsorbent Assay, Neisseria Gonorrhoeae",2,MI,Microbiology,MI,866.3390,N,N,Eligible,1
LIT,"Catheter, Angioplasty, Peripheral, Transluminal",2,CV,Cardiovascular,CV,870.1250,N,N,Eligible,1
LIW,"Fibrillator, Ac",U,,Unknown,CV,,N,N,Ineligible,1
LIX,"Aid, Cardiopulmonary Resuscitation",2,CV,Cardiovascular,CV,870.5210,N,N,Eligible,1
LIZ,"Assay, T Lymphocyte Surface Marker",2,HE,Hematology,IM,864.5220,N,N,Eligible,1
LJB,"Enzyme Linked Immunoabsorbent Assay, Rubeola Igg",1,MI,Microbiology,MI,866.3520,N,N,Eligible,4
LJC,"Enzyme Linked Immunoabsorbent Assay, (Chlamydiae Group)",1,MI,Microbiology,MI,866.3120,N,N,Eligible,1
LJD,"Assay, B Lymphocyte Marker",2,HE,Hematology,IM,864.5220,N,N,Eligible,1
LJE,"Catheter, Nephrostomy",U,,Unknown,GU,,N,N,Eligible,1
LJF,"Device, Antimicrobial Drug Removal",1,MI,Microbiology,MI,866.2560,N,N,Eligible,4
LJG,Quality Control Slides,1,MI,Microbiology,MI,866.2660,N,N,Eligible,4
LJH,"System, Irrigation, Urological",2,GU,"Gastroenterology, Urology",GU,876.5130,N,N,Eligible,1
LJK,"Antisera, If, Toxoplasma Gondii",2,MI,Microbiology,MI,866.3780,N,N,Eligible,1
LJL,"Detectors And Removers, Lice, (Including Combs)",1,HO,General Hospital,HO,880.5960,N,N,Eligible,4
LJM,"Antinuclear Antibody (Enzyme-Labeled), Antigen, Controls",2,IM,Immunology,IM,866.5100,N,N,Eligible,1
LJN,"Antibody Igm, If, Epstein-Barr Virus",1,MI,Microbiology,MI,866.3235,N,N,Eligible,1
LJO,"Antigen, Iha, Cytomegalovirus",2,MI,Microbiology,MI,866.3175,N,N,Eligible,1
LJP,"Antiserum, Fluorescent, Chlamydia Trachomatis",1,MI,Microbiology,MI,866.3120,N,N,Eligible,1
LJS,"Catheter, Intravascular, Therapeutic, Long-Term Greater Than 30 Days",2,HO,General Hospital,HO,880.5970,Y,N,Eligible,1
LJT,"Port & Catheter, Implanted, Subcutaneous, Intravascular",2,HO,General Hospital,HO,880.5965,Y,N,Eligible,1
LJW,Tracheotome,1,EN,"Ear, Nose, Throat",EN,874.4420,N,N,Eligible,4
LJX,"Test, Urine Leukocyte",1,HE,Hematology,HE,864.7675,N,N,Eligible,4
LJY,"Enzyme Linked Immunoabsorbent Assay, Mumps Virus",1,MI,Microbiology,MI,866.3380,N,N,Eligible,4
LJZ,"Enzyme Linked Immunoabsorbent Assay, Mycoplasma Spp.",1,MI,Microbiology,MI,866.3375,N,N,Eligible,4
LKA,"Culture Media, Antimicrobial Susceptibility Test",2,MI,Microbiology,MI,866.1700,N,N,Eligible,1
LKB,"Pad, Alcohol, Device Disinfectant",U,,Unknown,HO,,N,N,Eligible,7
LKC,"Antigens, Indirect Hemagglutination (Iha) Herpes Simplex Virus",2,MI,Microbiology,MI,866.3305,N,N,Eligible,1
LKD,"Monitor, Carbon-Dioxide, Cutaneous",2,AN,Anesthesiology,AN,868.2480,N,N,Eligible,1
LKF,"Cannula, Manipulator/Injector, Uterine",2,OB,Obstetrics/Gynecology,OB,884.4530,N,N,Ineligible,1
LKG,"Port & Catheter, Implanted, Subcutaneous, Intraventricular",2,NE,Neurology,HO,882.5550,Y,N,Eligible,1
LKH,"Antisera, Immunoperoxidase, Chlamydia Spp.",1,MI,Microbiology,MI,866.3120,N,N,Eligible,1
LKI,"Antisera, Fluorescent, Chlamydia Spp.",1,MI,Microbiology,MI,866.3120,N,N,Eligible,1
LKJ,"Antinuclear Antibody, Antigen, Control",2,IM,Immunology,IM,866.5100,N,N,Eligible,1
LKK,"Pump, Infusion, Implanted, Programmable",3,,Unknown,HO,,Y,N,Ineligible,2
LKL,"Alpha-1-Acid-Glycoprotein, Antigen, Antiserum, Control",1,IM,Immunology,IM,866.5420,N,N,Eligible,4
LKM,"Counter, Urine Particle",2,HE,Hematology,HE,864.5200,N,N,Eligible,1
LKN,"Separator, Automated, Blood Cell And Plasma, Therapeutic",U,,Unknown,GU,,N,N,Ineligible,1
LKO,"Anti-Rnp Antibody, Antigen And Control",2,IM,Immunology,IM,866.5100,N,N,Eligible,1
LKP,"Anti-Sm Antibody, Antigen And Control",2,IM,Immunology,IM,866.5100,N,N,Eligible,1
LKQ,"Antibody Igm,If, Cytomegalovirus Virus",2,MI,Microbiology,MI,866.3175,N,N,Eligible,1
LKS,"Device, Parasite Concentration",1,MI,Microbiology,MI,866.2900,N,N,Eligible,4
LKT,"Respiratory Syncytial Virus, Antigen, Antibody, Ifa",1,MI,Microbiology,MI,866.3480,N,N,Eligible,4
LKV,"Enzyme Immunoassay, Fetal Fibronectin",3,,Unknown,CH,,N,N,Ineligible,2
LKW,"Laser, Neurosurgical",3,,Unknown,NE,,N,N,Ineligible,3
LKX,"Device, Thermal, Hemorrhoids",U,,Unknown,GU,,N,N,Eligible,1
LKY,"Device, External Penile Rigidity",2,GU,"Gastroenterology, Urology",GU,876.5020,N,N,Eligible,4
LKZ,Red-Cell Count By Photometry,2,HE,Hematology,HE,864.7100,N,N,Eligible,1
LLA,"Direct Agglutination Test, Toxoplasma Gondii",2,MI,Microbiology,MI,866.3780,N,N,Eligible,1
LLB,"System, Blood, Extracorporeal And Accessories",2,GU,"Gastroenterology, Urology",GU,876.5820,N,Y,Ineligible,1
LLD,"Port & Catheter, Implanted, Subcutaneous, Intraperitoneal",2,HO,General Hospital,HO,880.5965,Y,N,Eligible,1
LLE,"Stimulator, Spinal-Cord, Implanted For Peripheral Vascular Disease",3,,Unknown,NE,,Y,N,Ineligible,3
LLF,"Laser, Neurosurgical, Argon",3,,Unknown,NE,,N,N,Ineligible,3
LLG,"Kit, Igg, Platelet Associated",2,HE,Hematology,HE,864.5425,N,N,Eligible,1
LLH,"Reagents, Clostridium Difficile Toxin",1,MI,Microbiology,MI,866.2660,N,N,Eligible,4
LLI,"Bed, Therapeutic, Ac-Powered, Adjustable Home-Use",2,HO,General Hospital,HO,880.5100,N,N,Eligible,4
LLK,"Legging, Compression, Non-Inflatable",2,HO,General Hospital,HO,880.5780,N,N,Eligible,4
LLL,"Extractable Antinuclear Antibody, Antigen And Control",2,IM,Immunology,IM,866.5100,N,N,Eligible,1
LLM,"Test, Antigen, Nuclear, Epstein-Barr Virus",1,MI,Microbiology,MI,866.3235,N,N,Eligible,1
LLN,"Device, Vibration Threshold Measurement",1,NE,Neurology,NE,882.1200,N,N,Eligible,4
LLO,"Laser, Neodymium:Yag, Pulmonary Surgery",2,EN,"Ear, Nose, Throat",AN,874.4500,N,N,Eligible,1
LLP,Laser For Pain Therapy,3,,Unknown,NE,,N,N,Ineligible,3
LLQ,"Cap, Cervical, Contraceptive",3,,Unknown,OB,,N,N,Ineligible,2
LLW,"Laser, Neodymium:Yag For Gynecologic Use",2,OB,Obstetrics/Gynecology,OB,884.4550,N,N,Ineligible,1
LLX,"Catheter, Sampling, Chorionic Villus",3,,Unknown,OB,,N,N,Ineligible,2
LLZ,"System, Image Processing, Radiological",2,RA,Radiology,RA,892.2050,N,N,Eligible,1
LMA,"Digitizer, Image, Radiological",2,RA,Radiology,RA,892.2030,N,N,Eligible,4
LMB,"Device, Digital Image Storage, Radiological",1,RA,Radiology,RA,892.2010,N,N,Eligible,4
LMC,"Camera, Multi Format, Radiological",2,RA,Radiology,RA,892.2040,N,N,Eligible,4
LMD,"System, Digital Image Communications, Radiological",1,RA,Radiology,RA,892.2020,N,N,Eligible,4
LME,"Monitor, Blood-Flow, Cerebral, Thermal Diffusion",3,,Unknown,NE,,N,N,Ineligible,3
LMF,"Agent, Absorbable Hemostatic, Collagen Based",3,SU,"General, Plastic Surgery",SU,878.4490,Y,N,Ineligible,2
LMG,"Agent, Absorbable Hemostatic, Non-Collagen Based",3,SU,"General, Plastic Surgery",SU,878.4490,Y,N,Ineligible,2
LMH,"Implant, Dermal, For Aesthetic Use",3,,Unknown,SU,,Y,N,Ineligible,2
LMI,"Implant, Collagen For Non-Aesthetic Use",3,,Unknown,SU,,Y,N,Eligible,2
LML,"Ligaments And Tendons, Synthetic",3,,Unknown,OR,,Y,N,Eligible,2
LMN,"Ceramics, Calcium Triphosphate/Hydroxypatite, Non-Load Bearing Uses",3,,Unknown,OR,,N,N,Eligible,2
LMQ,"Device, Peritoneal Access, Subcutaneous, Implanted",3,,Unknown,HO,,Y,N,Eligible,3
LMS,"Laser, Microsurgical Argon, For Uses Other Than Otology, Including Laryngology & General Use In Otolaryngology",2,EN,"Ear, Nose, Throat",EN,874.4490,N,N,Eligible,1
LMW,"Solution, Removal, Carries",3,,Unknown,DE,,N,N,Eligible,2
LMY,"Monitor, Skin Resistance/Skin Temperature,  For Insulin Reactions",3,,Unknown,CH,,N,N,Eligible,2
LMZ,"Applicator, Hyperthermia, Interstitial",3,,Unknown,RA,,N,N,Eligible,2
LNB,"Applicator, Hyperthermia, Deep Heating, Ultrasound",3,,Unknown,RA,,N,N,Eligible,2
LNC,"Applicator, Hyperthermia, Superficial, Rf/Microwave",3,,Unknown,RA,,N,N,Eligible,2
LNH,"System, Nuclear Magnetic Resonance Imaging",2,RA,Radiology,RA,892.1000,N,N,Eligible,1
LNI,"System, Nuclear Magnetic Resonance Spectroscopic",2,RA,Radiology,RA,892.1000,N,N,Eligible,1
LNJ,"Analyzer, Chromosome, Automated",2,HE,Hematology,PA,864.5260,N,N,Eligible,1
LNK,Laser For Gastro-Urology Use,2,SU,"General, Plastic Surgery",GU,878.4810,N,N,Eligible,1
LNL,"Stimulator, Electrical For Sperm Collection",U,,Unknown,GU,,N,N,Eligible,1
LNM,"Agent, Bulking, Injectable For Gastro-Urology Use",3,,Unknown,GU,,N,N,Eligible,2
LNQ,Intestinal Stimulator,f,,Unknown,GU,,N,N,Eligible,6
LNR,"System, Photopheresis, Extracorporeal",3,,Unknown,GU,,N,N,Ineligible,2
LNS,"Lithotriptor, Extracorporeal Shock-Wave, Urological",2,GU,"Gastroenterology, Urology",GU,876.5990,N,N,Eligible,1
LNW,"Paper, Obstetric Ph",1,CH,Clinical Chemistry,OB,862.1550,N,N,Eligible,4
LNY,"Catheter, Percutaneous, Long Term, Intraspinal",3,,Unknown,HO,,N,N,Eligible,2
LNZ,"Changer, Tube, Endotracheal",2,AN,Anesthesiology,AN,868.5730,N,N,Eligible,1
LOA,"Device, Testicular Hypothermia",3,,Unknown,GU,,N,N,Eligible,2
LOB,"Dilator, Cervical, Synthetic, Osmotic, Pregnancy Termination",3,,Unknown,OB,,N,N,Ineligible,2
LOC,"System, Rf/Microwave Hyperthermia, Cancer Treatment",3,,Unknown,RA,,N,N,Eligible,2
LOD,Bone Cement,2,OR,Orthopedic,OR,888.3027,Y,N,Eligible,1
LOE,"Stimulator, Invasive Bone Growth",3,,Unknown,OR,,N,N,Eligible,2
LOF,"Stimulator, Bone Growth, Non-Invasive",2,OR,Orthopedic,OR,890.5870,N,N,Eligible,1
LOG,"Catheter, Balloon For Retinal Reattachment",3,,Unknown,OP,,N,N,Eligible,2
LOH,"System, Identification, Contact Lens",3,,Unknown,OP,,N,N,Eligible,2
LOI,"Laser, Neodymium:Yag, Ophthalmic For Uses Other Than Posterior Capsulotomy & Cutting Pupillary",3,,Unknown,OP,,N,N,Eligible,2
LOJ,"Kit, Test,Alpha-Fetoprotein For Testicular Cancer",2,IM,Immunology,IM,866.6010,N,N,Eligible,1
LOK,"Kit, Test, Alpha-Fetoprotein For Neural Tube Defects",3,,Unknown,IM,,N,N,Ineligible,2
LOL,Hepatitis A Test (Antibody And Igm Antibody),2,MI,Microbiology,MI,866.3310,N,N,Eligible,1
LOM,"Test, Hepatitis B (B Antigen, B Surface Antigen, Be Antigen)",2,MI,Microbiology,MI,866.3172,N,N,Ineligible,1
LON,"System, Test, Automated, Antimicrobial Susceptibility, Short Incubation",2,MI,Microbiology,MI,866.1645,N,N,Ineligible,1
LOO,"Reagent, Leishmanii Serological",1,MI,Microbiology,MI,866.3870,N,N,Eligible,1
LOP,"Solution, Antimicrobial",2,MI,Microbiology,MI,866.1640,N,N,Eligible,1
LOQ,"Device, General Purpose, Hematology",2,IM,Immunology,HE,866.6010,N,N,Eligible,1
LOT,"Pulse-Generator, Program Module",3,,Unknown,CV,,N,N,Eligible,2
LOX,"Catheters, Transluminal Coronary Angioplasty, Percutaneous",2,CV,Cardiovascular,CV,870.5100,N,N,Eligible,1
LOZ,Artificial Heart,3,,Unknown,CV,,Y,N,Ineligible,2
LPA,"System, Esophageal Pacing",3,,Unknown,CV,,N,N,Eligible,2
LPB,Cardiac Ablation Percutaneous Catheter,3,,Unknown,CV,,N,N,Eligible,2
LPC,"Device, Angioplasty, Laser, Coronary",3,,Unknown,CV,,N,N,Eligible,2
LPF,"Prosthesis, Hip, Semi-Constrained, Metal/Ceramic/Ceramic, Cemented",3,,Unknown,OR,,Y,N,Eligible,2
LPG,"Material, Dressing, Surgical, Polylactic Acid",3,,Unknown,DE,,N,N,Eligible,2
LPH,"Prosthesis, Hip, Semi-Constrained, Metal/Polymer, Porous Uncemented",2,OR,Orthopedic,OR,888.3358,Y,N,Eligible,1
LPI,"Kit, Assay, Progesterone Receptor",3,HE,Hematology,CH,864.1860,N,N,Ineligible,2
LPJ,"Kit, Assay, Estrogen Receptor",3,HE,Hematology,CH,864.1860,N,N,Ineligible,2
LPL,"Lenses, Soft Contact, Daily Wear",2,OP,Ophthalmic,OP,886.5925,N,N,Eligible,1
LPM,"Lenses, Soft Contact, Extended Wear",3,OP,Ophthalmic,OP,886.5925,N,N,Eligible,2
LPN,"Accessories, Soft Lens Products",2,OP,Ophthalmic,OP,886.5928,N,N,Eligible,1
LPO,Gases Used Within Eye To Place Pressure On Detached Retina,3,OP,Ophthalmic,OP,886.4270,N,N,Eligible,2
LPP,"Monitor, Oxygen, Cutaneous, For Uses Other Than For Infant Not Under Gas Anesthesia",2,AN,Anesthesiology,AN,868.2500,N,N,Eligible,4
LPQ,"Stimulator, Ultrasound And Muscle, For Use Other Than Applying Therapeutic Deep",2,OR,Orthopedic,OR,890.5870,N,N,Eligible,1
LPS,Urinary Homocystine (Nonquantitative) Test System,2,CH,Clinical Chemistry,CH,862.1377,N,N,Eligible,1
LPT,"System, Test, Urinary Methylmalonic Acid",2,CH,Clinical Chemistry,CH,862.1509,N,N,Eligible,4
LPW,"System, Test, Oxalate",1,CH,Clinical Chemistry,CH,862.1542,N,N,Eligible,4
LPX,"Radioceptor Assay, Neuroleptic Drugs",2,TX,Clinical Toxicology,TX,862.3645,N,N,Eligible,1
LPZ,"Container, Frozen Donor Tissue Storage",U,,Unknown,HO,,N,N,Eligible,1
LQA,"Media, Reusable Image",1,RA,Radiology,RA,892.1840,N,N,Eligible,4
LQB,Medical Computers And Software For Ophthalmic Use,3,,Unknown,OP,,N,N,Eligible,3
LQC,"Lithotriptor, Biliary Mechanical",2,GU,"Gastroenterology, Urology",GU,876.4500,N,N,Eligible,4
LQD,"Recorder, Attention Task Performance",U,,Unknown,NE,,N,N,Eligible,1
LQE,"Implant, Corneal, Refractive",3,,Unknown,OP,,Y,N,Ineligible,2
LQF,"Dna-Reagents, Mycobacterium Spp.",1,MI,Microbiology,MI,866.3370,N,N,Eligible,1
LQG,"Dna-Reagents, Mycoplasma Spp.",1,MI,Microbiology,MI,866.3375,N,N,Eligible,4
LQH,"Dna-Reagents, Legionella",2,MI,Microbiology,MI,866.3300,N,N,Eligible,4
LQI,Hepatitis Delta Serological Reagents,3,,Unknown,MI,,N,N,Ineligible,2
LQJ,"Lens, Surgical, Laser, Accesssory, Ophthalmic Laser",2,OP,Ophthalmic,OP,886.4390,N,N,Eligible,1
LQK,Home Uterine Activity Monitor,2,OB,Obstetrics/Gynecology,OB,884.2730,N,N,Ineligible,1
LQL,Gram Positive Identification Panel,1,MI,Microbiology,MI,866.2660,N,N,Ineligible,4
LQM,Gram Negative Identification Panel,1,MI,Microbiology,MI,866.2660,N,N,Ineligible,4
LQN,"Latex Agglutination Assay, Rubella",2,MI,Microbiology,MI,866.3510,N,N,Eligible,1
LQO,"Dna-Reagents, Campylobacter Spp.",1,MI,Microbiology,MI,866.3110,N,N,Eligible,1
LQP,Campylobacter Spp.,1,MI,Microbiology,MI,866.3110,N,N,Eligible,1
LQQ,"Columns, Immunoadsorption In Extracorporeal Systems",3,,Unknown,GU,,N,N,Ineligible,2
LQR,"Dislodger, Stone, Biliary",2,GU,"Gastroenterology, Urology",GU,876.5010,N,N,Eligible,1
LQS,"Spermatocele, Alloplastic",U,,Unknown,GU,,Y,N,Eligible,1
LQW,"Test, Temperature Discrimination",1,NE,Neurology,NE,882.1200,N,N,Eligible,4
LQX,"Device, Finger-Sucking",1,PM,Physical Medicine,DE,890.3475,N,N,Eligible,4
LQY,"Locator, Root Apex",U,,Unknown,DE,,N,N,Eligible,1
LQZ,"Device, Jaw Repositioning",2,DE,Dental,DE,872.5570,N,N,Eligible,1
LRA,"Hearing Aid, Tactile",U,,Unknown,EN,,N,N,Eligible,1
LRB,Face Plate Hearing Aid,1,EN,"Ear, Nose, Throat",EN,874.3300,N,N,Eligible,4
LRC,"Instrument, Ent Manual Surgical",1,EN,"Ear, Nose, Throat",EN,874.4420,N,N,Eligible,4
LRD,"Applicator, Ent Drug",1,EN,"Ear, Nose, Throat",EN,874.5220,N,N,Eligible,4
LRE,"Instrument, Prosthesis Modification For Ossicular Replacement Surgery, Sterile",1,EN,"Ear, Nose, Throat",EN,874.3540,N,N,Eligible,4
LRF,"Candida Spp., Direct Antigen, Id",2,MI,Microbiology,MI,866.3165,N,N,Eligible,4
LRG,Instrument For Auto Reader & Interpretation Of Overnight Suscept. Systems,2,MI,Microbiology,MI,866.1640,N,N,Ineligible,1
LRH,Instrument For Auto Reader Of Overnight Microorganism Identification System,1,MI,Microbiology,MI,866.2660,N,N,Ineligible,4
LRI,Ph Meter For Dialysis Hydrogen Ion Concentration,2,GU,"Gastroenterology, Urology",GU,876.5820,N,Y,Eligible,1
LRJ,"Disinfectant, Medical Devices",1,HO,General Hospital,HO,880.6890,N,N,Ineligible,4
LRK,"Device, Anti-Snoring",2,DE,Dental,DE,872.5570,N,N,Eligible,1
LRL,"Cushion, Hemorrhoid",U,,Unknown,GU,,N,N,Eligible,7
LRM,"Anti-Dna Antibody (Enzyme-Labeled), Antigen, Control",2,IM,Immunology,IM,866.5100,N,N,Eligible,1
LRN,"Wire, Surgical",2,OR,Orthopedic,OR,888.3030,Y,N,Eligible,1
LRO,General Surgery Tray,2,SU,"General, Plastic Surgery",SU,878.4370,N,N,Eligible,7
LRP,"Tray, Surgical",1,SU,"General, Plastic Surgery",SU,878.4800,N,N,Eligible,4
LRQ,Tracheostomy And Nasal Suctioning Kit,1,,Unknown,SU,,N,N,Eligible,7
LRR,First Aid Kit With Drug,N,,Unknown,SU,,N,N,Eligible,7
LRS,I.V. Start Kit,2,HO,General Hospital,SU,880.5200,N,N,Eligible,7
LRT,"Indicator, Sterilization",2,HO,General Hospital,HO,880.2800,N,N,Eligible,1
LRW,"Scissors, General, Surgical",1,SU,"General, Plastic Surgery",SU,878.4800,N,N,Eligible,4
LRX,"Case, Contact Lens",2,OP,Ophthalmic,OP,886.5928,N,N,Eligible,1
LRY,"Punch, Surgical",1,SU,"General, Plastic Surgery",SU,878.4800,N,N,Eligible,4
LRZ,"Screwdriver, Surgical",1,SU,"General, Plastic Surgery",SU,878.4800,N,N,Eligible,4
LSA,"Vise, Bench, Surgical",1,SU,"General, Plastic Surgery",SU,878.4800,N,N,Eligible,4
LSB,"Unit, Fluidotherapy",2,PM,Physical Medicine,PM,890.5100,N,N,Eligible,1
LSC,Neisseria Controls,1,MI,Microbiology,MI,866.2660,N,N,Eligible,4
LSD,"Rubella, Other Assays",2,MI,Microbiology,MI,866.3510,N,N,Eligible,1
LSE,"Epstein-Barr Virus, Other",1,MI,Microbiology,MI,866.3235,N,N,Eligible,1
LSF,"Dna-Reagents, Epstein-Barr Virus",1,MI,Microbiology,MI,866.3235,N,N,Eligible,1
LSG,"Candida Species, Antibody Detection",2,MI,Microbiology,MI,866.3165,N,N,Eligible,4
LSH,"Antigen, Blastomyces Dermatitidis, Other",2,MI,Microbiology,MI,866.3060,N,N,Eligible,4
LSI,"Antiserum, Blastomyces Dermatitidis, Other",2,MI,Microbiology,MI,866.3060,N,N,Eligible,4
LSJ,"Antigen, Rubella, Other",2,MI,Microbiology,MI,866.3510,N,N,Eligible,1
LSK,"Dna-Reagents, Chlamydia",1,MI,Microbiology,MI,866.3120,N,N,Eligible,1
LSL,"Dna-Reagents, Neisseria",2,MI,Microbiology,MI,866.3390,N,N,Ineligible,1
LSM,"Dna-Reagents, Salmonella Spp.",2,MI,Microbiology,MI,866.3550,N,N,Eligible,4
LSN,"Dna-Reagents, Shigella Spp.",2,MI,Microbiology,MI,866.3660,N,N,Eligible,4
LSO,"Dna-Reagents, Cytomegalovirus",2,MI,Microbiology,MI,866.3175,N,N,Eligible,1
LSQ,"Reagent, Rickettsia Serological",1,MI,Microbiology,MI,866.3500,N,N,Eligible,4
LSR,"Reagent, Borrelia Serological Reagent",2,MI,Microbiology,MI,866.3830,N,N,Eligible,1
LSW,"Anti-Dna Antibody, Antigen And Control",2,IM,Immunology,IM,866.5100,N,N,Eligible,1
LSX,"Controller, Closed-Loop, Blood-Pressure",3,,Unknown,HO,,N,N,Eligible,2
LSY,"Ultrasound, Hyperthermia, Cancer Treatment",3,,Unknown,RA,,N,N,Eligible,2
LSZ,"Ventilator, High Frequency",3,,Unknown,AN,,N,N,Eligible,2
LTA,"Fluid, Hysteroscopy",3,,Unknown,OB,,N,N,Eligible,2
LTB,Cyclosporine Radioimmunoassay,2,CH,Clinical Chemistry,TX,862.1235,N,N,Eligible,1
LTC,Hyaline Membrane Disease Assay,3,,Unknown,CH,,N,N,Eligible,3
LTD,Paraquat Assay,3,,Unknown,TX,,N,N,Eligible,3
LTF,"Stimulator, Salivary System",2,DE,Dental,DE,872.5560,N,N,Eligible,1
LTG,"Paste, Injectable For Vocal Cord Augmentation",3,,Unknown,DE,,N,N,Eligible,2
LTI,"Implant, Intragastric For Morbid Obesity",3,,Unknown,GU,,Y,N,Ineligible,2
LTJ,Prostate-Specific Antigen (Psa) For Management Of Prostate Cancers,2,IM,Immunology,IM,866.6010,N,N,Eligible,1
LTK,"Test, Epithelial Ovarian Tumor-Associated Antigen (Ca125)",2,IM,Immunology,IM,866.6010,N,N,Eligible,1
LTO,"Spacer, Cement",3,OR,Orthopedic,OR,888.3320,Y,N,Eligible,2
LTQ,Calibrator For Alpha-Fetoprotein In Mid-Pregnancy Maternal Serum,3,,Unknown,IM,,N,N,Ineligible,2
LTS,"Test Reagents, Neisseria Gonorrhoeae Biochemical",1,MI,Microbiology,MI,866.2660,N,N,Eligible,4
LTT,"Panels, Test, Susceptibility, Antimicrobial",2,MI,Microbiology,MI,866.1640,N,N,Ineligible,1
LTW,"Susceptibility Test Cards, Antimicrobial",2,MI,Microbiology,MI,866.1640,N,N,Ineligible,1
LTX,"Discs, Elution",2,MI,Microbiology,MI,866.1620,N,N,Eligible,1
LTY,"Fluid, Cytological Collection",3,,Unknown,OB,,N,N,Eligible,2
LTZ,Condom With Nonoxynol-9,2,OB,Obstetrics/Gynecology,OB,884.5310,N,N,Eligible,1
LWA,"Prosthesis, Ligament, Ptfe",3,,Unknown,OR,,Y,N,Eligible,2
LWB,"Stimulator, Functional Neuromuscular, Scoliosis",3,,Unknown,PM,,N,N,Ineligible,2
LWE,Bone Marrow Collection/Transfusion Kit,2,,Unknown,HO,,N,N,Eligible,7
LWF,"Dilator, Nasal",1,EN,"Ear, Nose, Throat",EN,874.3900,N,N,Eligible,4
LWG,Surgical Table Cushion,1,SU,"General, Plastic Surgery",SU,878.4950,N,N,Eligible,4
LWH,"Counter, Sponge, Surgical",1,HO,General Hospital,SU,880.2740,N,N,Eligible,4
LWI,"Ultrasound, Sinus",2,RA,Radiology,EN,892.1560,N,N,Eligible,1
LWJ,"Prosthesis, Hip, Semi-Constrained, Metal/Polymer, Uncemented",2,OR,Orthopedic,OR,888.3360,Y,N,Eligible,1
LWK,"Razor, Surgical",1,SU,"General, Plastic Surgery",SU,878.4800,N,N,Eligible,4
LWL,"Fluid, Intraocular",3,OP,Ophthalmic,OP,886.4275,N,N,Eligible,2
LWM,"Device, Electrical Dental Anesthesia",U,,Unknown,DE,,N,N,Eligible,1
LWO,"Pulse-Generator, Single Chamber, Sensor Driven, Implantable",3,,Unknown,CV,,Y,N,Ineligible,2
LWP,"Implantable Pulse Generator, Pacemaker (Non-Crt)",3,,Unknown,CV,,Y,Y,Ineligible,2
LWQ,"Heart-Valve, Mechanical",3,,Unknown,CV,,Y,Y,Eligible,2
LWR,"Heart-Valve, Non-Allograft Tissue",3,,Unknown,CV,,Y,N,Eligible,2
LWS,Implantable Cardioverter Defibrillator (Non-Crt),3,,Unknown,CV,,Y,Y,Ineligible,2
LWT,"Occluder, Balloon, Vena-Cava",3,,Unknown,CV,,N,N,Eligible,2
LWW,"Pulse-Generator, Single Chamber, Single",3,,Unknown,CV,,N,N,Ineligible,2
LWX,Device. Laser Peripheral Angioplasty,3,,Unknown,CV,,N,N,Eligible,2
LWZ,Tissue Graft Of Less Than 6mm,3,,Unknown,CV,,N,N,Eligible,3
LXA,Tissue Graft Of 6mm And Greater,3,,Unknown,CV,,Y,N,Eligible,2
LXB,"Hearing Aid, Bone Conduction",2,EN,"Ear, Nose, Throat",EN,874.3302,N,N,Eligible,1
LXC,"Monitor, Pressure, Intracompartmental",U,,Unknown,OR,,N,N,Eligible,1
LXE,"Doppler, Fetal, Ultrasound",2,OB,Obstetrics/Gynecology,RA,884.2660,N,N,Eligible,1
LXF,"Diathermy, Ultrasonic, For Use Other Than Applying Therapeutic Deep Heat",3,PM,Physical Medicine,PM,890.5300,N,N,Ineligible,2
LXG,"Equipment, Laboratory, General Purpose, Labeled Or Promoted For A Specific Medical Use",1,CH,Clinical Chemistry,CH,862.2050,N,N,Eligible,4
LXH,Orthopedic Manual Surgical Instrument,1,OR,Orthopedic,OR,888.4540,N,N,Eligible,4
LXI,"Guide, Drill, Ligament",1,SU,"General, Plastic Surgery",OR,878.4820,N,N,Eligible,4
LXJ,Interactive Rehabilitation Exercise Devices,2,PM,Physical Medicine,PM,890.5360,N,N,Eligible,1
LXK,"Scrapper, Skin Specimen",1,SU,"General, Plastic Surgery",SU,878.4800,N,N,Eligible,4
LXM,"Manipulator, Plunger-Like Joint",U,,Unknown,PM,,N,N,Eligible,1
LXN,"Probe, Test, Heart-Valve",1,CV,Cardiovascular,CV,870.4500,N,N,Eligible,4
LXP,"Plug, Scleral",2,OP,Ophthalmic,OP,886.4155,N,N,Eligible,1
LXQ,"Cup, Eye",U,,Unknown,OP,,N,N,Eligible,7
LXR,"Laser, Microsurgical Argon, For Use In Otology",2,EN,"Ear, Nose, Throat",EN,874.4490,N,N,Eligible,1
LXS,"Laser, Neodymium:Yag, Ophthalmic For Posterior Capsulotomy And Cutting Pupilla",2,OP,Ophthalmic,OP,886.4392,N,N,Eligible,1
LXT,"Appliance, Fixation, Nail/Blade/Plate Combination, Multiple Component, Metal Composite",2,OR,Orthopedic,OR,888.3030,Y,N,Eligible,1
LXU,Laser For Wound Healing,3,,Unknown,SU,,N,N,Ineligible,3
LXV,"Apparatus, Vestibular Analysis",U,,Unknown,EN,,N,N,Eligible,1
LXW,"Column, Adsorption, Low Density, Lipoprotein",3,,Unknown,GU,,N,N,Ineligible,3
LXY,"Prosthesis, Knee, Patello/Femorotibial, Semi-Constrained, Uncemented, Polymer/Metal/Polymer",3,,Unknown,OR,,Y,N,Eligible,3
LXZ,"Guard, Instrument",1,SU,"General, Plastic Surgery",SU,878.4800,N,N,Eligible,4
LYA,"Splint, Intranasal Septal",1,EN,"Ear, Nose, Throat",EN,874.4780,N,N,Eligible,4
LYC,"Bone Grafting Material, Synthetic",2,DE,Dental,DE,872.3930,Y,N,Eligible,1
LYE,Cytokeratins,2,IM,Immunology,PA,866.5550,N,N,Eligible,1
LYF,Pneumocystis Carinii,2,MI,Microbiology,MI,866.3780,N,N,Eligible,1
LYG,"Massager, Therapeutic, Manual",1,PM,Physical Medicine,PM,890.5660,N,N,Eligible,4
LYH,Arthrometer,1,PM,Physical Medicine,NE,890.1615,N,N,Eligible,4
LYI,"Stimulator, Subcortical, Implanted  For Epilepsy",3,,Unknown,NE,,Y,N,Ineligible,3
LYJ,"Stimulator, Autonomic Nerve, Implanted For Epilepsy",3,,Unknown,NE,,Y,N,Ineligible,2
LYK,Angioscope,2,GU,"Gastroenterology, Urology",CV,876.1500,N,N,Eligible,1
LYL,"Accessories, Solution, Ultrasonic Cleaners For Lenses",2,OP,Ophthalmic,OP,886.5928,N,N,Eligible,1
LYN,"Apparatus, Visual Reinforcement Audiometric",2,EN,"Ear, Nose, Throat",EN,874.1050,N,N,Eligible,4
LYP,"Accessories, Fixation, Spinal Interlaminal",2,OR,Orthopedic,OR,888.3050,Y,N,Eligible,1
LYQ,"Accessories, Fixation, Spinal Intervertebral Body",1,OR,Orthopedic,OR,888.4540,N,N,Eligible,4
LYR,Helicobacter Pylori,1,MI,Microbiology,MI,866.3110,N,N,Eligible,1
LYS,Bone Mill,1,OR,Orthopedic,OR,888.4540,N,N,Eligible,4
LYT,Fixation Accessory,2,OR,Orthopedic,OR,888.3030,Y,N,Eligible,1
LYU,"Accessory, Surgical Apparel",1,SU,"General, Plastic Surgery",HO,878.4040,N,N,Eligible,4
LYV,"Label Or Tag, Sterile",1,SU,"General, Plastic Surgery",SU,878.4800,N,N,Eligible,4
LYX,"Media, Corneal Storage",U,,Unknown,OP,,N,N,Eligible,1
LYY,Latex Patient Examination Glove,1,HO,General Hospital,HO,880.6250,N,N,Eligible,1
LYZ,Vinyl Patient Examination Glove,1,HO,General Hospital,HO,880.6250,N,N,Eligible,1
LZA,Polymer Patient Examination Glove,1,HO,General Hospital,HO,880.6250,N,N,Eligible,1
LZB,Finger Cot,1,HO,General Hospital,HO,880.6250,N,N,Eligible,4
LZC,"Medical Glove, Specialty",1,HO,General Hospital,HO,880.6250,N,N,Eligible,1
LZD,"Joint, Temporomandibular, Implant",3,DE,Dental,DE,872.3940,Y,N,Eligible,2
LZE,Isometer,1,OR,Orthopedic,OR,888.1520,N,N,Eligible,4
LZF,"Pump, Infusion, Analytical Sampling",2,HO,General Hospital,CH,880.5725,N,N,Eligible,1
LZG,"Pump, Infusion, Insulin",2,HO,General Hospital,CH,880.5725,N,N,Ineligible,1
LZH,"Pump, Infusion, Enteral",2,HO,General Hospital,HO,880.5725,N,N,Ineligible,1
LZI,"Device, Assistive Listening",2,EN,"Ear, Nose, Throat",EN,874.3320,N,N,Eligible,4
LZJ,"Prosthesis, Toe (Metatarsophalangeal), Joint, Metal/Polymer, Semi-Constrained",U,,Unknown,OR,,Y,N,Eligible,1
LZK,"Implant, Malar",2,SU,"General, Plastic Surgery",SU,878.3550,Y,N,Eligible,1
LZL,Micro-Condom,3,OB,Obstetrics/Gynecology,OB,884.5320,N,N,Eligible,2
LZM,"Guard, Skin Graft",1,SU,"General, Plastic Surgery",SU,878.4014,N,N,Eligible,4
LZN,Cement Obturator,2,SU,"General, Plastic Surgery",OR,878.3300,Y,N,Eligible,1
LZO,"Prosthesis, Hip, Semi-Constrained, Metal/Ceramic/Polymer, Cemented Or Non-Porous, Uncemented",2,OR,Orthopedic,OR,888.3353,Y,N,Eligible,1
LZP,"Aid, Surgical, Viscoelastic",3,OP,Ophthalmic,OP,886.4275,N,N,Eligible,2
LZQ,Tissue Adhesive For Ophthalmic Use,3,,Unknown,OP,,N,N,Eligible,2
LZR,"Ultrasound, Cyclodestructive",2,OP,Ophthalmic,OP,886.5350,N,N,Eligible,1
LZS,Excimer Laser System,3,,Unknown,OP,,N,N,Ineligible,2
LZU,"Plug, Punctum",U,,Unknown,OP,,N,N,Eligible,1
LZV,"System, Cement Removal Extraction",2,OR,Orthopedic,OR,888.4580,N,N,Eligible,4
LZW,"Monitor, Spine Curvature",U,,Unknown,PM,,N,N,Eligible,7
LZY,"Prosthesis, Hip, Hemi-, Femoral, Metal Ball",2,OR,Orthopedic,OR,888.3360,Y,N,Eligible,1
MAA,"Monitor, Fetal Doppler Ultrasound",2,OB,Obstetrics/Gynecology,RA,884.2660,N,N,Eligible,1
MAB,"Marker, Cardiopulmonary Bypass (Vein Marker)",2,CV,Cardiovascular,CV,870.3450,N,N,Eligible,1
MAC,Decontamination Kit,1,SU,"General, Plastic Surgery",HO,878.4014,N,N,Eligible,7
MAD,"Catheter, Percutaneous (Valvuloplasty)",3,,Unknown,CV,,N,N,Eligible,2
MAE,"Occluder, Patent Ductus, Arteriosus",3,,Unknown,CV,,Y,N,Eligible,2
MAF,"Stent, Coronary",3,,Unknown,CV,,Y,N,Eligible,2
MAH,"Hearing Aid, Bone Conduction, Implanted",2,EN,"Ear, Nose, Throat",EN,874.3302,Y,N,Eligible,1
MAI,"Fastener, Fixation, Biodegradable, Soft Tissue",2,OR,Orthopedic,OR,888.3030,Y,N,Eligible,1
MAJ,"Catheter, Percutaneous, Intraspinal, Short Term",2,AN,Anesthesiology,HO,868.5120,N,N,Eligible,1
MAL,"Graft, Vascular, Synthetic/Biologic Composite",2,CV,Cardiovascular,CV,870.3450,Y,N,Eligible,1
MAM,"Dna-Probe, B And T Lymphocyte",2,HE,Hematology,HE,864.5220,N,N,Eligible,1
MAN,"Assay, Interleukin",3,,Unknown,IM,,N,N,Ineligible,2
MAO,"Dna-Probe, Human Chromosome",U,,Unknown,PA,,N,N,Eligible,1
MAQ,"Kit, Dna Detection, Human Papillomavirus",3,,Unknown,MI,,N,N,Ineligible,2
MAR,Cyclosporine And Metabolites Serum Assay,2,CH,Clinical Chemistry,TX,862.1235,N,N,Eligible,1
MAU,"Eraser, Dental Stain",1,DE,Dental,DE,872.6855,N,N,Eligible,4
MAV,"Syringe, Balloon Inflation",2,CV,Cardiovascular,CV,870.1650,N,N,Eligible,1
MAW,"Marker, Suture Identification",1,SU,"General, Plastic Surgery",SU,878.4800,N,N,Eligible,1
MAX,"Intervertebral Fusion Device With Bone Graft, Lumbar",2,OR,Orthopedic,OR,888.3080,Y,N,Eligible,1
MAY,"Prosthesis,  Hip, Semi-Constrained, Metal/Ceramic/Polymer, Cemented Or Non-Porous Cemented, Osteophilic Finish",2,OR,Orthopedic,OR,888.3353,Y,N,Eligible,1
MBB,"Bone Cement, Antibiotic",2,OR,Orthopedic,OR,888.3027,Y,N,Eligible,1
MBD,"Prosthesis, Knee, Patello/Femorotibial, Unconstrained, Uncemented, Porous, Coated, Polymer/Metal/Polymer",3,,Unknown,OR,,Y,N,Eligible,2
MBF,"Prosthesis, Shoulder, Semi-Constrained, Metal/Polymer, Uncemented",2,OR,Orthopedic,OR,888.3670,Y,N,Eligible,1
MBH,"Prosthesis, Knee, Patello/Femorotibial, Semi-Constrained, Uncemented, Porous, Coated, Polymer/Metal/Polymer",2,OR,Orthopedic,OR,888.3565,Y,N,Eligible,1
MBI,"Fastener, Fixation, Nondegradable, Soft Tissue",2,OR,Orthopedic,OR,888.3040,Y,N,Eligible,1
MBJ,"Fastener, Fixation, Biodegradable, Hard Tissue",3,,Unknown,OR,,Y,N,Eligible,3
MBL,"Prosthesis, Hip, Semi-Constrained, Uncemented, Metal/Polymer, Porous",2,OR,Orthopedic,OR,888.3358,Y,N,Eligible,1
MBP,"Filler, Bone Void, Osteoinduction (W/O Human Growth Factor)",2,OR,Orthopedic,OR,888.3045,Y,N,Eligible,1
MBQ,Peripheral Electromagnetic Field (Pemf) To Aid Wound Healing,3,,Unknown,PM,,N,N,Ineligible,3
MBS,"Filler, Bone Void, Non-Osteoinduction",3,,Unknown,OR,,Y,N,Eligible,2
MBT,"Dna-Probe, Reagent, Histoplasma Capsulatum",2,MI,Microbiology,MI,866.3320,N,N,Eligible,4
MBU,Single-Use Internal Condom,2,OB,Obstetrics/Gynecology,OB,884.5340,N,N,Ineligible,1
MBV,"Prosthesis, Knee, Patello/Femorotibial, Semi-Constrained, Uhmwpe, Pegged, Cemented, Polymer/Metal/Polymer",2,OR,Orthopedic,OR,888.3560,Y,N,Eligible,1
MBX,"Stimulator, Thalamic, Epilepsy, Implanted",3,,Unknown,NE,,N,N,Ineligible,3
MCA,"Tape, Surgical, Internal",2,SU,"General, Plastic Surgery",SU,878.3300,Y,N,Eligible,1
MCB,"Antigen, C. Difficile",1,MI,Microbiology,MI,866.2660,N,N,Eligible,4
MCC,"Dna-Probe, Haemophilus Spp.",2,MI,Microbiology,MI,866.3300,N,N,Eligible,4
MCD,"Antigen, Ebv, Capsid",1,MI,Microbiology,MI,866.3235,N,N,Eligible,1
MCE,Respiratory Syncytial Virus - Elisa,1,MI,Microbiology,MI,866.3480,N,N,Eligible,4
MCF,"Unit, Ultraviolet Sanitation/Sterilization (For Toothbrushes), Sterile",1,DE,Dental,DE,872.6855,N,N,Eligible,4
MCG,"Dna-Probe, Agent, Listeria",1,MI,Microbiology,MI,866.3355,N,N,Eligible,4
MCH,"Clip, Hemostatic",2,SU,"General, Plastic Surgery",SU,878.4300,Y,N,Ineligible,1
MCI,"Graft, Vascular, Hemodialysis Access, Synthetic/Biological Composite",3,,Unknown,OB,,N,N,Ineligible,2
MCK,"Device, Voice Amplification",2,EN,"Ear, Nose, Throat",EN,874.3730,N,N,Eligible,4
MCL,"Kit, Test, In Vitro Periodontal",3,,Unknown,DE,,N,N,Eligible,2
MCM,"Implant, Cochlear",3,,Unknown,EN,,Y,N,Ineligible,2
MCN,"Barrier, Absorbable, Adhesion",3,,Unknown,OB,,N,N,Ineligible,2
MCP,"Stimulator, Fetal, Acoustic",3,,Unknown,OB,,N,N,Ineligible,2
MCS,"Dna-Probe, Staphylococcus Aureus",1,MI,Microbiology,MI,866.3700,N,N,Eligible,4
MCT,"Dna-Probe, Strep Pneumoniae",1,MI,Microbiology,MI,866.3740,N,N,Eligible,4
MCV,"Spinal Pedicle Screw, Fixation, Appliance System",3,,Unknown,OR,,Y,N,Eligible,2
MCW,"Catheter, Peripheral, Atherectomy",2,CV,Cardiovascular,CV,870.4875,N,N,Eligible,1
MCX,"Catheter, Coronary, Atherectomy",3,,Unknown,CV,,N,N,Eligible,2
MCY,Wound Dressing Kit,2,HO,General Hospital,SU,880.5075,N,N,Eligible,7
MCZ,Suture Removal Kit,1,SU,"General, Plastic Surgery",SU,878.4800,N,N,Eligible,7
MDA,"Elastomer, Silicone, For Scar Management",1,SU,"General, Plastic Surgery",SU,878.4025,N,N,Eligible,4
MDB,"System, Blood Culturing",1,MI,Microbiology,MI,866.2560,N,N,Ineligible,1
MDC,Dna-Probe - Blastomyces Dermatitidis,2,MI,Microbiology,MI,866.3060,N,N,Eligible,4
MDD,"Device, Dermal Replacement",3,,Unknown,SU,,Y,N,Ineligible,2
MDE,"Dna-Probe, Reagents, Cryptococcal",2,MI,Microbiology,MI,866.3165,N,N,Eligible,4
MDF,"Dna-Probe, Reagents, Coccidioides Immitis",2,MI,Microbiology,MI,866.3135,N,N,Eligible,4
MDG,"System, Intrafallopian Cannula",2,OB,Obstetrics/Gynecology,OB,884.4530,N,N,Eligible,1
MDI,"Prosthesis, Rib Replacement",2,OR,Orthopedic,OR,888.3070,Y,N,Eligible,1
MDJ,"Reagents, Cysticercosis",1,MI,Microbiology,MI,866.3200,N,N,Eligible,4
MDK,"Dna-Probe, Reagents, Streptococcal",1,MI,Microbiology,MI,866.3740,N,N,Eligible,4
MDL,"Implant, Transmandibular",2,DE,Dental,DE,872.4760,Y,N,Eligible,1
MDM,"Instrument, Manual, Surgical, General Use",1,SU,"General, Plastic Surgery",SU,878.4800,N,N,Eligible,4
MDP,"Separator For Therapeutic Purposes, Membrane Automated Blood Cell/Plasma",3,,Unknown,GU,,N,N,Ineligible,2
MDR,"Binder, Medical, Therapeutic",1,HO,General Hospital,HO,880.5160,N,N,Eligible,4
MDS,"Sensor, Glucose, Invasive",3,,Unknown,CH,,N,N,Ineligible,2
MDT,"Elisa, Trichinella Spiralis",1,MI,Microbiology,MI,866.3850,N,N,Eligible,4
MDU,"Antigen, Elisa, Cryptococcus",2,MI,Microbiology,MI,866.3165,N,N,Eligible,4
MDZ,"Cleaners, Medical Devices",2,HO,General Hospital,HO,880.6992,N,N,Eligible,1
MEA,"Pump, Infusion, Pca",2,HO,General Hospital,HO,880.5725,N,N,Ineligible,1
MEB,"Pump, Infusion, Elastomeric",2,HO,General Hospital,HO,880.5725,N,N,Ineligible,1
MEC,"Disinfector, Medical Devices",2,HO,General Hospital,HO,880.6992,N,N,Ineligible,4
MED,"Sterilant, Medical Devices",2,HO,General Hospital,HO,880.6885,N,N,Ineligible,1
MEF,"Ring, Teething, Non-Fluid Filled",1,DE,Dental,DE,872.5550,N,N,Eligible,4
MEG,"Syringe, Antistick",2,HO,General Hospital,HO,880.5860,N,N,Eligible,1
MEH,"Prosthesis, Hip, Semi-Constrained, Uncemented, Metal / Polymer, Non-Porous, Calcium Phosphate",2,OR,Orthopedic,OR,888.3353,Y,N,Eligible,1
MEQ,"System, Hyperthermia, Rf/Microwave (Benign Prostatic Hyperplasia),Thermotherapy",3,,Unknown,GU,,N,N,Ineligible,2
MER,"Stent, Urethral, Prostatic, Permanent Or Semi-Permanent",3,,Unknown,GU,,N,N,Eligible,2
MES,"Stent, Urethral, Bulbous, Permanent Or Semi-Permanent",3,,Unknown,GU,,N,N,Eligible,2
MFA,"Device, Removal, Pacemaker Electrode, Percutaneous",3,,Unknown,CV,,N,N,Eligible,2
MFD,"Cannula, Intrauterine Insemination",2,OB,Obstetrics/Gynecology,OB,884.5250,N,N,Eligible,1
MFE,"Agent, Injectable, Embolic",3,,Unknown,NE,,N,N,Ineligible,2
MFJ,"Device, Endoscopic Suturing",2,GU,"Gastroenterology, Urology",SU,876.1500,N,N,Eligible,1
MFK,"Lens, Multifocal Intraocular",3,OP,Ophthalmic,OP,886.3600,Y,N,Eligible,2
MFR,"Stimulator, Brain, Implanted, For Behavior Modification",f,,Unknown,NE,,Y,N,Ineligible,6
MFX,"Vessel Guard Or Cover, To Facilitate Revision Surgeries",2,CV,Cardiovascular,CV,870.3470,N,N,Eligible,1
MFY,Endothelial Cell Harvesting Kit,2,CV,Cardiovascular,CV,870.4075,N,N,Eligible,7
MGA,"Alpha-1 Microglobulin, Antigen, Antiserum, Control",1,IM,Immunology,IM,866.5400,N,N,Eligible,4
MGB,"Device, Hemostasis, Vascular",3,,Unknown,CV,,N,N,Eligible,2
MGI,"Aspirator, Ultrasonic",3,,Unknown,OB,,N,N,Eligible,3
MGM,C. Trachomatis (Chlamydia Group),1,MI,Microbiology,MI,866.3120,N,N,Eligible,1
MGO,"Closure, Wound, Adhesive",1,SU,"General, Plastic Surgery",SU,878.4018,N,N,Eligible,4
MGP,"Dressing, Wound And Burn, Occlusive",U,,Unknown,SU,,N,N,Ineligible,1
MGQ,"Dressing, Wound And Burn, Hydrogel W/Drug And/Or Biologic",U,,Unknown,SU,,N,N,Ineligible,1
MGR,"Dressing, Wound And Burn, Interactive",3,,Unknown,SU,,N,N,Ineligible,2
MGS,High Performance Liquid Chromatography For Cyclosporine,2,CH,Clinical Chemistry,TX,862.1235,N,N,Eligible,1
MGU,Fluorescence Polarization Immunoassay For Cyclosporine,2,CH,Clinical Chemistry,TX,862.1235,N,N,Eligible,1
MGV,Radioimmunoassay For Cyclosporine,2,CH,Clinical Chemistry,TX,862.1235,N,N,Eligible,1
MGX,"Test System, For Drugs Of Abuse",3,,Unknown,TX,,N,N,Eligible,2
MGZ,Valvulotome,2,CV,Cardiovascular,CV,870.4885,N,N,Eligible,1
MHC,"Needle, Interosseous",2,HO,General Hospital,HO,880.5570,Y,N,Eligible,1
MHD,"Pump, Infusion, Gallstone Dissolution",2,HO,General Hospital,HO,880.5725,N,N,Eligible,1
MHE,"Implant, Auditory Brainstem",3,,Unknown,EN,,Y,N,Eligible,2
MHI,Giardia Spp.,2,MI,Microbiology,MI,866.3220,N,N,Eligible,4
MHJ,Cryptosporidium Spp.,2,MI,Microbiology,MI,866.3220,N,N,Eligible,4
MHR,"Test, Anti-Tumor Cell Susceptibility",3,,Unknown,MI,,N,N,Ineligible,2
MHW,"Dressing, Compression",1,HO,General Hospital,SU,880.5075,N,N,Eligible,4
MHX,"Monitor, Physiological, Patient(With Arrhythmia Detection Or Alarms)",2,CV,Cardiovascular,CV,870.1025,N,N,Eligible,1
MHY,"Stimulator, Electrical, Implanted, For Parkinsonian Tremor",3,,Unknown,NE,,Y,N,Ineligible,2
MHZ,"Stimulator, Vestibular Acceleration, Therapeutic",3,,Unknown,NE,,N,N,Ineligible,3
MIA,"Needle, Spinal, Short Term",2,AN,Anesthesiology,AN,868.5150,N,N,Eligible,1
MIB,"Elastomer, Silicone Block",2,EN,"Ear, Nose, Throat",SU,874.3620,Y,N,Eligible,1
MIC,"Implant, Muscle, Pectoralis",2,EN,"Ear, Nose, Throat",SU,874.3620,Y,N,Eligible,1
MID,"System, Test, Anticardiolipin Immunological",2,IM,Immunology,IM,866.5660,N,N,Eligible,1
MIE,"Heart-Valve, Allograft",3,,Unknown,CV,,Y,N,Eligible,3
MIF,Prothrombin Fragment 1.2,2,HE,Hematology,HE,864.7320,N,N,Eligible,1
MIG,"Strip, Test Isoniazid",U,,Unknown,TX,,N,N,Eligible,7
MIH,"System, Endovascular Graft, Aortic Aneurysm Treatment",3,,Unknown,CV,,Y,N,Ineligible,2
MIJ,"Needle, Tumor Localization",1,SU,"General, Plastic Surgery",SU,878.4800,N,N,Eligible,4
MIK,"Device, Ultrasonic, Thermal Ablation",3,,Unknown,GU,,N,N,Ineligible,2
MIP,Implanted Fecal Incontinence Device,3,,Unknown,GU,,Y,N,Eligible,2
MIR,"Shunt, Portosystemic, Endoprosthesis",3,,Unknown,CV,,Y,N,Eligible,2
MIU,"Enzyme Linked Immunosorbent Assay, T. Cruzi",1,MI,Microbiology,MI,866.3870,N,N,Eligible,1
MIV,"Immunofluorescent Assay, T. Cruzi",1,MI,Microbiology,MI,866.3870,N,N,Eligible,1
MIX,"System, Vocal Cord Medialization",2,EN,"Ear, Nose, Throat",EN,874.3620,Y,N,Eligible,1
MIY,"Enzyme Linked Immunosorbent Assay, Coccidioides Immitis",2,MI,Microbiology,MI,866.3135,N,N,Eligible,4
MIZ,"Enzyme Linked Immunoabsorbent Assay, Histoplasma Capsulatum",2,MI,Microbiology,MI,866.3320,N,N,Eligible,4
MJA,"Susceptibility Test Powders, Antimycobacterial",2,MI,Microbiology,MI,866.1640,N,N,Ineligible,1
MJB,"Antigen, Cancer 549",3,,Unknown,IM,,N,N,Ineligible,2
MJC,"Catheter, Urological (Antimicrobial) And Accessories",2,GU,"Gastroenterology, Urology",GU,876.5130,N,N,Ineligible,1
MJD,"Culture Media, Antimycobacteria, Susceptibility Test",2,MI,Microbiology,MI,866.1700,N,N,Ineligible,1
MJE,"Culture Media, Antifungal, Susceptibility Test",2,MI,Microbiology,MI,866.1700,N,N,Ineligible,1
MJF,"Check Valve, Retrograde Flow (In-Line)",2,HO,General Hospital,HO,880.5440,N,N,Eligible,1
MJG,"Device, Percutaneous, Biopsy",1,SU,"General, Plastic Surgery",SU,878.4800,N,N,Eligible,4
MJH,"Legionella, Spp., Elisa",2,MI,Microbiology,MI,866.3300,N,N,Ineligible,4
MJI,"Specimen/Tissue, Identification Orientation",1,PA,Pathology,PA,864.3010,N,N,Eligible,4
MJJ,"Cpb Check Valve, Retrograde Flow, In-Line",2,CV,Cardiovascular,CV,870.4400,N,N,Eligible,1
MJK,"Dna Probe, Trichomonas Vaginalis",1,MI,Microbiology,MI,866.2660,N,N,Eligible,4
MJL,"Eia, Blastomyces Dermatitidis",2,MI,Microbiology,MI,866.3060,N,N,Eligible,4
MJM,"Dna Probe, Gardnerella Vaginalis",1,MI,Microbiology,MI,866.2660,N,N,Eligible,4
MJN,"Catheter, Intravascular Occluding, Temporary",2,CV,Cardiovascular,CV,870.4450,N,N,Eligible,1
MJO,"Prosthesis, Intervertebral Disc",3,,Unknown,OR,,Y,N,Eligible,2
MJP,"Lens, Intraocular, Toric Optics",3,OP,Ophthalmic,OP,886.3600,Y,N,Eligible,2
MJS,"Contrast Media, Ultrasound",3,,Unknown,RA,,N,N,Eligible,2
MJT,"Prosthesis, Shoulder, Humeral (Bipolar Hemi-Shoulder) Metal/Polymer, Cemented Or Uncemented",3,,Unknown,OR,,Y,N,Eligible,3
MJV,"Device, Inflation, Middle Ear",U,,Unknown,EN,,N,N,Eligible,1
MJW,"Prosthesis, Subtalar, Plug, Polymer",2,OR,Orthopedic,OR,888.3040,Y,N,Eligible,1
MJX,"Kit, Serological, Positive Control",1,CH,Clinical Chemistry,MI,862.1660,N,N,Eligible,4
MJY,"Kit, Serological, Negative Control",1,CH,Clinical Chemistry,MI,862.1660,N,N,Eligible,4
MJZ,"Kit, Direct Antigen, Positive Control",1,CH,Clinical Chemistry,MI,862.1660,N,N,Eligible,4
MKA,"Kit, Direct Antigen, Negative Control",1,CH,Clinical Chemistry,MI,862.1660,N,N,Eligible,4
MKB,"Device, Germicidal, Ultraviolet",2,HO,General Hospital,HO,880.6500,N,N,Eligible,1
MKD,"Stimulator, Functional Walking Neuromuscular, Non-Invasive",3,,Unknown,NE,,N,N,Ineligible,2
MKJ,Automated External Defibrillators (Non-Wearable),3,CV,Cardiovascular,CV,870.5310,N,N,Ineligible,2
MKN,"Catheter, Balloon, Transcervical",3,,Unknown,OB,,N,N,Ineligible,2
MKO,Falloposcope,2,OB,Obstetrics/Gynecology,OB,884.1690,N,N,Eligible,1
MKQ,"Processor, Cervical Cytology Slide, Automated",3,,Unknown,PA,,N,N,Ineligible,2
MKT,Hepatitis Viral B Dna Detection,2,MI,Microbiology,MI,866.3174,N,N,Ineligible,1
MKU,"Enzyme Immunoassay, Nicotine And Nicotine Metabolites",1,TX,Clinical Toxicology,TX,862.3220,N,N,Eligible,4
MKW,Cyclosporine,2,CH,Clinical Chemistry,TX,862.1235,N,N,Eligible,1
MKY,"System, Skin Closure",1,SU,"General, Plastic Surgery",SU,878.4320,N,N,Eligible,4
MKZ,"Dna Probe, Nucleic Acid Amplification, Chlamydia",1,MI,Microbiology,MI,866.3120,N,N,Ineligible,1
MLA,"Dna Probe, Yeast",1,MI,Microbiology,MI,866.2660,N,N,Eligible,4
MLC,"Monitor, St Segment",2,CV,Cardiovascular,CV,870.2340,N,N,Eligible,1
MLD,"Monitor, St Segment With Alarm",2,CV,Cardiovascular,CV,870.1025,N,N,Eligible,1
MLE,"Enzyme Immunoassay, Antiparietal Cell Antibody, Antigen, Control",2,IM,Immunology,IM,866.5110,N,N,Eligible,1
MLH,"Strip, Hama Igg, Elisa, In Vitro Test System",2,IM,Immunology,IM,866.5510,N,N,Eligible,1
MLK,"Thin Layer Chromatography, Tricyclic Antidepressant Drugs",2,TX,Clinical Toxicology,TX,862.3910,N,N,Eligible,1
MLL,Hemoglobin C (Abnormal Hemoglobin Variant),2,HE,Hematology,HE,864.7415,N,N,Eligible,1
MLM,"Enzyme Immunoassay, Tracrolimus",2,CH,Clinical Chemistry,TX,862.1678,N,N,Eligible,1
MLN,"Electrode, Electrocardiograph, Multi-Function",2,CV,Cardiovascular,CV,870.2360,N,N,Eligible,4
MLO,"Electrocardiograph, Ambulatory, With Analysis Algorithm",2,CV,Cardiovascular,CV,870.2800,N,N,Eligible,1
MLP,"Keratoprosthesis, Temporary Implant, Surgical Use",2,OP,Ophthalmic,OP,886.3400,Y,N,Eligible,1
MLQ,"Inhibitor, Peridural Fibrosis (Adhesion Barrier)",3,,Unknown,NE,,N,N,Ineligible,2
MLR,"Sterilizer, Chemical",2,HO,General Hospital,HO,880.6860,N,N,Ineligible,1
MLS,Labor And Delivery Kit,2,OB,Obstetrics/Gynecology,OB,884.4530,N,N,Eligible,7
MLT,Pelvic Exam Kit,2,OB,Obstetrics/Gynecology,OB,884.4530,N,N,Eligible,7
MLV,Transcatheter Septal Occluder,3,,Unknown,CV,,Y,Y,Eligible,2
MLW,"Warmer, Peritoneal Dialysate",2,GU,"Gastroenterology, Urology",GU,876.5630,N,Y,Ineligible,1
MLY,Vapocoolant Device,U,,Unknown,PM,,N,N,Eligible,1
MLZ,"Vitrectomy, Instrument Cutter",2,OP,Ophthalmic,OP,886.4150,N,N,Eligible,1
MMA,"Oximeter, Fetal Pulse",3,,Unknown,OB,,N,N,Ineligible,2
MMC,"Dilator, Expansive Iris (Accessory)",2,OP,Ophthalmic,OP,886.4150,N,N,Eligible,1
MMD,"Toothbrush, Ionic, Battery-Powered",1,DE,Dental,DE,872.6865,N,N,Eligible,4
MMF,Photorefractor,2,OP,Ophthalmic,OP,886.1120,N,N,Eligible,4
MMH,Blood Establishment Computer Software And Accessories,2,HE,Hematology,HE,864.9165,N,N,Eligible,1
MMI,"Immunoassay Method, Troponin Subunit",2,CH,Clinical Chemistry,CH,862.1215,N,N,Ineligible,1
MMK,"Container, Sharps",2,HO,General Hospital,HO,880.5570,N,N,Eligible,1
MML,"Weights, Eyelid, External",2,OP,Ophthalmic,OP,886.5700,N,N,Eligible,4
MMO,"Tray, Surgical, Ent",1,EN,"Ear, Nose, Throat",EN,874.4420,N,N,Eligible,4
MMP,"Cover, Barrier, Protective",2,SU,"General, Plastic Surgery",HO,878.4370,N,N,Eligible,1
MMQ,"Topographer, Corneal, Ac-Powered",1,OP,Ophthalmic,OP,886.1350,N,N,Eligible,4
MMS,"Lubricant, Vaginal, Patient",1,HO,General Hospital,HO,880.6375,N,N,Eligible,1
MMT,"Resin, Root Canal Filling Containing Chloroform",3,DE,Dental,DE,872.3820,N,N,Eligible,2
MMU,"Adhesive, Denture, Acacia And Karaya With Sodium Borate > 12% By Weight",3,DE,Dental,DE,872.3400,N,N,Eligible,2
MMW,"System, Test, Tumor Marker, Monitoring, Bladder",2,IM,Immunology,IM,866.6010,N,N,Eligible,1
MMX,"Device, Percutaneous Retrieval",2,CV,Cardiovascular,CV,870.5150,N,N,Eligible,1
MMY,"Lipoprotein, Low Density, Removal",3,,Unknown,GU,,N,N,Ineligible,2
MMZ,"Table, Cystometric, Electric",2,GU,"Gastroenterology, Urology",GU,876.4890,N,N,Eligible,4
MNB,"Device, Thermal Ablation, Endometrial",3,,Unknown,OB,,N,N,Ineligible,2
MND,"Ligator, Esophageal",2,GU,"Gastroenterology, Urology",GU,876.4400,N,N,Ineligible,4
MNE,"Orthosis, Moldable, Supportive, Skin Protective",1,PM,Physical Medicine,PM,890.3475,N,N,Eligible,4
MNF,"Implant, Temporal",2,SU,"General, Plastic Surgery",SU,878.3550,Y,N,Eligible,1
MNG,"External Urethral Occluder, Urinary Incontinence-Control, Female",1,GU,"Gastroenterology, Urology",GU,876.5160,N,N,Eligible,4
MNH,"Orthosis, Spondylolisthesis Spinal Fixation",2,OR,Orthopedic,OR,888.3070,Y,N,Eligible,1
MNI,"Orthosis, Spinal Pedicle Fixation",2,OR,Orthopedic,OR,888.3070,Y,N,Eligible,1
MNJ,"Valve, Pressure Relief, Cardiopulmonary Bypass",2,CV,Cardiovascular,CV,870.4400,N,N,Eligible,1
MNK,Endoscopic Bite Block,1,GU,"Gastroenterology, Urology",GU,876.1500,N,N,Eligible,4
MNL,"Accessories, Cleaning Brushes, For Endoscope",1,GU,"Gastroenterology, Urology",GU,876.1500,N,N,Eligible,4
MNM,"Reader, Cervical Cytology Slide, Automated",3,,Unknown,PA,,N,N,Ineligible,2
MNO,"System, Laser, Transmyocardial Revascularization",3,,Unknown,CV,,N,N,Eligible,2
MNQ,"Stimulator, Hypoglossal Nerve, Implanted, Apnea",3,,Unknown,AN,,Y,N,Eligible,2
MNR,Ventilatory Effort Recorder,2,AN,Anesthesiology,AN,868.2375,N,N,Eligible,1
MNS,"Ventilator, Continuous, Non-Life-Supporting",2,AN,Anesthesiology,AN,868.5895,N,N,Ineligible,1
MNT,"Continuous, Minimal Ventilatory Support, Facility Use Ventilator",2,AN,Anesthesiology,AN,868.5895,N,Y,Ineligible,1
MNU,"Staple, Absorbable",2,OR,Orthopedic,OR,888.3030,Y,N,Eligible,1
MNV,"Strip, Dialysate Ph Indicator",2,GU,"Gastroenterology, Urology",GU,876.5820,N,N,Ineligible,1
MNW,"Analyzer, Body Composition",2,CV,Cardiovascular,GU,870.2770,N,N,Eligible,1
MOA,"Analyzer, Diagnostic, Fiber Optic (Colon)",3,,Unknown,GU,,N,N,Eligible,2
MOB,"Test System, Antineutrophil Cytoplasmic Antibodies (Anca)",2,IM,Immunology,IM,866.5660,N,N,Eligible,1
MOC,"Cushion, Flotation, Therapeutic",2,PM,Physical Medicine,PM,890.5170,N,N,Eligible,4
MOD,Accessory To Continuous Ventilator (Respirator),2,AN,Anesthesiology,AN,868.5895,N,N,Eligible,1
MOE,Collagen Corneal Shield,1,OP,Ophthalmic,OP,886.4750,N,N,Eligible,4
MOF,"Guide, Wire, Catheter, Neurovasculature",2,CV,Cardiovascular,NE,870.1330,N,N,Ineligible,1
MOH,"Monitor, Heart Rate, Fetal, Non-Stress Test (Home Use)",2,OB,Obstetrics/Gynecology,OB,884.2730,N,N,Ineligible,1
MOI,"System, Test, Immunological, Antigen, Tumor",2,IM,Immunology,IM,866.6010,N,N,Eligible,1
MOJ,"Fluorescence Polarization Immunoassay, Diphenylhydantoin (Free)",2,TX,Clinical Toxicology,TX,862.3350,N,N,Eligible,1
MOK,Vaginoscope And Accessories,2,OB,Obstetrics/Gynecology,OB,884.1630,N,N,Eligible,1
MOL,"Condom, Synthetic",2,OB,Obstetrics/Gynecology,OB,884.5300,N,N,Eligible,1
MOM,"System, Hemodynamic, Implantable",3,,Unknown,CV,,Y,N,Ineligible,2
MON,"System, Hemodialysis, Remote Accessories",1,GU,"Gastroenterology, Urology",GU,876.5820,N,N,Eligible,4
MOP,"Rotator, Prosthetic Heart Valve",1,CV,Cardiovascular,CV,870.3935,N,N,Eligible,4
MOQ,"Battery, Replacement, Rechargeable",1,SU,"General, Plastic Surgery",SU,878.4820,N,N,Eligible,4
MOS,"Coil, Magnetic Resonance, Specialty",2,RA,Radiology,RA,892.1000,N,N,Eligible,1
MOT,"Irradiator, Blood To Prevent Graft Versus Host Disease",U,,Unknown,RA,,N,N,Eligible,1
MOU,Intravascular Radiation Delivery System,3,,Unknown,CV,,N,N,Eligible,2
MOV,"Catheters, Salpingography",2,OB,Obstetrics/Gynecology,OB,884.4530,N,N,Eligible,1
MOZ,"Acid, Hyaluronic, Intraarticular",3,,Unknown,OR,,N,N,Eligible,2
MPA,Endoilluminator,2,GU,"Gastroenterology, Urology",OP,876.1500,N,N,Eligible,1
MPB,"Catheter, Hemodialysis, Non-Implanted",2,GU,"Gastroenterology, Urology",GU,876.5540,N,Y,Ineligible,1
MPC,Atrial Defibrillator,3,CV,Cardiovascular,CV,870.5300,Y,Y,Ineligible,2
MPD,Auxiliary Power Supply (Ac Or Dc) For Low-Energy Dc-Defibrillator,2,CV,Cardiovascular,CV,870.5300,N,Y,Eligible,1
MPE,Auxiliary Power Supply (Acor Dc) For External Transcutaneous Cardiac Pacemaker,2,CV,Cardiovascular,CV,870.5550,N,Y,Eligible,1
MPG,Urinary Carbohydrate Analysis Kit,1,CH,Clinical Chemistry,CH,862.1505,N,N,Eligible,4
MPI,Glenoid Fossa Prosthesis,3,DE,Dental,DE,872.3950,Y,N,Eligible,2
MPJ,Interarticular Disc Prosthesis (Interpositional Implant),3,DE,Dental,DE,872.3970,Y,N,Eligible,2
MPK,Semi-Constrained Metal/Polymer Finger Joint Prosthesis,f,,Unknown,OR,,Y,N,Eligible,6
MPL,Mandibular Condyle Prosthesis,3,DE,Dental,DE,872.3960,Y,N,Eligible,2
MPN,Tissue Adhesive For The Topical Approximation Of Skin,2,SU,"General, Plastic Surgery",SU,878.4010,N,N,Ineligible,1
MPO,Infant Heel Warmer (Chemical Heat Pack),1,PM,Physical Medicine,PM,890.5710,N,N,Eligible,1
MPQ,"Container, Specimen, Urine, Drugs Of Abuse, Over The Counter",1,PA,Pathology,CH,864.3260,N,N,Eligible,4
MPR,"Stent, Bladder, Fetal",f,,Unknown,OB,,Y,Y,Ineligible,6
MPT,Contraception Calculator,2,OB,Obstetrics/Gynecology,OB,884.5350,N,N,Eligible,1
MPU,"Source, Chemiluminescent Light",2,OB,Obstetrics/Gynecology,OB,884.4530,N,N,Eligible,1
MPV,"Implant, Hearing, Active, Middle Ear, Partially Implanted",3,,Unknown,EN,,Y,N,Eligible,2
MPW,"Filler, Recombinant Human Bone Morphogenetic Protein, Collagen Scaffold, Osteoinduction",3,,Unknown,OR,,Y,N,Eligible,2
MQA,Anti-Ribosomal P Antibodies,2,IM,Immunology,IM,866.5100,N,N,Eligible,1
MQB,Solid State X-Ray Imager (Flat Panel/Digital Imager),2,RA,Radiology,RA,892.1680,N,N,Eligible,1
MQC,"Mouthguard, Prescription",U,,Unknown,DE,,N,N,Eligible,1
MQE,"Needle, Assisted Reproduction",2,OB,Obstetrics/Gynecology,OB,884.6100,N,N,Eligible,1
MQF,"Catheter, Assisted Reproduction",2,OB,Obstetrics/Gynecology,OB,884.6110,N,N,Eligible,1
MQG,"Accessory, Assisted Reproduction",2,OB,Obstetrics/Gynecology,OB,884.6120,N,N,Eligible,1
MQH,"Microtools, Assisted Reproduction (Pipettes)",2,OB,Obstetrics/Gynecology,OB,884.6130,N,N,Eligible,1
MQI,"Microtool Fabrication, Assisted Reproduction",2,OB,Obstetrics/Gynecology,OB,884.6140,N,N,Eligible,1
MQJ,"Micromanipulators And Microinjectors, Assisted Reproduction",2,OB,Obstetrics/Gynecology,OB,884.6150,N,N,Eligible,4
MQK,"Labware, Assisted Reproduction",2,OB,Obstetrics/Gynecology,OB,884.6160,N,N,Eligible,1
MQL,"Media, Reproductive",2,OB,Obstetrics/Gynecology,OB,884.6180,N,N,Eligible,1
MQM,Bilirubin (Total And Unbound) In The Neonate Test System,1,CH,Clinical Chemistry,CH,862.1113,N,N,Eligible,1
MQN,External Mandibular Fixator And/Or Distractor,2,DE,Dental,DE,872.4760,Y,N,Eligible,1
MQO,Prosthetic Disc Nucleus Device,N,,Unknown,OR,,Y,N,Eligible,3
MQP,Spinal Vertebral Body Replacement Device,2,OR,Orthopedic,OR,888.3060,Y,N,Eligible,1
MQR,"Stent, Colonic, Metallic, Expandable",2,SU,"General, Plastic Surgery",GU,878.3610,Y,N,Eligible,1
MQS,"System, Hemodialysis, Access Recirculation Monitoring",2,GU,"Gastroenterology, Urology",GU,876.5820,N,Y,Ineligible,1
MQT,"Pump, Drug Administration, Closed Loop",3,,Unknown,HO,,N,N,Ineligible,2
MQU,Ocular Peg,2,OP,Ophthalmic,OP,886.3320,Y,N,Eligible,1
MQV,"Filler, Bone Void, Calcium Compound",2,OR,Orthopedic,OR,888.3045,Y,N,Eligible,1
MQW,"Transilluminator, Fiber Optic",1,EN,"Ear, Nose, Throat",EN,874.4350,N,N,Eligible,4
MQX,"Needle, Acupuncture, Single Use",2,HO,General Hospital,HO,880.5580,N,N,Eligible,4
MQZ,"Prosthesis, Nail",U,,Unknown,SU,,N,N,Eligible,7
MRA,"Prosthesis, Hip, Semi-Constrained, Metal/Ceramic/Ceramic/Metal, Cemented Or Uncemented",3,,Unknown,OR,,Y,N,Eligible,2
MRB,"Indicator, Biological, Liquid Chemical Sterilization Process",2,HO,General Hospital,HO,880.2800,N,N,Eligible,1
MRC,"Products, Contact Lens Care, Rigid Gas Permeable",2,OP,Ophthalmic,OP,886.5918,N,N,Eligible,1
MRD,Mammary Sizer,U,,Unknown,SU,,N,N,Eligible,1
MRE,"Solution, Sodium Hyaluronate",3,,Unknown,GU,,N,N,Eligible,3
MRG,"System, Test, Vitamin D",2,CH,Clinical Chemistry,CH,862.1825,N,N,Eligible,1
MRH,"Pump, Infusion, Ophthalmic",2,HO,General Hospital,OP,880.5725,N,N,Eligible,1
MRI,"Orthosis, Truncal/Orthosis, Limb",1,PM,Physical Medicine,PM,890.3490,N,N,Eligible,4
MRJ,"Ring, Endocapsular",3,,Unknown,OP,,Y,N,Eligible,2
MRK,"System, Imaging, Fluorescence",3,,Unknown,EN,,N,N,Eligible,2
MRL,"Scale, Sponge, Surgical, Electrically-Powered",1,HO,General Hospital,HO,880.2740,N,N,Eligible,4
MRM,"Defibrillator, Implantable, Dual-Chamber",3,,Unknown,CV,,Y,Y,Ineligible,2
MRN,"Apparatus, Nitric Oxide Delivery",2,AN,Anesthesiology,AN,868.5165,N,Y,Eligible,1
MRO,"Apparatus, Nitric Oxide, Backup Delivery",2,AN,Anesthesiology,AN,868.5165,N,Y,Eligible,1
MRP,"Analyzer, Nitric Oxide",2,AN,Anesthesiology,AN,868.2380,N,N,Eligible,1
MRQ,"Analyzer, Nitrogen Dioxide",2,AN,Anesthesiology,AN,868.2385,N,Y,Eligible,1
MRR,"System, Test, Low Density, Lipoprotein",1,CH,Clinical Chemistry,CH,862.1475,N,N,Eligible,4
MRS,"Test System, Nicotine, Cotinine, Metabolites",1,TX,Clinical Toxicology,TX,862.3220,N,N,Eligible,4
MRU,Implanted Subcortical Electrical Stimulator (Motor Disorders),f,,Unknown,NE,,Y,N,Ineligible,6
MRV,"Drink, Glucose Tolerance",2,CH,Clinical Chemistry,CH,862.1345,N,N,Eligible,4
MRW,"System, Facet Screw Spinal Device",U,,Unknown,OR,,Y,N,Eligible,1
MRX,"System, Assisted Reproduction Laser",2,OB,Obstetrics/Gynecology,OB,884.6200,N,N,Eligible,1
MRY,"Appliances And Accessories, Fixation, Bone, Absorbable Single/Multiple Component",2,OR,Orthopedic,OR,888.3040,Y,N,Eligible,1
MRZ,"Accessories, Pump, Infusion",2,HO,General Hospital,HO,880.5725,N,N,Eligible,1
MSA,"Dressing, Wound And Burn, Occlusive, Heated",1,SU,"General, Plastic Surgery",SU,878.4020,N,N,Ineligible,1
MSB,"System And Accessories, Isolated Heart, Transport And Preservation",2,GU,"Gastroenterology, Urology",GU,876.5880,N,N,Ineligible,1
MSC,"Barrier, Std, Oral Sex",2,OB,Obstetrics/Gynecology,OB,884.5300,N,N,Eligible,1
MSD,"Catheter, Hemodialysis, Implanted",2,GU,"Gastroenterology, Urology",GU,876.5540,Y,Y,Ineligible,1
MSE,"Hemodialyzer, Re-Use, Low Flux",2,GU,"Gastroenterology, Urology",GU,876.5820,N,Y,Ineligible,1
MSF,"Hemodialyzer, Re-Use, High Flux",2,GU,"Gastroenterology, Urology",GU,876.5860,N,Y,Ineligible,1
MSG,"Ophthalmoscopes, Replacement Batteries, Hand-Held",2,OP,Ophthalmic,OP,886.1570,N,N,Eligible,4
MSH,"Respirator, Surgical",2,SU,"General, Plastic Surgery",HO,878.4040,N,N,Eligible,4
MSI,"Solution, Cleaning / Lubricating, Artificial Eye",3,,Unknown,OP,,N,N,Eligible,2
MSJ,Apolipoproteins,1,CH,Clinical Chemistry,CH,862.1475,N,N,Eligible,4
MSK,Immunoassay For Blood Tacrolimus,N,,Unknown,TX,,N,Y,Eligible,3
MSL,"System, Test, Topiramatee",2,TX,Clinical Toxicology,TX,862.3350,N,N,Eligible,1
MSM,"System, Test, Lipoprotein(A)",1,CH,Clinical Chemistry,CH,862.1475,N,N,Eligible,4
MSQ,"Test, Urea (Breath Or Blood)",1,MI,Microbiology,MI,866.3110,N,N,Eligible,1
MSR,"Tubing, Replacement, Phacofragmentation Unit",2,OP,Ophthalmic,OP,886.4150,N,N,Eligible,4
MSS,"Folders And Injectors, Intraocular Lens (Iol)",1,OP,Ophthalmic,OP,886.4300,N,N,Eligible,1
MST,"Antibodies, Gliadin",2,IM,Immunology,IM,866.5750,N,N,Eligible,1
MSV,"System,Test,Antibodies,B2 - Glycoprotein I (B2 - Gpi)",2,IM,Immunology,IM,866.5660,N,N,Eligible,1
MSW,"System, Test, Thyroglobulin",2,IM,Immunology,IM,866.6010,N,N,Eligible,1
MSX,"System, Network And Communication, Physiological Monitors",2,CV,Cardiovascular,CV,870.2300,N,Y,Eligible,1
MSY,"Strip, Test, Reagent, Residuals For Dialysate, Disinfectant",2,GU,"Gastroenterology, Urology",GU,876.5665,N,Y,Ineligible,1
MSZ,"Strip, Test, Reagent, Residuals For Dialysate",2,GU,"Gastroenterology, Urology",GU,876.5665,N,Y,Ineligible,1
MTA,"Lens, Intraocular, Phakic",3,,Unknown,OP,,Y,N,Ineligible,2
MTC,"Indicator, Chemical, Enzymatic, Sterilization Process",2,HO,General Hospital,HO,880.2800,N,N,Eligible,1
MTD,"Catheter, Intracardiac Mapping, High-Density Array",2,CV,Cardiovascular,CV,870.1220,N,N,Eligible,1
MTE,"System, Pacing, Temporary, Acute, Internal Atrial Defibrillation",3,,Unknown,CV,,N,Y,Eligible,2
MTF,"Total, Prostate Specific Antigen (Noncomplexed & Complexed) For Detection Of Prostate Cancer",3,,Unknown,IM,,N,N,Ineligible,2
MTG,"Test, Prostate Specific Antigen, Free, (Noncomplexed) To Distinguish Prostate Cancer From Benign Conditions",3,,Unknown,IM,,N,N,Ineligible,2
MTH,"Tray, Leukocyte Typing",N,,Unknown,HE,,N,N,Eligible,3
MTI,"Kit, Cell Screening, Fetal",N,,Unknown,PA,,N,N,Eligible,3
MTJ,"Wax, Bone",U,,Unknown,OR,,Y,N,Eligible,1
MTK,"Kit, Sample Collection, Hiv",3,,Unknown,HE,,N,N,Eligible,3
MTL,"Monitor,Test,Hiv-1",3,,Unknown,HE,,N,N,Eligible,3
MTN,"Test, Syphilis, Treponemal",N,,Unknown,HE,,N,N,Eligible,3
MTO,"Software, Management, Microplate Assay",N,,Unknown,HE,,N,N,Eligible,3
MTP,"Antibody To Htlv-1, Elisa",3,,Unknown,HE,,N,Y,Eligible,3
MTQ,"Software, Blood Virus Applications",N,,Unknown,HE,,N,N,Eligible,3
MTR,Progenitor Cell Enumeration,2,,Unknown,HE,,N,N,Eligible,1
MTS,"Vials, Challenge, Endotoxin",N,,Unknown,HE,,N,N,Eligible,3
MTV,Sharps Needle Destruction Device,2,HO,General Hospital,HO,880.6210,N,N,Eligible,1
MTW,"System, Water, Reproduction, Assisted, And Purification",2,OB,Obstetrics/Gynecology,OB,884.6170,N,N,Eligible,1
MTX,"Microscope And Microscope Accessories, Reproduction, Assisted",1,OB,Obstetrics/Gynecology,OB,884.6190,N,N,Eligible,4
MTZ,"Wrap, Implant, Orbital",2,OP,Ophthalmic,OP,886.3320,Y,N,Eligible,1
MUA,Bone Sonometer,2,RA,Radiology,RA,892.1180,N,N,Eligible,1
MUD,"Oximeter, Tissue Saturation",2,CV,Cardiovascular,SU,870.2700,N,N,Eligible,1
MUE,"Full Field Digital, System, X-Ray, Mammographic",2,RA,Radiology,RA,892.1715,N,N,Eligible,1
MUH,"System, X-Ray, Extraoral Source, Digital",2,DE,Dental,RA,872.1800,N,N,Eligible,1
MUI,"Media, Coupling, Ultrasound",2,RA,Radiology,RA,892.1570,N,N,Eligible,1
MUJ,"System, Planning, Radiation Therapy Treatment",2,RA,Radiology,RA,892.5050,N,N,Eligible,1
MUK,"Electrosurgical Radiofrequency System, Stress Urinary Incontinence, Female, Transvaginal Or Laparoscopic, Pelvic Tissue",2,SU,"General, Plastic Surgery",GU,878.4400,N,N,Eligible,1
MUL,"Generator, Electrosurgical, Coagulation, Cancer",2,SU,"General, Plastic Surgery",SU,878.4400,N,N,Eligible,1
MUM,"Stent, Metallic, Expandable, Duodenal",2,SU,"General, Plastic Surgery",GU,878.3610,Y,N,Ineligible,1
MUQ,"Glue, Surgical, Arteries",3,,Unknown,CV,,Y,Y,Eligible,2
MUR,"Graft, Sclera, Reinforcement",3,,Unknown,OP,,Y,N,Eligible,3
MUS,"Fluidic, Phacoemulsification/Phacofragmentation",2,OP,Ophthalmic,OP,886.4670,N,N,Eligible,1
MUT,"Kit, Test For Nuclear Matrix (Numa) Protein (For Monitoring And Management Of Colorectal Cancer)",2,IM,Immunology,IM,866.6010,N,N,Eligible,1
MUU,"System, Suction, Lipoplasty",2,SU,"General, Plastic Surgery",SU,878.5040,N,N,Eligible,1
MUW,"Lens, Contact (Orthokeratology)",2,OP,Ophthalmic,OP,886.5916,N,N,Eligible,1
MUZ,"Stimulator, Autonomic Nerve, Implanted (Depression)",3,,Unknown,NE,,Y,N,Ineligible,2
MVA,"Orthosis, Cranial",2,NE,Neurology,NE,882.5970,N,N,Eligible,1
MVC,"System, Test, Her-2/Neu, Ihc",3,,Unknown,PA,,N,N,Ineligible,2
MVD,"System, Test, Her-2/Neu, Nucleic Acid Or Serum",2,PA,Pathology,PA,864.1890,N,N,Eligible,1
MVE,"Biosensor, Immunoassay, Myoglobin",2,IM,Immunology,IM,866.5680,N,N,Eligible,1
MVF,"System, Laser, Photodynamic Therapy",3,,Unknown,SU,,N,N,Eligible,2
MVG,"System, Laser, Fiber Optic, Photodynamic Therapy",3,,Unknown,SU,,N,N,Eligible,2
MVH,"Device, Detection, Sulfide",2,DE,Dental,DE,872.1870,N,N,Eligible,1
MVJ,"Devices, Measure, Antibodies To Glomerular Basement Membrane (Gbm)",2,IM,Immunology,IM,866.5660,N,N,Eligible,1
MVK,Wearable Automated External Defibrillator,3,,Unknown,CV,,N,Y,Ineligible,2
MVL,"Cord, Retraction",U,,Unknown,DE,,N,N,Eligible,1
MVM,"Autoantibodies, Endomysial(Tissue Transglutaminase)",2,IM,Immunology,IM,866.5660,N,N,Eligible,1
MVN,"Lens, Contact, (Disposable)",2,OP,Ophthalmic,OP,886.5925,N,N,Eligible,1
MVO,"Kit, Test, Multiple, Drugs Of Abuse, Over The Counter",U,,Unknown,TX,,N,N,Eligible,1
MVR,"Device, Anastomotic, Microvascular",2,SU,"General, Plastic Surgery",SU,878.4300,Y,N,Eligible,1
MVS,"Kit, Typing, Hla-Dqb",2,IM,Immunology,HE,866.5660,N,N,Eligible,1
MVU,"Reagents, Specific, Analyte",1,PA,Pathology,HE,864.4020,N,N,Eligible,4
MVV,"Device, Acupressure",U,,Unknown,NE,,N,N,Eligible,7
MVW,"Kit, Western Blot, Hiv-1",N,,Unknown,HE,,N,N,Eligible,3
MVX,"Antibody, Monoclonal Blocking, Hiv-1",N,,Unknown,HE,,N,N,Eligible,3
MVY,"Monoclonal, Hiv-1",N,,Unknown,HE,,N,N,Eligible,3
MVZ,"System, Test, Home, Hiv-1",3,,Unknown,HE,,N,N,Eligible,2
MWA,"System, Nucleic Acid Amplification, Mycobacterium Tuberculosis Complex",2,MI,Microbiology,MI,866.3372,N,N,Ineligible,1
MWB,"Kit, Test, Saliva, Hiv-1&2",3,,Unknown,HE,,N,N,Eligible,2
MWD,"Electrosurgical, Radio Frequency, Refractive Correction",3,,Unknown,OP,,N,N,Eligible,2
MWG,"System, Oxygen, Aqueous",3,,Unknown,CV,,N,N,Ineligible,2
MWH,Pulmonic Valved Conduit,f,,Unknown,CV,,Y,Y,Eligible,6
MWI,"Monitor, Physiological, Patient (Without Arrhythmia Detection Or Alarms)",2,CV,Cardiovascular,CV,870.2300,N,N,Eligible,1
MWJ,"Electrocardiograph, Ambulatory (Without Analysis)",2,CV,Cardiovascular,CV,870.2800,N,N,Eligible,1
MWL,"Lens, Contact (Rigid Gas Permeable), Extended Wear",3,OP,Ophthalmic,OP,886.5916,N,N,Eligible,2
MWM,"Sensor, Electro-Optical (For Cervical Cancer)",3,,Unknown,OB,,N,N,Ineligible,2
MWO,"Reagent, Blood Bank, Quality Control",N,,Unknown,HE,,N,N,Eligible,3
MWP,"Cabinet, X-Ray System",2,RA,Radiology,RA,892.1680,N,N,Eligible,1
MWQ,"System, Test, Total Antioxidant Status",3,,Unknown,CH,,N,N,Eligible,2
MWS,"Stabilizer, Heart",1,CV,Cardiovascular,CV,870.4500,N,N,Eligible,4
MWW,Accessory - Film Dosimetry System,2,RA,Radiology,RA,892.5050,N,N,Eligible,4
MWY,"System, Microwave, Hair Removal",2,SU,"General, Plastic Surgery",SU,878.4400,N,N,Eligible,1
MWZ,"Expander, Breast, External",1,PM,Physical Medicine,SU,890.5660,N,N,Eligible,7
MXA,"System, Test, Breath Nitric Oxide",2,TX,Clinical Toxicology,CH,862.3080,N,N,Eligible,1
MXB,"Test, Vaginal, Bacterial Sialidase",1,MI,Microbiology,CH,866.2660,N,N,Eligible,4
MXC,"Recorder, Event, Implantable Cardiac, (Without Arrhythmia Detection)",2,CV,Cardiovascular,CV,870.2800,Y,N,Eligible,1
MXD,"Recorder, Event, Implantable Cardiac, (With Arrhythmia Detection)",2,CV,Cardiovascular,CV,870.1025,Y,N,Eligible,1
MXF,"System, Dental, Hydrokinetic, Caries Removal & Cavity Preparation",2,DE,Dental,DE,872.4120,N,N,Eligible,1
MXG,"Lamp, Uvc, (For Treating Skin And Wounds)",2,SU,"General, Plastic Surgery",SU,878.4630,N,N,Eligible,1
MXJ,"Enzyme Linked Immunosorbent Assay, Herpes Simplex Virus, Hsv-1",2,MI,Microbiology,MI,866.3305,N,N,Ineligible,1
MXK,"Device, Analysis, Anterior Segment",2,OP,Ophthalmic,OP,886.1850,N,N,Eligible,1
MXM,"Cap, Cooling (Infants)",3,,Unknown,NE,,N,N,Ineligible,2
MXO,"Laser, System, Phacolysis",2,OP,Ophthalmic,OP,886.4670,N,N,Eligible,1
MXP,Bone Particle Collector,1,EN,"Ear, Nose, Throat",EN,874.4800,N,N,Eligible,4
MXQ,"Stent, Urethral, External Sphincter, Permanent",3,,Unknown,GU,,Y,N,Eligible,2
MXT,"Device, Accessory, Cooling Plate For Tissue Embedding Station",1,PA,Pathology,CH,864.3010,N,N,Eligible,4
MXW,"Suture, Surgical, Nonabsorbable, Poly (Vinylidene Fluoride)",2,SU,"General, Plastic Surgery",SU,878.5010,Y,N,Eligible,1
MXY,"Cannula, Ophthalmic, Posterior Capsular Polishing, Polyvinyl Acetal",1,OP,Ophthalmic,OP,886.4350,N,N,Eligible,4
MXZ,"Immunohistochemistry Assay, Antibody, Progesterone Receptor",2,HE,Hematology,PA,864.1860,N,N,Eligible,1
MYA,"Immunohistochemistry Antibody Assay, Estrogen Receptor",2,HE,Hematology,PA,864.1860,N,N,Eligible,1
MYB,"Pillow, Cervical (For Mild Sleep Apnea)",2,DE,Dental,EN,872.5570,N,N,Eligible,1
MYC,"Ophthalmoscope, Laser, Scanning",2,OP,Ophthalmic,OP,886.1570,N,N,Eligible,1
MYD,"Keratome, Water Jet",1,OP,Ophthalmic,OP,886.4370,N,N,Eligible,1
MYE,"System, Electrogastrography (Egg)",2,GU,"Gastroenterology, Urology",GU,876.1735,N,N,Eligible,1
MYF,"Enzyme Linked Immunosorbent Assay, Herpes Simplex Virus, Hsv-2",2,MI,Microbiology,MI,866.3305,N,N,Eligible,1
MYH,"System, Non-Coherent Light, Photodynamic Therapy",3,,Unknown,SU,,N,N,Eligible,2
MYI,"System, Test, Genotypic Detection, Resistant Markers, Staphylococcus Colonies",2,MI,Microbiology,MI,866.1640,N,N,Ineligible,1
MYJ,"Device, Mixing And Weighing, Semi-Automated",2,HE,Hematology,HE,864.9195,N,N,Eligible,1
MYK,"Kit, Cord Blood Collection",N,,Unknown,HE,,N,N,Eligible,7
MYL,"Assay,Enzyme Linked Immunosorbent,Parvovirus B19 Igg",3,,Unknown,MI,,N,N,Ineligible,2
MYM,"Assay,Enzyme Linked Immunosorbent,Parvovirus B19 Igm",3,,Unknown,MI,,N,N,Ineligible,2
MYN,"Analyzer, Medical Image",2,RA,Radiology,RA,892.2070,N,N,Eligible,1
MYP,"Test, Platelet Antibody",2,,Unknown,HE,,N,N,Eligible,1
MYR,"Test, Donor, Syphilis, Antigens, Treponemal",2,MI,Microbiology,IM,866.3830,N,N,Eligible,1
MYS,"Device, Ahf, Automated Cryoprecipitation",N,,Unknown,HE,,N,N,Eligible,3
MYT,"Biosensor, Immunoassay, Cpk Or Isoenzymes",2,CH,Clinical Chemistry,CH,862.1215,N,N,Eligible,1
MYU,"Accessory, Barium Sulfate, Methyl Methacrylate For Cranioplasty",2,NE,Neurology,NE,882.5300,Y,N,Eligible,1
MYW,"Irradiation, Blood Indicators",N,,Unknown,HE,,N,N,Eligible,3
MYX,"System, Blood Collection, Vacuum-Assisted, Automated",1,HE,Hematology,HE,864.9125,N,N,Eligible,1
MYY,"Separator, Semi-Automated, Blood Component",1,,Unknown,HE,,N,N,Eligible,1
MYZ,"Kit, Test (Donors), For Bloodborne Pathogen",2,,Unknown,IM,,N,N,Eligible,1
MZA,"Test, Equipment, Automated Bloodborne Pathogen",N,,Unknown,IM,,N,N,Eligible,3
MZC,"System, Detection, Bacterial, For Platelet Transfusion Products",1,MI,Microbiology,IM,866.2560,N,N,Eligible,4
MZD,"System, In-Office Tinting, Contact Lenses",2,OP,Ophthalmic,OP,886.5925,N,N,Eligible,1
MZE,"Test, Donor, Cmv",2,,Unknown,IM,,N,N,Eligible,1
MZF,"Test, Hiv Detection",2,MI,Microbiology,MI,866.3956,N,N,Eligible,1
MZG,"Test, Residual, Wbc In Leukoreduced Blood",2,HE,Hematology,HE,864.8625,N,N,Eligible,1
MZH,"Test, Quantitative, For Hla, Non-Diagnostic",N,,Unknown,HE,,N,N,Eligible,3
MZI,"Test, Qualitative, For Hla, Non-Diagnostic",U,,Unknown,HE,,N,N,Eligible,1
MZK,"System, Separation, Hematopoietic Stem Cell",3,,Unknown,HE,,N,N,Eligible,2
MZL,"Kit, Test, Quality Control For Endotoxin",N,,Unknown,IM,,N,N,Eligible,3
MZM,Fibrin Sealant Preparation Device ,2,HO,General Hospital,HE,880.5860,N,N,Eligible,1
MZO,"Assay, Enzyme Linked Immunosorbent, Hepatitis C Virus",2,MI,Microbiology,MI,866.3169,N,N,Ineligible,1
MZP,"Assay, Hybridization And/Or Nucleic Acid Amplification For Detection Of Hepatitis C Rna,Hepatitis C Virus",2,MI,Microbiology,MI,866.3170,N,N,Ineligible,1
MZQ,"Balloon, Detachable, For Neurovascular Occlusion",2,NE,Neurology,NE,882.5950,Y,Y,Ineligible,1
MZR,Topical Approximation System,1,HO,General Hospital,HO,880.5240,N,N,Eligible,4
MZT,"Device, Heimlich Maneuver Assist",2,AN,Anesthesiology,AN,868.5115,N,Y,Eligible,4
MZU,"System, Test, Sodium, Enzymatic Method",2,CH,Clinical Chemistry,CH,862.1665,N,N,Ineligible,1
MZV,"Test, System, Potassium, Enzymatic Method",2,CH,Clinical Chemistry,CH,862.1600,N,N,Ineligible,1
MZW,Dental Cement W/Out Zinc-Oxide Eugenol As An Ulcer Covering For Pain Relief,2,DE,Dental,DE,872.3275,N,N,Eligible,1
MZY,"Graft, Vascular, Stainless Steel Tunneler",2,CV,Cardiovascular,CV,870.3450,N,N,Eligible,4
NAA,"Lens, Intraocular, Accommodative",3,OP,Ophthalmic,OP,886.3600,Y,N,Eligible,2
NAB,"Gauze / Sponge,Nonresorbable For External Use",1,SU,"General, Plastic Surgery",SU,878.4014,N,N,Ineligible,4
NAC,"Dressing, Wound, Hydrophilic",1,SU,"General, Plastic Surgery",SU,878.4018,N,N,Eligible,4
NAD,"Dressing, Wound, Occlusive",1,SU,"General, Plastic Surgery",SU,878.4020,N,N,Ineligible,4
NAE,"Dressing, Wound, Hydrogel Without Drug And/Or Biologic",1,SU,"General, Plastic Surgery",SU,878.4022,N,N,Eligible,4
NAF,"Antigen(Complexed),Prostate Specific,(Cpsa)",3,,Unknown,IM,,N,N,Ineligible,2
NAH,"System, Test, Tumor Marker, For Detection Of Bladder Cancer",3,,Unknown,IM,,N,N,Ineligible,2
NAI,"Lens, Prescription, Color Deficiency",1,OP,Ophthalmic,OP,886.5844,N,N,Eligible,4
NAJ,"Agents, Embolic, For Treatment Of Uterine Fibroids",2,CV,Cardiovascular,OB,870.3300,Y,N,Ineligible,1
NAK,"System, Test, Biotinidase",2,CH,Clinical Chemistry,CH,862.1118,N,N,Eligible,1
NAL,"Test, Immunoassay, Biosensor, Hcg",2,CH,Clinical Chemistry,CH,862.1155,N,N,Eligible,1
NAM,"Stimulator, Peripheral Nerve, Non-Implanted, For Urinary Incontinence",2,GU,"Gastroenterology, Urology",GU,876.5310,N,N,Eligible,1
NAN,"Tester, Acoustic, Bone Quality",3,,Unknown,RA,,N,N,Eligible,2
NAO,"Test, Carbohydrate Deficient Transferrin",1,CH,Clinical Chemistry,CH,862.1360,N,N,Eligible,4
NAP,Cardiac Support Mesh Wrap,N,,Unknown,CV,,Y,N,Eligible,3
NAQ,"Lipoprotein, High Density, Hdl, Over The Counter",1,CH,Clinical Chemistry,CH,862.1175,N,N,Eligible,1
NAS,Tympanometer,2,EN,"Ear, Nose, Throat",EN,874.1090,N,N,Eligible,1
NAV,"Graft, Bypass, Coronary Artery",f,,Unknown,CV,,Y,Y,Ineligible,6
NAW,Microspheres Radionuclide,3,,Unknown,RA,,Y,N,Ineligible,2
NAY,"System, Surgical, Computer Controlled Instrument",2,GU,"Gastroenterology, Urology",SU,876.1500,N,N,Ineligible,1
NAZ,"Stimulator, Bladder",f,,Unknown,GU,,N,N,Eligible,6
NBC,"Test, Natriuretic Peptide",2,CH,Clinical Chemistry,CH,862.1117,N,N,Eligible,1
NBE,"Sealant, Polymerizing",3,,Unknown,SU,,Y,N,Ineligible,2
NBF,"Prosthesis, Retinal",f,,Unknown,OP,,Y,N,Ineligible,6
NBG,"Marker, Colon",2,GU,"Gastroenterology, Urology",GU,876.1500,N,N,Eligible,4
NBH,"Accessories, Arthroscopic",1,OR,Orthopedic,OR,888.1100,N,N,Eligible,4
NBK,"System, Test, (Ihc), Tumor Marker, Monitoring, Bladder Cancer",2,HE,Hematology,PA,864.1860,N,N,Eligible,1
NBL,Light-Induced Fluorescence Caries Detector ,2,DE,Dental,DE,872.1745,N,N,Eligible,1
NBN,"Generator, Shock-Wave, For Pain Relief",3,,Unknown,OR,,N,N,Eligible,2
NBO,"Autoantibodies, Skin (Desmoglein 1 And Desmoglein 3)",2,IM,Immunology,IM,866.5660,N,N,Eligible,1
NBS,"Autoantibodies, Lkm-1 (Liver/Kidney Microsome, Type 1)",2,IM,Immunology,IM,866.5660,N,N,Eligible,1
NBT,"Antibodies, Saccharomyces Cerevisiae (S.Cerevisiae)",2,IM,Immunology,IM,866.5785,N,N,Eligible,1
NBV,"Device, Engorgement, Clitoral",2,OB,Obstetrics/Gynecology,OB,884.5970,N,N,Eligible,1
NBW,"System, Test, Blood Glucose, Over The Counter",2,CH,Clinical Chemistry,CH,862.1345,N,N,Ineligible,1
NBY,"Suture, Surgical, Nonabsorbable, Expanded, Polytetraflouroethylene",2,SU,"General, Plastic Surgery",SU,878.5035,Y,N,Eligible,1
NBZ,"Clamp And Cutter, Umbilical",2,OB,Obstetrics/Gynecology,OB,884.4530,N,N,Eligible,4
NCA,"Clip, Implantable, For Coronary Artery Bypass Graft (Cabg)",2,SU,"General, Plastic Surgery",SU,878.4300,Y,N,Eligible,1
NCB,"Weights, Eyelid, Implantable",2,OP,Ophthalmic,OP,886.5700,Y,N,Eligible,1
NCD,"Test, Immunity, Cell Mediated, Mycobacterium Tuberculosis",3,,Unknown,MI,,N,N,Ineligible,2
NCE,"Injector, Capsular Tension Ring",1,OP,Ophthalmic,OP,886.4300,N,N,Eligible,1
NCF,"Aberrometer, Ophthalmic",1,OP,Ophthalmic,OP,886.1760,N,N,Eligible,4
NCG,Neuropsychiatric Interpretative Electroencephalograph Assessment Aid,2,NE,Neurology,NE,882.1440,N,N,Eligible,1
NCJ,"Telescope, Implantable, Miniature",3,,Unknown,OP,,Y,N,Eligible,2
NCK,"Button, Iris, Eye, Artificial",1,OP,Ophthalmic,OP,886.3200,N,N,Eligible,4
NCL,"Imager, Breast, Electrical Impedance",3,,Unknown,RA,,N,N,Eligible,2
NCO,"Implant, Cartilage, For Articular Cartilage Repair",3,,Unknown,OR,,Y,N,Eligible,3
NCR,"Apparatus, Cutting, Radiofrequency, Electrosurgical, Battery-Powered",2,OP,Ophthalmic,OP,886.4100,N,N,Eligible,1
NCS,"System, Imaging, Holography, Acoustic",2,RA,Radiology,RA,892.1550,N,N,Eligible,1
NCT,"Instrument, Glucose, Noninvasive Technology",3,,Unknown,CH,,N,N,Ineligible,2
NCV,"Lithotripter, Shockwave (For Treating Gallbladder Stones)",3,,Unknown,GU,,N,N,Eligible,2
NCW,"System, Test, Her-2/Neu, Monitoring",2,IM,Immunology,IM,866.6010,N,N,Eligible,1
NCX,"System, Hypothermia, Intravenous, Cooling",2,CV,Cardiovascular,NE,870.5900,N,N,Ineligible,1
NCZ,"Lens, Contact, For Color Vision Deficiency",2,OP,Ophthalmic,OP,886.5925,N,N,Eligible,1
NDA,"Helmet, Cranial, For Protective Use",1,PM,Physical Medicine,PM,890.3025,N,N,Eligible,4
NDC,"Calculator, Drug Dose",2,AN,Anesthesiology,CH,868.1890,N,N,Eligible,1
NDD,"Cerclage, Fixation, Metallic",2,OR,Orthopedic,OR,888.3010,Y,N,Eligible,1
NDE,"Rod, Fixation, Intramedullary And Accessories, Metallic And Non-Collapsible",2,OR,Orthopedic,OR,888.3020,Y,N,Eligible,1
NDF,"Plate, Fixation, Bone, Non-Spinal, Metallic",2,OR,Orthopedic,OR,888.3030,Y,N,Eligible,1
NDG,"Washer, Bolt, Nut, Non-Spinal, Metallic",2,OR,Orthopedic,OR,888.3030,Y,N,Eligible,1
NDH,"Nail, Fixation, Bone, Metallic",2,OR,Orthopedic,OR,888.3030,Y,N,Eligible,1
NDI,"Staple, Fixation, Bone, Metallic",2,OR,Orthopedic,OR,888.3030,Y,N,Eligible,1
NDJ,"Screw, Fixation, Bone, Non-Spinal, Metallic",2,OR,Orthopedic,OR,888.3040,Y,N,Eligible,1
NDK,"System, External Fixator (With Metallic Invasive Components)",2,OR,Orthopedic,OR,888.3040,Y,N,Eligible,1
NDL,"Pin, Fixation, Smooth, Metallic",2,OR,Orthopedic,OR,888.3040,Y,N,Eligible,1
NDM,"Pin, Fixation, Threaded, Metallic",2,OR,Orthopedic,OR,888.3040,Y,N,Eligible,1
NDN,"Cement, Bone, Vertebroplasty",2,OR,Orthopedic,OR,888.3027,Y,N,Eligible,1
NDP,"Accessories, Implant, Dental, Endosseous",1,DE,Dental,DE,872.3980,N,N,Eligible,4
NDQ,"System, Catheter Or Guidewire, Steerable (Magnetic)",2,CV,Cardiovascular,NE,870.1290,N,N,Ineligible,1
NDR,"Enzyme Immunoassay, Inhibin-A",1,CH,Clinical Chemistry,CH,862.1260,N,N,Eligible,4
NDS,"Media, Culture, Ex Vivo, Tissue And Cell",2,GU,"Gastroenterology, Urology",GU,876.5885,N,N,Eligible,1
NDV,"Test, Ecarin Clotting Time (Ect)",f,,Unknown,HE,,N,N,Eligible,6
NDW,"Assay, Porphyrin, Spectrophotometry, Lithium",2,TX,Clinical Toxicology,TX,862.3560,N,N,Eligible,1
NDY,"Test, Cystatin C",2,CH,Clinical Chemistry,CH,862.1225,N,N,Eligible,1
NDZ,"Assay, Nucleic Acid Amplification, Growth Identification, Mycobacterium Tuberculosis",1,MI,Microbiology,MI,866.3370,N,N,Eligible,1
NEA,"Cement, Ear, Nose And Throat",2,DE,Dental,EN,872.3275,Y,N,Eligible,1
NEC,"Bandage, Liquid, Skin Protectant",1,HO,General Hospital,SU,880.5090,N,N,Eligible,4
NEG,Finger Semi-Constrained Pyrolytic Carbon Uncemented Prosthesis,3,,Unknown,OR,,Y,N,Eligible,2
NEH,"Anchor, Fascial",2,SU,"General, Plastic Surgery",SU,878.4300,Y,N,Eligible,1
NEI,"Prosthesis, Condyle, Mandibular, Temporary",2,DE,Dental,DE,872.4770,Y,N,Eligible,1
NEJ,"System, Cryosurgical, Liquid Nitrogen, For Gastroenterology",2,SU,"General, Plastic Surgery",GU,878.4350,N,N,Eligible,1
NEK,"Filler, Recombinant Human Bone Morphogenetic Protein, Collagen Scaffold With Metal Prosthesis, Osteoinduction",3,,Unknown,OR,,Y,N,Eligible,2
NEO,"System, Test, Osteocalcin",2,CH,Clinical Chemistry,CH,862.1050,N,N,Eligible,1
NEP,"System/Device, Pharmacy Compounding",2,HO,General Hospital,HO,880.5440,N,N,Ineligible,4
NEQ,"Device, Telemedicine, Robotic",2,GU,"Gastroenterology, Urology",SU,876.1500,N,N,Eligible,1
NEU,"Marker, Radiographic, Implantable",2,SU,"General, Plastic Surgery",SU,878.4300,Y,N,Eligible,1
NEW,"Suture, Surgical, Absorbable, Polydioxanone",2,SU,"General, Plastic Surgery",SU,878.4840,Y,N,Ineligible,1
NEY,"System, Ablation, Microwave And Accessories",2,SU,"General, Plastic Surgery",SU,878.4400,N,N,Eligible,1
NEZ,"System, Imaging, Gastrointestinal, Wireless, Capsule",2,GU,"Gastroenterology, Urology",GU,876.1300,N,N,Eligible,1
NFA,Temporary Coronary Saphenous Vein Bypass Graft For Embolic Protection,2,CV,Cardiovascular,CV,870.1250,N,N,Eligible,1
NFB,"Conserver, Oxygen",2,AN,Anesthesiology,AN,868.5905,N,N,Eligible,1
NFD,"Selector, Color, Spectacle, Lens, Tint",1,OP,Ophthalmic,OP,886.1160,N,N,Eligible,4
NFE,"Materials, Polytetrafluoroethylene Vitreous Carbon, For Maxillofacial Alveolar Ridge Augmentation",2,DE,Dental,DE,872.3680,N,N,Eligible,1
NFF,"Device, Storage, Images, Ophthalmic",1,RA,Radiology,OP,892.2010,N,N,Eligible,4
NFG,"Device, Communications, Images, Ophthalmic",1,RA,Radiology,OP,892.2020,N,N,Eligible,4
NFH,"Digitizer, Images, Ophthalmic",2,RA,Radiology,OP,892.2030,N,N,Eligible,4
NFI,"Device, Hardcopy, Images, Ophthalmic",2,RA,Radiology,OP,892.2040,N,N,Eligible,4
NFJ,"System, Image Management, Ophthalmic",2,RA,Radiology,OP,892.2050,N,N,Eligible,1
NFK,"Kit, Repair, Catheter, Hemodialysis",2,GU,"Gastroenterology, Urology",GU,876.5540,N,Y,Ineligible,1
NFM,"Expander, Tissue, Orbital",2,OP,Ophthalmic,OP,886.3320,Y,N,Eligible,1
NFO,"Stimulator, Transcutaneous Electrical, Aesthetic Purposes",2,NE,Neurology,NE,882.5890,N,N,Eligible,1
NFP,"Device, Dental Sonography, For Diagnosis Of Tmj / Mpd Disorders",2,DE,Dental,DE,872.2050,N,N,Eligible,1
NFQ,"Device, Dental Sonography, For Monitoring Jaw Sounds",1,DE,Dental,DE,872.2050,N,N,Eligible,4
NFR,"Device, Jaw Tracking, For Diagnosis Of Tmj / Mpd Disorders",2,DE,Dental,DE,872.2060,N,N,Eligible,1
NFS,"Device, Jaw Tracking, For Monitoring Jaw Positions",1,DE,Dental,DE,872.2060,N,N,Eligible,4
NFT,"Test, Amphetamine, Over The Counter",2,TX,Clinical Toxicology,TX,862.3100,N,N,Eligible,1
NFV,"Test, Benzodiazepine, Over The Counter",2,TX,Clinical Toxicology,TX,862.3170,N,N,Eligible,1
NFW,"Test, Cannabinoid, Over The Counter",2,TX,Clinical Toxicology,TX,862.3870,N,N,Eligible,1
NFX,"Test, Cholesterol, Total, Over The Counter",1,CH,Clinical Chemistry,TX,862.1175,N,N,Eligible,1
NFY,"Test, Cocaine And Cocaine Metabolites, Over The Counter",2,TX,Clinical Toxicology,TX,862.3250,N,N,Eligible,1
NFZ,"Test, Creatinine, Over The Counter",2,CH,Clinical Chemistry,TX,862.1225,N,N,Eligible,1
NGA,"Test, Follicle Stimulating Hormone (Fsh), Over The Counter",1,CH,Clinical Chemistry,TX,862.1300,N,N,Eligible,4
NGB,"Test, Glycosylated Hemoglobin, Over The Counter",2,HE,Hematology,TX,864.7470,N,N,Eligible,1
NGD,"Test, Lactic Acid, Over The Counter",1,CH,Clinical Chemistry,TX,862.1450,N,N,Eligible,1
NGE,"Test, Luteinizing Hormone (Lh), Over The Counter",1,CH,Clinical Chemistry,TX,862.1485,N,N,Eligible,4
NGG,"Test, Methamphetamine, Over The Counter",2,TX,Clinical Toxicology,TX,862.3610,N,N,Eligible,1
NGI,"Test, Morphine, Over The Counter",2,TX,Clinical Toxicology,TX,862.3640,N,N,Eligible,1
NGJ,"Test, Nitrite, Urinary, Non-Quantitative, Over The Counter",1,CH,Clinical Chemistry,TX,862.1510,N,N,Eligible,1
NGK,"Test, Occult Blood, Over The Counter",2,HE,Hematology,TX,864.6550,N,N,Eligible,1
NGL,"Test, Opiates, Over The Counter",2,TX,Clinical Toxicology,TX,862.3650,N,N,Eligible,1
NGM,"Test, Phencyclidine (Pcp), Over The Counter",U,,Unknown,TX,,N,N,Eligible,1
NGO,"Test, Triglycerides, Over The Counter",1,CH,Clinical Chemistry,TX,862.1705,N,N,Eligible,1
NGR,"Tester, Stiffness, Cartilage, Arthroscopic",2,OR,Orthopedic,OR,888.1100,N,N,Eligible,1
NGS,"Assay, Endotoxin Activity, Chemiluminescent",2,MI,Microbiology,MI,866.3210,N,N,Eligible,1
NGT,"Saline, Vascular Access Flush",2,HO,General Hospital,HO,880.5200,N,N,Eligible,1
NGU,"Balloon, Liver Tamponade",2,GU,"Gastroenterology, Urology",SU,876.5980,N,N,Eligible,1
NGV,"System, Appendage Closure, Left Atrial",3,,Unknown,CV,,Y,N,Eligible,2
NGX,"Stimulator, Muscle, Powered, For Muscle Conditioning",2,PM,Physical Medicine,PM,890.5850,N,N,Eligible,1
NGY,"Cannula, Trocar, Ophthalmic",1,OP,Ophthalmic,OP,886.4350,N,N,Eligible,4
NGZ,"Susceptibility Test Plate, Antifungal",2,MI,Microbiology,MI,866.1640,N,N,Ineligible,1
NHA,"Abutment, Implant, Dental, Endosseous",2,DE,Dental,DE,872.3630,Y,N,Eligible,1
NHB,"Polymer, Ear, Nose And Throat, Synthetic, Absorbable",2,EN,"Ear, Nose, Throat",EN,874.3620,N,N,Eligible,1
NHC,"Catheter, Ventricular (Containing Antibiotic Or Antimicrobial Agents)",2,NE,Neurology,NE,882.4100,Y,N,Eligible,1
NHF,"Monitor, Orthotic/Prosthetic",1,PM,Physical Medicine,PM,890.3025,N,N,Eligible,4
NHG,"Enzyme Immunoassay, Cortisol, Salivary",2,CH,Clinical Chemistry,CH,862.1205,N,N,Eligible,1
NHH,"Device, Discharge, Electrostatic (For Pain Relief)",2,PM,Physical Medicine,NE,890.5500,N,N,Eligible,1
NHI,"Stimulator, Nerve, Electrical, Percutaneous (Pens), For Pain Relief",2,NE,Neurology,NE,882.5890,N,N,Eligible,1
NHJ,"Device, Positive Pressure Breathing, Intermittent",2,AN,Anesthesiology,AN,868.5905,N,N,Eligible,1
NHK,"Resuscitator, Manual, Non Self-Inflating",2,AN,Anesthesiology,AN,868.5905,N,Y,Eligible,1
NHL,"Stimulator, Electrical, Implanted, For Parkinsonian Symptoms",3,,Unknown,NE,,Y,N,Ineligible,2
NHM,"Sheet, Recording, Breast Examination",2,OB,Obstetrics/Gynecology,OB,884.2990,N,N,Eligible,4
NHN,Powered Light Based Laser Non-Thermal Instrument With Non-Heating Effect For Adjunctive Use In Pain Therapy,2,PM,Physical Medicine,PM,890.5500,N,N,Eligible,1
NHO,"Analyzer, Gas, Desflurane, Gaseous-Phase (Anesthetic Concentration)",2,AN,Anesthesiology,AN,868.1500,N,N,Eligible,1
NHP,"Analyzer, Gas, Sevoflurane, Gaseous-Phase (Anesthetic Concentration)",2,AN,Anesthesiology,AN,868.1500,N,N,Eligible,1
NHQ,"Analyzer, Gas, Isoflurane, Gaseous-Phase (Anesthetic Concentration)",2,AN,Anesthesiology,AN,868.1500,N,N,Eligible,1
NHS,"Assay, Genotype, Hiv Drug Resistance, In Vitro",2,IM,Immunology,IM,866.3950,N,N,Eligible,1
NHT,"Assay, Nucleic Acid Amplification, Bacillus Anthracis",2,MI,Microbiology,MI,866.3045,N,N,Ineligible,1
NHV,"System, Water Purification, General Medical Use",2,GU,"Gastroenterology, Urology",GU,876.5665,N,N,Ineligible,1
NHW,"Electrode, Pacing And Cardioversion, Temporary, Epicardial",2,CV,Cardiovascular,CV,870.3680,N,Y,Eligible,1
NHX,"Antibodies, Anti-Cyclic Citrullinated Peptide (Ccp)",2,IM,Immunology,IM,866.5775,N,N,Eligible,1
NHY,"Assay, Direct, Nucleic Acid Amplification, Respiratory Syncytial Virus",1,MI,Microbiology,MI,866.3480,N,N,Eligible,1
NHZ,"Assay, Direct, Nucleic Acid Amplification, Parainfluenza Virus",1,MI,Microbiology,MI,866.3400,N,N,Eligible,1
NIA,"Assay, Direct, Nucleic Acid Amplification, Influenza Virus",1,MI,Microbiology,MI,866.3330,N,N,Eligible,1
NIC,"Lens, Contact, For Reading Discomfort",2,OP,Ophthalmic,OP,886.5925,N,N,Eligible,1
NID,"Assay, Proliferation, In Vitro, T Lymphocyte",2,HE,Hematology,IM,864.5220,N,N,Eligible,1
NIE,"Catheter, Hemodialysis, Triple Lumen, Non-Implanted",2,GU,"Gastroenterology, Urology",GU,876.5540,N,Y,Ineligible,1
NIF,"Catheter, Hemodialysis, Triple Lumen, Implanted",2,GU,"Gastroenterology, Urology",GU,876.5540,Y,Y,Ineligible,1
NIG,"System, Test, Carbohydrate Antigen (Ca19-9), For Monitoring And Management Of Pancreatic Cancer",2,IM,Immunology,IM,866.6010,N,N,Eligible,1
NIH,"Disinfectant, Subsystem, Water Purification",2,GU,"Gastroenterology, Urology",HO,876.5665,N,N,Eligible,4
NII,"Disinfectant, Dialysate Delivery System",2,GU,"Gastroenterology, Urology",HO,876.5860,N,N,Eligible,1
NIJ,"System, Test, Genotypic Detection, Resistant Markers, Enterococcus Species",2,MI,Microbiology,MI,866.1640,N,N,Ineligible,1
NIK,"Defibrillator, Automatic Implantable Cardioverter, With Cardiac Resynchronization (Crt-D)",3,,Unknown,CV,,Y,Y,Ineligible,2
NIM,"Stent, Carotid",3,,Unknown,CV,,Y,Y,Eligible,2
NIN,"Stent, Renal",3,,Unknown,CV,,Y,Y,Eligible,2
NIO,"Stent, Iliac",3,,Unknown,CV,,Y,Y,Eligible,2
NIP,"Stent, Superficial Femoral Artery",3,,Unknown,CV,,Y,Y,Eligible,2
NIQ,Coronary Drug-Eluting Stent,3,,Unknown,CV,,Y,Y,Eligible,2
NIU,"Stent, Superficial Femoral Artery, Drug-Eluting",3,,Unknown,CV,,Y,Y,Ineligible,2
NIV,Coronary Covered Stent,f,,Unknown,CV,,Y,Y,Eligible,6
NIX,"Hearing Aid, Air Conduction, Transcutaneous System",2,EN,"Ear, Nose, Throat",EN,874.3950,Y,N,Eligible,1
NIY,"Autoantibodies, Anti-Soluble Liver Antigen (Sla), Autoimmune Hepatitis",2,IM,Immunology,IM,866.5660,N,N,Eligible,1
NIZ,"Lens, Iris Reconstruction",3,OP,Ophthalmic,OP,886.3600,Y,N,Eligible,2
NJA,"Accessory, System, External Fixator, Containing Antimicrobial Agent",2,OR,Orthopedic,OR,888.3040,Y,N,Eligible,1
NJB,"Orthosis, Truncal, For Dysmenorrhea",1,PM,Physical Medicine,PM,890.3490,N,N,Eligible,4
NJC,"Clip, Vas Deferens",2,SU,"General, Plastic Surgery",SU,878.4300,Y,N,Eligible,1
NJD,"Prosthesis, Knee, Femorotibial, Unicompartmental/Unicondylar, Uncemented, Porous-Coated, Metal/Polymer",2,OR,Orthopedic,OR,888.3535,Y,N,Eligible,1
NJE,Intracranial Neurovascular Stent,f,,Unknown,NE,,Y,N,Ineligible,6
NJF,"Antibodies, Anti-Actin, Anti-Smooth Muscle",2,IM,Immunology,IM,866.5120,N,N,Eligible,1
NJG,"Flasher, Afterimage, Ophthalmic",2,OP,Ophthalmic,OP,886.1300,N,N,Eligible,1
NJH,"Lens, Spectacle (Prescription), For Reading Discomfort",1,OP,Ophthalmic,OP,886.5844,N,N,Eligible,4
NJJ,"Tonometer, Analyzer, Ocular Blood Flow",2,OP,Ophthalmic,OP,886.1930,N,N,Eligible,1
NJK,"Valve, Pulmonary",3,,Unknown,AN,,Y,N,Ineligible,2
NJL,"Prosthesis, Knee, Patellofemorotibial, Semi-Constrained, Metal/Polymer, Mobile Bearing",3,,Unknown,OR,,Y,N,Eligible,2
NJM,"Bracket, Ceramic, Orthodontic",2,DE,Dental,DE,872.5470,N,N,Eligible,1
NJO,"System, Mycolic Acid Analysis, Mycobacterium Tuberculosis",1,MI,Microbiology,MI,866.3370,N,N,Eligible,1
NJR,"Nucleic Acid Amplification Assay System, Group B Streptococcus, Direct Specimen Test",1,MI,Microbiology,MI,866.3740,N,N,Eligible,4
NJT,Immunohistochemistry Reagents And Kits,1,HE,Hematology,PA,864.1860,N,N,Eligible,4
NJU,"Suture, Nonabsorbable, Nitinol",2,SU,"General, Plastic Surgery",SU,878.4495,Y,N,Ineligible,1
NJV,"Test, Albumin Cobalt Binding",2,CH,Clinical Chemistry,CH,862.1215,N,N,Eligible,1
NJW,"Control Material, Her-2/Neu, Immunohistochemistry",2,HE,Hematology,PA,864.1860,N,N,Eligible,1
NJZ,"Extractor, Vein",1,SU,"General, Plastic Surgery",SU,878.4800,N,N,Eligible,4
NKA,"System, Documentation, Breast Lesion",2,OB,Obstetrics/Gynecology,OB,884.2990,N,N,Eligible,1
NKB,Thoracolumbosacral Pedicle Screw System,2,OR,Orthopedic,OR,888.3070,Y,N,Eligible,1
NKC,"Tubing/Tubing With Filter, Insufflation, Laparoscopic",1,OB,Obstetrics/Gynecology,OB,884.1730,N,N,Eligible,4
NKE,"Pulse Generator, Pacemaker, Implantable, With Cardiac Resynchronization (Crt-P)",3,,Unknown,CV,,Y,Y,Ineligible,2
NKF,"Immunohistochemistry Antibody Assay, C-Kit",3,HE,Hematology,PA,864.1860,N,N,Ineligible,2
NKG,Posterior Cervical Screw System,2,OR,Orthopedic,OR,888.3075,Y,N,Eligible,1
NKI,Goniometer With Electrodes,2,OR,Orthopedic,NE,888.1500,N,N,Eligible,4
NKJ,"Cushion, Pad, Denture, Wax Impregnated Cotton, Over The Counter",1,DE,Dental,DE,872.3540,N,N,Eligible,4
NKK,"Needle, Hypodermic, Single Lumen, Reprocessed",2,HO,General Hospital,HO,880.5570,N,N,Eligible,1
NKM,Mitral Valve Repair Devices,3,,Unknown,CV,,Y,N,Eligible,2
NKN,"Syringe, Piston, Reprocessed",2,HO,General Hospital,HO,880.5860,N,N,Eligible,1
NKO,"System, Balloon, Intra-Aortic And Control, Reprocessed",3,CV,Cardiovascular,CV,870.3535,N,N,Ineligible,2
NKP,"Injector, Contrast Medium, Automatic, Reprocessed",2,CV,Cardiovascular,HO,870.1650,N,N,Eligible,1
NKQ,"Guidewire, Catheter, Reprocessed",2,CV,Cardiovascular,CV,870.1330,N,N,Eligible,1
NKR,"System, Catheter Control, Reprocessed",2,CV,Cardiovascular,CV,870.1290,N,N,Eligible,1
NKS,"Catheter, Steerable, Reprocessed",2,CV,Cardiovascular,CV,870.1280,N,N,Eligible,1
NKT,"Injector And Syringe, Angiographic, Reprocessed",2,CV,Cardiovascular,HO,870.1650,N,N,Eligible,1
NKU,"Injector And Syringe, Angiographic, Balloon Inflation, Reprocessed",2,CV,Cardiovascular,CV,870.1650,N,N,Eligible,1
NKW,"Actuator, Syringe, For Injector, Reprocessed",2,CV,Cardiovascular,CV,870.1670,N,N,Eligible,1
NKX,"Needle, Phacoemulsification, Reprocessed",2,OP,Ophthalmic,OP,886.4670,N,N,Eligible,1
NKY,"Blade, Keratome, Reprocessed",1,OP,Ophthalmic,OP,886.4370,N,N,Eligible,1
NKZ,"Endoilluminator, Reprocessed",2,GU,"Gastroenterology, Urology",OP,876.1500,N,N,Eligible,1
NLA,"Knife, Ophthalmic, Reprocessed",1,OP,Ophthalmic,OP,886.4350,N,N,Eligible,1
NLB,"Trocar, Tracheal, Laryngeal, Sinus, Reprocessed",1,EN,"Ear, Nose, Throat",EN,874.4420,N,N,Eligible,1
NLC,"Bracket, Plastic, Orthodontic, Reprocessed",2,DE,Dental,DE,872.5470,N,N,Eligible,1
NLD,"Instrument, Diamond, Dental, Reprocessed",1,DE,Dental,DE,872.4535,N,N,Eligible,1
NLE,"Forceps, Biopsy, Bronchoscope (Non-Rigid), Reprocessed",2,EN,"Ear, Nose, Throat",EN,874.4680,N,N,Eligible,1
NLF,"Oximeter, Reprocessed",2,CV,Cardiovascular,AN,870.2700,N,N,Eligible,1
NLG,"Catheter, Intracardiac Mapping, High-Density, Reprocessed",2,CV,Cardiovascular,CV,870.1220,N,N,Eligible,1
NLH,"Catheter, Recording, Electrode, Reprocessed",2,CV,Cardiovascular,CV,870.1220,N,N,Eligible,1
NLI,"Catheter, Angiography, Reprocessed",2,CV,Cardiovascular,CV,870.1200,N,N,Eligible,1
NLJ,"Stripper, Vein, External, Reprocessed",2,CV,Cardiovascular,CV,870.4885,N,N,Eligible,1
NLK,"Needle, Biopsy, Cardiovascular, Reprocessed",1,SU,"General, Plastic Surgery",SU,878.4800,N,N,Eligible,1
NLL,"Staple, Implantable, Reprocessed",2,SU,"General, Plastic Surgery",SU,878.4750,N,N,Ineligible,1
NLM,"Laparoscope, General & Plastic Surgery, Reprocessed",2,GU,"Gastroenterology, Urology",GU,876.1500,N,N,Eligible,1
NLN,"Drills, Burrs, Trephines And Accessories (Simple Powered), Reprocessed",2,NE,Neurology,NE,882.4310,N,N,Ineligible,1
NLO,"Drills, Burrs, Trephines And Accessories (Manual), Reprocessed",2,NE,Neurology,NE,882.4300,N,N,Ineligible,1
NLP,"Drills, Burrs, Trephines, And Accessories (Powered Compound), Reprocessed",2,NE,Neurology,NE,882.4305,N,N,Ineligible,1
NLQ,Single-Use Reprocessed Ultrasonic Surgical Instruments,U,,Unknown,SU,,N,N,Eligible,1
NLR,"Unit, Electrosurgical, Endoscopic (With Or Without Accessories), Reprocessed",2,GU,"Gastroenterology, Urology",GU,876.4300,N,N,Eligible,1
NLS,"Instrument, Biopsy, Reprocessed",2,GU,"Gastroenterology, Urology",GU,876.1075,N,N,Eligible,1
NLT,"Snare, Flexible, Reprocessed",2,GU,"Gastroenterology, Urology",GU,876.4300,N,N,Eligible,1
NLU,"Forceps, Biopsy, Electric, Reprocessed",2,GU,"Gastroenterology, Urology",GU,876.4300,N,N,Eligible,1
NLV,"Electrode, Flexible Suction Coagulator, Reprocessed",2,GU,"Gastroenterology, Urology",GU,876.4300,N,N,Eligible,1
NLW,"Electrode, Electrosurgical, Active, Urological, Reprocessed",2,GU,"Gastroenterology, Urology",GU,876.4300,N,N,Eligible,1
NLX,"Needle, Pneumoperitoneum, Spring Loaded, Reprocessed",2,GU,"Gastroenterology, Urology",GU,876.1500,N,N,Eligible,1
NLY,"Microdebrider, Ent, High Speed, Single Use, Reprocessed",1,EN,"Ear, Nose, Throat",EN,874.4140,N,N,Eligible,1
NLZ,"Bur, Ent, Diamond Coated, Single Use, Reprocessed",1,EN,"Ear, Nose, Throat",EN,874.4140,N,N,Eligible,1
NMA,"Tube, Tracheal, Reprocessed",2,AN,Anesthesiology,AN,868.5730,N,Y,Eligible,1
NMB,"Catheter, Oximeter, Fiber Optic, Reprocessed",2,CV,Cardiovascular,CV,870.1230,N,N,Eligible,1
NMC,"Mask, Ventilator, Non-Continuous, Reprocessed",2,AN,Anesthesiology,AN,868.5905,N,N,Eligible,1
NMD,"Oximeter, Tissue Saturation, Reprocessed",2,CV,Cardiovascular,CV,870.2700,N,N,Eligible,1
NME,"Bur, Diamond Coated, Reprocessed",1,DE,Dental,DE,872.3240,N,N,Eligible,1
NMF,"Clamp, Vascular, Reprocessed",2,CV,Cardiovascular,CV,870.4450,N,N,Ineligible,1
NMG,"Forceps, Biopsy, Gynecological, Reprocessed",2,OB,Obstetrics/Gynecology,OB,884.4530,N,N,Eligible,1
NMH,"Laparoscope And Accessories, Gynecologic, Reprocessed",2,OB,Obstetrics/Gynecology,OB,884.1720,N,N,Ineligible,1
NMI,"Laparoscopic Insufflator And Accessories, Reprocessed",1,OB,Obstetrics/Gynecology,OB,884.1730,N,N,Ineligible,1
NMJ,"Clip, Implantable, Reprocessed",2,SU,"General, Plastic Surgery",SU,878.4300,Y,N,Ineligible,1
NMK,"Trocar, Reprocessed",2,CV,Cardiovascular,CV,870.1390,N,N,Eligible,1
NML,"Catheter, Biliary, Reprocessed",2,GU,"Gastroenterology, Urology",GU,876.5010,N,N,Eligible,1
NMM,"Catheter, Angioplasty, Peripheral, Transluminal, Reprocessed",2,CV,Cardiovascular,CV,870.1250,N,N,Eligible,1
NMN,"Instrument, Clip, Forming/Cutting, Reprocessed",1,NE,Neurology,NE,882.4190,N,N,Ineligible,1
NMP,"Needle, Isotope, Reprocessed",2,RA,Radiology,RA,892.5730,N,N,Eligible,1
NMR,"Needle, Spinal, Short Term, Reprocessed",2,AN,Anesthesiology,AN,868.5150,N,N,Eligible,1
NMT,"Needle, Catheter, Reprocessed",1,SU,"General, Plastic Surgery",SU,878.4200,N,N,Eligible,1
NMU,"Needle, Gastro-Urology, Reprocessed",1,SU,"General, Plastic Surgery",SU,878.4800,N,N,Eligible,1
NMW,"Needle, Dental, Reprocessed",1,DE,Dental,DE,872.4730,N,N,Eligible,1
NMX,"Needle And Needle Set, Gastro-Urology, Reprocessed",2,GU,"Gastroenterology, Urology",GU,876.1075,N,N,Eligible,1
NMY,"Needle, Endoscopic, Reprocessed",2,GU,"Gastroenterology, Urology",GU,876.1500,N,N,Eligible,1
NNA,"Biopsy Device, Percutaneous, Reprocessed",1,SU,"General, Plastic Surgery",SU,878.4800,N,N,Eligible,1
NNB,"Needle, Reproduction, Assisted, Reprocessed",2,OB,Obstetrics/Gynecology,OB,884.6100,N,N,Eligible,1
NNC,"Needle, Aspiration And Needle, Reprocessed",1,SU,"General, Plastic Surgery",SU,878.4800,N,N,Eligible,1
NNE,"Needle, Fistula, Reprocessed",2,GU,"Gastroenterology, Urology",GU,876.5540,N,N,Eligible,1
NNG,"Set, Dialysis, Single Needle With Uni-Directional Pump, Reprocessed",2,GU,"Gastroenterology, Urology",GU,876.5820,N,N,Eligible,1
NNH,"Needle, Conduction, Anesthesia, Reprocessed",2,AN,Anesthesiology,AN,868.5150,N,N,Eligible,1
NNI,"Container, Specimen, Non-Sterile",1,PA,Pathology,HO,864.3250,N,N,Eligible,4
NNJ,"Gustometer, Non-Sterile",1,EN,"Ear, Nose, Throat",EN,874.1500,N,N,Eligible,4
NNK,"Container, Specimen Mailer And Storage, Non-Sterile",1,PA,Pathology,PA,864.3250,N,N,Eligible,4
NNL,"Container, Specimen Mailer And Storage, Temperature Controlled, Non-Sterile",1,PA,Pathology,PA,864.3250,N,N,Eligible,4
NNN,"Crimper, Wire, Ent, Non-Sterile",1,EN,"Ear, Nose, Throat",EN,874.3540,N,N,Eligible,4
NNO,"Jig, Piston Cutting, Ent, Non-Sterile",1,EN,"Ear, Nose, Throat",EN,874.3540,N,N,Eligible,4
NNP,"Die, Wire Bending, Ent, Non-Sterile",1,EN,"Ear, Nose, Throat",EN,874.3540,N,N,Eligible,4
NNQ,"Forceps, Wire Closure, Ent, Non-Sterile",1,EN,"Ear, Nose, Throat",EN,874.3540,N,N,Eligible,4
NNR,"Block, Cutting, Ent, Non-Sterile",1,EN,"Ear, Nose, Throat",EN,874.3540,N,N,Eligible,4
NNS,"Instrument, Prosthesis Modification For Ossicular Replacement Surgery, Non-Sterile",1,EN,"Ear, Nose, Throat",EN,874.3540,N,N,Eligible,4
NNT,"Punch, Gelfoam, Non-Sterile",1,EN,"Ear, Nose, Throat",EN,874.3540,N,N,Eligible,4
NNU,"Scissors, Wire Cutting, Ent, Non-Sterile",1,EN,"Ear, Nose, Throat",EN,874.3540,N,N,Eligible,4
NNV,"Vise, Ossicular Finger, Non-Sterile",1,EN,"Ear, Nose, Throat",EN,874.3540,N,N,Eligible,4
NNW,"Bag, Urine Collection, Leg, For External Use, Non-Sterile",1,GU,"Gastroenterology, Urology",GU,876.5250,N,N,Eligible,4
NNX,"Device, Incontinence, Urosheath Type, Non-Sterile",1,GU,"Gastroenterology, Urology",GU,876.5250,N,N,Eligible,4
NNY,"Sheath, Corrugated Rubber, For Non-Indwelling Catheter, Non-Sterile",1,GU,"Gastroenterology, Urology",GU,876.5250,N,N,Eligible,4
NNZ,"System, Urine Drainage, Closed, For Non-Indwelling Catheter, Non-Sterile",1,GU,"Gastroenterology, Urology",GU,876.5250,N,N,Eligible,4
NOA,"Device, Paste-On For Incontinence, Non-Sterile",1,GU,"Gastroenterology, Urology",GU,876.5250,N,N,Eligible,4
NOB,"Unit, Ultraviolet Sanitation/Sterilization (For Toothbrushes), Non-Sterile",1,DE,Dental,DE,872.6855,N,N,Eligible,4
NOC,"Splint, Extremity, Non-Inflatable, External, Non-Sterile",1,SU,"General, Plastic Surgery",SU,878.3910,N,N,Eligible,4
NOD,"Board, Arm (With Cover), Non-Sterile",1,SU,"General, Plastic Surgery",SU,878.3910,N,N,Eligible,4
NOE,"Test, System, Immunoassay, Lipoprotein-Associated Phospholipase A2",2,IM,Immunology,IM,866.5600,N,N,Eligible,1
NOF,"System, Optical Impression, Computer Assisted Design And Manufacturing (Cad/Cam) Of Dental Restorations",2,DE,Dental,DE,872.3661,N,N,Eligible,4
NOG,"Topographer, Corneal, Battery Powered",1,OP,Ophthalmic,OP,886.1350,N,N,Eligible,4
NOH,"Photokeratoscope, Battery Powered",1,OP,Ophthalmic,OP,886.1350,N,N,Eligible,4
NOI,"Stand, Instrument, Ophthalmic, Battery Powered",1,OP,Ophthalmic,OP,886.1860,N,N,Eligible,4
NOJ,"Prosthesis, Breast, External, No Adhesive",1,SU,"General, Plastic Surgery",SU,878.3800,N,N,Eligible,4
NOK,"Material, External Aesthetic Restoration, No Adhesive",1,SU,"General, Plastic Surgery",SU,878.3800,N,N,Eligible,4
NOM,"Antigen, Galactomannan, Aspergillus Spp.",1,MI,Microbiology,MI,866.3040,N,N,Eligible,1
NON,"Forceps, Biopsy, Non-Electric, Reprocessed",1,GU,"Gastroenterology, Urology",GU,876.1075,N,N,Eligible,1
NOO,"Clamp, Dialysis Arm",1,GU,"Gastroenterology, Urology",GU,876.5540,N,N,Eligible,4
NOP,"Elisa, Antibody, West Nile Virus",2,MI,Microbiology,MI,866.3940,N,N,Eligible,1
NOT,"Microscope, Automated, Image Analysis, Operator Intervention",2,HE,Hematology,PA,864.1860,N,N,Eligible,1
NOU,"Continuous, Ventilator, Home Use",2,AN,Anesthesiology,AN,868.5895,N,Y,Ineligible,1
NOV,"Anchor, Suture, Bone Fixation, Metallic",2,OR,Orthopedic,OR,888.3030,Y,N,Eligible,1
NOX,"Filler, Bone Void, Synthetic Peptide",3,,Unknown,OR,,Y,Y,Eligible,2
NOY,"Agents, Embolic, For Treatment Of Benign Prostatic Hyperplasia",2,GU,"Gastroenterology, Urology",GU,876.5550,Y,N,Eligible,1
NOZ,"Assay, 1,5-Anhydroglucitol (15ag)",2,HE,Hematology,HE,864.7470,N,N,Eligible,1
NPB,"System, Monitoring, For Progress Of Labor",2,OP,Ophthalmic,OB,884.2800,N,N,Ineligible,1
NPE,"Material, Embolization, Neurovascular, Polymerizing Or Precipitating",3,,Unknown,NE,,N,Y,Ineligible,2
NPF,"Monitor, Apnea, Home Use",2,AN,Anesthesiology,AN,868.2377,N,Y,Eligible,1
NPG,"Catheter, Infusion, Syringe",2,CV,Cardiovascular,CV,870.1210,N,N,Ineligible,1
NPH,"Antigen, Cartilage Oligomeric Matrix Protein (Comp)",2,IM,Immunology,IM,866.5775,N,N,Eligible,1
NPJ,"Prosthesis, Knee Patellofemorotibial, Partial, Semi-Constrained, Cemented, Polymer/Metal/Polymer",2,OR,Orthopedic,OR,888.3560,Y,N,Eligible,1
NPK,"Barrier, Synthetic, Intraoral",2,DE,Dental,DE,872.3930,Y,N,Eligible,1
NPL,"Barrier, Animal Source, Intraoral",2,DE,Dental,DE,872.3930,Y,N,Eligible,1
NPM,"Bone Grafting Material, Animal Source",2,DE,Dental,DE,872.3930,Y,N,Eligible,1
NPO,"Kit, Immunochromatographic, Bacillus Anthracis Differential Antibody",2,MI,Microbiology,MI,866.3045,N,N,Ineligible,1
NPP,Reprocessed Blood Pressure Cuff,2,CV,Cardiovascular,CV,870.1120,N,N,Eligible,1
NPQ,"Test, Factor V Leiden Mutations, Genomic Dna Pcr",2,HE,Hematology,PA,864.7280,N,N,Eligible,1
NPR,"Test, Factor Ii G20210a Mutations, Genomic Dna Pcr",2,HE,Hematology,PA,864.7280,N,N,Eligible,1
NPS,"Tricuspid Valve Repair Device, Percutaneously Delivered",3,,Unknown,CV,,Y,Y,Ineligible,2
NPT,"Aortic Valve, Prosthesis, Percutaneously Delivered",3,,Unknown,CV,,Y,Y,Eligible,2
NPU,"Prosthesis, Mitral Valve, Percutaneously Delivered",3,,Unknown,CV,,Y,Y,Eligible,2
NPV,Pulmonary Valve Prosthesis Percutaneously Delivered,f,,Unknown,CV,,Y,Y,Eligible,2
NPW,Percutaneously Delivered Prostheses And Tricuspid Valves,3,,Unknown,CV,,Y,Y,Ineligible,2
NPZ,"Bone Grafting Material, Dental, With Biologic Component",3,DE,Dental,DE,872.3930,Y,N,Eligible,2
NQA,"Biologic Material, Dental",3,DE,Dental,DE,872.3930,Y,N,Eligible,2
NQB,"Conformer, Ophthalmic, Biological Tissue",2,OP,Ophthalmic,OP,886.3130,Y,N,Eligible,4
NQC,"Test, Breath Analysis, Volatile Organic Compounds",f,,Unknown,CH,,N,N,Ineligible,6
NQD,"Cardiac C-Reactive Protein, Antigen, Antiserum, And Control",2,IM,Immunology,IM,866.5270,N,N,Eligible,1
NQE,"Microscope, Specular",2,OP,Ophthalmic,OP,886.1850,N,N,Eligible,1
NQF,"Immunohistochemistry Assay, Antibody, Epidermal Growth Factor Receptor",3,HE,Hematology,PA,864.1860,N,N,Ineligible,2
NQG,"Stabilizer, Heart, Non-Compression, Reprocessed",1,CV,Cardiovascular,CV,870.4500,N,N,Eligible,1
NQH,"Sensor, Pressure, Aneurysm, Implantable",2,CV,Cardiovascular,CV,870.2855,Y,N,Eligible,1
NQI,"System, Immunomagnetic, Circulating Cancer Cell, Enumeration",2,IM,Immunology,PA,866.6020,N,N,Eligible,1
NQJ,"Catheter, Hemodialysis, Non-Implanted, Ultrafiltration, For Peripheral Use",2,GU,"Gastroenterology, Urology",GU,876.5540,N,Y,Ineligible,1
NQK,"Maggots, Medical",U,,Unknown,SU,,N,N,Ineligible,1
NQL,"System, Test, Amino Acids, Free Carnitines And Acylcarnitines Tandem Mass Spectrometry",2,CH,Clinical Chemistry,CH,862.1055,N,N,Eligible,1
NQM,Immunoassay For Detection Of Amniotic Fluid Protein(S).,1,CH,Clinical Chemistry,CH,862.1550,N,N,Ineligible,4
NQN,"Microscope, Automated, Image Analysis, Immunohistochemistry,Operator Intervention,Nuclear Intensity & Percent Positivity",2,HE,Hematology,PA,864.1860,N,N,Eligible,1
NQO,"Prosthesis, Spinous Process Spacer/Plate",3,,Unknown,OR,,Y,N,Eligible,2
NQP,"Posterior Metal/Polymer Spinal System, Fusion",2,OR,Orthopedic,OR,888.3070,Y,N,Eligible,1
NQQ,"System, Imaging, Optical Coherence Tomography (Oct)",2,RA,Radiology,SU,892.1560,N,N,Eligible,1
NQR,"Sealant, Dural",3,,Unknown,NE,,Y,Y,Ineligible,2
NQS,"Bracket, Metal, Orthodontic, Reprocessed",1,DE,Dental,DE,872.5410,N,N,Eligible,1
NQT,"Dislodger, Stone, Flexible, Ureteral, Reprocessed",2,GU,"Gastroenterology, Urology",GU,876.4680,N,N,Eligible,1
NQU,"Dislodger, Stone, Basket, Ureteral, Metal, Reprocessed",2,GU,"Gastroenterology, Urology",GU,876.4680,N,N,Eligible,1
NQV,"Catheter, Suction, Tracheobronchial, Reprocessed",1,GU,"Gastroenterology, Urology",AN,876.4680,N,N,Eligible,1
NQW,"Orthosis, Spine, Plate, Laminoplasty, Metal",2,OR,Orthopedic,OR,888.3050,Y,N,Eligible,1
NQX,"System, Nucleic Acid Amplification Test, Dna, Methicillin Resistant Staphylococcus Aureus, Direct Specimen",2,MI,Microbiology,MI,866.1640,N,N,Ineligible,1
NQY,"Ventilator, Continuous, Minimal Ventilatory Support, Home Use",2,AN,Anesthesiology,AN,868.5895,N,Y,Eligible,1
NQZ,"Antigen, Invasive Fungal Pathogens",2,MI,Microbiology,MI,866.3050,N,N,Eligible,1
NRA,"Prosthesis, Knee, Femorotibial, Unicompartmental, Semi-Constrained, Metal/Polymer, Mobile Bearing",3,,Unknown,OR,,Y,N,Eligible,2
NRB,"Wound Cleaner, Ultrasound",2,SU,"General, Plastic Surgery",SU,878.4410,N,N,Eligible,1
NRC,"Pad, Menstrual, Scented, Scented-Deodorized Made Of Common Cellulosic & Synthetic Material W/Established Safety Profile",1,OB,Obstetrics/Gynecology,OB,884.5425,N,N,Eligible,4
NRD,"Unit, Operative Dental, Accessories",1,DE,Dental,DE,872.6640,N,N,Eligible,4
NRF,"Material, Quality Control, Semen Analysis",2,HE,Hematology,HE,864.8625,N,N,Eligible,4
NRH,"System, Breath Measurement",1,CH,Clinical Chemistry,CH,862.1820,N,N,Eligible,4
NRI,"Autoantibodies, Nuclear Pore Glycoprotein Gp210",2,IM,Immunology,IM,866.5090,N,N,Eligible,1
NRJ,"Ultrasound, Skin Permeation",2,SU,"General, Plastic Surgery",SU,878.4410,N,N,Ineligible,1
NRK,"Kit, Test, Olfactory",2,EN,"Ear, Nose, Throat",EN,874.1600,N,N,Eligible,4
NRL,"Enzyme Linked Immunoabsorbent Assay, Antibody, B. Anthracis",2,MI,Microbiology,MI,866.3045,N,N,Ineligible,1
NRN,"Leeches, Medicinal",U,,Unknown,SU,,N,N,Ineligible,1
NRP,Sirolimus Test System,2,TX,Clinical Toxicology,TX,862.3840,N,N,Eligible,1
NRQ,Blade-Form Endosseous Dental Implant,2,DE,Dental,DE,872.3640,Y,N,Eligible,1
NRS,"Control Material, Blood Circulating Epithelial Cancer Cell",2,HE,Hematology,HE,864.8625,N,N,Eligible,4
NRU,"Chair, Dental, Without Operative Unit",1,DE,Dental,DE,872.6250,N,N,Eligible,4
NRV,Implantable Radio Frequency Transponder System,2,HO,General Hospital,HO,880.6300,Y,N,Eligible,4
NRW,"Stimulator, Intramuscular, Automatic",2,HO,General Hospital,HO,880.5580,N,N,Eligible,1
NRX,Complement 4d (C4d) And Complement Receptor 1 (Cr1),2,IM,Immunology,IM,866.5820,N,N,Eligible,1
NRY,"Catheter, Thrombus Retriever",2,CV,Cardiovascular,NE,870.1250,N,N,Ineligible,1
NRZ,"Ablation System, High Intensity Focused Ultrasound (Hifu), Mr-Guided",3,,Unknown,OB,,N,N,Ineligible,2
NSA,Over-The-Counter Automated External Defibrillator,3,CV,Cardiovascular,CV,870.5310,N,Y,Ineligible,2
NSB,Patient Personal Hygiene Kit,1,DE,Dental,HO,872.6855,N,N,Eligible,4
NSC,"Injector, Pen",2,HO,General Hospital,HO,880.5860,N,N,Eligible,1
NSD,"Test, Fluorescence In Situ Hybridization (Fish), For Bladder Cancer Detection And Monitoring For Recurrence",3,,Unknown,PA,,N,N,Ineligible,2
NSF,"Test, Alpha Fetoprotein L3 Subfraction (Afp-L3%), For Hepatocellular Carcinoma Risk Assessment",2,IM,Immunology,IM,866.6030,N,N,Eligible,1
NSI,"System, Imaging, Esophageal, Wireless, Capsule",2,GU,"Gastroenterology, Urology",GU,876.1300,N,N,Eligible,1
NSJ,"Restoration, Noble Metal",N,,Unknown,DE,,N,N,Eligible,3
NSK,"Dentures, Partial",N,,Unknown,DE,,N,N,Eligible,7
NSL,"Dentures, Full",N,,Unknown,DE,,N,N,Eligible,7
NSM,"Restoration, Resin",N,,Unknown,DE,,N,N,Eligible,7
NSN,"Restoration, Resin, Crown And Bridge",N,,Unknown,DE,,N,N,Eligible,7
NSO,"Restoration, Porcelain-Fused-To-Metal",N,,Unknown,DE,,N,N,Eligible,7
NSP,"Restoration, Porcelain",N,,Unknown,DE,,N,N,Eligible,7
NSQ,"Restoration, Base Metal",N,,Unknown,DE,,N,N,Eligible,7
NSR,"Prosthesis, Orthodontic",N,,Unknown,DE,,N,N,Eligible,7
NSS,"Electronic Media, Nausea",N,,Unknown,SU,,N,N,Eligible,7
NST,"Autoantibodies, Acetylcholine Receptor, Acetylcholine Blocking And Non-Blocking",2,IM,Immunology,IM,866.5660,N,N,Eligible,1
NSU,Instrumentation For Clinical Multiplex Test Systems,2,CH,Clinical Chemistry,CH,862.2570,N,N,Eligible,4
NTB,"System, Ablation, Ultrasound And Accessories",2,SU,"General, Plastic Surgery",SU,878.4400,N,N,Eligible,1
NTC,"Nursing Pad, Hydrogel",1,HO,General Hospital,HO,880.5630,N,N,Eligible,4
NTE,Temporary Carotid Catheter For Embolic Capture,2,CV,Cardiovascular,CV,870.1250,N,N,Eligible,1
NTG,"Prosthesis, Ankle, Uncemented, Non-Constrained",3,,Unknown,OR,,Y,Y,Eligible,2
NTH,"System, Automated Scanning Microscope And Image Analysis For Fluorescence In Situ Hybridization (Fish) Assays",2,IM,Immunology,PA,866.4700,N,N,Eligible,1
NTI,Drug Metabolizing Enzyme Genotyping Systems,2,TX,Clinical Toxicology,TX,862.3360,N,N,Eligible,1
NTK,Light Transmission Caries Detector,2,DE,Dental,DE,872.1745,N,N,Eligible,1
NTM,"Antigen, Inflammatory Response Marker, Sepsis",2,MI,Microbiology,MI,866.3210,N,N,Eligible,1
NTN,Led Light Source,2,GU,"Gastroenterology, Urology",GU,876.1500,N,N,Eligible,4
NTO,"Rinse, Oral, Antibacterial (By Physical Means)",2,DE,Dental,DE,872.5580,N,N,Eligible,1
NTR,"Immunohistochemical Reagent, Antibody (Monoclonal Or Polyclonal) To P63 Protein In Nucleus Of Prostatic Basal Cells",1,HE,Hematology,PA,864.1860,N,N,Eligible,4
NTU,"Evoked Potential Stimulator, Thermal",2,NE,Neurology,NE,882.1870,N,N,Eligible,1
NTV,"Myeloperoxidase, Immunoassay, System, Test",2,IM,Immunology,TX,866.5600,N,N,Eligible,1
NTW,"System, Blood Collection, Rna Stabilization, Rna Purification, Rt-Pcr Molecular Diagnostic Test",2,IM,Immunology,PA,866.4070,N,N,Eligible,1
NTX,"Nursing Pad, Polyurethane Pad With Starch Copolymer, Glycerin, And Surfactant (F-68)",1,HO,General Hospital,HO,880.5630,N,N,Eligible,4
NTY,"System, Test, Fibrin/Fibrinogen Degradation Products For Monitoring Of Colorectal Cancer",2,IM,Immunology,IM,866.6010,N,N,Eligible,1
NTZ,"Strip, Dialysate, Ph, Bicarbonate, Glucose, Acid, Indicator",2,GU,"Gastroenterology, Urology",GU,876.5820,N,N,Ineligible,1
NUA,"System, Cystic Fibrosis Transmembrane Conductance Regulator, Gene Mutation Detection",2,IM,Immunology,PA,866.5900,N,N,Eligible,1
NUB,"Colonic Irrigation System, General Well Being",3,GU,"Gastroenterology, Urology",GU,876.5220,N,N,Eligible,2
NUC,"Lubricant, Personal",2,OB,Obstetrics/Gynecology,OB,884.5300,N,N,Eligible,1
NUD,"Vertebroplasty Compound, Calcium Based",2,OR,Orthopedic,OR,888.3027,Y,N,Eligible,1
NUF,"Catheter, Neurovasculature, Occluding Balloon",3,NE,Neurology,NE,882.5150,N,Y,Ineligible,2
NUH,"Stimulator, Nerve, Transcutaneous, Over-The-Counter",2,NE,Neurology,NE,882.5890,N,N,Eligible,1
NUI,"Ultrasound, Infusion, System",2,CV,Cardiovascular,NE,870.1200,N,N,Ineligible,1
NUJ,"Electrosurgical, Cutting & Coagulation Accessories, Laparoscopic & Endoscopic, Reprocessed",2,SU,"General, Plastic Surgery",SU,878.4400,N,N,Eligible,1
NUK,"For Export Only - Antigen, Anti-Cardiac, Indirect Fluorescent Antibody Test System",N,,Unknown,CH,,N,N,Eligible,3
NUL,"For Export Only - Antigen, Anti-Skeletal, Indirect Fluorescent Antibody Test System",N,,Unknown,CH,,N,N,Eligible,3
NUM,"Autoantibodies, Nuclear Body Protein, Sp100",2,IM,Immunology,IM,866.5090,N,N,Eligible,1
NUN,"Bone Grafting Material, Human Source",2,DE,Dental,DE,872.3930,Y,N,Eligible,1
NUP,"Cream, Nasal, Topical, Mechanical Allergen Particle Barrier",2,HO,General Hospital,EN,880.5045,N,N,Eligible,1
NUQ,"Pad, Menstrual, Reusable",1,OB,Obstetrics/Gynecology,OB,884.5435,N,N,Eligible,4
NUR,"Pad, Menstrual, Intralabial",1,OB,Obstetrics/Gynecology,OB,884.5435,N,N,Eligible,4
NUU,"Lens, Contact, Orthokeratology, Overnight",3,OP,Ophthalmic,OP,886.5916,N,N,Eligible,2
NUV,"Massager, Vacuum, Light Induced Heating",2,SU,"General, Plastic Surgery",SU,878.4810,N,N,Eligible,1
NUW,"Stimulator, Muscle, Powered, Dental",2,PM,Physical Medicine,DE,890.5850,N,N,Eligible,1
NUX,"Cleanser, Denture, Prescription",1,DE,Dental,DE,872.3520,N,N,Eligible,4
NVA,"Cancer Monitoring Test System, Soluble Mesothelin-Related Peptides, Mesothelioma",2,IM,Immunology,IM,866.6010,N,N,Eligible,1
NVB,"Intraocular, Pressure Measuring Device",3,OP,Ophthalmic,OP,886.4280,N,N,Eligible,2
NVC,"Bone, Heterograft",3,OR,Orthopedic,OR,888.3015,Y,N,Eligible,2
NVE,"Washer, Cleaner, Automated, Endoscope",2,GU,"Gastroenterology, Urology",HO,876.1500,N,N,Ineligible,1
NVG,"Tissue Culture, Accessories, Dental",1,HE,Hematology,HE,864.2240,N,N,Eligible,4
NVH,"Suture, Knot, Mechanical",2,SU,"General, Plastic Surgery",SU,878.4300,Y,N,Eligible,1
NVI,"Diagnostic Software, K-Nearest Neighbor Algorithm, Autoimmune Disease",2,TX,Clinical Toxicology,IM,862.3100,N,N,Eligible,1
NVJ,"Applicator, Transurethral, Radio Frequency, For Stress Urinary Incontinence In Women",2,SU,"General, Plastic Surgery",SU,878.4400,N,N,Eligible,1
NVK,"Laser, Dental, Soft Tissue",2,SU,"General, Plastic Surgery",DE,878.4810,N,N,Eligible,1
NVM,"Catheter, Angioplasty, Peripheral, Transluminal, Dual-Balloon",2,CV,Cardiovascular,CV,870.1250,N,N,Eligible,1
NVN,Drug Eluting Permanent Right Ventricular (Rv) Or Right Atrial (Ra) Pacemaker Electrodes,3,,Unknown,CV,,Y,Y,Ineligible,2
NVO,"Spacer, Direct Patient Interface",2,AN,Anesthesiology,AN,868.5630,N,N,Eligible,1
NVP,"Holding Chambers, Direct Patient Interface",2,AN,Anesthesiology,AN,868.5630,N,N,Eligible,1
NVQ,"Bacteriophage And Controls, B. Anthracis Lysis",2,MI,Microbiology,MI,866.3045,N,N,Eligible,1
NVR,"Intervertebral Fusion Device With Bone Graft, Solid-Sphere, Lumbar",3,,Unknown,OR,,Y,N,Eligible,2
NVT,Tubing And Tubing/Filter Fits,1,OB,Obstetrics/Gynecology,OB,884.1700,N,N,Eligible,4
NVV,"Digital Image, Storage And Communications, Non-Diagnostic, Laboratory Information System",1,CH,Clinical Chemistry,CH,862.2100,N,N,Eligible,4
NVY,Permanent Defibrillator Electrodes,3,,Unknown,CV,,Y,Y,Ineligible,2
NVZ,"Pulse Generator, Permanent, Implantable",3,,Unknown,CV,,Y,Y,Ineligible,2
NWA,"Prosthesis, Tracheal, Preformed/Molded",2,SU,"General, Plastic Surgery",AN,878.3720,Y,N,Eligible,1
NWB,"Endoscope, Accessories, Narrow Band Spectrum",2,GU,"Gastroenterology, Urology",GU,876.1500,N,N,Ineligible,1
NWE,"Colon Computed Tomography System, Computer Aided Detection",2,RA,Radiology,RA,892.2050,N,N,Eligible,1
NWF,"Drill, Battery Powered, Subungual Hematoma",1,SU,"General, Plastic Surgery",SU,878.4820,N,N,Eligible,4
NWG,"Autoantibodies, Glutamic Acid Decarboxylase (Gad)",2,IM,Immunology,IM,866.5660,N,N,Eligible,1
NWI,Electrosurgical Electrode Kit,2,GU,"Gastroenterology, Urology",GU,876.4300,N,N,Eligible,7
NWJ,"Suture, Recombinant Technology",2,SU,"General, Plastic Surgery",SU,878.4494,Y,N,Eligible,1
NWM,"Immunoassay, Anti-Seizure Drug",2,TX,Clinical Toxicology,TX,862.3350,N,N,Eligible,1
NWN,Laparoscopic Bone Anchor Urethropexy Instrument Kit,2,OR,Orthopedic,OR,888.3040,N,N,Eligible,7
NWO,"Kit, Catheter, Urinary (Exludes Hiv Testing)",2,GU,"Gastroenterology, Urology",GU,876.5130,N,N,Eligible,1
NWP,Suprapubic Cystostomy Catheter Kit,2,GU,"Gastroenterology, Urology",GU,876.5090,N,N,Eligible,7
NWS,"Kit, Choledochoscope, Flexible And Rigid",2,GU,"Gastroenterology, Urology",GU,876.1500,N,N,Eligible,1
NWT,Endoscopic Cholangiogram Kit,2,GU,"Gastroenterology, Urology",GU,876.1500,N,N,Eligible,7
NWU,Endoscope Introducer Kit,2,GU,"Gastroenterology, Urology",GU,876.1500,N,N,Eligible,7
NWV,"Laparoscopic Accessories, Gynecologic",1,OB,Obstetrics/Gynecology,OB,884.1720,N,N,Eligible,4
NWW,Hysteroscope Accessories,1,OB,Obstetrics/Gynecology,OB,884.1690,N,N,Eligible,4
NWX,"Catheter, Percutaneous Transluminal Coronary Angioplasty (Ptca), Cutting/Scoring",3,,Unknown,CV,,N,N,Eligible,2
NWY,"Test, Qualitative, Detection Of Dengue Igm And Igg Antibodies",N,,Unknown,MI,,N,N,Eligible,3
NWZ,"Gas Chromatography, Bacillus Anthracis Membrane Fatty Acids",2,MI,Microbiology,MI,866.3045,N,N,Eligible,1
NXA,Tracheotomy Care Kit,2,AN,Anesthesiology,AN,868.5800,N,N,Eligible,7
NXB,"Dispenser, Solid Medication",1,PM,Physical Medicine,HO,890.5050,N,N,Eligible,4
NXC,"Aligner, Sequential",2,DE,Dental,DE,872.5470,N,N,Eligible,1
NXD,"Nucleic Acid Amplification, Novel Influenza A Virus, A/H5 (Asian Lineage) Rna",2,MI,Microbiology,MI,866.3332,N,N,Eligible,1
NXE,"Walker, Mechanical, Poly Vinyl Chloride (Pvc)",1,PM,Physical Medicine,PM,890.3825,N,N,Eligible,4
NXF,"Gas, Laser Generating",1,SU,"General, Plastic Surgery",SU,878.4810,N,N,Eligible,4
NXG,"Fluorescence In Situ Hybridization, Topoisomerase Ii Alpha, Gene Amplification And Deletion",3,,Unknown,PA,,N,N,Ineligible,2
NXH,"Nursing Pad, Cohesive Gel",1,HO,General Hospital,HO,880.5630,N,N,Eligible,4
NXJ,"Denture, Cosmetic Only",N,,Unknown,DE,,N,N,Eligible,7
NXM,"Prosthesis, Eyelid Spacer/Graft, Biologic",2,OP,Ophthalmic,OP,886.3130,Y,N,Eligible,4
NXO,"Calprotectin, Fecal",2,IM,Immunology,IM,866.5180,N,N,Eligible,1
NXQ,"Reminder, Medication",1,PM,Physical Medicine,HO,890.5050,N,N,Eligible,4
NXR,"Fixation, Vision Training, Binocular",1,OP,Ophthalmic,OP,886.1290,N,N,Eligible,4
NXT,"Prosthesis, Hip, Semi-Constrained, Metal/Metal, Resurfacing",3,,Unknown,OR,,Y,N,Eligible,2
NXV,"Diagnostic Light, Soft Tissue Detector",2,DE,Dental,DE,872.6350,N,N,Eligible,1
NXW,"Scaffold, Infrapopliteal, Absorbable",3,,Unknown,CV,,Y,N,Ineligible,2
NXX,"Fish (Fluorescent In Situ Hybridization) Kit, Protein Nucleic Acid, Rna, Staphylococcus Aureus",1,MI,Microbiology,MI,866.3700,N,N,Eligible,4
NXZ,Dental Hygiene Kit,1,DE,Dental,DE,872.6855,N,N,Eligible,7
NYC,Dental Prophylaxis Kit,1,DE,Dental,DE,872.4565,N,N,Eligible,7
NYD,Endodontic Kit,2,DE,Dental,DE,872.3820,N,N,Eligible,7
NYE,Fixture Mount Kit,1,DE,Dental,DE,872.3980,N,N,Eligible,7
NYF,Gingival Retraction Kit,1,DE,Dental,DE,872.4565,N,N,Eligible,7
NYG,Lapping Tool Kit,1,DE,Dental,DE,872.4565,N,N,Eligible,7
NYH,Plaque Disclosing Kit,2,DE,Dental,DE,872.1740,N,N,Eligible,7
NYI,"Classifier, Prognostic, Recurrence Risk Assessment, Rna Gene Expression, Breast Cancer",2,IM,Immunology,PA,866.6040,N,N,Eligible,1
NYK,"Ophthalmodynamometer, Diagnostic Contact Lens, Polymethylmethacrylate (Pmma)",2,OP,Ophthalmic,OP,886.1385,N,N,Eligible,1
NYL,"Handpiece, Air-Powered, Root Canal Irrigation",1,DE,Dental,DE,872.4200,N,N,Eligible,1
NYN,"Stimulator, Electrical, Transcutaneous, For Arthritis",2,NE,Neurology,NE,882.5890,N,N,Eligible,1
NYO,"Autoantibodies, Anti-Ribonucleic Acid Polymerase (Rnap) Iii Antibody",2,IM,Immunology,IM,866.5100,N,N,Eligible,1
NYQ,"Chromogenic In Situ Hybridization, Nucleic Acid Amplification, Her2/Neu Gene, Breast Cancer",2,PA,Pathology,PA,864.1890,N,N,Ineligible,1
NYS,Wound Dressing With Poly(Diallyl Dimethyl Ammonium Chloride)(Pdadmac),2,SU,"General, Plastic Surgery",SU,878.4015,N,N,Ineligible,1
NYT,"Prosthesis, Tracheal, Expandable, Polymeric",2,SU,"General, Plastic Surgery",SU,878.3720,Y,N,Eligible,1
NYU,"Catheter, Hemodialysis, Implanted, Coated",2,GU,"Gastroenterology, Urology",GU,876.5540,Y,Y,Ineligible,1
NYV,"Gastrointestinal Motility System, Capsule",2,GU,"Gastroenterology, Urology",GU,876.1725,N,N,Eligible,1
NYW,"Stimulator, Nerve, Electrical, Transcutaneous, With Limited Output, For Pain Relief",2,NE,Neurology,NE,882.5890,N,N,Eligible,1
NYX,"Stimulator, Electrical, Transcutaneous, With Limited Output, For Aesthetic Purposes",2,NE,Neurology,NE,882.5890,N,N,Eligible,1
NYY,"Stimulator, Muscle, Powered, With Limited Output, For Rehabilitation",2,PM,Physical Medicine,PM,890.5850,N,N,Eligible,1
NYZ,"Stimulator, Muscle, Powered, With Limited Output, For Muscle Conditioning",2,PM,Physical Medicine,PM,890.5850,N,N,Eligible,1
NZA,"Accessories, Germicide, Cleaning, For Endoscopes",2,GU,"Gastroenterology, Urology",HO,876.1500,N,N,Ineligible,1
NZB,"Quality Control Material, Genetics, Dna",2,MI,Microbiology,IM,866.5910,N,N,Eligible,4
NZC,"Stent, Urethral, Prostatic, Semi-Permanent",3,,Unknown,GU,,N,N,Eligible,2
NZD,"Stretcher, Patient Restraint",1,HO,General Hospital,HO,880.6900,N,N,Eligible,4
NZE,Hyperthermia Monitor,2,CV,Cardiovascular,CV,870.5900,N,N,Eligible,1
NZF,"Static Electricity-Emitting Device, Cosmetic Use",N,,Unknown,SU,,N,N,Eligible,7
NZG,"Bassinet, Hospital",2,HO,General Hospital,HO,880.5145,N,N,Eligible,4
NZH,"Medication Management System, Remote",2,HO,General Hospital,HO,880.6315,N,N,Ineligible,1
NZJ,"Respirator, N95, For Use By The General Public In Public Health Medical Emergencies",2,HO,General Hospital,HO,880.6260,N,N,Eligible,1
NZK,"Stimulator, Low Electric Field, Tumor Treatment",3,,Unknown,NE,,N,Y,Ineligible,2
NZP,"Sealant, Microbial",2,SU,"General, Plastic Surgery",HO,878.4370,N,N,Ineligible,1
NZS,"Fish (Fluorescent In Situ Hybridization) Kit, Protein Nucleic Acid, Rna, Yeast",1,MI,Microbiology,MI,866.2660,N,N,Eligible,4
NZT,"Dosimeter, Ionizing Radiation, Implanted",2,RA,Radiology,RA,892.5050,Y,N,Eligible,1
NZU,"Collector, Urine, Powered, Non Indwelling Catheter",1,GU,"Gastroenterology, Urology",GU,876.5250,N,N,Eligible,4
NZW,"Heparin, Vascular Access Flush",2,HO,General Hospital,HO,880.5200,N,N,Eligible,1
NZX,"Water, Vascular Access Flush",2,HO,General Hospital,HO,880.5200,N,N,Eligible,1
NZY,"Light, Lymphedema Reduction, Low Energy",2,PM,Physical Medicine,SU,890.5500,N,N,Eligible,1
OAA,"Aid, Visual, For Nausea",N,,Unknown,EN,,N,N,Eligible,7
OAB,Low Energy Direct Current Thermal Ablation System,2,SU,"General, Plastic Surgery",SU,878.4400,N,N,Eligible,1
OAC,"Plethysmograph, Air Displacement For Body Composition Analysis",2,CV,Cardiovascular,OB,870.2770,N,N,Eligible,1
OAD,"Catheter, Percutaneous, Cardiac Ablation, For Treatment Of Atrial Flutter",3,,Unknown,CV,,N,Y,Eligible,2
OAE,"Catheter, Percutaneous, Cardiac Ablation, For Treatment Of Atrial Fibrillation",3,,Unknown,CV,,N,Y,Eligible,2
OAF,"Implant, Hearing, Active, Middle Ear, Totally Implanted",3,,Unknown,EN,,Y,N,Eligible,2
OAG,"Garment, Storage, Peritoneal Dialysis Catheter",1,PM,Physical Medicine,GU,890.5050,N,N,Eligible,4
OAH,"Fish (Fluorescent In Situ Hybridization) Kit, Protein Nucleic Acid, Enterococcus Faecalis",1,MI,Microbiology,MI,866.3740,N,N,Eligible,4
OAI,"Assay, Enterovirus Nucleic Acid",2,MI,Microbiology,MI,866.3225,N,N,Eligible,1
OAJ,"Catheter, Drainage, Intraoral/Extraoral",1,SU,"General, Plastic Surgery",DE,878.4200,N,N,Eligible,4
OAL,"Exercise Equipment, Powered, Emg-Triggered",2,PM,Physical Medicine,PM,890.1375,N,N,Eligible,1
OAM,"Immunoassay, Insulin-Like Growth Factor Binding Protein-1",1,CH,Clinical Chemistry,CH,862.1550,N,N,Eligible,4
OAN,"Orthosis, Cranial, Laser Scan",2,NE,Neurology,NE,882.5970,N,N,Eligible,1
OAO,Cord Blood Processing System And Storage Container,2,HE,Hematology,HE,864.9900,N,N,Eligible,1
OAP,"Laser, Comb, Hair",2,PM,Physical Medicine,SU,890.5500,N,N,Eligible,1
OAQ,"Electronic Media, Hyperacusis",N,,Unknown,EN,,N,N,Eligible,7
OAR,"Injector, Vertebroplasty (Does Not Contain Cement)",1,OR,Orthopedic,OR,888.4200,N,N,Eligible,4
OAS,"X-Ray, Tomography, Computed, Dental",2,RA,Radiology,RA,892.1750,N,N,Eligible,1
OAT,"Implant, Endosseous, Orthodontic",2,DE,Dental,DE,872.3640,Y,N,Eligible,1
OAU,"Des-Gamma-Carboxy-Prothrombin (Dcp), Risk Assessment, Hepatocellular Carcinoma",2,IM,Immunology,IM,866.6030,N,N,Eligible,1
OAV,Mycophenolic Acid Test System,2,TX,Clinical Toxicology,TX,862.3840,N,N,Eligible,1
OAW,"Cancer Monitoring Test System, Soluble Mesothelin-Related Peptides, Epithelioid/Biphasic Mesothelioma",f,,Unknown,IM,,N,N,Eligible,6
OAX,Plasmodium Spp. Detection Reagents,2,MI,Microbiology,MI,866.3402,N,N,Eligible,1
OAY,"Light Source System, Diagnostic Endoscopic",3,,Unknown,GU,,N,N,Ineligible,2
OAZ,One-Way Air-Leak Valve,f,,Unknown,AN,,Y,N,Eligible,6
OBA,"Polymerizing, Neurovascular Embolization Material",f,,Unknown,NE,,Y,Y,Ineligible,6
OBB,"Kit, Conception-Assist, Home Use",2,OB,Obstetrics/Gynecology,OB,884.5250,N,N,Eligible,1
OBC,"Occluder, Internal Vessel, Temporary",3,,Unknown,CV,,N,N,Eligible,2
OBD,"Barrier, Adhesion, Cardiovascular",3,,Unknown,CV,,Y,N,Eligible,2
OBE,Anti-Ss-A 52 Autoantibodies,2,IM,Immunology,IM,866.5100,N,N,Eligible,1
OBF,"Assay, Genotyping, Hepatitis C Virus",2,MI,Microbiology,MI,866.3170,N,N,Ineligible,1
OBH,"Monitor, Extracellular Fluid, Lymphedema, Extremity",2,CV,Cardiovascular,GU,870.2770,N,N,Eligible,1
OBI,"Catheter, Pressure Monitoring, Cardiac",2,CV,Cardiovascular,CV,870.1200,N,N,Eligible,1
OBJ,"Catheter, Ultrasound, Intravascular",2,CV,Cardiovascular,CV,870.1200,N,N,Eligible,1
OBK,"Port, Protector/Cushion",2,HO,General Hospital,HO,880.5965,N,N,Ineligible,1
OBL,"Cement, Bone, Pre-Formed, Modular, Polymeric, Vertebroplasty",2,OR,Orthopedic,OR,888.3027,Y,N,Eligible,1
OBM,"Cement, Bone, Vertebroplasty, Pre-Formed, Modular",2,OR,Orthopedic,OR,888.3027,Y,N,Eligible,1
OBN,"Humidifier, Respiratory, Mask (Direct Patient Interface)",2,AN,Anesthesiology,AN,868.5450,N,N,Eligible,1
OBO,"Tomography, Optical Coherence",2,OP,Ophthalmic,OP,886.1570,N,N,Eligible,1
OBP,Transcranial Magnetic Stimulator,2,NE,Neurology,NE,882.5805,N,N,Ineligible,1
OBR,"Mouthguard, Over-The-Counter",U,,Unknown,DE,,N,N,Eligible,1
OBT,"Plate, Bone, Growth Control, Pediatric, Epiphysiodesis",2,OR,Orthopedic,OR,888.3030,Y,Y,Eligible,1
OBV,Eating Disorder Conditioning Tool,2,NE,Neurology,NE,882.5060,N,N,Eligible,1
OBW,"11-Dehydro Thromboxane B2 Kit, Urinary",2,HE,Hematology,HE,864.5700,N,N,Eligible,1
OBY,"Condom, Female, Animal Tissue",3,OB,Obstetrics/Gynecology,OB,884.5330,N,N,Ineligible,2
OBZ,"Alpha-1-Antitrypsin Kit, Qualitative Phenotype",2,IM,Immunology,IM,866.5130,N,N,Eligible,1
OCB,"Rt-Pcr Multigene Expression Test, Sentinel Lymph Node, Cancer Metastasis Detection",3,,Unknown,IM,,N,Y,Ineligible,2
OCC,Respiratory Virus Panel Nucleic Acid Assay System,2,MI,Microbiology,MI,866.3980,N,N,Eligible,1
OCE,Cultured Epithelial Autograft,f,,Unknown,SU,,Y,Y,Eligible,6
OCF,"Stimulator, Nerve, Electrical, Transcutaneous, Limited Output, Arthritis Pain Relief",2,NE,Neurology,NE,882.5890,N,N,Eligible,1
OCG,"Prosthesis, Hip, Pelvifemoral Resurfacing, Metal/Polymer, Uncemented",3,OR,Orthopedic,OR,888.3410,Y,N,Eligible,2
OCH,"Oximeter, Infrared, Sporting, Aviation",2,CV,Cardiovascular,CV,870.2700,N,N,Eligible,7
OCI,"Indicator, Physical/Chemical, Storage Temperature",2,HO,General Hospital,HO,880.2800,N,N,Ineligible,1
OCJ,"Spinal Channeling Instrument, Vertebroplasty",1,OR,Orthopedic,OR,888.4540,N,N,Eligible,4
OCK,"Transurethral Occlusion Insert, Urinary Incontinence-Control, Female",3,,Unknown,GU,,N,N,Eligible,2
OCL,"Surgical Device, For Cutting, Coagulation, And/Or Ablation Of Tissue, Including Cardiac Tissue",2,SU,"General, Plastic Surgery",CV,878.4400,N,N,Eligible,1
OCM,"Surgical Cardiac Ablation Device, For Treatment Of Atrial Fibrillation",3,,Unknown,CV,,N,N,Eligible,2
OCN,Insulin Autoantibody Kit,2,IM,Immunology,IM,866.5660,N,N,Eligible,1
OCO,"Mouthguard, Migraine/Tension Headache",U,,Unknown,DE,,N,N,Eligible,1
OCQ,"Laparoscopic Bladder-Neck Suspension Instrument, Stress Urinary Incontinence",2,OB,Obstetrics/Gynecology,GU,884.1720,N,N,Eligible,1
OCR,Lung Sound Monitor,2,CV,Cardiovascular,AN,870.1875,N,N,Eligible,4
OCS,"Endoscopic Video Imaging System/Component, Gastroenterology-Urology",2,GU,"Gastroenterology, Urology",GU,876.1500,N,N,Eligible,1
OCT,"Anti Fog Solution And Accessories, Endoscopy",2,GU,"Gastroenterology, Urology",GU,876.1500,N,N,Eligible,1
OCU,Endoscopic Storage Cover,2,GU,"Gastroenterology, Urology",GU,876.1500,N,N,Eligible,1
OCV,Endoscope Holder,2,GU,"Gastroenterology, Urology",GU,876.1500,N,N,Eligible,1
OCW,Endoscopic Tissue Approximation Device,2,GU,"Gastroenterology, Urology",GU,876.1500,N,N,Eligible,1
OCX,Endoscopic Irrigation/Suction System,2,GU,"Gastroenterology, Urology",GU,876.1500,N,N,Eligible,1
OCY,"Endoscopic Guidewire, Gastroenterology-Urology",2,GU,"Gastroenterology, Urology",GU,876.1500,N,N,Eligible,4
OCZ,"Endoscopic Grasping/Cutting Instrument, Non-Powered",2,GU,"Gastroenterology, Urology",GU,876.1500,N,N,Eligible,1
ODA,Endoscopic Central Control Unit,2,GU,"Gastroenterology, Urology",GU,876.1500,N,N,Eligible,1
ODB,Endoscopic Contamination Prevention Sheath,2,GU,"Gastroenterology, Urology",GU,876.1500,N,N,Eligible,1
ODC,Endoscope Channel Accessory,2,GU,"Gastroenterology, Urology",GU,876.1500,N,N,Eligible,1
ODD,Endoscopic Retrograde Cholangiopancreatography (Ercp) Cannula,2,GU,"Gastroenterology, Urology",GU,876.1500,N,N,Eligible,1
ODE,"Endoscopic Suture/Plication System, Gastroesophageal Reflux Disease (Gerd)",2,GU,"Gastroenterology, Urology",GU,876.1500,Y,N,Eligible,1
ODF,"Mini Endoscope, Gastroenterology-Urology",2,GU,"Gastroenterology, Urology",GU,876.1500,N,N,Ineligible,1
ODG,"Endoscopic Ultrasound System, Gastroenterology-Urology",2,GU,"Gastroenterology, Urology",GU,876.1500,N,N,Ineligible,1
ODH,Implantable Bladder-Evacuation Electrical Stimulation System,f,,Unknown,GU,,Y,N,Eligible,6
ODI,Administration Set Docking Station,2,HO,General Hospital,HO,880.5440,N,N,Ineligible,1
ODK,Refractive Corneal Implant,f,,Unknown,OP,,Y,N,Ineligible,6
ODN,Ultrafiltration-Controlled Nocturnal Dialysate Delivery System,2,GU,"Gastroenterology, Urology",GU,876.5860,N,Y,Ineligible,1
ODP,"Intervertebral Fusion Device With Bone Graft, Cervical",2,OR,Orthopedic,OR,888.3080,Y,N,Eligible,1
ODR,Electrosurgical Patient Return Electrode,2,SU,"General, Plastic Surgery",SU,878.4400,N,N,Eligible,1
ODS,Wound Covering (Composite Cultured Skin),f,,Unknown,SU,,Y,N,Ineligible,6
ODT,"Tissue Adhesive, Aortic Aneurysmorrhaphy",f,,Unknown,CV,,Y,N,Eligible,6
ODU,Facial Implant,2,SU,"General, Plastic Surgery",SU,878.3500,Y,N,Eligible,1
ODV,Vitamin K Epoxide Reductase Complex Subunit One (Vkorc1) Genotyping System,2,HE,Hematology,HE,864.7750,N,N,Eligible,1
ODW,Cytochrome P450 2c9 (Cyp450 2c9) Drug Metabolizing Enzyme Genotyping System,2,TX,Clinical Toxicology,TX,862.3360,N,N,Eligible,1
ODX,Autonomous Extracorporeal Blood Leak Detector/Alarm,2,GU,"Gastroenterology, Urology",GU,876.5820,N,N,Ineligible,1
ODY,Tunneled Catheter Remover,2,HO,General Hospital,HO,880.5970,N,N,Ineligible,1
OEA,Non-Surgical Gown,1,SU,"General, Plastic Surgery",HO,878.4040,N,N,Eligible,4
OEB,"Lung Computed Tomography System, Computer-Aided Detection",2,RA,Radiology,RA,892.2050,N,N,Eligible,1
OED,Antimicrobial Blood Pressure Cuff,2,CV,Cardiovascular,CV,870.1120,N,N,Eligible,1
OEE,Diagnostic Low Electric Field,3,,Unknown,SU,,N,N,Eligible,2
OEG,"Autoantibodies, Skin (Bullous Pemphigoid 180 And Bullous Pemphigoid 230",2,IM,Immunology,IM,866.5660,N,N,Eligible,1
OEH,Joint Biological Agent Identification And Diagnostic System (Jbaids) Tularemia Detection Kit,2,MI,Microbiology,MI,866.3280,N,N,Eligible,1
OEI,Drainage Catheter With Antibiotic,2,SU,"General, Plastic Surgery",SU,878.4780,N,N,Eligible,1
OEJ,"Transurethral Electrosurgical Unit, Benign Prostatic Hyperplasia",2,GU,"Gastroenterology, Urology",SU,876.4300,N,N,Eligible,1
OEK,"Water-Induced Thermotherapy System, Benign Prostatic Hyperplasia",2,GU,"Gastroenterology, Urology",SU,876.4300,N,N,Eligible,1
OEL,"Laser, Benign Prostatic Hyperplasia",2,SU,"General, Plastic Surgery",SU,878.4810,N,N,Eligible,1
OEM,Human Metapneumovirus (Hmpv) Rna Assay System,2,MI,Microbiology,MI,866.3980,N,N,Eligible,1
OEO,Automated Digital Image Manual Interpretation Microscope,2,HE,Hematology,PA,864.1860,N,N,Eligible,1
OEP,Influenza A Virus Subtype Differentiation Nucleic Acid Assay,2,MI,Microbiology,MI,866.3980,N,N,Eligible,1
OEQ,Angiography/Angioplasty Kit,2,CV,Cardiovascular,CV,870.1650,N,N,Eligible,7
OER,Angioscopic Valvulotome Kit,2,CV,Cardiovascular,CV,870.1650,N,N,Eligible,7
OES,Cardiac Catheterization Kit,2,CV,Cardiovascular,CV,870.1200,N,N,Eligible,7
OET,Cardioplegia Solution Administration Kit,2,CV,Cardiovascular,CV,870.4240,N,N,Eligible,7
OEU,Cardiopulmonary Bypass Catheter Kit,2,CV,Cardiovascular,CV,870.4210,N,N,Eligible,7
OEV,Cardiopulmonary Resuscitation Aid Kit,2,AN,Anesthesiology,AN,868.5915,N,N,Eligible,7
OEW,"Tracking, Soft Tissue, Intraoperative",2,NE,Neurology,SU,882.4560,N,Y,Eligible,1
OEX,Cardiovascular Catheter Sheath Introducer Kit,2,CV,Cardiovascular,CV,870.1340,N,N,Eligible,7
OEZ,Cardiovascular Procedure Kit,2,CV,Cardiovascular,CV,870.1200,N,N,Eligible,7
OFA,Cardiovascular Surgical Instruments Tray,1,CV,Cardiovascular,CV,870.4500,N,N,Eligible,7
OFB,Catheter Guide Wire Kit,2,CV,Cardiovascular,CV,870.1330,N,N,Eligible,7
OFC,Catheter Introducer Kit,2,CV,Cardiovascular,CV,870.1340,N,N,Eligible,7
OFD,Catheter Introducer Kit,2,CV,Cardiovascular,CV,870.1340,N,N,Eligible,7
OFE,Central Venous Blood Pressure Kit,2,CV,Cardiovascular,CV,870.1140,N,N,Eligible,7
OFF,Central Venous Catheter Tray,2,CV,Cardiovascular,CV,870.1140,N,N,Eligible,7
OFG,Ct Biopsy Tray,2,CV,Cardiovascular,CV,870.4075,N,N,Eligible,7
OFH,Digital Angiography Tray,2,CV,Cardiovascular,CV,870.1650,N,N,Eligible,7
OFI,Laser Blood Flow Kit,2,CV,Cardiovascular,CV,870.2120,N,N,Eligible,7
OFJ,Lead Introducer Kit,2,CV,Cardiovascular,CV,870.1340,N,N,Eligible,7
OFK,Percutaneous Atrial Catheter Kit,2,CV,Cardiovascular,CV,870.1250,N,N,Eligible,7
OFL,Percutaneous Sheath Introducer Kit,2,CV,Cardiovascular,CV,870.1340,N,N,Eligible,7
OFM,Phlebotomy Blood Collection Kit,2,CV,Cardiovascular,HO,870.2750,N,N,Eligible,7
OFN,Winged Intravenous Catheterization Kit,2,CV,Cardiovascular,CV,870.1200,N,N,Eligible,7
OFO,Airway Suction Kit,1,AN,Anesthesiology,AN,868.6810,N,N,Eligible,7
OFP,Anesthesia Breathing Circuit Kit (Adult & Pediatric),1,AN,Anesthesiology,HO,868.5240,N,N,Eligible,7
OFQ,Anesthesia Kit,2,AN,Anesthesiology,AN,868.5120,N,N,Eligible,7
OFR,Tracheobronchial Suction Catheter Kit,1,AN,Anesthesiology,AN,868.6810,N,N,Eligible,7
OFS,Tracheal Suction Set,1,AN,Anesthesiology,AN,868.6810,N,N,Eligible,7
OFT,Spinal Epidural Anesthesia Kit,2,AN,Anesthesiology,AN,868.5120,N,N,Eligible,7
OFU,Spinal Anesthesia Kit,2,AN,Anesthesiology,AN,868.5120,N,N,Eligible,7
OFV,Regional Anesthesia Kit,2,AN,Anesthesiology,AN,868.5120,N,N,Eligible,7
OFW,Restorative Instrument And Component Tray,2,DE,Dental,DE,872.3690,N,N,Eligible,7
OFX,General Purpose Dental Tray,1,DE,Dental,DE,872.6640,N,N,Eligible,7
OFY,Dental Implant Surgical Tray,1,DE,Dental,DE,872.3980,N,N,Eligible,7
OFZ,Blood Specimen Collection Kit (Excludes Hiv Testing),1,AN,Anesthesiology,AN,868.1100,N,N,Eligible,7
OGA,Brachial Plexus Anesthesia Kit,2,AN,Anesthesiology,AN,868.5140,N,N,Eligible,7
OGB,Caudal Anesthesia Kit,2,AN,Anesthesiology,AN,868.5140,N,N,Eligible,7
OGC,Continuous Brachial Plexus Block Tray,2,AN,Anesthesiology,AN,868.5150,N,N,Eligible,7
OGD,Custom Anesthesia Tray,2,AN,Anesthesiology,AN,868.5120,N,N,Eligible,7
OGE,Epidural Anesthesia Kit,2,AN,Anesthesiology,AN,868.5120,N,N,Eligible,7
OGF,Glossopharyngeal Anesthesia Kit,2,AN,Anesthesiology,AN,868.5120,N,N,Eligible,7
OGG,Humidifier Nebulizer Kit,2,AN,Anesthesiology,AN,868.5450,N,N,Eligible,7
OGH,Laryngoscope Kit,1,AN,Anesthesiology,AN,868.5540,N,N,Eligible,7
OGI,Nasal Endotracheal Tube Holder Kit,1,AN,Anesthesiology,AN,868.5770,N,N,Eligible,7
OGJ,Nerve Block Tray,2,AN,Anesthesiology,AN,868.5140,N,N,Eligible,7
OGK,Orotracheal Intubation Guide Kit,2,AN,Anesthesiology,AN,868.1400,N,N,Eligible,7
OGL,Oxygen Administration Kit,2,AN,Anesthesiology,AN,868.5655,N,N,Eligible,7
OGO,Intraocular Pressure Lowering Implant,3,,Unknown,OP,,Y,N,Ineligible,2
OGP,Cricothyrotomy Kit,2,AN,Anesthesiology,EN,868.5800,N,N,Eligible,7
OGQ,Ear Irrigation Kit,1,HO,General Hospital,EN,880.6960,N,N,Eligible,7
OGR,"Ear, Nose, And Throat Surgical Tray",1,EN,"Ear, Nose, Throat",EN,874.4420,N,N,Eligible,7
OGS,Myringotomy Procedure Kit,2,EN,"Ear, Nose, Throat",EN,874.3880,N,N,Eligible,7
OGT,Oral Irrigation Kit,1,DE,Dental,EN,872.6510,N,N,Eligible,7
OGU,Pierced Ear/Entry Cleaning Tray,1,EN,"Ear, Nose, Throat",EN,874.4420,N,N,Eligible,7
OGV,Tracheostomy Cleaning Tray,2,AN,Anesthesiology,EN,868.5800,N,N,Eligible,7
OGW,Tracheostomy Kit,2,AN,Anesthesiology,EN,868.5800,N,N,Eligible,7
OGZ,"Catheter, Intravascular, Plaque Morphology Evaluation",2,CV,Cardiovascular,CV,870.1200,N,N,Eligible,1
OHA,"Heart Valve, More Than Minimally Manipulated Allograft",U,,Unknown,CV,,Y,N,Eligible,1
OHC,Obstetrical Vacuum Delivery Kit,2,OB,Obstetrics/Gynecology,OB,884.4340,N,N,Ineligible,7
OHD,Gynecological Laparoscopic Kit,2,OB,Obstetrics/Gynecology,OB,884.1720,N,N,Eligible,7
OHE,Forensic Evidence Sexual Assault Kit,2,OB,Obstetrics/Gynecology,OB,884.1630,N,N,Eligible,7
OHF,Culdocentesis Kit,2,OB,Obstetrics/Gynecology,OB,884.1640,N,N,Eligible,7
OHG,Circumcision Tray,2,OB,Obstetrics/Gynecology,OB,884.4530,N,N,Eligible,7
OHH,Breast Pump Kit,2,OB,Obstetrics/Gynecology,OB,884.5160,N,N,Eligible,7
OHI,"Orthosis, Foot Drop",1,PM,Physical Medicine,PM,890.3475,N,N,Eligible,4
OHL,Pap Smear Kit,2,OB,Obstetrics/Gynecology,OB,884.4530,N,N,Eligible,7
OHM,Cesarean Section Tray,2,OB,Obstetrics/Gynecology,OB,884.1720,N,N,Eligible,7
OHO,First Aid Kit Without Drug,1,SU,"General, Plastic Surgery",SU,878.4014,N,N,Eligible,7
OHP,"Expiratory Resistance Valve, Intranasal, For Obstructive Sleep Apnea",2,DE,Dental,DE,872.5570,N,N,Eligible,1
OHQ,Multi-Analyte Controls Unassayed,1,CH,Clinical Chemistry,CH,862.1660,N,N,Eligible,4
OHR,Catheter Care Tray,2,GU,"Gastroenterology, Urology",GU,876.5130,N,N,Eligible,7
OHS,Light Based Over The Counter Wrinkle Reduction,2,SU,"General, Plastic Surgery",SU,878.4810,N,N,Eligible,1
OHT,Light Based Over-The-Counter Hair Removal,2,SU,"General, Plastic Surgery",SU,878.4810,N,N,Eligible,1
OHV,Focused Ultrasound For Tissue Heat Or Mechanical Cellular Disruption,2,SU,"General, Plastic Surgery",SU,878.4590,N,N,Eligible,1
OHW,"Burr, Corneal, Battery Powered, Rust Ring Removal",1,OP,Ophthalmic,OP,886.4070,N,N,Eligible,4
OHX,"Burr, Corneal, Ac-Powered, Rust Ring Removal",1,OP,Ophthalmic,OP,886.4070,N,N,Eligible,4
OHY,Pill Crusher/Cutter,1,HO,General Hospital,HO,880.6430,N,N,Eligible,4
OHZ,Urine Transport Kit (Excludes Hiv Testing),1,PA,Pathology,CH,864.3250,N,N,Eligible,7
OIA,Neonatal Blood Collection Kit And Screening Form (Excludes Hiv Testing),1,PA,Pathology,CH,864.3250,N,N,Ineligible,7
OIB,Blood And Urine Collection Kit (Excludes Hiv Testing),1,PA,Pathology,CH,864.3250,N,N,Eligible,7
OIC,Blood Alcohol Kit (Excludes Hiv Testing),2,TX,Clinical Toxicology,CH,862.3040,N,N,Eligible,7
OID,Sex Crimes / Sexual Assault / Suspect Evidence Collection Kit (Excludes Hiv Testing),1,MI,Microbiology,CH,866.2900,N,N,Eligible,7
OIE,Urine Collection Kit (Excludes Hiv Testing),1,PA,Pathology,CH,864.3250,N,N,Eligible,7
OIF,Tyrosine Phosphatase (Ia-2) Autoantibody Assay,2,IM,Immunology,IM,866.5660,N,N,Eligible,1
OIG,Powder-Free Guayle Rubber Examination Glove,1,HO,General Hospital,HO,880.6250,N,N,Eligible,1
OIH,Yersinia Spp. Reagents,U,,Unknown,MI,,N,N,Eligible,1
OII,Arthrogram Tray,2,RA,Radiology,RA,892.1650,N,N,Eligible,4
OIJ,Biopsy Needle Guide Kit,2,RA,Radiology,RA,892.1560,N,N,Eligible,4
OIK,Radiology Dental Tray,2,RA,Radiology,RA,892.1650,N,N,Eligible,4
OIL,Discography Kit,2,RA,Radiology,RA,892.1730,N,N,Eligible,4
OIM,Mri Disposable Kit,2,RA,Radiology,RA,892.1000,N,N,Eligible,4
OIN,Prostate Seeding Kit,2,RA,Radiology,RA,892.5730,N,N,Eligible,4
OIO,Radiographic Contrast Tray,2,RA,Radiology,RA,892.1680,N,N,Eligible,4
OIP,Radiology-Diagnostic Kit,2,RA,Radiology,RA,892.1680,N,N,Eligible,4
OIR,Diaphragmatic/Phrenic Nerve Laparoscopically-Implanted Stimulator,3,,Unknown,AN,,Y,Y,Eligible,2
OIS,"Calcium Salt Bone Void Filler, Drillable, Non-Screw Augmentation",2,OR,Orthopedic,OR,888.3045,Y,N,Eligible,1
OIU,"Test, Epithelial Ovarian Tumor Associated Antigen (He4)",2,IM,Immunology,IM,866.6010,N,N,Eligible,1
OIV,Dental Amalgam,2,DE,Dental,DE,872.3070,N,N,Eligible,1
OIW,"Software, Similarity Score Algorithm, Tissue Of Origin For Malignant Tumor Types",2,TX,Clinical Toxicology,TX,862.3100,N,N,Eligible,1
OIY,"Prosthesis, Knee, Patellofemorotibial, Semi-Constrained, Cemented, Polymer + Additive/Metal/Polymer + Additive",2,OR,Orthopedic,OR,888.3560,Y,N,Eligible,1
OIZ,Foot Examination Tool For Inflammatory Changes,1,PM,Physical Medicine,HO,890.5050,N,N,Eligible,4
OJA,Intravenous Extension Tubing Set,2,HO,General Hospital,HO,880.5440,N,N,Eligible,7
OJB,Resorbable Spinal Intervertebral Body Fixation Orthosis - Plate,2,OR,Orthopedic,OR,888.3060,Y,N,Eligible,1
OJE,Right Ventricular Bypass (Assist) Device,f,,Unknown,CV,,N,N,Ineligible,6
OJF,Hysterectomy Kit,2,OB,Obstetrics/Gynecology,OB,884.4530,N,N,Eligible,7
OJG,Neurological Tray,1,NE,Neurology,NE,882.4525,N,N,Eligible,7
OJH,Orthopedic Tray,1,SU,"General, Plastic Surgery",OR,878.4800,N,N,Eligible,7
OJI,Burn Kit With Drug,N,,Unknown,SU,,N,N,Eligible,3
OJJ,Burn Kit Without Drug,1,SU,"General, Plastic Surgery",SU,878.4022,N,N,Eligible,7
OJK,Eye Tray,2,OP,Ophthalmic,OP,886.4790,N,N,Eligible,4
OJL,Insulin Vial Protector/Holder,1,PM,Physical Medicine,HO,890.5050,N,N,Eligible,4
OJM,Resorbable Spinal Intervertebral Body Fixation Orthosis - Mesh,2,OR,Orthopedic,OR,888.3060,Y,N,Eligible,1
OJN,"Mycobacterium Tuberculosis, Cell Mediated Immune Response, Enzyme-Linked Immunospot Test",3,,Unknown,MI,,N,N,Ineligible,2
OJO,Enzyme Linked Immunosorbent Assay For The Detection Of Lipoarabinomannan Antigen Of Mycobacteria,N,,Unknown,MI,,N,N,Eligible,3
OJP,Orthopedic Computer Controlled Surgical System,2,NE,Neurology,OR,882.4560,N,N,Eligible,1
OJQ,Cardiac Allograft Gene Expression Profiling Test System,2,CV,Cardiovascular,CH,862.1163,N,N,Eligible,1
OJR,Vacuum Powered Body Fluid Collection Kit,2,SU,"General, Plastic Surgery",SU,878.4780,N,N,Eligible,7
OJS,Tourniquet Kit,1,SU,"General, Plastic Surgery",SU,878.5900,N,N,Eligible,7
OJT,Aspiration Tray,1,SU,"General, Plastic Surgery",SU,878.4800,N,N,Eligible,7
OJU,Skin Prep Tray,1,SU,"General, Plastic Surgery",SU,878.4800,N,N,Eligible,7
OJV,Single Use Instrument Tray,1,SU,"General, Plastic Surgery",SU,878.4800,N,N,Eligible,7
OJW,Shave Prep Kit,2,SU,"General, Plastic Surgery",SU,878.4370,N,N,Eligible,7
OJX,Drug Eluting Permanent Left Ventricular (Lv) Pacemaker Electrode,3,,Unknown,CV,,Y,Y,Ineligible,2
OJY,Device To Detect Or Measure Nucleic Acid From Viruses Associated With Head And Neck Cancers,2,MI,Microbiology,MI,866.3236,N,N,Ineligible,1
OJZ,"Filler, Recombinant Human Bone Morphogenetic Protein, Collagen Scaffold, Osteoinduction - Hde",f,,Unknown,OR,,Y,N,Eligible,6
OKC,Implanted Subcutaneous Securement Catheter,2,HO,General Hospital,HO,880.5970,Y,N,Ineligible,1
OKD,"Filler, Recombinant Human Bone Morphogenetic Protein, Collagen Scaffold, Osteoinduction - Hde, Long Bone Nonunion",f,,Unknown,OR,,Y,N,Eligible,6
OKE,Port Introducer Kit,2,HO,General Hospital,HO,880.5965,N,N,Eligible,7
OKF,Body Fluid Disposal Kit,2,SU,"General, Plastic Surgery",HO,878.4040,N,N,Eligible,7
OKG,Body Fluid Clean Up Kit,2,SU,"General, Plastic Surgery",HO,878.4040,N,N,Eligible,7
OKH,Body Fluids Barrier Kit,2,SU,"General, Plastic Surgery",HO,878.4040,N,N,Eligible,7
OKI,Emergency Response Safety Kit,2,SU,"General, Plastic Surgery",HO,878.4040,N,N,Eligible,7
OKJ,Light Based Treatment For Cold Sores Herpes Simplex Virus-1,2,SU,"General, Plastic Surgery",SU,878.4860,N,N,Eligible,1
OKL,"Intravascular Administration Set, Automated Air Removal System",2,HO,General Hospital,HO,880.5445,N,N,Ineligible,1
OKM,"Antibodies, Outer-Membrane Proteins",2,IM,Immunology,IM,866.5785,N,N,Eligible,1
OKN,"Hyperthermia System, Bladder Cancer Treatment, With Chemotherapy",3,,Unknown,GU,,N,N,Ineligible,2
OKO,Negative Pressure Wound Therapy Non-Powered Suction Apparatus,2,SU,"General, Plastic Surgery",SU,878.4683,N,N,Eligible,1
OKP,Transcranial Magnetic Stimulator For The Treatment Of Migraine Headache,2,NE,Neurology,NE,882.5808,N,N,Ineligible,1
OKR,Ventricular Bypass (Assist) Device,3,CV,Cardiovascular,CV,870.3545,N,N,Eligible,2
OKS,Lacrimal Stents And Intubation Sets,U,,Unknown,OP,,Y,N,Eligible,1
OKU,Emergency Obstetrical Kit,1,OB,Obstetrics/Gynecology,OB,884.4520,N,N,Eligible,7
OKV,Obstetrical Kit,2,OB,Obstetrics/Gynecology,OB,884.4520,N,N,Eligible,7
OKW,Seminal Fluid Collection Kit,2,OB,Obstetrics/Gynecology,OB,884.5300,N,N,Eligible,7
OKX,Trocar Kit,2,OB,Obstetrics/Gynecology,OB,884.1720,N,N,Eligible,7
OKY,Cytology Kit,2,OB,Obstetrics/Gynecology,OB,884.4530,N,N,Eligible,7
OKZ,Endometrial Sampling Kit,2,OB,Obstetrics/Gynecology,OB,884.1175,N,N,Eligible,7
OLC,"Scaffold, Partial Medial Meniscal Defects Extending Into The Red/White Zone, Resorbable Bovine Collagen",2,SU,"General, Plastic Surgery",OR,878.3300,Y,N,Eligible,1
OLD,"Internal  Polymerase Chain Reaction  Control, Not Assay Specific",1,CH,Clinical Chemistry,CH,862.1660,N,N,Eligible,4
OLF,Medevac Use Oxygen Generator,2,AN,Anesthesiology,AN,868.5440,N,Y,Eligible,1
OLH,Orchidometer,1,GU,"Gastroenterology, Urology",GU,876.4730,N,N,Eligible,4
OLI,Fat Reducing Low Level Laser,2,SU,"General, Plastic Surgery",SU,878.5400,N,N,Eligible,1
OLK,Pulse Oximeter For Over-The-Counter Use,2,CV,Cardiovascular,AN,870.2700,N,N,Ineligible,1
OLL,Septal Stapler/Absorbable Staples,2,SU,"General, Plastic Surgery",EN,878.4750,Y,N,Eligible,1
OLM,Deep Brain Stimulator For Obsessive Compulsive Disorder (Ocd),f,,Unknown,NE,,Y,N,Ineligible,6
OLO,Orthopedic Stereotaxic Instrument,2,NE,Neurology,OR,882.4560,N,N,Eligible,1
OLP,Over-The-Counter Powered Light Based Laser For Acne,2,SU,"General, Plastic Surgery",SU,878.4810,N,N,Eligible,1
OLQ,Cross-Sectional Mammographic Xray System,3,,Unknown,RA,,N,N,Eligible,2
OLR,Oral Wound Dressing,U,,Unknown,DE,,N,N,Eligible,1
OLS,Oral Wound Dressing W/Drug And/Or Biologic,U,,Unknown,DE,,N,N,Eligible,1
OLT,Non-Normalizing Quantitative Electroencephalograph Software,2,NE,Neurology,NE,882.1400,N,N,Eligible,1
OLU,Normalizing Quantitative Electroencephalograph Software,2,NE,Neurology,NE,882.1400,N,N,Eligible,1
OLV,Standard Polysomnograph With Electroencephalograph,2,NE,Neurology,NE,882.1400,N,N,Eligible,1
OLW,Index-Generating Electroencephalograph Software,2,NE,Neurology,NE,882.1400,N,N,Eligible,1
OLX,Source Localization Software For Electroencephalograph Or Magnetoencephalograph,2,NE,Neurology,NE,882.1400,N,N,Eligible,1
OLY,Magnetoencephalograph,2,NE,Neurology,NE,882.1400,N,N,Eligible,1
OLZ,Automatic Event Detection Software For Polysomnograph With Electroencephalograph,2,NE,Neurology,NE,882.1400,N,N,Eligible,1
OMA,Amplitude-Integrated Electroencephalograph,2,NE,Neurology,NE,882.1400,N,N,Eligible,1
OMB,Automatic Event Detection Software For Full-Montage Electroencephalograph,2,NE,Neurology,NE,882.1400,N,N,Eligible,1
OMC,Reduced- Montage Standard Electroencephalograph,2,NE,Neurology,NE,882.1400,N,N,Eligible,1
OMD,Cutaneous Tissue Adhesive With Mesh,2,SU,"General, Plastic Surgery",SU,878.4011,N,N,Ineligible,1
OME,Extracorporeal Shock Wave Treatment,3,,Unknown,OR,,N,N,Eligible,2
OMF,"Percutaneous, Implanted, Long-Term Intravascular Catheter Accessory For Catheter Position",2,HO,General Hospital,HO,880.5970,Y,N,Ineligible,1
OMG,"Antisera, Fluorescent, Human Metapneumovirus",2,MI,Microbiology,MI,866.3980,N,N,Eligible,1
OMH,Pericardial Patch To Facilitate Revision Surgeries,2,CV,Cardiovascular,CV,870.3470,Y,Y,Eligible,1
OMI,"Multiplex Flow Immunoassay, T. Gondii, Rubella And Cmv",2,MI,Microbiology,MI,866.3510,N,N,Eligible,1
OMJ,Chest X-Ray Computer Aided Detection,2,RA,Radiology,RA,892.2050,N,N,Eligible,1
OMM,"Test 5, 10-Methylenetetrahydrofolate Reductase Mutations, Genomic Dna Pcr",2,HE,Hematology,HE,864.7280,N,N,Eligible,1
OMN,C. Difficile Nucleic Acid Amplification Test Assay,1,MI,Microbiology,MI,866.2660,N,N,Eligible,4
OMP,Negative Pressure Wound Therapy Powered Suction Pump,2,SU,"General, Plastic Surgery",SU,878.4780,N,N,Eligible,1
OMR,Vessel Guard Or Cover,2,CV,Cardiovascular,CV,870.3470,Y,N,Eligible,1
OMS,"Novel Influenza A Virus, A/H5 Ns1 Protein",2,MI,Microbiology,MI,866.3332,N,N,Eligible,1
OMT,Absorbable Lung Biopsy Plug,2,SU,"General, Plastic Surgery",AN,878.4755,Y,N,Eligible,1
OMV,Ultrasonic Body Composition Analyzer,2,CV,Cardiovascular,GU,870.2770,N,N,Eligible,1
OMW,Adhesive Backed Thermal Skin Patches,1,PM,Physical Medicine,PM,890.5710,N,N,Eligible,4
OMX,"High Demand, Revision, Semi-Constrained, Pyrolytic Carbon, Uncemented Finger Prosthesis",f,,Unknown,OR,,Y,N,Eligible,6
OMZ,Pulmonary (Pulmonic) Valvuloplasty Catheters/Percutaneous Valvuloplasty Catheter,2,CV,Cardiovascular,CV,870.1250,N,N,Eligible,1
ONA,Computer Assisted Hair Harvesting System,2,NE,Neurology,SU,882.4560,N,N,Ineligible,1
ONB,Closed Antineoplastic And Hazardous Drug Reconstitution And Transfer System,2,HO,General Hospital,HO,880.5440,N,N,Ineligible,1
OND,Osmolality Of Tears,1,CH,Clinical Chemistry,CH,862.1540,N,N,Eligible,4
ONE,Powered Light Based Non-Laser Surgical Instrument,2,SU,"General, Plastic Surgery",SU,878.4810,N,N,Eligible,1
ONF,Powered Light Based Non-Laser Surgical Instrument With Thermal Effect,2,SU,"General, Plastic Surgery",SU,878.4810,N,N,Eligible,1
ONG,Powered Laser Surgical Instrument With MicrobeamFractional Output,2,SU,"General, Plastic Surgery",SU,878.4810,N,N,Eligible,1
ONJ,Dissolvable Gel For Preventing Ureteral Stone Migration,2,GU,"Gastroenterology, Urology",GU,876.4680,N,N,Eligible,4
ONK,Oral Lubricant,1,HO,General Hospital,DE,880.6375,N,N,Eligible,1
ONL,Conformal Brachytherapy Source,2,RA,Radiology,RA,892.5730,N,N,Eligible,1
ONM,Radiant Infant Warmer Cabinet,2,HO,General Hospital,HO,880.5130,N,N,Ineligible,1
ONN,Intraoperative Orthopedic Joint Assessment Aid,2,NE,Neurology,OR,882.4560,N,N,Eligible,1
ONO,Neurosurgical Laser With Mr Thermography,2,SU,"General, Plastic Surgery",NE,878.4810,N,N,Ineligible,1
ONQ,Electrosurgical Coagulation For Aesthetic,2,SU,"General, Plastic Surgery",SU,878.4400,N,N,Eligible,1
ONT,N95 Respirator With Antimicrobial/Antiviral Agent,2,SU,"General, Plastic Surgery",HO,878.4040,N,N,Eligible,1
ONU,Drug-Eluting Peripheral Transluminal Angioplasty Catheter,3,,Unknown,CV,,N,N,Ineligible,2
ONV,Electrical Impedance Spectrometer,2,SU,"General, Plastic Surgery",SU,878.1820,N,N,Eligible,1
ONW,Hemodialysis System For Home Use,2,GU,"Gastroenterology, Urology",GU,876.5860,N,N,Ineligible,1
ONX,Ovarian Adnexal Mass Assessment Score Test System,2,OB,Obstetrics/Gynecology,IM,866.6050,N,N,Eligible,1
ONY,Oral Removable Retainer For Weight Management,2,GU,"Gastroenterology, Urology",GU,876.5981,N,N,Eligible,1
ONZ,Mechanical Ventilator,2,AN,Anesthesiology,AN,868.5895,N,N,Eligible,1
OOA,Hemorrhoid Prevention Pressure Wedge,2,OB,Obstetrics/Gynecology,OB,884.5200,N,N,Eligible,4
OOB,Drug-Eluting Percutaneous Transluminal Coronary Angioplasty Catheter,3,,Unknown,CV,,N,N,Ineligible,2
OOD,Surgical Film,2,SU,"General, Plastic Surgery",SU,878.3300,Y,Y,Eligible,1
OOE,Ophthalmic Femtosecond Laser,2,OP,Ophthalmic,OP,886.4390,N,N,Eligible,1
OOF,Cryogenic Cord Blood Storage Container,2,HE,Hematology,HE,864.9900,N,N,Eligible,1
OOG,Knee Arthroplasty Implantation System,2,OR,Orthopedic,OR,888.3560,N,N,Eligible,1
OOI,Real Time Nucleic Acid Amplification System,2,CH,Clinical Chemistry,CH,862.2570,N,N,Eligible,4
OOK,Dermal Cooling Pack/Vacuum/Massager,2,SU,"General, Plastic Surgery",SU,878.4340,N,N,Eligible,1
OOL,Electronic Depth Gauge,2,OR,Orthopedic,OR,888.3030,N,N,Eligible,1
OOU,Parainfluenza Multiplex Nucleic Acid Assay,2,MI,Microbiology,MI,866.3980,N,N,Eligible,1
OOW,Applicator For Rectal Suppository,1,GU,"Gastroenterology, Urology",GU,876.4730,N,N,Eligible,4
OOX,Automated Occult Blood Analyzer,2,HE,Hematology,HE,864.6550,N,N,Eligible,1
OOY,Bronchial Thermoplasty System,3,,Unknown,AN,,N,N,Eligible,2
OPC,Powder-Free Polychloroprene Patient Examination Glove,1,HO,General Hospital,HO,880.6250,N,N,Eligible,1
OPH,Radiation Attenuating Medical Glove,1,HO,General Hospital,HO,880.6250,N,N,Ineligible,1
OPJ,Medical Gloves With Chemotherapy Labeling Claims - Test For Use With Chemotherapy Drugs,1,HO,General Hospital,HO,880.6250,N,N,Eligible,1
OPL,"Multiplex Immunoassay For Measles Virus, Mumps Virus, Rubella And Varicella Zoster Virus",2,MI,Microbiology,MI,866.3510,N,N,Eligible,1
OPM,"Multiplex Immunoassay For T. Gondii, Rubella, Cytomegalovirus And Herpes Simplex Virus 1 And 2",2,MI,Microbiology,MI,866.3510,N,N,Ineligible,1
OPN,"Auto-Antibodies; Phosphatidylserine, Prothrombin, Phosphatidylserine/Prothrombin Complex",2,IM,Immunology,IM,866.5660,N,N,Eligible,1
OPP,"Pump, Infusion, Insulin Bolus",2,HO,General Hospital,CH,880.5725,N,N,Ineligible,1
OPR,Intrasaccular Flow Disruption Device,3,,Unknown,NE,,Y,N,Ineligible,2
OPT,Infrared Hematoma Detector,2,OP,Ophthalmic,NE,882.1935,N,N,Eligible,1
OPX,Immunoglobulin A Kappa Heavy & Light Chain Combined,2,IM,Immunology,IM,866.5510,N,N,Eligible,1
OPY,Igal Heavy & Light Chain Combined,2,IM,Immunology,IM,866.5510,N,N,Eligible,1
OQB,Intervertebral Body Graft Containment Device,2,OR,Orthopedic,OR,888.3085,Y,N,Ineligible,1
OQG,"Hip Prosthesis, Semi-Constrained, Cemented, Metal/Polymer, + Additive, Porous, Uncemented",2,OR,Orthopedic,OR,888.3358,Y,N,Eligible,1
OQH,"Hip, Semi-Constrained, Cemented, Metal/Polymer + Additive, Cemented",2,OR,Orthopedic,OR,888.3350,Y,N,Eligible,1
OQI,"Hip, Semi-Constrained, Cemented, Metal/Ceramic/Polymer + Additive, Porous Uncemented",2,OR,Orthopedic,OR,888.3353,Y,N,Eligible,1
OQL,"Mesh, Surgical, Deployment Balloon",2,SU,"General, Plastic Surgery",SU,878.3300,N,N,Eligible,1
OQO,Herpes Simplex Virus Nucleic Acid Amplification Assay,2,MI,Microbiology,MI,866.3305,N,N,Eligible,1
OQQ,"Diagnostic Ultrasonic Transducer, Robotic",2,RA,Radiology,RA,892.1570,N,N,Eligible,1
OQS,Laboratory Developed Test,N,,Unknown,PA,,N,N,Eligible,7
OQT,"Prostate Lesion, Documentation, System",2,GU,"Gastroenterology, Urology",GU,876.2050,N,N,Eligible,1
OQU,Airway Monitoring System,2,AN,Anesthesiology,AN,868.5730,N,N,Eligible,1
OQW,"2009 H1n1 Influenza Virus (Swine Origin), Nucleic Acid Or Antigen, Detection And Identification",2,MI,Microbiology,MI,866.3332,N,N,Ineligible,1
OQX,Self-Contained Blood Grouping ,2,HE,Hematology,HE,864.9175,N,N,Eligible,1
OQY,Intrauterine Tamponade Balloon,2,OB,Obstetrics/Gynecology,OB,884.4530,N,N,Ineligible,1
OQZ,Anti-Mutated Citrullinated Vimentin Igg,2,IM,Immunology,IM,866.5775,N,N,Eligible,1
ORA,Breast Milk-Alcohol Test System,2,TX,Clinical Toxicology,TX,862.3040,N,N,Eligible,1
ORC,Air Filter Portable Apparatus,2,SU,"General, Plastic Surgery",HO,878.5070,N,N,Eligible,1
ORD,"Optical Coherence Tomography, Intravascular Catheter",2,CV,Cardiovascular,CV,870.1200,N,N,Eligible,1
ORG,Platelet And Plasma Separator For Bone Graft Handling,2,HE,Hematology,HE,864.9245,N,N,Eligible,1
ORH,Lamotrigine Assay,2,TX,Clinical Toxicology,TX,862.3350,N,N,Eligible,1
ORI,Levetiracetam Assay,2,TX,Clinical Toxicology,TX,862.3350,N,N,Eligible,1
ORK,Laser Assisted Lipolysis,2,SU,"General, Plastic Surgery",SU,878.4810,N,N,Eligible,1
ORL,Whole Blood Pre-Treatment T-Cell Enrichment Reagent,3,,Unknown,MI,,N,N,Ineligible,2
ORQ,"Mesh, Surgical, Deployer",2,SU,"General, Plastic Surgery",SU,878.3300,N,N,Eligible,1
ORR,"Neurological Stereotaxic Instrument, Real-Time Intraoperative Mri",2,NE,Neurology,NE,882.4560,N,N,Ineligible,1
ORT,Burst Suppression Detection Software For Electroencephalograph,2,NE,Neurology,NE,882.1400,N,N,Eligible,1
ORW,N95 Respirator With Antimicrobial/Antiviral Agent For Use By The General Public In Public Health Medical Emergencies,2,HO,General Hospital,HO,880.6260,N,N,Eligible,1
ORY,Tongue Suspension System,2,DE,Dental,DE,872.5570,Y,N,Eligible,1
ORZ,Eyelid Thermal Pulsation System,2,OP,Ophthalmic,OP,886.5200,N,N,Eligible,1
OSD,"Massager, Therapeutic, To Internally Massage Trigger Points In The Pelvic Floor Musculature",2,PM,Physical Medicine,PM,890.5670,N,N,Eligible,1
OSE,Patient Specific Manual Navigation System,2,NE,Neurology,OR,882.4560,N,N,Eligible,1
OSF,Patient Specific Manual Orthopedic Stereotaxic System,2,NE,Neurology,OR,882.4560,N,N,Eligible,1
OSG,Piezo-Electric Stimulator For Relief Of Mosquito Bite Itch,2,NE,Neurology,NE,882.5894,N,N,Eligible,4
OSH,"Pedicle Screw Spinal System, Adolescent Idiopathic Scoliosis",2,OR,Orthopedic,OR,888.3070,Y,N,Eligible,1
OSI,Bariatric Bed,2,HO,General Hospital,HO,880.5100,N,N,Eligible,4
OSK,Anti-Glutamate Receptor (Type Nmda) Ifa,2,IM,Immunology,IM,866.5660,N,N,Eligible,1
OSL,"Control, Fecal Occult Blood",2,HE,Hematology,HE,864.6550,N,N,Eligible,4
OSM,"Hearing Aid, Air-Conduction With Wireless Technology, Prescription",2,EN,"Ear, Nose, Throat",EN,874.3305,N,N,Eligible,4
OSN,Software For Diagnosis/Treatment,2,OR,Orthopedic,OR,888.3030,Y,N,Eligible,1
OSP,Uterine Electromyographic Monitor,2,OB,Obstetrics/Gynecology,OB,884.2720,N,N,Ineligible,1
OSR,Pacemaker/Icd/Crt Non-Implanted Components,3,,Unknown,CV,,Y,N,Ineligible,2
OSU,Dengue Serological Reagents,2,MI,Microbiology,MI,866.3945,N,N,Eligible,1
OSV,"Insufflator, Endoscopic Vessel Harvesting",2,OB,Obstetrics/Gynecology,OB,884.1730,N,N,Ineligible,1
OSX,Galectin-3 In Vitro Diagnostic Assay,2,CH,Clinical Chemistry,CH,862.1117,N,N,Eligible,1
OSZ,Antimicrobial Keyboard,2,HO,General Hospital,HO,880.6600,N,N,Eligible,1
OTA,Mass Spectrometer For Clinical Multiplex Test Systems,2,CH,Clinical Chemistry,CH,862.2570,N,N,Eligible,4
OTD,Endovascular Suturing System,2,CV,Cardiovascular,CV,870.3460,Y,N,Eligible,1
OTE,Digital Breast Tomosynthesis,3,,Unknown,RA,,N,N,Eligible,2
OTF,Gabapentin Assay,2,TX,Clinical Toxicology,TX,862.3350,N,N,Eligible,1
OTG,Non-Sars Coronavirus Multiplex Nucleic Acid Assay,2,MI,Microbiology,MI,866.3980,N,N,Eligible,1
OTJ,Laparoscopic Single Port Access Device,2,GU,"Gastroenterology, Urology",SU,876.1500,N,N,Eligible,1
OTK,Wound Drain Catheter System,2,SU,"General, Plastic Surgery",SU,878.4780,N,N,Eligible,1
OTL,Femtosecond Laser System For Refractive Correction,3,,Unknown,OP,,N,N,Ineligible,2
OTM,"Mesh, Surgical, For Stress Urinary Incontinence, Male",2,SU,"General, Plastic Surgery",GU,878.3300,Y,N,Ineligible,1
OTN,"Mesh, Surgical, Synthetic, Urogynecologic, For Stress Urinary Incontinence, Retropubic Or Transobturator",2,SU,"General, Plastic Surgery",GU,878.3300,Y,N,Eligible,1
OTO,"Mesh, Surgical, Synthetic, Urogynecologic, For Apical Vaginal And Uterine Prolapse, Transabdominally Placed",2,SU,"General, Plastic Surgery",OB,878.3300,Y,N,Ineligible,1
OTP,"Mesh, Surgical, Synthetic, Urogynecologic, For Pelvic Organ Prolapse, Transvaginally Placed",3,OB,Obstetrics/Gynecology,OB,884.5980,Y,N,Ineligible,2
OTQ,Research Use Only/Hematology Devices,N,,Unknown,HE,,N,N,Eligible,7
OTR,Research Use Only/Immunology Devices,N,,Unknown,IM,,N,N,Ineligible,7
OTT,Research Use Only/Microbiology,N,,Unknown,MI,,N,N,Eligible,7
OTU,Research Use Only/Pathology,N,,Unknown,PA,,N,N,Eligible,7
OTV,Research Use Only/Clinical Chemistry Devices,N,,Unknown,CH,,N,N,Eligible,7
OTW,Research Use Only/Clinical Toxicology,N,,Unknown,TX,,N,N,Eligible,7
OTX,Foot Wrap For Treating Restless Leg Syndrome Symptoms,1,PM,Physical Medicine,NE,890.5760,N,N,Eligible,4
OTZ,Graft Insertion Instrument For Endothelial Keratoplasty,1,OP,Ophthalmic,OP,886.4300,N,N,Eligible,1
OUB,Instrument For Treatment Of Hyperhidrosis,2,SU,"General, Plastic Surgery",SU,878.4400,N,N,Eligible,1
OUC,Norovirus Serological Reagent,2,MI,Microbiology,MI,866.3395,N,N,Ineligible,4
OUE,Micro Total Analysis Instrument System,2,CH,Clinical Chemistry,IM,862.2570,N,N,Eligible,4
OUF,Everolimus Immunoassay,2,TX,Clinical Toxicology,TX,862.3840,N,N,Eligible,1
OUG,Medical Device Data System,1,HO,General Hospital,HO,880.6310,N,N,Eligible,4
OUH,Skin Resurfacing Rf Applicator,2,SU,"General, Plastic Surgery",SU,878.4400,N,N,Eligible,1
OUJ,"High Level Disinfection Reprocessing Instrument For Ultrasonic Transducers, Mist",2,RA,Radiology,HO,892.1570,N,N,Ineligible,1
OUK,Surgical Mask With Antimicrobial/Antiviral Agent,2,SU,"General, Plastic Surgery",HO,878.4040,N,N,Eligible,1
OUL,"Thermocycler, Generic",1,CH,Clinical Chemistry,CH,862.2310,N,N,Eligible,4
OUM,"Adaptometer (Biophotometer), Software-Based Data Acquisition And Stimulus Generation",1,OP,Ophthalmic,OP,886.1050,N,N,Eligible,4
OUO,Tomographic Imager Combining Emission Computed Tomography With Nuclear Magnetic Resonance,2,RA,Radiology,RA,892.1200,N,N,Eligible,1
OUP,Powered Surgical Instrument For Improvement In The Appearance Of Cellulite,2,SU,"General, Plastic Surgery",SU,878.4790,N,N,Eligible,1
OUR,Sacroiliac Joint Fixation,2,OR,Orthopedic,OR,888.3040,Y,N,Eligible,1
OUS,Methicillin Resistant Staphylococcus Aureus/Methicillin Susceptible Staphylococcus Aureus Blood  Culture Test Bt,1,MI,Microbiology,MI,866.2050,N,N,Ineligible,1
OUT,Intracranial Aneurysm Flow Diverter,3,,Unknown,NE,,Y,N,Ineligible,2
OUU,Polymeric Neurovascular Embolization,f,,Unknown,NE,,Y,N,Ineligible,6
OUW,"Infant Positioner, Rx, Use In Highly Monitored Setting",1,HO,General Hospital,HO,880.5680,N,N,Ineligible,1
OUY,Trichomonas Vaginalis Nucleic Acid Amplification Test System,2,IM,Immunology,MI,866.3860,N,N,Eligible,1
OUZ,Nucleic Amplification Assays For The Detection Of Leishmania Nucleic Acids,1,MI,Microbiology,MI,866.3870,N,N,Eligible,1
OVA,Complete Gene Expression Profiling Accessory Reagents,2,CH,Clinical Chemistry,CH,862.2570,N,N,Eligible,4
OVB,Hydrogel Spacer,2,RA,Radiology,RA,892.5725,N,N,Eligible,1
OVC,Headframe,N,,Unknown,NE,,N,N,Eligible,3
OVD,"Intervertebral Fusion Device With Integrated Fixation, Lumbar",2,OR,Orthopedic,OR,888.3080,Y,N,Eligible,1
OVE,"Intervertebral Fusion Device With Integrated Fixation, Cervical",2,OR,Orthopedic,OR,888.3080,Y,N,Eligible,1
OVF,"Assay, Direct, Nucleic Acid Amplification, Q Fever",1,MI,Microbiology,MI,866.3500,N,N,Eligible,1
OVG,Magnetic Cell Selection System For Cd34+ Cells From Hpc-Apheresis Used In Treatment Of Acute Myeloid Leukemia (Aml),f,,Unknown,HE,,N,N,Eligible,6
OVJ,"Pulse Generator, External Pacemaker, Dual Chamber",2,CV,Cardiovascular,CV,870.3600,N,Y,Ineligible,1
OVK,Cytokeratin Fragments 21-1 Eia Kit,2,IM,Immunology,IM,866.6010,N,N,Eligible,1
OVL,"Hemodialyzer, High Cut-Off",f,,Unknown,GU,,N,N,Ineligible,6
OVN,Suture Kit,2,SU,"General, Plastic Surgery",SU,878.4830,N,N,Eligible,7
OVO,"Prosthesis, Hip, Semi-Constrained, Ceramic-On-Metal Articulation",3,,Unknown,OR,,Y,N,Eligible,2
OVP,Vibratory Counter-Stimulation,2,PM,Physical Medicine,NE,882.5895,N,N,Eligible,4
OVQ,Chronic Lymphocytic Leukemia Fish Probe Kit,2,IM,Immunology,PA,866.6040,N,N,Eligible,1
OVR,"Kit, First Aid, Talking",1,SU,"General, Plastic Surgery",HO,878.4014,N,N,Eligible,4
OVX,Water Immersion Labor Pool,N,,Unknown,OB,,N,N,Eligible,7
OVY,Liquid Chemical Processing System,2,HO,General Hospital,HO,880.6887,N,N,Ineligible,1
OVZ,"Pin, Fixation, Resorbable, Hard Tissue",2,OR,Orthopedic,OR,888.3040,Y,N,Eligible,1
OWB,Interventional Fluoroscopic X-Ray System,2,RA,Radiology,RA,892.1650,N,N,Eligible,1
OWD,Somatic Gene Mutation Detection System,3,,Unknown,PA,,N,N,Ineligible,2
OWE,"Fluorescence In Situ Hybridization, Anaplastic Lymphoma Kinase, Gene Rearrangement",2,PA,Pathology,PA,864.1890,N,N,Ineligible,1
OWF,"Immunohistochemical Assay, Helicobacter Pylori",1,MI,Microbiology,MI,866.3110,N,N,Ineligible,1
OWI,"Bone Fixation Cerclage, Sublaminar",2,OR,Orthopedic,OR,888.3010,Y,N,Eligible,1
OWK,Early Growth Response 1 (Egr) Fish Probe Kit,2,IM,Immunology,PA,866.6040,N,N,Eligible,1
OWL,Peripheral Catheter Insertion Kit,2,HO,General Hospital,HO,880.5200,N,N,Eligible,7
OWM,"Prostate-Specific Antigen (Psa) For Prognostic, Recurrence Risk Assessment Of Prostate Cancers",2,IM,Immunology,PA,866.6040,N,N,Eligible,1
OWN,Confocal Optical Imaging,2,GU,"Gastroenterology, Urology",SU,876.1500,N,N,Eligible,1
OWO,Drug-Eluting Sinus Stent,3,,Unknown,EN,,Y,N,Eligible,2
OWP,Biological Sterilization Process Indicator With Recombinant-Dna Plasmid,2,HO,General Hospital,HO,880.2805,N,N,Eligible,1
OWQ,Reprocessed Intravascular Ultrasound Catheter,2,CV,Cardiovascular,CV,870.1200,N,N,Eligible,1
OWR,"Mesh, Surgical, Non-Absorbable, Facial Implants For Plastic Surgery",2,SU,"General, Plastic Surgery",SU,878.3300,Y,N,Eligible,1
OWS,"Mesh, Surgical, Collagen, Plastics, Facial Implants",2,SU,"General, Plastic Surgery",SU,878.3300,Y,N,Eligible,1
OWT,"Mesh, Surgical, Absorbable, Abdominal Hernia",2,SU,"General, Plastic Surgery",SU,878.3300,Y,N,Ineligible,1
OWU,"Mesh, Surgical, Non-Absorbable, Diaphragmatic Hernia",2,SU,"General, Plastic Surgery",SU,878.3300,Y,N,Ineligible,1
OWV,"Mesh, Surgical, Collagen, Diaphragmatic Hernia",2,SU,"General, Plastic Surgery",SU,878.3300,Y,N,Ineligible,1
OWW,"Mesh, Surgical, Absorbable, Orthopaedics, Reinforcement Of Tendon",2,SU,"General, Plastic Surgery",OR,878.3300,Y,N,Eligible,1
OWX,"Mesh, Surgical, Non-Absorbable, Orthopaedics, Reinforcement Of Tendon",2,SU,"General, Plastic Surgery",OR,878.3300,Y,N,Eligible,1
OWY,"Mesh, Surgical, Collagen, Orthopaedics, Reinforcement Of Tendon",2,SU,"General, Plastic Surgery",OR,878.3300,Y,N,Eligible,1
OWZ,"Mesh, Surgical, Absorbable, Thoracic, Chest Wall Reconstruction",2,SU,"General, Plastic Surgery",SU,878.3300,Y,N,Eligible,1
OXA,"Mesh, Surgical, Non-Absorbable, Thoracic, Chest Wall Reconstruction",2,SU,"General, Plastic Surgery",SU,878.3300,Y,N,Eligible,1
OXB,"Mesh, Surgical, Collagen, Thoracic, Chest Wall Reconstruction",2,SU,"General, Plastic Surgery",SU,878.3300,Y,N,Eligible,1
OXC,"Mesh, Surgical, Absorbable, Staple Line Reinforcement",2,SU,"General, Plastic Surgery",SU,878.3300,Y,N,Eligible,1
OXD,"Mesh, Surgical, Non-Absorbable, Staple Line Reinforcement",2,SU,"General, Plastic Surgery",SU,878.3300,Y,N,Eligible,1
OXE,"Mesh, Surgical, Collagen, Staple Line Reinforcement",2,SU,"General, Plastic Surgery",SU,878.3300,Y,N,Eligible,1
OXF,"Mesh, Surgical, Absorbable, Plastic And Reconstructive Surgery",2,SU,"General, Plastic Surgery",SU,878.3300,Y,N,Ineligible,1
OXG,"Mesh, Surgical, Non-Absorbable, Plastic And Reconstructive Surgery",2,SU,"General, Plastic Surgery",SU,878.3300,Y,N,Ineligible,1
OXH,"Mesh, Surgical, Collagen, Plastic And Reconstructive Surgery",2,SU,"General, Plastic Surgery",SU,878.3300,Y,N,Ineligible,1
OXI,"Mesh, Surgical, Absorbable, Large Abdominal Wall Defects",2,SU,"General, Plastic Surgery",SU,878.3300,Y,N,Ineligible,1
OXJ,"Mesh, Surgical, Non-Absorbable, Large Abdominal Wall Defects",2,SU,"General, Plastic Surgery",SU,878.3300,Y,N,Ineligible,1
OXK,"Mesh, Surgical, Collagen, Large Abdominal Wall Defects",2,SU,"General, Plastic Surgery",SU,878.3300,Y,N,Ineligible,1
OXL,"Mesh, Surgical, Absorbable, Organ Support",2,SU,"General, Plastic Surgery",SU,878.3300,Y,N,Eligible,1
OXM,"Mesh, Surgical, Absorbable, Fistula",2,SU,"General, Plastic Surgery",SU,878.3300,Y,N,Ineligible,1
OXN,"Mesh, Surgical, Collagen, Fistula",2,SU,"General, Plastic Surgery",SU,878.3300,Y,N,Ineligible,1
OXO,"Image-Intensified Fluoroscopic X-Ray System, Mobile",2,RA,Radiology,RA,892.1650,N,N,Eligible,1
OXP,"Dna-Probe Kit, Human Chromosome X And Y, Bmt Engraftment",2,IM,Immunology,PA,866.6010,N,N,Eligible,1
OXQ,Dressing Change Tray,1,HO,General Hospital,SU,880.5075,N,N,Eligible,7
OXR,5-Fluorouracil Assay,N,,Unknown,TX,,N,N,Eligible,3
OXT,Percutaneous Surgical Set With Attachments,2,SU,"General, Plastic Surgery",SU,878.4805,N,N,Eligible,1
OXW,"Stimulator, Electrical, Transcutaneous, For Diabetic Retinopathy",N,,Unknown,OP,,N,N,Eligible,3
OXZ,Pediatric/Child Facemask,2,SU,"General, Plastic Surgery",HO,878.4040,N,N,Eligible,1
OYA,P2psa,3,,Unknown,IM,,N,N,Ineligible,2
OYB,"Kit, Rna Detection, Human Papillomavirus",3,,Unknown,MI,,N,N,Ineligible,2
OYC,"Pump, Infusion, Insulin, To Be Used With Invasive Glucose Sensor",3,,Unknown,CH,,N,N,Ineligible,2
OYD,Optical Diagnostic Device For Melanoma Detection,2,SU,"General, Plastic Surgery",SU,878.1820,N,N,Eligible,1
OYE,Flow Cytometric Reagents And Accessories.,2,HE,Hematology,HE,864.5220,N,N,Ineligible,1
OYF,Aspiration Therapy System,3,,Unknown,GU,,Y,N,Eligible,2
OYG,St2 Assay,2,CH,Clinical Chemistry,CH,862.1117,N,N,Eligible,1
OYH,Orthodontic Vibratory Accessory,2,DE,Dental,DE,872.5470,N,N,Eligible,1
OYI,Non-Bronchoscopic Bronchoalveolar Lavage Catheter,1,AN,Anesthesiology,AN,868.6810,N,N,Eligible,4
OYJ,"Dna Specimen Collection, Saliva",2,CH,Clinical Chemistry,CH,862.1675,N,N,Ineligible,1
OYK,Ankle Arthroplasty Implantation System,2,OR,Orthopedic,OR,888.3110,N,N,Eligible,1
OYL,Tryptase Assay System,2,IM,Immunology,IM,866.5760,N,N,Eligible,1
OYM,Prostrate Cancer Genes Nucleic Acid Amplification Test System,3,,Unknown,IM,,N,N,Ineligible,2
OYO,"Culture, Intravaginal, Assisted Reproduction",2,OB,Obstetrics/Gynecology,OB,884.6165,N,N,Ineligible,1
OYP,Anti-Jcv Antibody Detection Assay,2,MI,Microbiology,MI,866.3336,N,N,Eligible,1
OYR,"Filler, Bone Void, Recombinant Platelet-Derived Growth Factor",N,,Unknown,OR,,Y,Y,Eligible,3
OYS,Patient Bed With Canopy/Restraints,1,HO,General Hospital,HO,880.6760,N,N,Eligible,4
OYU,"Dna-Probe Kit, Human Chromosome",2,IM,Immunology,PA,866.4700,N,N,Eligible,1
OYV,Inherited Nucleotide Repeat Disorder Dna Test,2,IM,Immunology,PA,866.5970,N,N,Eligible,1
OYW,"Laser, Cellulite Appearance",2,SU,"General, Plastic Surgery",SU,878.4810,N,N,Eligible,1
OYX,Bcr/Abl1 Monitoring Test,2,MG,Medical Genetics,PA,866.6060,N,N,Eligible,1
OYY,Leukemia Translocation Panel Multiplex Test,N,,Unknown,IM,,N,N,Eligible,3
OYZ,Group A Streptococcus Nucleic Acid Amplification Assay System,1,MI,Microbiology,MI,866.3740,N,N,Eligible,1
OZA,"Test, Urea Adult And Pediatric (Breath),",3,MI,Microbiology,MI,866.3110,N,N,Ineligible,2
OZB,Dengue Nucleic Acid Amplification Assay (Naat),2,MI,Microbiology,MI,866.3946,N,N,Eligible,1
OZC,Over The Counter Thermal Treatment For Acne.,2,PM,Physical Medicine,SU,890.5740,N,N,Eligible,1
OZD,Temporary Non-Roller Type Left Heart Support Blood Pump,3,,Unknown,CV,,N,Y,Ineligible,2
OZE,Influenza A And Influenza B Multiplex Nucleic Acid Assay,2,MI,Microbiology,MI,866.3980,N,N,Ineligible,1
OZF,"Tissue Rna Preservative For Collection, Storage, And Transportation",2,IM,Immunology,PA,866.4070,N,N,Eligible,1
OZG,Transcatheter Septal Occluder (Atrial),3,,Unknown,CV,,Y,N,Eligible,2
OZH,Transcatheter Septal Occluder (Ventricular),3,,Unknown,CV,,Y,N,Eligible,2
OZI,Internal Hinged Elbow Fixator,2,OR,Orthopedic,OR,888.3030,Y,N,Eligible,1
OZJ,"Inhibitor, Postoperative Fibrosis (Adhesion Barrier)",N,,Unknown,NE,,N,N,Eligible,3
OZK,"Thermometer, Exhaled Breath",2,HO,General Hospital,HO,880.2910,N,N,Ineligible,1
OZN,C. Difficile Toxin Gene Amplification Assay,2,MI,Microbiology,MI,866.3130,N,N,Ineligible,1
OZO,"Automated Insulin Dosing , Threshold Suspend",3,,Unknown,CH,,N,N,Ineligible,2
OZP,"Automated Insulin Dosing Device System, Single Hormonal Control",3,,Unknown,CH,,N,N,Ineligible,2
OZQ,"Automated Insulin Dosing  Device System, Bihormonal Control",3,,Unknown,CH,,N,N,Ineligible,2
OZR,Intraoral Pressure Gradient Device,2,DE,Dental,AN,872.5570,N,N,Eligible,1
OZT,Balloon Aortic Valvuloplasty,2,CV,Cardiovascular,CV,870.1255,N,N,Eligible,1
OZW,Ingestible Event Marker,2,HO,General Hospital,CV,880.6305,N,N,Eligible,1
OZX,Mycoplasma Pneumoniae Dna Assay System,2,MI,Microbiology,MI,866.3980,N,N,Eligible,1
OZY,Chlamydophila Pneumoniae Dna Assay System,2,MI,Microbiology,MI,866.3980,N,N,Eligible,1
OZZ,Bordetella Pertussis Dna Assay System,2,MI,Microbiology,MI,866.3980,N,N,Eligible,1
PAA,Automated Breast Ultrasound,3,,Unknown,RA,,N,N,Eligible,2
PAB,Cytomegalovirus (Cmv) Dna Quantitative Assay,2,MI,Microbiology,MI,866.3180,N,N,Ineligible,1
PAD,Chest Drainage Kit,2,HO,General Hospital,HO,880.6740,N,N,Eligible,7
PAE,Upper Extremity Prosthesis With Multiple Simultaneous Degrees Of Freedom And Controlled Via Cutaneous Electromyography,2,PM,Physical Medicine,PM,890.3450,N,N,Eligible,1
PAF,Voltage Gated  Calcium Channel (Vgcc) Antibody Assay,2,IM,Immunology,IM,866.5660,N,N,Eligible,1
PAG,"Mesh, Surgical, Non-Synthetic, Urogynecologic, For Stress Urinary Incontinence, Retropubic Or Transobturator",2,SU,"General, Plastic Surgery",GU,878.3300,Y,N,Eligible,1
PAH,"Mesh, Surgical, Synthetic, Urogynecologic, For Stress Urinary Incontinence, Female, Mini-Sling",2,SU,"General, Plastic Surgery",GU,878.3300,Y,N,Eligible,1
PAI,"Mesh, Surgical, Non-Synthetic, Urogynecologic, For Pelvic Organ Prolapse, Transvaginally Placed",3,OB,Obstetrics/Gynecology,OB,884.5980,Y,N,Ineligible,2
PAJ,"Mesh, Surgical, Non-Synthetic, Urogynecologic, For Apical Vaginal And Uterine Prolapse, Transabdominally Placed",2,SU,"General, Plastic Surgery",OB,878.3300,Y,N,Ineligible,1
PAL,Pulmonic Replacement Heart Valve,f,CV,Cardiovascular,CV,870.3925,Y,Y,Eligible,6
PAM,Gram-Positive Bacteria And Their Resistance Markers,2,MI,Microbiology,MI,866.3365,N,N,Ineligible,1
PAN,Braf Mutation Kit,N,,Unknown,PA,,N,N,Eligible,3
PAO,"Prosthesis, Shoulder, Semi-Constrained, Metal/Polymer + Additive, Cemented",2,OR,Orthopedic,OR,888.3660,Y,N,Eligible,1
PAP,"Aortic Heart Valve, More Than Minimally Manipulated Allograft",f,,Unknown,CV,,Y,Y,Eligible,6
PAQ,"Test, Nr2 Antibody",N,,Unknown,CH,,N,N,Eligible,3
PAR,"Test, Volatile Organic Compounds Breath Analysis",f,,Unknown,CH,,N,N,Ineligible,6
PAS,"Rf/Microwave Hyperthermia System, Cancer Treatment",f,,Unknown,OB,,N,N,Ineligible,6
PAT,Bladder System,f,,Unknown,GU,,Y,N,Eligible,6
PAV,"Catheter, Neuro-Vasculature, Occluding Balloon",f,NE,Neurology,NE,882.5150,N,N,Ineligible,6
PAW,Nonabsorbable Expanded Polytetrafluoroethylene Surgical Suture For Chordae Tendinae Repair Or Replacement,2,CV,Cardiovascular,CV,870.3470,Y,Y,Eligible,1
PAX,Surgical Kit,f,,Unknown,NE,,N,N,Ineligible,6
PAY,Over-The-Counter Radiofrequency Coagulation Device For Wrinkle Reduction,2,SU,"General, Plastic Surgery",SU,878.4420,N,N,Eligible,1
PAZ,Electrical Stimulation  Bladder System,f,,Unknown,GU,,Y,N,Eligible,6
PBA,Ecarin Clotting Time,f,,Unknown,HE,,N,N,Eligible,6
PBC,Manual Blood Grouping And Antibody Test Systems,2,HE,Hematology,HE,864.9175,N,N,Eligible,1
PBD,Composite Cultured Skin,f,SU,"General, Plastic Surgery",SU,878.4024,Y,N,Eligible,6
PBF,Orthopaedic Surgical Planning And Instrument Guides,2,OR,Orthopedic,OR,888.3030,N,N,Eligible,1
PBH,"Embryo Image Assessment System, Assisted Reproduction",2,OB,Obstetrics/Gynecology,OB,884.6195,N,N,Eligible,1
PBI,"Prosthesis, Hip, Constrained, Cemented Or Uncemented, Metal/Polymer, + Additive",2,OR,Orthopedic,OR,888.3310,Y,N,Eligible,1
PBJ,Cranial Distraction System,2,NE,Neurology,NE,882.5330,Y,Y,Eligible,1
PBK,Non-Variola Orthopoxvirus Real-Time Pcr Primer And Probe Set,2,MI,Microbiology,MI,866.3315,N,N,Ineligible,1
PBN,Apheresis For Focal Glomerulosclerosis In Adult And Pediatric Patients,f,,Unknown,GU,,N,N,Ineligible,6
PBP,Rectal Insert,2,GU,"Gastroenterology, Urology",GU,876.5980,N,N,Eligible,1
PBQ,"Fixation, Non-Absorbable Or Absorbable,  For Pelvic Use",2,OB,Obstetrics/Gynecology,OB,884.4530,Y,N,Ineligible,1
PBU,"Bone Void Filler, Syringe",N,,Unknown,OR,,Y,N,Eligible,3
PBX,"Massager, Vacuum, Radio Frequency Induced Heat",2,SU,"General, Plastic Surgery",SU,878.4400,N,N,Eligible,1
PBY,Temporary Tissue Marker,2,SU,"General, Plastic Surgery",SU,878.4300,N,N,Eligible,1
PBZ,Image Processing Device For Estimation Of External Blood Loss,2,HO,General Hospital,SU,880.2750,N,N,Eligible,1
PCA,Dna Genetic Analyzer,2,CH,Clinical Chemistry,CH,862.2570,N,N,Eligible,4
PCB,External Cerebrospinal Fluid (Csf) Diversion,2,NE,Neurology,NE,882.5560,N,N,Ineligible,1
PCC,"Stimulator, Nerve, Electrical, Transcutaneous, For Migraine",2,NE,Neurology,NE,882.5891,N,N,Ineligible,1
PCD,Powered Stairway Chair Lift,2,PM,Physical Medicine,PM,890.5150,N,N,Eligible,4
PCE,Permanently Mounted Wheelchair Platform Lift,2,PM,Physical Medicine,PM,890.3930,N,N,Eligible,4
PCF,"Sampler, Endocervical",2,OB,Obstetrics/Gynecology,OB,884.1050,N,N,Eligible,1
PCG,21-Hydroxylase Antibody (21-Ohab),2,IM,Immunology,IM,866.5660,N,N,Eligible,1
PCH,Gastrointestinal Pathogen Panel Multiplex Nucleic Acid-Based Assay System,2,MI,Microbiology,MI,866.3990,N,N,Ineligible,1
PCI,Gastrointestinal Bacterial Panel Multiplex Nucleic Acid-Based Assay System,2,MI,Microbiology,MI,866.3990,N,N,Ineligible,1
PCK,Pediatric Ventricular Assist Device,f,CV,Cardiovascular,CV,870.3545,Y,Y,Ineligible,6
PCL,"Enzyme Linked Immunoabsorbent Assay, Rubeola Igm",1,MI,Microbiology,MI,866.3520,N,N,Eligible,4
PCM,Portable Liquid Oxygen Unit Stand,1,PM,Physical Medicine,AN,890.5050,N,N,Eligible,4
PCN,Immunoglobulin G Kappa Heavy And Light Chain Combined,2,IM,Immunology,IM,866.5510,N,N,Eligible,1
PCO,Immunoglobulin G Lambda Heavy And Light Chain Combined,2,IM,Immunology,IM,866.5510,N,N,Eligible,1
PCQ,"Inhibitor, Postoperative Fibrosis (Spine Adhesion Barrier)",N,,Unknown,NE,,N,N,Eligible,3
PCS,Liver Iron Concentration Imaging Companion Diagnostic For Deferasirox,2,RA,Radiology,RA,892.1001,N,N,Eligible,1
PCT,Prostate Immobilizer Rectal Balloon,2,RA,Radiology,RA,892.5720,N,N,Eligible,1
PCU,"Pancreatic Stent, Covered, Metallic, Removable",2,GU,"Gastroenterology, Urology",GU,876.5015,Y,N,Eligible,1
PCV,Endoscopic Leak Tester,2,GU,"Gastroenterology, Urology",GU,876.1500,N,N,Eligible,1
PCW,"Implantable Pulse Generator, Programmer And Battery Charger",N,,Unknown,CV,,Y,N,Eligible,3
PCX,Artificial Chordae Tendinae Delivery System,N,,Unknown,CV,,N,N,Eligible,3
PCY,Investigational Use Only - Microbiology,N,,Unknown,MI,,N,N,Eligible,7
PCZ,Investigational Use Only - Immunology,N,,Unknown,HE,,N,N,Eligible,7
PDA,Investigational Use Only - Clinical Chemistry,N,,Unknown,CH,,N,N,Eligible,7
PDB,Investigational Use Only - Clinical Toxicology,N,,Unknown,TX,,N,N,Eligible,7
PDC,Investigational Use Only - Hematology,N,,Unknown,HE,,N,N,Eligible,7
PDD,Investigational Use Only - Pathology,N,,Unknown,PA,,N,N,Eligible,7
PDE,Immunoglobulin M Kappa Heavy And Light Chain Combined,2,IM,Immunology,IM,866.5510,N,N,Eligible,1
PDF,Immunoglobulin M Lambda Heavy And Light Chain Combined,2,IM,Immunology,IM,866.5510,N,N,Eligible,1
PDG,Electrosurgical Vessel And/Or Tissue Sealer. With Built-In Generator.,2,SU,"General, Plastic Surgery",SU,878.4400,N,N,Eligible,1
PDH,"Blanket, Neonatal Phototherapy",2,HO,General Hospital,HO,880.5700,N,N,Ineligible,1
PDI,Beta 2-Microglobulin Apheresis Column,f,,Unknown,GU,,N,N,Ineligible,6
PDJ,Hemoglobin A1c Test System,2,CH,Clinical Chemistry,CH,862.1373,N,N,Ineligible,1
PDK,Cream For X-Ray Attenuation,2,RA,Radiology,RA,892.6510,N,N,Eligible,1
PDO,Early Growth Response Gene 1 (Egr1) Fish Probe Kit For Specimen Characterization,2,HE,Hematology,PA,864.1870,N,N,Eligible,1
PDQ,Neurosurgical Nerve Locator,2,EN,"Ear, Nose, Throat",NE,874.1820,N,N,Eligible,1
PDR,Computer-Assisted Personalized Sedation System,3,,Unknown,AN,,N,N,Eligible,2
PDS,Amniotic Fluid Protein Immunoassay,1,CH,Clinical Chemistry,CH,862.1550,N,N,Eligible,1
PDT,Burn Resuscitation Decision Support Software,2,AN,Anesthesiology,SU,868.1890,N,N,Ineligible,1
PDU,Catheter For Crossing Total Occlusions,2,CV,Cardiovascular,CV,870.1250,N,N,Eligible,1
PDW,Internal Tissue Marker,2,SU,"General, Plastic Surgery",SU,878.4670,N,N,Eligible,1
PDX,Flow Cytometry Calibrator,2,HE,Hematology,IM,864.5220,N,N,Eligible,1
PDY,Organophosphate Test System,2,TX,Clinical Toxicology,TX,862.3652,N,N,Ineligible,1
PDZ,Lasers For Temporary Increase Of Clear Nail In Patients With Onychomycosis,2,SU,"General, Plastic Surgery",SU,878.4810,N,N,Eligible,1
PEA,"Endoscope, Accessories, Image Post-Processing For Color Enhancement",2,GU,"Gastroenterology, Urology",GU,876.1500,N,N,Eligible,1
PEB,"Lubricant, Personal, Gamete, Fertilization, And Embryo Compatible",2,OB,Obstetrics/Gynecology,OB,884.5300,N,N,Eligible,1
PEC,Sterilizer Automated Loading System,2,HO,General Hospital,HO,880.6880,N,N,Eligible,1
PEF,Heparin Flush In 0.45% Sodium Chloride,2,HO,General Hospital,HO,880.5200,N,N,Eligible,1
PEG,Nucleic Acid Quantitation Kit,1,CH,Clinical Chemistry,CH,862.2310,N,N,Eligible,4
PEH,Hemodialysis Catheter Luer End Cap,2,GU,"Gastroenterology, Urology",GU,876.5540,N,N,Ineligible,1
PEJ,Salivary Estriol Test,3,,Unknown,CH,,N,N,Eligible,2
PEK,Spinous Process Plate,2,OR,Orthopedic,OR,888.3050,Y,N,Eligible,1
PEM,Dental Barriers And Sleeves,2,SU,"General, Plastic Surgery",DE,878.4370,N,N,Eligible,1
PEN,Gram-Negative Bacteria And Associated Resistance Markers,2,MI,Microbiology,MI,866.3365,N,N,Ineligible,1
PEO,"Fungal Organisms, Nucleic Acid-Based Assay",2,MI,Microbiology,MI,866.3365,N,N,Ineligible,1
PEP,Molecular Erythrocyte Typing Test,3,,Unknown,HE,,N,N,Eligible,2
PEQ,Accessories To Examination Light,1,HO,General Hospital,HO,880.6320,N,N,Eligible,4
PER,"Automated Pipetting, Diluting And Specimen Processing Workstations For Flow Cytometric Analysis",1,CH,Clinical Chemistry,CH,862.2750,N,N,Eligible,4
PET,Anti-Ss-A Ro60 Autoantibodies,2,IM,Immunology,IM,866.5100,N,N,Eligible,1
PEU,"System, Nucleic Acid-Based, Mycobacterium Tuberculosis Complex, Resistance Marker, Direct Specimen",2,MI,Microbiology,MI,866.3373,N,N,Eligible,1
PEV,Dialysis Administration Kit,2,GU,"Gastroenterology, Urology",GU,876.5820,N,N,Eligible,7
PEW,Implantable Transprostatic Tissue Retractor System,2,GU,"Gastroenterology, Urology",GU,876.5530,Y,N,Eligible,1
PEX,"System, Mass Spectrometry, Maldi Tof, Microorganism Identification, Cultured Isolates",2,MI,Microbiology,MI,866.3361,N,N,Ineligible,1
PEZ,Central Venous Catheter Dressing Change Kit,2,HO,General Hospital,HO,880.5200,N,N,Eligible,7
PFA,Non-Invasive Central Venous Manometer,2,CV,Cardiovascular,CV,870.1140,N,N,Eligible,1
PFC,Cultured Human Cell Skin Dressing,3,,Unknown,SU,,Y,N,Eligible,2
PFE,Gastrointestinal Liner System,N,,Unknown,GU,,Y,N,Eligible,3
PFF,High Throughput Dna Sequence Analyzer,2,IM,Immunology,TX,862.2265,N,N,Eligible,4
PFG,"Dna Fish Probe Kit For Specimen Characterization, Human Chromosome, Hematological Disorders",2,HE,Hematology,PA,864.1870,N,N,Eligible,1
PFH,Venous Window Needle Guide,2,GU,"Gastroenterology, Urology",GU,876.5540,Y,Y,Eligible,1
PFJ,"Catheter, Balloon, Dilation Of Cervical Canal Prior To Labor",2,OB,Obstetrics/Gynecology,OB,884.4260,N,N,Ineligible,1
PFK,Quality Control For Molecular Immunohematology Tests,2,HE,Hematology,PA,864.9650,N,N,Eligible,1
PFL,"Intraoral, Dental Foam Protector",1,DE,Dental,DE,872.6890,N,N,Eligible,4
PFM,Hemibridge System,N,,Unknown,OR,,Y,N,Eligible,3
PFN,Implanted Brain Stimulator For Epilepsy,3,,Unknown,NE,,Y,N,Ineligible,2
PFO,Active Implantable Bone Conduction Hearing System,2,EN,"Ear, Nose, Throat",EN,874.3340,Y,N,Ineligible,1
PFP,Silicone Hydrogel For Scar Management,1,SU,"General, Plastic Surgery",SU,878.4025,N,N,Eligible,4
PFQ,Mmp-9 Test System,1,CH,Clinical Chemistry,CH,862.1540,N,N,Eligible,4
PFR,"System, Cystic Fibrosis Transmembrane Conductance Regulator Gene, Mutations & Variants Panel Sequencing Detection",2,IM,Immunology,PA,866.5900,N,N,Eligible,1
PFS,"System, Cystic Fibrosis Transmembrane Conductance Regulator Gene, Variant Gene Sequence Detection",2,IM,Immunology,PA,866.5900,N,N,Eligible,1
PFT,Reagents For Molecular Diagnostic Test Systems,1,CH,Clinical Chemistry,TX,862.3800,N,N,Eligible,4
PFU,Tissue Processing Kit,N,,Unknown,PA,,N,N,Eligible,7
PFV,"System, Endovascular Graft, Arteriovenous (Av) Dialysis Access Circuit Stenosis Treatment",3,,Unknown,CV,,Y,N,Eligible,2
PFW,Stationary Ultrasonic Diathermy Device For Use In Applying Therapeutic Deep Heat,2,PM,Physical Medicine,PM,890.5300,N,N,Eligible,1
PFX,"System, Microarray-Based, Genome-Wide, Postnatal Chromosomal Abnormality Detection",2,IM,Immunology,PA,866.5920,N,N,Eligible,1
PFY,Low Patient Acuity Monitoring System,2,CV,Cardiovascular,CV,870.2300,N,N,Eligible,1
PFZ,Ophthalmic Sealant,3,,Unknown,OP,,N,N,Eligible,2
PGD,Colon Capsule Imaging System,2,GU,"Gastroenterology, Urology",GU,876.1330,N,N,Eligible,1
PGE,Gastric Emptying Breath Test,3,,Unknown,TX,,N,N,Eligible,2
PGH,Hsv-1 And Hsv-2 Cns Nucleic-Acid Based Panel,2,MI,Microbiology,MI,866.3307,N,Y,Ineligible,1
PGI,"Herpes Virus (Vzv, Hsv1, Hsv2), Dna Detection Assay For Cutaneous And Mucocutaneous Lesion Samples",2,MI,Microbiology,MI,866.3309,N,N,Ineligible,1
PGJ,"Oximeter, Wellness",2,CV,Cardiovascular,AN,870.2700,N,N,Eligible,7
PGK,"Cannula, Injector, Uterine, Endometrial Biopsy",2,OB,Obstetrics/Gynecology,OB,884.4530,N,N,Eligible,1
PGM,Growing Rod System,2,OR,Orthopedic,OR,888.3070,Y,N,Eligible,1
PGN,Growing Rod System- Magnetic Actuation,2,OR,Orthopedic,OR,888.3070,Y,N,Eligible,1
PGO,Anti-Stick Glass Syringe,N,,Unknown,HO,,N,N,Eligible,3
PGQ,Cochlear Implant With Combined Electrical Stimulation And Acoustic Amplification,3,,Unknown,EN,,Y,N,Ineligible,2
PGT,"Insufflator, Hysteroscopic, Fluid, Closed-Loop Recirculation With Cutter-Coagulator, Endoscopic, Bipolar",2,OB,Obstetrics/Gynecology,OB,884.1710,N,N,Ineligible,1
PGU,Spatial Imaging For Display Of Endoscope Position,2,GU,"Gastroenterology, Urology",GU,876.1500,N,N,Eligible,1
PGV,Anti-Phospholipase A2 Receptor,2,MI,Microbiology,IM,866.5780,N,Y,Ineligible,1
PGW,"Ear, Nose, And Throat Stereotaxic Instrument",2,NE,Neurology,EN,882.4560,N,N,Eligible,1
PGX,"Groups A, C And G Beta-Hemolytic Streptococcus Nucleic Acid Amplification System",2,MI,Microbiology,MI,866.2680,N,N,Eligible,1
PGY,"Display, Diagnostic Radiology",2,RA,Radiology,RA,892.2050,N,N,Eligible,1
PGZ,"Non-Absorbable, Expandable, Hemostatic Sponge For Temporary Internal Use",2,SU,"General, Plastic Surgery",SU,878.4452,N,N,Eligible,1
PHC,Infusion Safety Management Software,2,HO,General Hospital,HO,880.5725,N,N,Ineligible,1
PHF,Zinc Transporter 8 Auto-Antibody,2,IM,Immunology,IM,866.5670,N,N,Eligible,1
PHG,Droplet Digital Pcr System,2,CH,Clinical Chemistry,CH,862.2570,N,N,Eligible,4
PHJ,"System, Mass Spectrometry, Multiplex Genotyping, Hereditary Thrombophilia Related Mutations",2,HE,Hematology,PA,864.7280,N,N,Eligible,1
PHK,"Test, Cell Mediated Immune Response, Liver And Small Bowel Transplant/Transplantation",N,,Unknown,CH,,N,N,Eligible,6
PHL,Powered Exoskeleton,2,PM,Physical Medicine,NE,890.3480,N,N,Eligible,1
PHM,"Intervertebral Fusion Device With Bone Graft, Thoracic",2,OR,Orthopedic,OR,888.3080,Y,N,Eligible,1
PHN,"Protective Coating, Mucoadhesive Application, For The Rectal Mucosa",U,,Unknown,GU,,N,N,Eligible,1
PHO,Normothermic Preservation System For Transplantation Of Initially Unacceptable Donor Lungs,3,,Unknown,GU,,N,Y,Ineligible,2
PHP,"System, Colorectal Neoplasia, Dna Methylation And Hemoglobin Detection",3,,Unknown,PA,,N,N,Ineligible,2
PHQ,Anterior Staple As Supplemental Fixation For Fusion,2,OR,Orthopedic,OR,888.3060,Y,N,Eligible,1
PHR,Diammine Silver Fluoride Dental Hypersensitivity Varnish,2,DE,Dental,DE,872.3260,N,N,Eligible,1
PHS,Oral Airway Assist,1,AN,Anesthesiology,AN,868.5110,N,N,Eligible,4
PHT,Basin For Endoscope Reprocessing,1,GU,"Gastroenterology, Urology",GU,876.1500,N,N,Eligible,4
PHU,Intra-Abdominal Pressure Monitoring Device,U,,Unknown,SU,,Y,N,Eligible,1
PHV,Continuous Glucose Monitor Retrospective Data Analysis Software,1,CH,Clinical Chemistry,CH,862.2120,N,N,Ineligible,4
PHW,Cold Pack And Vibrating Massager,1,PM,Physical Medicine,PM,890.5975,N,N,Eligible,4
PHX,"Shoulder Prosthesis, Reverse Configuration",2,OR,Orthopedic,OR,888.3660,Y,N,Eligible,1
PHY,Sparse Sample Pk Profile And Dosing Software,2,AN,Anesthesiology,HE,868.1890,N,N,Eligible,1
PHZ,Abnormal Breath Sound Device,2,AN,Anesthesiology,AN,868.1900,N,N,Eligible,1
PIA,Vibrator For Climax Control Of Premature Ejaculation,2,GU,"Gastroenterology, Urology",GU,876.5025,N,N,Eligible,4
PIB,Diabetic Retinopathy Detection Device,2,OP,Ophthalmic,OP,886.1100,N,N,Eligible,1
PIC,Oral Electronic Vision Aid,2,OP,Ophthalmic,OP,886.5905,N,N,Eligible,1
PID,Esophageal Dilator Balloon With Or Without Electrode Sensors,2,GU,"Gastroenterology, Urology",GU,876.5980,N,N,Eligible,1
PIE,Esophageal Dilator With Balloon And Electrode Sensors,2,GU,"Gastroenterology, Urology",GU,876.5980,N,N,Eligible,1
PIF,Gastrointestinal Tubes With Enteral Specific Connectors,2,GU,"Gastroenterology, Urology",GU,876.5980,N,N,Eligible,1
PIG,Acute Kidney Injury Test System,2,CH,Clinical Chemistry,CH,862.1220,N,N,Ineligible,1
PIH,Urethral Insert With Pump For Bladder Drainage,2,GU,"Gastroenterology, Urology",GU,876.5140,Y,N,Eligible,1
PII,Candida Species Nucleic Acid Detection System,2,MI,Microbiology,MI,866.3960,N,N,Eligible,1
PIJ,Collagen Surgical Mesh Containing Drugs,2,SU,"General, Plastic Surgery",SU,878.3300,Y,N,Ineligible,1
PIK,Metabolic Neuromodulation System,N,,Unknown,GU,,N,N,Eligible,3
PIL,Test For Periprosthetic Joint Infection,N,,Unknown,IM,,N,N,Ineligible,3
PIM,Neuromodulator For Obesity,3,,Unknown,GU,,Y,N,Eligible,2
PIN,Kidney Perfusion Kit,2,GU,"Gastroenterology, Urology",GU,876.5880,N,N,Ineligible,7
PIO,Enteral Specific Transition Connectors,2,GU,"Gastroenterology, Urology",GU,876.5980,N,N,Eligible,1
PIP,"Prophy Powder, Airbrush Accessory",2,DE,Dental,DE,872.6080,N,N,Eligible,1
PIQ,Reagents For Detection Of Norovirus Nucleic Acid,2,MI,Microbiology,MI,866.3990,N,N,Eligible,1
PIR,Mercy Tape 2d And 3d Models,1,SU,"General, Plastic Surgery",HO,878.4800,N,N,Eligible,1
PIT,Leishmania Spp. Antigen Detection Assay,1,MI,Microbiology,MI,866.3870,N,N,Eligible,1
PIV,Automated Indirect Immunofluorescence Microscope And Software-Assisted System For Clinical Use,2,IM,Immunology,IM,866.4750,N,N,Eligible,1
PIW,Brain Injury Adjunctive Interpretive Electroencephalograph Assessment Aid,2,NE,Neurology,NE,882.1450,N,N,Eligible,1
PIX,"Elbow Joint Metal/Polymer, Constrained, Porous Coated, Uncemented Prosthesis",N,,Unknown,OR,,Y,N,Eligible,3
PIY,"Stainless Steel Instrument, Shunt System Implantation",1,NE,Neurology,NE,882.4545,N,N,Eligible,4
PIZ,Combination Compression/Decompression Manual Chest Pump With Impedance Respiratory Valve,3,,Unknown,CV,,N,Y,Eligible,2
PJA,Coronary Vascular Physiologic Simulation Software,2,CV,Cardiovascular,CV,870.1415,N,N,Ineligible,1
PJB,Catheter Remote Control System,2,CV,Cardiovascular,CV,870.5700,N,N,Eligible,1
PJC,Newborn Screening Specimen Collection Paper,2,CH,Clinical Chemistry,CH,862.1675,N,N,Ineligible,1
PJD,Oral Fluid Drugs Of Abuse And Alcohol Test Specimen Collection Device,2,CH,Clinical Chemistry,CH,862.1675,N,N,Ineligible,1
PJE,Blood/Plasma Collection Device For Dna Testing,2,CH,Clinical Chemistry,CH,862.1675,N,N,Ineligible,1
PJF,Illuminator System For Blood Products,3,,Unknown,HE,,N,N,Eligible,2
PJG,Cancer-Related Germline Gene Mutation Detection System,3,,Unknown,PA,,N,N,Ineligible,2
PJH,Dynamic Rectal Control System,2,GU,"Gastroenterology, Urology",GU,876.5930,N,N,Eligible,1
PJI,Severe Combined Immunodeficiency Disorder (Scid) Newborn Screening Test System,2,IM,Immunology,IM,866.5930,N,N,Eligible,1
PJJ,Two Or More Sterilant Sterilizer,2,HO,General Hospital,HO,880.6860,N,N,Ineligible,1
PJK,Tissue Adhesive For Internal Use,3,SU,"General, Plastic Surgery",SU,878.4010,Y,N,Eligible,2
PJM,"Filler, Bone Void, Alterable Compound For Cranioplasty",2,NE,Neurology,NE,882.5320,Y,N,Eligible,1
PJN,"Filler, Bone Void, Non-Alterable Compound For Cranioplasty",2,NE,Neurology,NE,882.5330,Y,N,Eligible,1
PJO,Fall Prevention Alarm/Sensor Combination Attached Or Unattached,1,HO,General Hospital,HO,880.2400,N,N,Eligible,4
PJP,Fall Prevention Alarm/Sensor Attached Only,1,HO,General Hospital,HO,880.2400,N,N,Eligible,4
PJQ,"Agent, Occluding, Vascular, Permanent",3,,Unknown,CV,,Y,N,Eligible,2
PJS,"Stimulator, Electrical, Implanted, For Essential Tremor",3,,Unknown,NE,,Y,N,Ineligible,2
PJT,Continuous Glucose Monitor Secondary Display,2,CH,Clinical Chemistry,CH,862.1350,N,N,Ineligible,4
PJY,Osseoanchored Prostheses For The Rehabilitation Of Transfemoral Amputees,3,,Unknown,OR,,Y,N,Eligible,2
PJZ,"Camera, Ophthalmic, General-Use",2,OP,Ophthalmic,OP,886.1120,N,N,Eligible,4
PKA,External Upper Esophageal Sphincter (Ues) Compression Device,2,EN,"Ear, Nose, Throat",EN,874.5900,N,N,Eligible,1
PKB,Autosomal Recessive Carrier Screening Gene Mutation Detection System,2,IM,Immunology,PA,866.5940,N,N,Ineligible,1
PKC,"Prosthesis, Total Anatomic Shoulder, Uncemented Metaphyseal Humeral Stem With No Diaphyseal Incursion, Semi-Constrained",2,OR,Orthopedic,OR,888.3660,Y,N,Eligible,1
PKD,Laceration Tray,1,SU,"General, Plastic Surgery",SU,878.4014,N,N,Eligible,7
PKE,Laparoscopic Cholecystectomy Kit,1,SU,"General, Plastic Surgery",SU,878.4800,N,N,Eligible,7
PKF,D And C Tray,N,,Unknown,OB,,N,N,Ineligible,7
PKG,Bone Marrow Processing Device To Support Hematopoietic Reconstitution,2,HE,Hematology,HE,864.9245,N,N,Eligible,1
PKI,Fully Subcutaneous Implanted Hemodialysis Catheter,2,GU,"Gastroenterology, Urology",GU,876.5540,Y,Y,Ineligible,1
PKJ,"Crown And Bridge Material, Resin Based",N,,Unknown,DE,,N,N,Eligible,3
PKK,Stent Delivery System,N,,Unknown,CV,,Y,N,Eligible,3
PKL,Hemostatic Metal Clip For The Gi Tract,2,GU,"Gastroenterology, Urology",GU,876.4400,Y,Y,Ineligible,1
PKM,Chemiluminescent Immunoassay System,N,,Unknown,TX,,N,N,Eligible,3
PKN,"Dilator, Cervical, Synthetic, Osmotic",2,OB,Obstetrics/Gynecology,OB,884.4260,N,N,Eligible,1
PKO,Transparent Patch For Use In Treatment Of Tattoos,2,SU,"General, Plastic Surgery",SU,878.4810,N,N,Eligible,1
PKP,Immunoglobulin G (Igg) Infusion System,2,HO,General Hospital,HO,880.5725,N,N,Ineligible,1
PKQ,Computerized Cognitive Assessment Aid,2,NE,Neurology,NE,882.1470,N,N,Eligible,1
PKR,Non-Invasive Vagus Nerve Stimulator - Headache,2,NE,Neurology,NE,882.5892,N,N,Eligible,1
PKS,"Exerciser, Non-Measuring For Stroke Rehabilitation",1,PM,Physical Medicine,PM,890.5370,N,N,Eligible,4
PKT,Laser For Disruption Of Adipocyte Cells For Aesthetic Use,2,SU,"General, Plastic Surgery",SU,878.5400,N,N,Eligible,1
PKU,Insulin Pump Secondary Display,2,CH,Clinical Chemistry,CH,862.1350,N,N,Ineligible,4
PKW,"Immunohistochemistry Assay, Antibody, Anaplastic Lymphoma Kinase",3,,Unknown,PA,,N,N,Ineligible,2
PKY,"Implant, Dermal, For Aesthetic Use In The Hands",3,,Unknown,SU,,Y,N,Ineligible,2
PLA,Esophageal Thermal Regulation And Gastric Suctioning Device,2,CV,Cardiovascular,CV,870.5910,N,N,Eligible,1
PLB,Multivariate Vital Signs Index,2,CV,Cardiovascular,CV,870.2300,N,N,Eligible,1
PLC,Sleep Appliances With Patient Monitoring,2,DE,Dental,DE,872.5570,N,N,Eligible,1
PLF,Bone Wedge,2,OR,Orthopedic,OR,888.3030,Y,N,Eligible,1
PLH,Orthodontic Led Accessory,2,DE,Dental,DE,872.5470,N,N,Eligible,1
PLI,Gastrointestional Tube Holder,2,GU,"Gastroenterology, Urology",GU,876.5980,N,N,Eligible,4
PLJ,Tissue Adhesive Internal Use,3,SU,"General, Plastic Surgery",SU,878.4010,Y,N,Ineligible,2
PLK,Tympanic Membrane Direct Contact Hearing Aid,2,EN,"Ear, Nose, Throat",EN,874.3315,Y,N,Eligible,1
PLL,Submucosal Injection Agent,2,GU,"Gastroenterology, Urology",GU,876.1500,N,N,Eligible,1
PLO,Meningitis/Encephalitis Pathogen Multiplex Nucleic Acid Detection System,2,MI,Microbiology,MI,866.3970,N,N,Ineligible,1
PLP,High Intensity Ultrasound System For Prostate Tissue Ablation,2,GU,"Gastroenterology, Urology",GU,876.4340,N,N,Eligible,1
PLQ,Enzyme Packed Cartridge,2,GU,"Gastroenterology, Urology",GU,876.5985,N,N,Eligible,1
PLR,Spinal Vertebral Body Replacement Device - Cervical,2,OR,Orthopedic,OR,888.3060,Y,N,Eligible,1
PLS,"Immunohistochemistry Assay, Antibody, Programmed Death-Ligand 1",3,,Unknown,PA,,N,N,Ineligible,2
PLU,Thermal System For Insomnia,2,NE,Neurology,NE,882.5700,N,N,Eligible,1
PLV,Dental Stereotaxic Instrument,2,DE,Dental,DE,872.4120,N,N,Eligible,1
PLW,Acetabular Cup Orientation System,2,OR,Orthopedic,OR,888.3350,N,N,Eligible,1
PLX,Tear Duct Occluder,1,OP,Ophthalmic,OP,886.5838,N,N,Eligible,4
PLY,Antimicrobial Drapes,2,SU,"General, Plastic Surgery",HO,878.4370,N,N,Eligible,1
PLZ,Ocular Pattern Recorder,2,OP,Ophthalmic,OP,886.1925,N,N,Eligible,1
PMB,External Airway,2,AN,Anesthesiology,AN,868.5105,N,N,Eligible,1
PMC,Scalp Cooling System,2,SU,"General, Plastic Surgery",SU,878.4360,N,N,Eligible,1
PME,External Cleaning Solution,2,DE,Dental,DE,872.3260,N,N,Eligible,4
PMG,Automated Multicolor Fluorescent Imaging Cytometric Analysis System,2,HE,Hematology,HE,864.5220,N,N,Ineligible,1
PMH,Mechanical Compression Device Fecal Incontinence (Non-Manually Operated),f,,Unknown,GU,,Y,N,Eligible,6
PMI,"Fluorescence In Situ Hybridization, Platelet-Derived Growth Factor Receptor, Beta Polypeptide (Pdgfrb), Rearrangement",3,,Unknown,MG,,N,N,Ineligible,6
PMJ,Cpr Aid Feedback Device (No Software),2,CV,Cardiovascular,CV,870.5210,N,N,Eligible,4
PMK,Cpr Aid Device Without Feedback,1,CV,Cardiovascular,CV,870.5210,N,N,Eligible,4
PML,"Bone Cement, Posterior Screw Augmentation",2,OR,Orthopedic,OR,888.3027,Y,N,Eligible,1
PMN,Assayed External Control Material For Microbiology Nucleic Acid Amplification (Nat) Assays,2,MI,Microbiology,MI,866.3920,N,N,Eligible,1
PMP,Dorsal Root Ganglion Stimulator For Pain Relief,3,,Unknown,NE,,Y,N,Ineligible,2
PMQ,Peripheral Blood Processing Device For Wound Management,2,HE,Hematology,HE,864.9245,N,N,Eligible,1
PMS,Peripheral Intravenous (Piv) Infiltration Monitor,2,HO,General Hospital,HO,880.5725,N,N,Eligible,1
PMT,Device To Detect And Measure Procalcitonin (Pct) In Human Clinical Specimens,2,MI,Microbiology,MI,866.3215,N,N,Ineligible,1
PMU,"Containment System, Laparoscopic Power Morcellation, With Instrument Port",2,OB,Obstetrics/Gynecology,OB,884.4050,N,N,Ineligible,1
PMV,"Orthosis, Limb, For Back Pain",1,PM,Physical Medicine,PM,890.3475,N,N,Eligible,4
PMW,Strabismus Detection Device,2,OP,Ophthalmic,OP,886.1342,N,N,Eligible,1
PMX,Absorbable Collagen Hemostatic Agent With Thrombin,3,SU,"General, Plastic Surgery",SU,878.4490,Y,N,Eligible,2
PMY,"System, Nucleic Acid Amplification Test, Dna, Carbapenem Non-Susceptible Gram Negative Organism, Colony",2,MI,Microbiology,MI,866.1640,N,N,Ineligible,1
PNA,Evoked Photon Image Capture Device,1,NE,Neurology,NE,882.1561,N,N,Eligible,4
PNB,Biliary Stent System For Benign Strictures,2,GU,"Gastroenterology, Urology",GU,876.5011,Y,N,Eligible,1
PNC,Catheter Introducer,N,,Unknown,AN,,N,N,Eligible,3
PND,Midline Catheter,2,HO,General Hospital,HO,880.5200,N,N,Eligible,1
PNE,Reprocessed Catheter Introducer,2,CV,Cardiovascular,CV,870.1340,N,N,Eligible,1
PNF,Aortic Stent,3,,Unknown,CV,,Y,Y,Eligible,2
PNG,"Peritoneal, Drainage Catheter For Refractory Ascites, Long-Term Indwelling",2,GU,"Gastroenterology, Urology",GU,876.5630,Y,Y,Ineligible,1
PNI,Aquaporin-4 Autoantibody,2,IM,Immunology,IM,866.5665,N,N,Eligible,1
PNJ,Leadless Pacemaker,3,CV,Cardiovascular,CV,870.3610,Y,Y,Ineligible,2
PNK,"Fluorescence In Situ Hybridization, Chromosome 17p Deletion (Tp53)",2,PA,Pathology,MG,864.1890,N,N,Ineligible,1
PNL,Magnetic Surgical System,2,SU,"General, Plastic Surgery",SU,878.4815,N,N,Eligible,1
PNN,Orthodontic Software,2,DE,Dental,DE,872.5470,N,N,Eligible,1
PNO,"Catheter, Percutaneous, Cutting/Scoring",2,CV,Cardiovascular,CV,870.1250,N,N,Eligible,1
PNP,Dental Abutment Design Software For Dental Laboratory,2,DE,Dental,DE,872.3630,Y,N,Eligible,1
PNQ,Apical Closure Device,2,CV,Cardiovascular,CV,870.4510,Y,N,Eligible,1
PNR,Enteral Syringes With Enteral Specific Connectors,2,GU,"Gastroenterology, Urology",GU,876.5980,N,N,Eligible,1
PNS,Short-Term Intravascular Filter Catheter,2,CV,Cardiovascular,CV,870.3375,Y,N,Eligible,1
PNU,"Pressure Wedge, Perianal, For Reduction Of Cesarean Delivery",2,OB,Obstetrics/Gynecology,OB,884.5210,N,N,Eligible,1
PNV,Impedance Measuring Device Utilizing Oscillation Techniques,2,AN,Anesthesiology,AN,868.1840,N,N,Eligible,1
PNW,"Prosthesis, Metatarsophalangeal Joint Cartilage Replacement Implant",3,,Unknown,OR,,Y,N,Eligible,2
PNY,Absorbable Coronary Drug-Eluting Stent,3,,Unknown,CV,,Y,Y,Ineligible,2
PNZ,Eustachian Tube Balloon Dilation Device,2,EN,"Ear, Nose, Throat",EN,874.4180,N,N,Eligible,1
POA,"Reagents, Zika Virus Nucleic Acid",N,,Unknown,MI,,N,N,Ineligible,8
POC,"System, Nucleic Acid Amplification Test, Dna, Antimicrobial Resistance Marker, Direct Specimen",2,MI,Microbiology,MI,866.1640,N,N,Ineligible,1
POD,"Temporary, Internal Use Hemostatic",2,SU,"General, Plastic Surgery",SU,878.4454,N,Y,Eligible,1
POE,Extended Depth Of Focus Intraocular Lens,3,OP,Ophthalmic,OP,886.3600,Y,N,Eligible,2
POG,"Reagents, Ebola Zaire Virus (Detected In The West Africa Outbreak In 2014) Nucleic Acid",N,,Unknown,MI,,N,N,Ineligible,8
POH,Mr-Guided Focused Ultrasound System,3,,Unknown,NE,,N,N,Ineligible,2
POI,Lung Tissue Sealant For Lung Volume Reduction,N,,Unknown,AN,,Y,N,Eligible,3
POK,Computer-Assisted Diagnostic Software For Lesions Suspicious For Cancer,2,RA,Radiology,RA,892.2060,N,N,Eligible,1
POL,Neurovascular Mechanical Thrombectomy Device For Acute Ischemic Stroke Treatment,2,NE,Neurology,NE,882.5600,N,N,Ineligible,1
POM,Computerized Cognitive Assessment Aid For Concussion,2,NE,Neurology,NE,882.1471,N,N,Eligible,1
PON,"Catheter, Balloon, Dilation Of Cervical Canal",2,OB,Obstetrics/Gynecology,OB,884.4260,N,N,Ineligible,1
POP,Cranial Motion Measurement Device,2,NE,Neurology,NE,882.1630,N,N,Eligible,1
POQ,Blood Transfusion Kit,2,HO,General Hospital,HO,880.5440,N,N,Eligible,7
POR,Parenteral Administration Kit,2,HO,General Hospital,HO,880.5440,N,N,Eligible,7
POS,Physiological Signal Based Seizure Monitoring System,2,NE,Neurology,NE,882.1580,N,N,Eligible,1
POT,Lockbox (Export Only),N,,Unknown,HO,,N,N,Eligible,3
POV,Semen Analysis Device,2,HE,Hematology,HE,864.5220,N,N,Eligible,1
POW,"Crown And Bridge, Long-Term Temporary, Resin",2,DE,Dental,DE,872.3770,N,N,Eligible,1
POX,"Enzyme Immunoassay, Oxcarbazepine Metabolite",2,TX,Clinical Toxicology,TX,862.3645,N,N,Eligible,1
POY,Post Breast Biopsy Hemostatic Breast Compression Device,2,RA,Radiology,SU,892.1710,N,N,Eligible,1
POZ,Biopsy Needle Kit,2,GU,"Gastroenterology, Urology",GU,876.1075,N,N,Eligible,7
PPA,Bladder Irrigation Kit,2,GU,"Gastroenterology, Urology",GU,876.5130,N,N,Eligible,7
PPB,Foley Catheter Kit (Excludes Hiv Testing),2,GU,"Gastroenterology, Urology",GU,876.5130,N,N,Eligible,7
PPC,Male External Catheterization Kit (Excludes Hiv Testing),2,GU,"Gastroenterology, Urology",GU,876.5130,N,N,Eligible,7
PPD,Universal Drainage Tray,2,GU,"Gastroenterology, Urology",GU,876.5130,N,N,Eligible,7
PPE,Nephroscope Set,2,GU,"Gastroenterology, Urology",GU,876.1500,N,N,Ineligible,7
PPF,Urinary Irrigation Kit,2,GU,"Gastroenterology, Urology",GU,876.5130,N,N,Eligible,7
PPG,Urinary Drainage Collection Kit,2,GU,"Gastroenterology, Urology",GU,876.5130,N,N,Eligible,7
PPH,Single Needle With Uni-Directional Pump Kit,2,GU,"Gastroenterology, Urology",GU,876.5820,N,N,Eligible,7
PPI,Hemodialysis Tray (Not A Start/Stop Kit),2,GU,"Gastroenterology, Urology",GU,876.5820,N,N,Eligible,7
PPJ,Peritoneal Dialysis Administration Kit,2,GU,"Gastroenterology, Urology",GU,876.5630,N,N,Eligible,7
PPK,Peritoneal Dialysis Tubing Kit,2,GU,"Gastroenterology, Urology",GU,876.5630,N,N,Eligible,7
PPL,Single Needle (Co-Axial Flow) Dialysis Kit,2,GU,"Gastroenterology, Urology",GU,876.5820,N,N,Eligible,7
PPM,General Purpose Reagent,1,PA,Pathology,PA,864.4010,N,N,Eligible,4
PPN,"Percutaneous Catheter, Ultrasound",2,CV,Cardiovascular,CV,870.1250,N,N,Eligible,1
PPO,Multi-Lumen Hemodialysis Catheterization Kit,2,GU,"Gastroenterology, Urology",GU,876.5540,N,N,Ineligible,7
PPP,Disposable Joint Aspiration/Injection Kit,1,SU,"General, Plastic Surgery",OR,878.4800,N,N,Eligible,7
PPQ,Transtibial Anterior Cruciate Ligament Kit,2,OR,Orthopedic,OR,888.3040,N,N,Eligible,7
PPR,Surgical Cannulaes & Depth Gauge Kit For Arthroscopic Procedures,2,OR,Orthopedic,OR,888.1100,N,N,Eligible,7
PPS,"Sleeve, Head And Neck, Compressible",2,CV,Cardiovascular,CV,870.5800,N,N,Eligible,1
PPT,Cranial Surgical Planning And Instrument Guides,2,NE,Neurology,NE,882.4310,N,N,Ineligible,1
PPU,Microbial Colony Image Assessment System,2,MI,Microbiology,MI,866.2190,N,N,Eligible,1
PPW,Adjunctive Cardiovascular Status Indicator,2,CV,Cardiovascular,CV,870.2200,N,N,Ineligible,1
PQA,Vaginitis And Bacterial Vaginosis Nucleic Acid Detection System,2,MI,Microbiology,MI,866.3975,N,N,Eligible,1
PQC,Pedicle Screw Placement Guide,2,OR,Orthopedic,OR,888.3070,N,N,Ineligible,1
PQD,Blood Specimen Collection Convenience Kit (Excludes Hiv),2,CH,Clinical Chemistry,CH,862.1675,N,N,Eligible,7
PQE,Ostomy Care Kit,1,GU,"Gastroenterology, Urology",GU,876.5900,N,N,Ineligible,7
PQF,"Sensor, Glucose, Invasive, Non-Adjunctive",3,,Unknown,CH,,N,N,Eligible,2
PQH,Iodinated Contrast Media Transfer Tubing Set,2,HO,General Hospital,HO,880.5440,N,N,Eligible,1
PQI,Wound Retraction And Protection System,2,SU,"General, Plastic Surgery",SU,878.4371,N,N,Eligible,1
PQJ,Intranasal Electrostimulation Device,2,OP,Ophthalmic,OP,886.5300,N,N,Eligible,1
PQK,Percutaneous Catheter For Creation Of An Arteriovenous Fistula For Hemodialysis Access,2,CV,Cardiovascular,CV,870.1252,N,N,Ineligible,1
PQM,Surgical Smoke Precipitator,2,SU,"General, Plastic Surgery",HO,878.5050,N,N,Ineligible,1
PQN,Carbon Dioxide Gas Controlled Tissue Expander,2,SU,"General, Plastic Surgery",SU,878.3510,Y,N,Eligible,1
PQO,Anti-Müllerian Hormone Test System,2,CH,Clinical Chemistry,TX,862.1092,N,N,Eligible,1
PQP,"Next Generation Sequencing Oncology Panel, Somatic Or Germline Variant Detection System",3,,Unknown,PA,,N,N,Eligible,2
PQQ,Data Acquisition Software,2,CH,Clinical Chemistry,MI,862.2570,N,N,Ineligible,4
PQT,Alpha-L-Iduronidase (Idua) Newborn Screening Test System,2,CH,Clinical Chemistry,CH,862.1488,N,N,Ineligible,1
PQU,Alpha-D-Glucosidase (Gaa) Newborn Screening Test System,2,CH,Clinical Chemistry,CH,862.1488,N,N,Ineligible,1
PQV,ß-Glucocerebrosidase (Gba) Newborn Screening Test System,2,CH,Clinical Chemistry,CH,862.1488,N,N,Ineligible,1
PQW,Alpha-D-Galactosidase A (Gla) Newborn Screening Test System,2,CH,Clinical Chemistry,CH,862.1488,N,N,Ineligible,1
PQX,Epinephrine Syringe,2,HO,General Hospital,HO,880.5860,N,N,Eligible,1
PQY,Nonthermal Shortwave Therapy Device Indicated For Over The Counter Use For The Treatment Of Pain,2,PM,Physical Medicine,PM,890.5290,N,N,Ineligible,1
PQZ,"Gbs Culture Media, Selective And Differential",1,MI,Microbiology,MI,866.2360,N,N,Eligible,1
PRA,Variola Virus Nucleic Acid-Based Detection Assay,2,MI,Microbiology,MI,866.3316,N,N,Ineligible,1
PRB,Cervical Intraepithelial Neoplasia (Cin) Test System,2,PA,Pathology,PA,864.1865,N,N,Eligible,1
PRC,Drug-Coated Peripheral Transluminal Angioplasty Catheter,3,,Unknown,CV,,N,N,Ineligible,2
PRE,Rt-Qpcr Assay For Mrna Transcript Immune Biomarkers,2,MI,Microbiology,MI,866.3215,N,N,Eligible,1
PRF,Docetaxel / Paclitaxel Assay,N,,Unknown,TX,,N,N,Ineligible,3
PRH,Positive Blood Culture Identification And Ast Kit,2,MI,Microbiology,MI,866.1650,N,N,Eligible,1
PRI,Procalcitonin Assay,2,MI,Microbiology,MI,866.3215,N,N,Eligible,1
PRJ,Capillary Blood Collection Device For Alternative Site Collection,2,CH,Clinical Chemistry,CH,862.1675,N,N,Ineligible,1
PRK,Device Indicating An Exhalation Event,2,AN,Anesthesiology,AN,868.2375,N,N,Ineligible,1
PRL,"Iliac Covered Stent, Arterial",3,,Unknown,CV,,Y,N,Ineligible,2
PRM,Enteral Administration Kit (Adult & Pediatric),2,GU,"Gastroenterology, Urology",GU,876.5980,N,N,Ineligible,4
PRN,Pediatric Position Holder,1,HO,General Hospital,HO,880.5680,N,N,Eligible,4
PRO,Anti-Regurgitation Blood Tubing Kit,2,GU,"Gastroenterology, Urology",GU,876.5820,N,N,Ineligible,7
PRP,Balloon Gastrostomy Tube Kit,2,GU,"Gastroenterology, Urology",GU,876.5980,N,N,Ineligible,7
PRQ,Esophageal Dilator Kit,2,GU,"Gastroenterology, Urology",GU,876.5365,N,N,Ineligible,7
PRR,Feeding Tube Kit,2,GU,"Gastroenterology, Urology",GU,876.5980,N,N,Ineligible,7
PRS,Gastric Colonic Catheter Irrigation Kit,2,GU,"Gastroenterology, Urology",GU,876.5980,N,N,Ineligible,7
PRT,Gastric Irrigation And Aspiration Kit,2,GU,"Gastroenterology, Urology",GU,876.5980,N,N,Ineligible,7
PRU,Gastric Lavage Kit (Adult Or Pediatric Use),2,GU,"Gastroenterology, Urology",GU,876.4370,N,N,Ineligible,7
PRV,Gastro-Urology Biopsy Kit,2,GU,"Gastroenterology, Urology",GU,876.1075,N,N,Ineligible,7
PRW,Gastrointestinal Tube Kit,2,GU,"Gastroenterology, Urology",GU,876.5980,N,N,Ineligible,7
PRX,Gastrostomy Guide Wire Placement Kit,2,GU,"Gastroenterology, Urology",GU,876.5980,N,N,Ineligible,7
PRY,Gastrostomy Jejunostomy Feeding Tube Kit,2,GU,"Gastroenterology, Urology",GU,876.5980,N,N,Ineligible,7
PRZ,Gastrostomy Tube Kit,2,GU,"Gastroenterology, Urology",GU,876.5980,N,N,Ineligible,7
PSA,Laparoscopic Jejunostomy Kit,2,GU,"Gastroenterology, Urology",GU,876.5980,N,N,Ineligible,7
PSB,Nasogastric Feed Tube Kit,2,GU,"Gastroenterology, Urology",GU,876.5980,N,N,Ineligible,7
PSC,Nasogastric-Gastrojejunal Kit,2,GU,"Gastroenterology, Urology",GU,876.5980,N,N,Ineligible,7
PSD,Laparoscopic Gastrostomy Kit,2,GU,"Gastroenterology, Urology",GU,876.5980,N,N,Ineligible,7
PSE,Needle Catheter Jejunostomy Kit,2,GU,"Gastroenterology, Urology",GU,876.5980,N,N,Ineligible,7
PSF,Non-Balloon Replacement Gastrostomy System,2,GU,"Gastroenterology, Urology",GU,876.5980,N,N,Ineligible,7
PSG,Percutaneous Endoscopic Gastrostomy Kit,2,GU,"Gastroenterology, Urology",GU,876.5980,N,N,Ineligible,7
PSH,Percutaneous Replacement Gastrostomy Tube Kit,2,GU,"Gastroenterology, Urology",GU,876.5980,N,N,Ineligible,7
PSI,Perineal Irrigation Kit,2,GU,"Gastroenterology, Urology",OB,876.5980,N,N,Ineligible,7
PSJ,Rectal Dilator Kit,1,GU,"Gastroenterology, Urology",GU,876.5450,N,N,Ineligible,7
PSK,Replacement Gastrostomy Feeding Catheter Tray,2,GU,"Gastroenterology, Urology",GU,876.5980,N,N,Ineligible,7
PSL,25-Oh-Vitamin D Mass Spectrometry Test System,2,CH,Clinical Chemistry,CH,862.1840,N,N,Ineligible,4
PSM,Refractometer For Donor Testing,1,CH,Clinical Chemistry,CH,862.2800,N,N,Ineligible,4
PSN,Light Based Imaging,2,SU,"General, Plastic Surgery",SU,878.4580,N,N,Eligible,1
PSP,Intracranial Pressure & Temperature Monitoring Kit,2,NE,Neurology,NE,882.1620,N,N,Ineligible,7
PSQ,"Intracardiac Patch Or Pledget, Biologically Derived",2,CV,Cardiovascular,CV,870.3470,Y,N,Eligible,1
PSR,Implanted Phrenic Nerve Stimulator For Central Sleep Apnea,3,,Unknown,AN,,Y,N,Ineligible,2
PSS,Minoxidil Sulfotransferase Or Isoenzymes Test System,N,,Unknown,TX,,N,N,Ineligible,3
PST,Aortic Annuloplasty Ring,2,CV,Cardiovascular,CV,870.3800,Y,Y,Eligible,1
PSU,Jak2 Gene Mutation Detection Test,2,MG,Medical Genetics,PA,866.6070,N,N,Eligible,1
PSV,Ultrasound Bronchoscope,2,RA,Radiology,EN,892.1550,N,N,Ineligible,1
PSW,"High Level Disinfection Reprocessing Instrument For Ultrasonic Transducers, Liquid",2,RA,Radiology,HO,892.1570,N,N,Ineligible,1
PSX,Chlorine Meter,2,GU,"Gastroenterology, Urology",GU,876.5665,N,Y,Ineligible,1
PSY,Whole Slide Imaging System,2,PA,Pathology,PA,864.3700,N,N,Eligible,1
PSZ,"Devices Detecting Influenza A, B, And C Virus Antigens",2,MI,Microbiology,MI,866.3328,N,N,Eligible,1
PTA,Genetic Variant Detection And Health Risk Assessment System,2,IM,Immunology,IM,866.5950,N,N,Eligible,4
PTB,Ataxiagraph With Interpretive Software,1,NE,Neurology,NE,882.1030,N,N,Ineligible,1
PTC,Uric Acid Test System For At Home Prescription Use,1,CH,Clinical Chemistry,CH,862.1775,N,N,Ineligible,1
PTD,Subcutaneous Implanted Apheresis Port,2,HO,General Hospital,HO,880.5965,Y,N,Eligible,1
PTE,Endoscopic Morcellator Gastroenterology,2,OB,Obstetrics/Gynecology,GU,884.1690,N,N,Ineligible,1
PTF,Assay To Measure Pct To Aid In The Risk Assessment Of Critically Ill Patients On Their First Day Of Icu Admission,2,MI,Microbiology,MI,866.3215,N,N,Eligible,1
PTG,"Test, Methadone, Over The Counter",2,TX,Clinical Toxicology,TX,862.3620,N,N,Ineligible,1
PTH,"Test, Barbiturate, Over The Counter",2,TX,Clinical Toxicology,TX,862.3150,N,N,Ineligible,1
PTI,Non-Coring (Huber) Needle,2,HO,General Hospital,HO,880.5570,N,N,Ineligible,1
PTJ,"Phenotypic Test Kit, Non-Susceptible/Elevated Mic Organisms, Cultured Isolates",2,MI,Microbiology,MI,866.1640,N,N,Eligible,1
PTK,Pediatric Esophageal Atresia Anastomosis Device,3,GU,"Gastroenterology, Urology",GU,876.5980,N,Y,Ineligible,6
PTL,"Wire, Guide, Catheter, Exempt",2,CV,Cardiovascular,CV,870.1330,N,N,Eligible,4
PTM,"Syringe, Balloon Inflation, Exempt",2,CV,Cardiovascular,CV,870.1650,N,N,Eligible,4
PTN,"Reservoir, Blood, Cardiopulmonary Bypass, Exempt",2,CV,Cardiovascular,CV,870.4400,N,N,Eligible,4
PTO,"Tester, Auditory Impedance, Exempt",2,EN,"Ear, Nose, Throat",EN,874.1090,N,N,Eligible,4
PTP,"Tympanometer, Exempt",2,EN,"Ear, Nose, Throat",EN,874.1090,N,N,Eligible,4
PTQ,"Endoscopic Magnetic Retriever, Exempt",2,GU,"Gastroenterology, Urology",GU,876.1500,N,N,Ineligible,4
PTR,"Scissors For Cytoscope, Exempt",2,GU,"Gastroenterology, Urology",GU,876.1500,N,N,Eligible,4
PTS,"Endoscopic Grasping/Cutting Instrument, Non-Powered, Exempt",2,GU,"Gastroenterology, Urology",GU,876.1500,N,N,Eligible,4
PTT,"Biliary Catheter For Irrigation And Contrast Injection, Exempt",2,GU,"Gastroenterology, Urology",GU,876.5010,N,N,Ineligible,4
PTU,"Catheter, Peritoneal, Long-Term Indwelling, Exempt",2,GU,"Gastroenterology, Urology",GU,876.5630,Y,N,Eligible,4
PTV,"Catheter, Peritoneal Dialysis, Single Use, Exempt",2,GU,"Gastroenterology, Urology",GU,876.5630,N,Y,Eligible,4
PTW,"System, Peritoneal, Automatic Delivery, Exempt",2,GU,"Gastroenterology, Urology",GU,876.5630,N,Y,Eligible,4
PTX,"Suture, Nonabsorbable, Steel, Monofilament And Multifilament, Sterile, Exempt",2,SU,"General, Plastic Surgery",SU,878.4495,Y,N,Eligible,4
PTY,"Computerized Cognitive Assessment Aid, Exempt",2,NE,Neurology,NE,882.1470,N,N,Eligible,4
PTZ,"Colposcope (And Colpomicroscope), Exempt",2,OB,Obstetrics/Gynecology,OB,884.1630,N,N,Eligible,4
PUA,"Tenaculum, Uterine, Exempt",2,OB,Obstetrics/Gynecology,OB,884.4530,N,N,Eligible,4
PUB,"Accessory, Assisted Reproduction, Exempt",2,OB,Obstetrics/Gynecology,OB,884.6120,N,N,Eligible,4
PUC,"Microtools, Assisted Reproduction (Pipettes), Exempt",2,OB,Obstetrics/Gynecology,OB,884.6130,N,N,Ineligible,4
PUD,"Labware, Assisted Reproduction, Exempt",2,OB,Obstetrics/Gynecology,OB,884.6160,N,N,Eligible,4
PUE,"Biomicroscope, Slit-Lamp, Ac-Powered, Exempt",2,OP,Ophthalmic,OP,886.1850,N,N,Eligible,4
PUF,"Ocular Peg, Exempt",2,OP,Ophthalmic,OP,886.3320,Y,N,Eligible,4
PUG,"Analyzer, Nitrogen Dioxide, Exempt",2,AN,Anesthesiology,AN,868.2385,N,Y,Eligible,4
PUH,"Analyzer, Body Composition, Exempt",2,CV,Cardiovascular,GU,870.2770,N,N,Ineligible,4
PUI,"Drape, Surgical, Exempt",2,SU,"General, Plastic Surgery",HO,878.4370,N,N,Eligible,4
PUJ,Voriconazole Test System,2,TX,Clinical Toxicology,TX,862.3970,N,N,Ineligible,1
PUK,Administration Set Securement Device,1,HO,General Hospital,HO,880.5210,N,N,Eligible,4
PUL,"Apparatus, Cutting, Radiofrequency, Electrosurgical, Ac-Powered",2,OP,Ophthalmic,OP,886.4100,N,N,Eligible,1
PUM,"Temporary Catheter, Embolic Protection, Transcatheter Intracardiac Procedures",2,CV,Cardiovascular,CV,870.1251,N,N,Ineligible,1
PUN,Lice Removal Kit Containing A Solution,1,HO,General Hospital,HO,880.5960,N,N,Eligible,4
PUP,Endoscope Maintenance System,2,GU,"Gastroenterology, Urology",HO,876.1500,N,N,Eligible,4
PUQ,"Multiplex Flow Immunoassay, T. Gondii, Rubella, Cmv Igm",2,MI,Microbiology,MI,866.3510,N,N,Eligible,1
PUR,Vacuum Syringe,2,HO,General Hospital,HO,880.5860,N,N,Ineligible,1
PUU,Temporary Coil Embolization Assist Device,2,NE,Neurology,NE,882.5955,N,N,Ineligible,1
PUV,Lymph Node Location System During Sentinel Biopsy Procedure,3,,Unknown,SU,,Y,N,Eligible,2
PUW,"System, Test, Radioallergosorbent (Rast) Immunological, Exempt Allergens",2,IM,Immunology,IM,866.5750,N,N,Ineligible,4
PUX,"Test, Amphetamine, Employment And Insurance Testing, Exempt",2,TX,Clinical Toxicology,TX,862.3100,N,N,Ineligible,4
PUY,"Test, Barbiturate, Employment And Insurance Testing, Exempt",2,TX,Clinical Toxicology,TX,862.3150,N,N,Ineligible,4
PUZ,"Test, Benzodiazepine, Employment And Insurance Testing, Exempt",2,TX,Clinical Toxicology,TX,862.3170,N,N,Ineligible,4
PVA,"Test, Cocaine And Cocaine Metabolite, Employment And Insurance Testing, Exempt",2,TX,Clinical Toxicology,TX,862.3250,N,N,Ineligible,4
PVB,"Test, Codeine, Employment And Insurance Testing, Exempt",2,TX,Clinical Toxicology,TX,862.3270,N,N,Ineligible,4
PVC,"Test, Lsd, Employment And Insurance Testing, Exempt",2,TX,Clinical Toxicology,TX,862.3580,N,N,Ineligible,4
PVD,"Test, Methamphetamine, Employment And Insurance Testing, Exempt",2,TX,Clinical Toxicology,TX,862.3610,N,N,Ineligible,4
PVE,"Test, Methadone, Employment And Insurance Testing, Exempt",2,TX,Clinical Toxicology,TX,862.3620,N,N,Ineligible,4
PVF,"Test, Methaqualone, Employment And Insurance Testing, Exempt",2,TX,Clinical Toxicology,TX,862.3630,N,N,Ineligible,4
PVG,"Test, Morphine, Employment And Insurance Testing, Exempt",2,TX,Clinical Toxicology,TX,862.3640,N,N,Ineligible,4
PVH,"Test, Opiates, Employment And Insurance Testing, Exempt",2,TX,Clinical Toxicology,TX,862.3650,N,N,Ineligible,4
PVI,"Test, Propoxyphene, Employment And Insurance Testing, Exempt",2,TX,Clinical Toxicology,TX,862.3700,N,N,Ineligible,4
PVJ,"Test, Cannabinoid, Employment And Insurance Testing, Exempt",2,TX,Clinical Toxicology,TX,862.3870,N,N,Ineligible,4
PVK,"Test, Tricyclic Antidepressant Drugs, Employment And Insurance Testing, Exempt",2,TX,Clinical Toxicology,TX,862.3910,N,N,Ineligible,4
PVL,Endoscopic Shunt Placement Kit,2,NE,Neurology,NE,882.5550,N,N,Ineligible,7
PVM,Endoscopic Ventricular Catheter Placement Kit,2,NE,Neurology,NE,882.4100,N,N,Ineligible,7
PVO,Lumbar Drainage Catheter Kit,2,NE,Neurology,NE,882.5550,N,N,Ineligible,7
PVP,Neurological Test Kit,1,NE,Neurology,NE,882.1750,N,N,Ineligible,7
PVQ,Rickettsia Spp. Nucleic Acid Based Detection Assay,2,MI,Microbiology,MI,866.3316,N,N,Eligible,1
PVR,D&C Tray,2,OB,Obstetrics/Gynecology,OB,884.4530,N,N,Ineligible,7
PVS,Fetal Blood Sampling Kit (Excludes Hiv Testing),2,OB,Obstetrics/Gynecology,OB,884.1560,N,N,Ineligible,7
PVT,Maternity Kit,1,OB,Obstetrics/Gynecology,OB,884.5435,N,N,Ineligible,7
PVU,Obstetrical Anesthesia Kit,2,OB,Obstetrics/Gynecology,OB,884.5100,N,N,Ineligible,7
PVV,Paracervical Anesthesia Kit,2,OB,Obstetrics/Gynecology,OB,884.5100,N,N,Ineligible,7
PVW,Pudendal Anesthesia Kit,2,OB,Obstetrics/Gynecology,OB,884.5100,N,N,Ineligible,7
PVX,Vaginal Examination Tray,2,OB,Obstetrics/Gynecology,OB,884.4530,N,N,Ineligible,7
PVY,Vasovasostomy Set,1,GU,"Gastroenterology, Urology",GU,876.4730,N,N,Ineligible,7
PVZ,Non-Stainless Steel Needle,2,HO,General Hospital,HO,880.5570,N,N,Ineligible,1
PWA,"Breast Pump Accessory, Milk Expression Aid, Via Positive Pressure",1,OB,Obstetrics/Gynecology,OB,884.5150,N,N,Eligible,4
PWB,Fetal Head Elevator,2,OB,Obstetrics/Gynecology,OB,884.4350,N,N,Ineligible,1
PWC,General Wellness Product,N,,Unknown,HO,,N,N,Ineligible,7
PWD,Flow Cytometric Test System For Hematopoietic Neoplasms,2,HE,Hematology,HE,864.7010,N,N,Ineligible,1
PWE,Computerized Behavioral Therapy Device For Substance Use Disorders,2,NE,Neurology,NE,882.5801,N,N,Ineligible,1
PWG,Spinal Fixation System,N,,Unknown,OR,,Y,N,Ineligible,3
PWH,Administrations Sets With Neuraxial Connectors,2,HO,General Hospital,HO,880.5440,N,N,Eligible,1
PWI,"Instrumentation, Surgical Mesh, Urogynecologic, Transvaginal Repair Of Pelvic Organ Prolapse",2,OB,Obstetrics/Gynecology,OB,884.4910,N,N,Ineligible,1
PWJ,"Instrumentation, Surgical Mesh, Urogynecologic, Stress Urinary Incontinence",2,OB,Obstetrics/Gynecology,GU,884.4910,N,N,Ineligible,1
PWK,"Instrumentation, Surgical Mesh, Urogynecologic, Transabdominal Repair Of Pelvic Organ Prolapse",2,OB,Obstetrics/Gynecology,OB,884.4910,N,N,Ineligible,1
PWL,Oral Surgery Tray,1,DE,Dental,DE,872.4565,N,N,Ineligible,7
PWM,Admission Kit (Patient Utensil),1,HO,General Hospital,HO,880.6730,N,N,Eligible,7
PWN,Baby Care Kit,2,HO,General Hospital,HO,880.5700,N,N,Eligible,7
PWO,Blood Administration Kit,2,HO,General Hospital,HO,880.5440,N,N,Eligible,7
PWP,Blood Borne Pathogen Response Kit,1,HO,General Hospital,HO,880.6250,N,N,Eligible,7
PWQ,Buret Administration Intravenous Kit,2,HO,General Hospital,HO,880.5440,N,N,Eligible,7
PWR,Catheter Repair Kit,2,HO,General Hospital,HO,880.5970,N,N,Eligible,7
PWS,Chemotherapy Administration Kit,1,HO,General Hospital,HO,880.6250,N,N,Ineligible,7
PWT,Chemotherapy Spill Clean-Up Kit,1,HO,General Hospital,HO,880.6250,N,N,Eligible,7
PWU,Clean-Up Kit,1,HO,General Hospital,HO,880.6890,N,N,Eligible,7
PWV,Delivery Room Apparel Kit,1,HO,General Hospital,HO,880.6250,N,N,Eligible,7
PWW,Fever Monitoring Kit,2,HO,General Hospital,HO,880.2910,N,N,Eligible,7
PWX,Insect Sting Emergency Kit,1,HO,General Hospital,HO,880.5740,N,N,Eligible,7
PWY,Lumbar Puncture Tray (Adult & Pediatric),2,HO,General Hospital,HO,880.5570,N,N,Eligible,7
PWZ,Mid-Stream Collection Kit,1,HO,General Hospital,HO,880.6730,N,N,Eligible,7
PXA,Oral Administration Set,1,HO,General Hospital,HO,880.6430,N,N,Eligible,7
PXB,Percutaneous Introducer Kit,2,HO,General Hospital,HO,880.5570,N,N,Eligible,7
PXC,Personal Protection Kit,1,HO,General Hospital,HO,880.6250,N,N,Eligible,7
PXD,Prep Kit,1,HO,General Hospital,HO,880.6250,N,N,Eligible,7
PXE,Pressure Monitoring (Air/Gas) Kit,1,AN,Anesthesiology,AN,868.2610,N,N,Ineligible,7
PXF,Sitz Bath Kit,1,HO,General Hospital,HO,880.6730,N,N,Eligible,7
PXG,Spill Kit,1,HO,General Hospital,HO,880.6890,N,N,Eligible,7
PXH,Thermometer Kit,2,HO,General Hospital,HO,880.2910,N,N,Eligible,7
PXI,Thoracentesis Tray,2,HO,General Hospital,HO,880.5570,N,N,Eligible,7
PXJ,Umbilical Catheter Insertion Tray,2,HO,General Hospital,HO,880.5200,N,N,Eligible,7
PXK,Vascular Access Port Kit,2,HO,General Hospital,HO,880.5965,N,N,Ineligible,7
PXL,Venipuncture Kit,2,HO,General Hospital,HO,880.5570,N,N,Eligible,7
PXM,Vomitus Clean-Up Kit,1,HO,General Hospital,HO,880.6890,N,N,Eligible,7
PXN,Basic Set-Up Tray,1,SU,"General, Plastic Surgery",SU,878.4800,N,N,Ineligible,7
PXO,Bone Marrow Biopsy Tray,1,SU,"General, Plastic Surgery",SU,878.4800,N,N,Ineligible,7
PXP,Breast Biopsy / Localization Tray,1,SU,"General, Plastic Surgery",SU,878.4800,N,N,Ineligible,7
PXQ,Burn Dressing Tray,1,SU,"General, Plastic Surgery",SU,878.4022,N,N,Ineligible,7
PXR,Cement And Bone Removal Kit,1,SU,"General, Plastic Surgery",SU,878.4820,N,N,Ineligible,7
PXS,Cholecystectomy Kit,1,SU,"General, Plastic Surgery",SU,878.4800,N,N,Ineligible,7
PXU,Fluid Drainage Tray,1,SU,"General, Plastic Surgery",SU,878.4200,N,N,Ineligible,7
PXV,General Purpose Instrument Tray,1,SU,"General, Plastic Surgery",SU,878.4800,N,N,Ineligible,7
PXW,Herniorraphy Kit,1,SU,"General, Plastic Surgery",SU,878.4800,N,N,Ineligible,7
PXX,Incision Tray,1,SU,"General, Plastic Surgery",SU,878.4800,N,N,Ineligible,7
PXY,Irrigation Kit (Wounds),1,SU,"General, Plastic Surgery",SU,878.4014,N,N,Ineligible,7
PXZ,Laparascopic Sphincterotomy Kit,1,SU,"General, Plastic Surgery",SU,878.4800,N,N,Ineligible,7
PYA,Liver Biopsy Kit,1,SU,"General, Plastic Surgery",SU,878.4800,N,N,Eligible,4
PYB,Minor Surgical Procedures Tray,1,SU,"General, Plastic Surgery",SU,878.4800,N,N,Ineligible,7
PYC,Paracentesis Tray,1,SU,"General, Plastic Surgery",SU,878.4200,N,N,Ineligible,7
PYD,Pelviscopy Kit,1,SU,"General, Plastic Surgery",SU,878.4800,N,N,Ineligible,7
PYE,Staple Removal Kit,1,SU,"General, Plastic Surgery",SU,878.4760,N,N,Ineligible,7
PYF,Sterile Puncture Tray,1,SU,"General, Plastic Surgery",SU,878.4800,N,N,Ineligible,7
PYG,Suction Catheter Kit,1,SU,"General, Plastic Surgery",SU,878.4200,N,N,Ineligible,7
PYH,Surgical Retractor Kit,1,SU,"General, Plastic Surgery",SU,878.4800,N,N,Ineligible,7
PYI,Thoracic Catheter Insertion Tray,1,SU,"General, Plastic Surgery",SU,878.4200,N,N,Ineligible,7
PYJ,Ulcer Wound Tray,1,SU,"General, Plastic Surgery",SU,878.4014,N,N,Ineligible,7
PYK,Venous Ulcer Kit,1,SU,"General, Plastic Surgery",SU,878.4014,N,N,Ineligible,7
PYL,Wound Drainage Kit,1,SU,"General, Plastic Surgery",SU,878.4014,N,N,Ineligible,7
PYN,"Fish (Fluorescence In Situ Hybridization) Kit, Nucleic Acid, Plasmodium Sp.",2,MI,Microbiology,MI,866.3367,N,N,Eligible,1
PYO,"Tape And Bandage, Adhesive, Adjustable Closing Mechanism, Otc Use",1,HO,General Hospital,SU,880.5240,N,N,Ineligible,4
PYP,Low-Density Lipoprotein (Ldl) Cholesterol Sub-Fraction Test,1,CH,Clinical Chemistry,CH,862.1475,N,N,Ineligible,1
PYQ,Rfid Chip For Dental Appliance,2,HO,General Hospital,HO,880.6300,N,N,Eligible,4
PYR,Neuraxial Administration Set - Intrathecal Delivery,2,HO,General Hospital,HO,880.5440,N,N,Eligible,1
PYS,Zika Virus Serological Reagents (Emergency Use),N,,Unknown,MI,,N,N,Eligible,8
PYT,"Device, Fertility Diagnostic, Contraceptive, Software Application",2,OB,Obstetrics/Gynecology,OB,884.5370,N,N,Ineligible,1
PYU,"Sponge, Eyelid Cleaning, Powered",1,SU,"General, Plastic Surgery",OP,878.4820,N,N,Ineligible,4
PYV,Hospital Continuous Glucose Monitoring System,2,CH,Clinical Chemistry,CH,862.1345,N,N,Ineligible,1
PYX,Temporary Non-Roller Type Right Heart Support Blood Pump,3,CV,Cardiovascular,CV,870.4360,N,Y,Ineligible,2
PZC,"Ablation System, High Intensity Focus Ultrasound (Hifu), Soft Tissue",N,,Unknown,SU,,N,N,Ineligible,3
PZE,"Sensor, Glucose, Invasive, Non-Adjunctive, Factory-Calibrated, User-Initiated",3,,Unknown,CH,,N,N,Ineligible,2
PZF,Mers-Cov And Common Respiratory Pathogens Multiplex Nucleic Acid Detection System,2,PA,Pathology,MI,866.4001,N,N,Eligible,1
PZG,Surgical Eye Tray,1,OP,Ophthalmic,OP,886.4350,N,N,Ineligible,7
PZH,Serpina1 Variant Detection System,2,IM,Immunology,IM,866.5130,N,N,Ineligible,1
PZI,Prescription Use Blood Glucose Meter For Near-Patient Testing,2,CH,Clinical Chemistry,CH,862.1345,N,N,Ineligible,1
PZJ,Lynch Syndrome Test System,2,IM,Immunology,PA,864.1866,N,N,Ineligible,1
PZK,Light Adjustable Lens (Lal) And Light Delivery Device (Ldd),3,OP,Ophthalmic,OP,886.3600,Y,N,Ineligible,2
PZL,Extracorporeal Shock Wave Device For Treatment Of Diabetic Foot Ulcers,2,SU,"General, Plastic Surgery",SU,878.4685,N,N,Ineligible,1
PZM,Next Generation Sequencing Based Tumor Profiling Test,2,PA,Pathology,PA,866.6080,N,N,Ineligible,1
PZN,Placental Growth Factor Test,N,,Unknown,TX,,N,N,Ineligible,3
PZO,Software For Visualization Of Vascular Anatomy And Intravascular Devices,2,RA,Radiology,CV,892.2050,N,N,Ineligible,1
PZP,Fluid Jet Removal System,2,SU,"General, Plastic Surgery",GU,876.4350,N,N,Eligible,1
PZQ,General Laparoscopic Power Morcellation Containment System,2,SU,"General, Plastic Surgery",SU,878.4825,N,N,Ineligible,1
PZR,Percutaneous Nerve Stimulator For Opioid Withdrawal,2,NE,Neurology,NE,882.5896,N,N,Ineligible,1
PZS,Dual Lumen Ecmo Cannula,2,CV,Cardiovascular,CV,870.4100,N,N,Ineligible,1
PZT,Peripheral Blood Processing Device For Osteoarthritis,N,,Unknown,HE,,N,N,Ineligible,3
PZU,Bone Marrow Processing Device For Clinical Use,N,,Unknown,HE,,N,N,Ineligible,3
PZV,Peripheral Blood Processing Device For Clinical Use,N,,Unknown,HE,,N,N,Ineligible,3
PZW,"Catheter Access Cover, Tamper-Resistant",2,HO,General Hospital,HO,880.5970,N,N,Ineligible,1
PZX,"Left Atrial Appendage Clip, Implantable",2,SU,"General, Plastic Surgery",CV,878.4300,Y,N,Eligible,1
PZY,"Additively Manufactured, Preformed, Resin Denture Tooth",2,DE,Dental,DE,872.3590,N,N,Ineligible,4
PZZ,Digital Pathology Display,2,PA,Pathology,PA,864.3700,N,N,Ineligible,1
QAA,Coccidioides Spp. Nucleic Acid Detection System For Respiratory Specimens,2,MI,Microbiology,MI,866.3376,N,N,Eligible,1
QAB,Pacing System Analyzer,2,CV,Cardiovascular,CV,870.3605,N,Y,Ineligible,1
QAC,Screw Sleeve Bone Fixation Device,2,OR,Orthopedic,OR,888.3043,Y,N,Ineligible,1
QAD,"Rod, Fixation, Intramedullary And Accessories, In-Vivo Cured, Light-Activated",2,OR,Orthopedic,OR,888.3023,Y,N,Ineligible,1
QAF,"Impedance Plethysmograph, Cranial",2,CV,Cardiovascular,NE,870.2770,N,N,Ineligible,1
QAG,Endoscopic Electrosurgical Clip Cutting System,2,OB,Obstetrics/Gynecology,GU,876.4310,N,N,Ineligible,1
QAI,Powered Microneedle Device,2,SU,"General, Plastic Surgery",SU,878.4430,N,N,Eligible,1
QAJ,Cutaneous Electrode Stimulator For Urinary Incontinence,2,GU,"Gastroenterology, Urology",GU,876.5330,N,N,Eligible,1
QAK,Non-Invasive Vagus Nerve Stimulator For Migraine Headache,2,NE,Neurology,NE,882.5892,N,N,Ineligible,1
QAN,"Stent, Iliac Vein",3,,Unknown,CV,,Y,Y,Ineligible,2
QAQ,Adjunctive Predictive Cardiovascular Indicator,2,CV,Cardiovascular,CV,870.2210,N,N,Ineligible,1
QAR,Thermal Vestibular Stimulator For Headache,2,NE,Neurology,NE,882.5893,N,N,Ineligible,1
QAS,Radiological Computer-Assisted Triage And Notification Software,2,RA,Radiology,RA,892.2080,N,N,Ineligible,1
QAT,Brain Trauma Assessment Test,2,IM,Immunology,IM,866.5830,N,N,Ineligible,1
QAU,Hemostatic Device For Endoscopic Gastrointestinal Use,2,SU,"General, Plastic Surgery",SU,878.4456,Y,N,Ineligible,1
QAV,High Flow/High Velocity Humidified Oxygen Delivery Device,2,AN,Anesthesiology,AN,868.5454,N,N,Ineligible,1
QAW,"Test, Tricyclic Antidepressants, Over The Counter",2,TX,Clinical Toxicology,TX,862.3910,N,N,Ineligible,1
QAX,Hemodialyzer With Expanded Solute Removal Profile,2,GU,"Gastroenterology, Urology",GU,876.5862,N,Y,Ineligible,1
QAZ,Cancer Predisposition Risk Assessment System,2,MG,Medical Genetics,PA,866.6090,N,N,Ineligible,1
QBA,Normothermic Machine Perfusion System For The Preservation Of Standard Criteria Donor Lungs Prior To Transplantation,3,,Unknown,GU,,N,N,Ineligible,2
QBB,Placental Alpha Microglobulin-1 Immunoassay,3,,Unknown,TX,,N,N,Ineligible,2
QBC,External Upper Limb Tremor Stimulator,2,NE,Neurology,NE,882.5897,N,N,Ineligible,1
QBD,Microbial Nucleic Acid Storage And Stabilization Device,2,MI,Microbiology,MI,866.2950,N,N,Ineligible,1
QBE,Cranial Sound Monitor,2,CV,Cardiovascular,NE,870.1875,N,N,Ineligible,1
QBF,"Test, Propoxyphene, Over The Counter",2,TX,Clinical Toxicology,TX,862.3700,N,N,Ineligible,1
QBG,"Assay, Oral Direct Thrombin Inhibitor",N,,Unknown,HE,,N,N,Ineligible,3
QBH,Lower Respiratory Microbial Nucleic Acid Detection System,2,MI,Microbiology,MI,866.3985,N,N,Ineligible,1
QBI,Acute Coronary Syndrome Event Detector,3,,Unknown,CV,,Y,N,Ineligible,2
QBJ,"Integrated Continuous Glucose Monitoring System, Factory Calibrated",2,CH,Clinical Chemistry,CH,862.1355,N,N,Ineligible,1
QBK,Meprobamate Test System,2,TX,Clinical Toxicology,TX,862.3590,N,N,Ineligible,1
QBL,Piston Syringe Lever,2,HO,General Hospital,HO,880.5860,N,N,Ineligible,1
QBN,"Mass Spectrometry, Maldi Tof, Microorganism Identification, Cultured Isolates",2,MI,Microbiology,MI,866.3378,N,N,Ineligible,1
QBO,Instruments Designed For Press-Fit Osteochondral Implants,2,OR,Orthopedic,OR,888.4505,N,N,Ineligible,4
QBP,"Cap, Device Disinfectant",2,HO,General Hospital,HO,880.5440,N,N,Ineligible,1
QBQ,"System, Microbial Growth Monitor Of Normally Sterile Body Fluid Culture",1,MI,Microbiology,MI,866.2560,N,N,Ineligible,1
QBR,Intranasal Electrostimulation Device For Dry Eye Symptoms,2,OP,Ophthalmic,OP,886.5310,N,N,Ineligible,1
QBS,Radiological Computer Assisted Detection/Diagnosis Software For Fracture,2,RA,Radiology,RA,892.2090,N,N,Ineligible,1
QBT,Artificial Iris,3,,Unknown,OP,,Y,N,Ineligible,2
QBV,Centrifuge For Preparation Of Cell Concentrate And/Or Plasma Concentrate,1,CH,Clinical Chemistry,HE,862.2050,N,N,Ineligible,4
QBW,Surgical Apparel With Material Claims,2,SU,"General, Plastic Surgery",HO,878.4040,N,N,Ineligible,1
QBX,Direct Blood Bacterial Nucleic Acid Detection System,2,MI,Microbiology,MI,866.3960,N,N,Ineligible,1
QBY,Positive Airway Pressure System,2,AN,Anesthesiology,AN,868.5273,N,N,Ineligible,1
QBZ,"Automated Platform Consisting Of Software And Instrumentation For Pooling And/Or Lysing Donor Blood, Serum, Or Plasma",1,CH,Clinical Chemistry,CH,862.2750,N,N,Ineligible,4
QCA,Intracranial Coil-Assist Stent,3,,Unknown,NE,,Y,N,Ineligible,2
QCB,Phakic Toric Intraocular Lens,3,OP,Ophthalmic,OP,886.3600,Y,N,Ineligible,2
QCC,Insulin Pump Therapy Adjustment Calculator For Healthcare Professionals,2,CH,Clinical Chemistry,CH,862.1358,N,N,Ineligible,1
QCD,"Continuous Glucose Monitor, Implanted, Adjunctive Use",3,,Unknown,CH,,Y,N,Ineligible,2
QCF,Electrical Tongue Stimulator To Treat Motor Deficits,2,NE,Neurology,NE,882.5889,N,N,Ineligible,1
QCG,"Filler, Bone Void, Calcium Compound, Lower Extremity Use, Use On Bone Marrow Lesions",N,,Unknown,OR,,Y,N,Ineligible,3
QCH,Assayed Quality Control Material For Clinical Microbiology Assays,2,MI,Microbiology,MI,866.3920,N,N,Ineligible,1
QCI,Transcranial Magnetic Stimulation System For Obsessive-Compulsive Disorder,2,NE,Neurology,NE,882.5802,N,N,Ineligible,1
QCJ,Closed Loop Auto Titration Device For Oral Appliances,2,DE,Dental,DE,872.5571,N,N,Ineligible,1
QCL,Acid-Sphingomyelinase (Asm) Newborn Screening Test System,2,CH,Clinical Chemistry,CH,862.1488,N,N,Ineligible,1
QCM,ß-Galactocerebrosidase (Galc) Newborn Screening Test System,2,CH,Clinical Chemistry,CH,862.1488,N,N,Ineligible,1
QCR,Wound Autofluorescence Imaging Device,1,SU,"General, Plastic Surgery",SU,878.4165,N,N,Ineligible,4
QCT,"Scaffold, Dissection Repair",3,,Unknown,CV,,Y,Y,Ineligible,2
QCU,Dengue Virus Antigen Assay,2,MI,Microbiology,MI,866.3945,N,N,Ineligible,1
QCW,Corneal Storage Media With Preservatives Including Anti-Fungal,2,OP,Ophthalmic,OP,886.4320,N,N,Ineligible,1
QCX,Retrograde Intubation Set,2,AN,Anesthesiology,AN,868.5095,N,N,Ineligible,1
QCY,Laser Absorbing Particles,2,SU,"General, Plastic Surgery",SU,878.4810,N,N,Ineligible,1
QCZ,"Mechanical And Enzymatic Autologous Skin Processor For Cell Suspension, With Applicator",3,,Unknown,HE,,N,Y,Ineligible,2
QDA,Electrocardiograph Software For Over-The-Counter Use,2,CV,Cardiovascular,CV,870.2345,N,N,Ineligible,1
QDB,Photoplethysmograph Analysis Software For Over-The-Counter Use,2,CV,Cardiovascular,CV,870.2790,N,N,Ineligible,1
QDC,Dna-Based Test For Minimal Residual Disease For Hematologic Malignancies,2,PA,Pathology,PA,866.6100,N,N,Ineligible,1
QDD,"Self-Fitting Air-Conduction Hearing Aid, Prescription",2,EN,"Ear, Nose, Throat",EN,874.3325,N,N,Ineligible,1
QDF,Parathyroid Autofluorescence Detection Device,2,SU,"General, Plastic Surgery",SU,878.4550,N,N,Ineligible,1
QDG,Parathyroid Autofluorescence Imaging Device,2,SU,"General, Plastic Surgery",SU,878.4550,N,N,Ineligible,1
QDH,Menopause Test System,2,CH,Clinical Chemistry,CH,862.1093,N,N,Ineligible,1
QDI,Fish Based Detection Of Chromosomal Abnormalities From Patients With Hematologic Malignancies,2,MG,Medical Genetics,PA,864.1880,N,N,Ineligible,1
QDJ,Direct-To-Consumer Access Pharmacogenetic Assessment System,2,MG,Medical Genetics,CH,862.3364,N,N,Ineligible,1
QDK,Integrated Continuous Glucose Monitoring System For Non-Intensive Diabetes Management,2,CH,Clinical Chemistry,CH,862.1355,N,N,Ineligible,1
QDL,Integrated Continuous Glucose Monitoring System For Professional Retrospective Use,2,CH,Clinical Chemistry,CH,862.1355,N,N,Ineligible,1
QDM,Midazolam Syringe,2,HO,General Hospital,HO,880.5860,N,N,Ineligible,1
QDO,Fentanyl And Other Opioid  Protection Glove,1,HO,General Hospital,HO,880.6250,N,N,Ineligible,1
QDP,Respiratory Panel,2,MI,Microbiology,MI,866.3985,N,N,Ineligible,1
QDQ,Radiological Computer Assisted Detection/Diagnosis Software For Lesions Suspicious For Cancer,2,RA,Radiology,RA,892.2090,N,N,Ineligible,1
QDR,"Plazomicin Test System, Immunoassay",2,TX,Clinical Toxicology,TX,862.3460,N,N,Ineligible,1
QDS,Mers-Cov And Common Respiratory Pathogens Semi-Quantitative And Quantitative Multiplex Nucleic Acid Detection System,2,PA,Pathology,MI,866.4001,N,N,Ineligible,1
QDT,Shoe With Adjustable Sole Units,1,PM,Physical Medicine,PM,890.3475,N,N,Ineligible,4
QDV,Iol Tray,1,OP,Ophthalmic,OP,886.4350,N,N,Ineligible,7
QDW,Phaco Kit,2,OP,Ophthalmic,OP,886.4670,N,N,Ineligible,7
QDY,Vitrectomy Kit,2,OP,Ophthalmic,OP,886.4150,N,N,Ineligible,7
QDZ,Qualitative Cytomegalovirus Nucleic Acid-Based Detection Device For Congenital Cytomegalovirus Infection,2,MI,Microbiology,MI,866.3181,N,N,Ineligible,1
QEA,Brain Injury Adjunctive Interpretive Oculomotor Assessment Aid,2,NE,Neurology,NE,882.1455,N,N,Ineligible,1
QEB,Ventilatory Electrical Impedance Tomograph,2,AN,Anesthesiology,AN,868.1505,N,N,Ineligible,1
QEC,"Forceps, Biopsy, Electric Surgical Hemostasis Within Tracheobronchial Tree",2,GU,"Gastroenterology, Urology",AN,876.4300,N,N,Ineligible,1
QEF,Pressure Ulcer Management Tool,1,GU,"Gastroenterology, Urology",GU,876.2100,N,N,Ineligible,4
QEH,"Piston Syringe With Neuraxial Connector  Epidural, Peripheral, And/Or Indirect Cerebral Spinal Fluid Contact  ",2,HO,General Hospital,HO,880.5860,N,N,Ineligible,1
QEI,Breast Milk Macronutrients Test System,2,CH,Clinical Chemistry,CH,862.1493,N,N,Ineligible,1
QEJ,Flushing Solution For Short Term Storage Of Veins At Room Temperature During Coronary Artery Bypass Graft Surgeries,2,GU,"Gastroenterology, Urology",GU,876.4100,N,Y,Ineligible,1
QEK,Angiographic Coronary Vascular Physiologic Simulation Software,2,CV,Cardiovascular,CV,870.1415,N,N,Ineligible,1
QEM,Cerebral Oximeter,2,CV,Cardiovascular,NE,870.2700,N,N,Ineligible,1
QEO,Light Attenuation Lenses For Migraine-Associated Light Sensitivity,1,NE,Neurology,NE,882.5811,N,N,Ineligible,4
QEP,Nucleic Acid Detection System For Non-Viral Microorganism(S) Causing Sexually Transmitted Infections,2,MI,Microbiology,MI,866.3393,N,N,Ineligible,1
QER,"Camera, Ophthalmic, Slit-Scanning",2,OP,Ophthalmic,OP,886.1120,N,N,Ineligible,1
QES,Reherniation Reduction Device,3,,Unknown,OR,,Y,N,Ineligible,2
QEW,Peripheral Mechanical Thrombectomy With Aspiration,2,CV,Cardiovascular,CV,870.5150,N,N,Eligible,1
QEX,Coronary Mechanical Thrombectomy With Aspiration,2,CV,Cardiovascular,CV,870.5150,N,N,Eligible,1
QEY,Mechanical Thrombolysis Catheter,2,CV,Cardiovascular,CV,870.5150,N,N,Eligible,1
QEZ,Aspiration Thrombectomy Catheter,2,CV,Cardiovascular,CV,870.5150,N,N,Eligible,1
QFA,Assay For Detection Of Proteases In Chronic Wounds,2,MI,Microbiology,MI,866.3231,N,N,Ineligible,1
QFB,Isocapnic Ventilation Device,2,HO,General Hospital,AN,868.5480,N,N,Ineligible,1
QFC,Negative Pressure Wound Therapy Device For Reduction Of Wound Complications,2,SU,"General, Plastic Surgery",SU,878.4783,N,N,Ineligible,1
QFD,Tens For Sinus Pain,2,NE,Neurology,NE,882.5890,N,N,Ineligible,1
QFF,Electromechanical Arm For A Transcranial Magnetic Stimulation System,2,NE,Neurology,NE,882.5805,N,N,Ineligible,1
QFG,Alternate Controller Enabled Insulin Infusion Pump,2,CH,Clinical Chemistry,CH,880.5730,N,N,Ineligible,1
QFI,Synthetic Next-Generation Sequencing Quality Control And Filler Material,N,,Unknown,PA,,N,N,Ineligible,3
QFJ,Intravascular Bleed Monitor,2,CV,Cardiovascular,CV,870.1345,N,N,Ineligible,1
QFK,Tumor Gene Profiling Test,N,,Unknown,PA,,N,N,Ineligible,3
QFM,Radiological Computer-Assisted Prioritization Software For Lesions,2,RA,Radiology,RA,892.2080,N,N,Ineligible,1
QFO,Zika Virus Serological Reagents,2,MI,Microbiology,MI,866.3935,N,N,Ineligible,1
QFP,Intraoperative Orthopedic Strain Sensor,2,OR,Orthopedic,OR,888.3090,N,N,Ineligible,1
QFQ,"Ingested, Transient, Space Occupying Device For Weight Management And/Or Weight Loss",2,GU,"Gastroenterology, Urology",GU,876.5982,N,N,Ineligible,1
QFR,Coagulation System For The Measurement Of Whole Blood Viscoelastic Properties,2,HE,Hematology,HE,864.5430,N,N,Ineligible,1
QFS,Monocyte Distribution Width Quantitative Measurement For Sepsis Risk Assessment,2,MI,Microbiology,MI,866.3215,N,N,Ineligible,1
QFT,Digital Therapeutic Software For Attention Deficit Hyperactivity Disorder,2,OB,Obstetrics/Gynecology,NE,882.5803,N,N,Ineligible,1
QFV,Implantable Pulse Generator,3,,Unknown,CV,,Y,Y,Ineligible,2
QFX,Diagnostic Neurosurgical Microscope Filter,2,NE,Neurology,NE,882.4950,N,N,Ineligible,1
QFZ,Gastroenterology-Urology Accessories To A Biopsy Instrument,1,GU,"Gastroenterology, Urology",GU,876.1080,N,N,Ineligible,4
QGA,Penile Implant Surgical Accessories,1,GU,"Gastroenterology, Urology",GU,876.3500,N,N,Eligible,4
QGB,Ureteral Stent Accessories,1,GU,"Gastroenterology, Urology",GU,876.4630,N,N,Ineligible,4
QGC,Suprapubic Catheter Accessories,1,GU,"Gastroenterology, Urology",GU,876.5100,N,N,Eligible,4
QGD,Implanted Mechanical/Hydraulic Urinary Continence Device Surgical Accessories,1,GU,"Gastroenterology, Urology",GU,876.5290,N,N,Eligible,4
QGE,"Biliary Stent, Drain, And Dilator Accessories",1,GU,"Gastroenterology, Urology",GU,876.5012,N,N,Ineligible,4
QGG,Esophageal Sheath With Distal Balloon Anchor,2,GU,"Gastroenterology, Urology",GU,876.1510,N,N,Ineligible,1
QGH,"Electroconvulsive Therapy Device For Catatonia, Major Depressive Disorder, And Bipolar Disorder",2,NE,Neurology,NE,882.5940,N,N,Ineligible,1
QGI,Air-Handling Apparatus Accessory,1,SU,"General, Plastic Surgery",HO,878.5080,N,N,Ineligible,4
QGJ,Corneal Inlay Inserter Handle,1,OP,Ophthalmic,OP,886.4355,N,N,Ineligible,4
QGK,"Balloon, Nasal Airway",1,EN,"Ear, Nose, Throat",EN,874.4420,N,N,Ineligible,4
QGL,Transcutaneous Nerve Stimulator For Adhd,2,NE,Neurology,NE,882.5898,N,N,Ineligible,1
QGM,"Focused Ultrasound System For Non-Thermal, Mechanical Tissue Ablation",2,SU,"General, Plastic Surgery",SU,878.4405,N,N,Ineligible,1
QGN,Lateral Flow Immunochromatography Assay For Host Infection Biomarkers,2,MI,Microbiology,MI,866.3230,N,N,Ineligible,1
QGO,Composite Resin Warmer,1,DE,Dental,DE,872.6100,N,N,Ineligible,4
QGP,Posterior Ratcheting Rod System,N,,Unknown,OR,,Y,N,Ineligible,6
QGQ,Bone Indentation Device,2,OR,Orthopedic,OR,888.1600,N,N,Ineligible,1
QGT,Distal Transcutaneous Electrical Stimulator For Treatment Of Acute Migraine,2,NE,Neurology,NE,882.5899,N,N,Ineligible,1
QGU,Hemoglobin For Donor Testing,2,HE,Hematology,HE,864.7500,N,N,Ineligible,1
QGX,General Use Pneumatic Tourniquet,1,SU,"General, Plastic Surgery",SU,878.5910,N,N,Ineligible,4
QGY,Mobile / Tablet Software Application To Control Settings Of Surgical And Endoscopic Camera,2,GU,"Gastroenterology, Urology",SU,876.1500,N,N,Ineligible,1
QGZ,Electrical Tumor Treatment Fields,3,,Unknown,AN,,N,Y,Ineligible,6
QHA,X-Ray Angiographic Imaging Based Coronary Vascular Simulation Software Device,2,RA,Radiology,RA,892.1600,N,N,Ineligible,1
QHC,"Instrument, Biopsy, Core, Soft Tissue, Female Reproductive Organs",2,GU,"Gastroenterology, Urology",OB,876.1075,N,N,Ineligible,1
QHE,Shoulder Arthroplasty Implantation System,2,OR,Orthopedic,OR,888.3660,N,N,Ineligible,1
QHF,Energy Based Device For Treatment Of Tattoos,2,SU,"General, Plastic Surgery",SU,878.4810,N,N,Ineligible,1
QHG,Defect Measurement Tool,2,OR,Orthopedic,OR,888.4510,N,N,Ineligible,1
QHH,Non-Implanted Nerve Stimulator For Pain Associated With Irritable Bowel Syndrome (Ibs),2,GU,"Gastroenterology, Urology",GU,876.5340,N,N,Ineligible,1
QHJ,"Sensor, Glucose, Implanted, Non-Adjunctive Use",3,,Unknown,CH,,Y,N,Ineligible,2
QHM,Serology Tests Used For Infectious Disease Screening Of Blood And Plasma Donations,U,MI,Microbiology,MI,610.40,N,N,Ineligible,3
QHO,Nucleic-Acid Tests Used For Infectious Disease Screening Of Blood And Plasma Donations,U,MI,Microbiology,MI,610.40,N,N,Ineligible,3
QHP,Vertebral Body Tethering System,N,,Unknown,OR,,Y,N,Ineligible,6
QHQ,Total Shoulder Arthroplasty System,2,OR,Orthopedic,OR,888.3660,Y,N,Ineligible,1
QHR,Blood Grouping Reagent,U,HE,Hematology,HE,660.20,N,N,Ineligible,3
QHS,Anti-Human Globulin,U,HE,Hematology,HE,660.50,N,N,Ineligible,3
QHT,Reagent Red Blood Cells,U,HE,Hematology,HE,660.30,N,N,Ineligible,3
QHV,Multiple Osteoarticular Pathogen Antigen Kit,N,,Unknown,MI,,N,N,Ineligible,3
QHW,Single Lumen Ecmo Cannula,2,CV,Cardiovascular,CV,870.4100,N,N,Ineligible,1
QHX,Fluoroscopic X-Ray Image Intensifier,1,RA,Radiology,RA,892.1960,N,N,Ineligible,4
QHY,Solid State Fluoroscopic X-Ray Imager,2,RA,Radiology,RA,892.1650,N,N,Ineligible,1
QHZ,"Seal, Cervical, Mechanical, Unpowered",1,OB,Obstetrics/Gynecology,OB,884.1690,N,N,Ineligible,4
QIA,Powered Tongue Scraper,1,DE,Dental,DE,872.6865,N,N,Ineligible,4
QIC,Hiv-1 Genotyping Assay Using Ngs Technology,2,MG,Medical Genetics,MI,866.3955,N,N,Ineligible,1
QID,Device To Detect Antigens Of Biothreat Microbial Agents In Human Clinical Specimens,2,MI,Microbiology,MI,866.4002,N,Y,Ineligible,1
QIG,"Quality Control Material, Genetics, Rna",2,MI,Microbiology,MG,866.5910,N,N,Ineligible,4
QIH,Automated Radiological Image Processing Software,2,RA,Radiology,RA,892.2050,N,N,Ineligible,1
QII,Integrated Continuous Glucose Monitoring System For Professional Directed Retrospective Or Real-Time Use,2,CH,Clinical Chemistry,CH,862.1355,N,N,Ineligible,1
QIJ,Endoscopic Transhepatic Venous Access Needle,2,GU,"Gastroenterology, Urology",GU,876.1050,N,N,Ineligible,1
QIK,Organ Care System (Ocs) Heart System,3,,Unknown,CV,,N,Y,Ineligible,2
QIM,Bartonella Spp. Serological Reagents,N,,Unknown,MI,,N,N,Ineligible,3
QIN,Babesia Spp. Serological Reagents,N,,Unknown,MI,,N,N,Ineligible,3
QIO,Anaplasma Spp. And Ehrlichia Spp. Serological Reagents,N,,Unknown,MI,,N,N,Ineligible,3
QIP,Rickettsia Spp. (Spotted Fever Group Or Typhus Group) Serological Reagents,N,,Unknown,MI,,N,N,Ineligible,3
QIQ,Orientia Spp. (Scrub Typhus) Serological Reagents,N,,Unknown,MI,,N,N,Ineligible,3
QIR,Pediatric Hemodialysis System,2,GU,"Gastroenterology, Urology",GU,876.5861,N,Y,Ineligible,1
QIS,"Esophageal, Mucosal, Electrical Characterization",2,GU,"Gastroenterology, Urology",GU,876.1450,N,N,Ineligible,1
QIT,Daily Wear Soft Contact Lens To Reduce The Progression Of Myopia,3,,Unknown,OP,,N,N,Ineligible,2
QIU,Intense Pulsed Light Device For Managing Dry Eye,2,OP,Ophthalmic,OP,886.5201,N,N,Ineligible,1
QIV,Culture-Based Short-Term Incubation Antimicrobial Resistance Assay,2,MI,Microbiology,MI,866.1655,N,N,Ineligible,1
QIX,"System, Transdermal Delivery, Cder Or Cber Led",N,,Unknown,HO,,N,N,Ineligible,3
QIY,"Nasal Spray, Systemic Delivery, Cder Or Cber Led",N,,Unknown,HO,,N,N,Ineligible,3
QIZ,"Material, Implantable For Controlled Release, Cder Or Cber Led",N,,Unknown,HO,,N,N,Ineligible,3
QJA,Tympanostomy Tube Delivery Product With Drug,3,,Unknown,EN,,Y,N,Ineligible,2
QJB,"Adjunct Monitor, Protein Calorie Malnutrition",2,CV,Cardiovascular,GU,870.2770,N,N,Ineligible,1
QJC,Plaque Disclosing Agent,1,DE,Dental,DE,872.6855,N,N,Ineligible,4
QJD,Absorbable Metallic Bone Fixation Fastener,2,OR,Orthopedic,OR,888.3041,Y,Y,Ineligible,1
QJE,Muscular Dystrophy Newborn Screening Test,2,CH,Clinical Chemistry,CH,862.1506,N,N,Ineligible,1
QJF,Autofluorescence Imaging Adjunct Tool For Wounds,2,SU,"General, Plastic Surgery",SU,878.4550,N,N,Ineligible,1
QJG,"Device System, Imaging, Tympanic Membrane And Middle Ear",2,RA,Radiology,EN,892.1560,N,N,Ineligible,1
QJH,Reverse Central Venous Recanalization System,2,CV,Cardiovascular,CV,870.1342,N,N,Ineligible,1
QJI,Interoperable Automated Glycemic Controller,2,CH,Clinical Chemistry,CH,862.1356,N,N,Ineligible,1
QJJ,Indirect Bonding Tray,1,DE,Dental,DE,872.5410,N,N,Ineligible,4
QJK,Intraoral Camera,2,DE,Dental,DE,872.3661,N,N,Ineligible,4
QJL,"Splint, Intranasal Septal, Cber Led",1,EN,"Ear, Nose, Throat",EN,874.4780,N,N,Ineligible,4
QJN,"Laparoscopic Accessories, Esophageal Sizing",2,GU,"Gastroenterology, Urology",GU,876.5360,N,N,Ineligible,1
QJP,"Catheter, Percutaneous, Neurovasculature",2,CV,Cardiovascular,NE,870.1250,N,N,Ineligible,1
QJQ,Cranial Electrotherapy Stimulator To Treat Insomnia And/Or Anxiety,2,NE,Neurology,NE,882.5800,N,N,Ineligible,1
QJR,"Reagents, 2019-Novel Coronavirus Nucleic Acid",N,,Unknown,MI,,N,N,Ineligible,8
QJS,"Interoperable Automated Glycemic Controller, Insulin Suspend",2,CH,Clinical Chemistry,CH,862.1356,N,N,Ineligible,1
QJT,Rigid Sterilization Container With Software,2,HO,General Hospital,HO,880.6855,N,N,Ineligible,1
QJU,Image Acquisition And/Or Optimization Guided By Artificial Intelligence,2,RA,Radiology,RA,892.2100,N,N,Ineligible,1
QJX,Caries Detection Product With Drug Or Biologic,3,,Unknown,DE,,N,N,Ineligible,2
QJY,"Infusion Pump, Drug Specific, Pharmacy-Filled",2,HO,General Hospital,HO,880.5725,N,N,Ineligible,1
QJZ,Extracorporeal System For Long-Term Respiratory / Cardiopulmonary Failure,2,CV,Cardiovascular,CV,870.4100,N,Y,Ineligible,1
QKA,Temporarily-Placed Urethral Opening System For Symptoms Of Benign Prostatic Hyperplasia,2,GU,"Gastroenterology, Urology",GU,876.5510,N,N,Ineligible,1
QKB,Radiological Image Processing Software For Radiation Therapy,2,RA,Radiology,RA,892.2050,N,N,Ineligible,1
QKC,"Interactive Rehabilitation Exercise Device, Prescription Use",2,PM,Physical Medicine,PM,890.5360,N,N,Ineligible,4
QKD,"Massager, Therapeutic, To Internally Massage Trigger Points In The Pelvic Floor Musculature, Prescription Use",2,PM,Physical Medicine,PM,890.5670,N,N,Ineligible,4
QKE,"Immunoassay, Pregnanediol Glucuronide, Over The Counter",1,CH,Clinical Chemistry,TX,862.1620,N,N,Ineligible,4
QKF,"Immunocytochemistry Assay, P16/Ki-67",3,HE,Hematology,PA,864.1860,N,N,Ineligible,2
QKH,Assisted Reproduction Laminar Flow Workstation,2,OB,Obstetrics/Gynecology,OB,884.6120,N,N,Ineligible,4
QKI,"Media, Reproductive, Exempt",2,OB,Obstetrics/Gynecology,OB,884.6180,N,N,Ineligible,4
QKJ,"Stent, Central Venous",3,,Unknown,CV,,Y,N,Ineligible,2
QKL,Lipoaspirate Washing System For Aesthetic Body Contouring,2,SU,"General, Plastic Surgery",SU,878.5040,N,N,Ineligible,1
QKM,A Chemical Vapor Sterilization Multivariable Chemical Indicator,2,HO,General Hospital,HO,880.2800,N,N,Ineligible,1
QKO,"Reagent, Coronavirus Serological",N,,Unknown,MI,,N,N,Ineligible,8
QKP,Coronavirus Antigen Detection Test System.,N,,Unknown,MI,,N,N,Ineligible,8
QKQ,Digital Pathology Image Viewing And Management Software,2,PA,Pathology,PA,864.3700,N,N,Ineligible,1
QKR,Face Mask Within The Scope Of The Face Mask And Barrier Face Covering Enforcement Policy Or Face Mask Umbrella Eua,N,,Unknown,HO,,N,N,Ineligible,7
QKS,"Inhaler, Metered Dose Or Dry Powder, Cder Or Cber Led",N,,Unknown,AN,,N,N,Ineligible,3
QKT,Clozapine Test System,2,CH,Clinical Chemistry,TX,862.3245,N,N,Ineligible,1
QKU,Non-Niosh-Approved Disposable Filtering Facepiece Respirators (Ffrs),N,,Unknown,HO,,N,N,Ineligible,8
QKV,Electromechanical Tear Stimulator,2,OP,Ophthalmic,OP,886.5305,N,N,Ineligible,1
QKW,Shoulder Joint Humeral (Hemi-Shoulder) Ceramic Head/Metallic Stem Cemented Or Uncemented Prosthesis,2,OR,Orthopedic,OR,888.3695,Y,N,Ineligible,1
QKY,Decontamination Systems For N95 Respirators,N,,Unknown,HO,,N,N,Ineligible,8
QKZ,Magnetically Maneuvered Capsule Endoscopy System,2,GU,"Gastroenterology, Urology",GU,876.1310,N,N,Ineligible,1
QLC,Interleukin 6,N,,Unknown,IM,,N,N,Ineligible,8
QLD,Protective Barrier Enclosure,N,,Unknown,HO,,N,N,Ineligible,8
QLE,Protective Barrier Enclosure With Negative Pressure,N,,Unknown,HO,,N,N,Ineligible,8
QLF,On-Body Injector,2,HO,General Hospital,HO,880.5860,N,N,Ineligible,3
QLG,"Integrated Continuous Glucose Monitoring System, Factory Calibrated, Not For Use With Automated Insulin Delivery Systems",2,CH,Clinical Chemistry,CH,862.1355,N,N,Ineligible,1
QLH,"System, Intravaginal, For Controlled Release Of Drug Substance, Cder Or Cber Led",N,,Unknown,OB,,N,N,Ineligible,3
QLI,"Vaporizer, Cder Or Cber Led",N,,Unknown,AN,,N,N,Ineligible,3
QLJ,Patient Monitor With Independent Remote Display And Operation,N,,Unknown,CV,,N,N,Ineligible,8
QLK,"Stimulator, Neuromuscular, Lower Back Muscles, Totally Implanted For Pain Relief",3,,Unknown,NE,,Y,N,Ineligible,2
QLL,Left Ventricular Ejection Fraction Screening Tool,N,,Unknown,CV,,N,N,Ineligible,8
QLM,"Intensive Care Unit, Respiratory Failure And Hemodynamic Instability Tool",N,,Unknown,CV,,N,N,Ineligible,8
QLN,Extracorporeal System For Carbon Dioxide Removal For The Treatment Of Covid-19,N,,Unknown,CV,,N,Y,Ineligible,8
QLO,Immunoadsorption Column For Emergency Use,N,,Unknown,GU,,N,Y,Ineligible,8
QLQ,Manual Instruments Designed For Use With Total Disc Replacement Devices,2,OR,Orthopedic,OR,888.4515,N,N,Ineligible,1
QLR,Manual Instruments Designed For Use With Non-Fusion Spinous Process Spacer Devices,2,OR,Orthopedic,OR,888.4520,N,N,Ineligible,1
QLT,Covid-19 Multi-Analyte Respiratory Panel Nucleic Acid Devices,N,,Unknown,MI,,N,N,Ineligible,8
QLU,"Anti-Factor Xa Activity Test System, Apixaban",2,HE,Hematology,HE,864.7295,N,N,Ineligible,1
QLV,Field Generator Positioning Device,1,NE,Neurology,EN,882.4565,N,N,Ineligible,4
QLW,Covid-19 Test Home Collection Kit Devices,N,,Unknown,MI,,N,N,Ineligible,8
QLX,Nucleic Acid Amplification Test For The Quantitation Of Epstein-Barr Virus (Ebv) Dna,2,MI,Microbiology,MI,866.3183,N,N,Ineligible,1
QLY,Ophthalmic Syringe,2,HO,General Hospital,HO,880.5860,N,N,Ineligible,1
QLZ,"Septostomy Catheter, Reprocessed",2,CV,Cardiovascular,CV,870.5175,N,N,Ineligible,1
QMA,Blood Collection Device For Cell-Free Nucleic Acid,2,CH,Clinical Chemistry,CH,862.1676,N,N,Ineligible,1
QMC,"Transport Medium, Notified Per The Vtm Guidance",1,MI,Microbiology,MI,866.2390,N,N,Ineligible,1
QMD,Transcranial Magnetic Stimulation System For Smoking Cessation,2,NE,Neurology,NE,882.5802,N,N,Ineligible,1
QME,"Software For Optical Camera-Based Measurement Of Pulse Rate, Heart Rate, Breathing Rate, And/Or Respiratory Rate",2,CV,Cardiovascular,CV,870.2785,N,N,Ineligible,1
QMF,"Mask, Surgical, Eua Authorized",N,,Unknown,HO,,N,N,Ineligible,8
QMG,Shockwave Intravascular Lithotripsy System,3,,Unknown,CV,,N,N,Ineligible,2
QMI,Nucleic Acid Amplification Test For The Quantitation Of Bk Virus (Bk) Dna,2,MI,Microbiology,MI,866.3183,N,N,Ineligible,1
QMJ,Powered Radiofrequency Toothbrush,2,DE,Dental,DE,872.6866,N,N,Ineligible,1
QML,Anal Fistula Closure Device,2,SU,"General, Plastic Surgery",SU,878.4835,Y,N,Ineligible,1
QMM,Hydrophilic Re-Coating Solution,2,OP,Ophthalmic,OP,886.5919,N,N,Ineligible,1
QMN,Covid-19 Multi-Analyte Antigen Device,N,,Unknown,MI,,N,N,Ineligible,8
QMS,Adjunctive Open Loop Fluid Therapy Recommender,2,CV,Cardiovascular,CV,870.5600,N,N,Ineligible,1
QMT,Prep Kit  Vaccine Injection,2,HO,General Hospital,HO,880.5570,N,N,Ineligible,7
QMV,Device To Detect And Identify Selected Microbial Agents That Cause Acute Febrile Illness,2,MI,Microbiology,MI,866.3966,N,N,Ineligible,1
QMW,Coronary Artery Disease Risk Indicator From Acoustic Heart Signals,2,CV,Cardiovascular,CV,870.1420,N,N,Ineligible,1
QMX,"Label Or Tag, Non-Sterile",1,SU,"General, Plastic Surgery",HO,878.4800,N,N,Ineligible,4
QMY,Computerized Behavioral Therapy Device For Treating Symptoms,2,GU,"Gastroenterology, Urology",GU,876.5960,N,N,Ineligible,1
QMZ,Digital Therapy Device To Reduce Sleep Disturbance For Psychiatric Conditions,2,NE,Neurology,NE,882.5705,N,N,Ineligible,1
QNA,Ultrasonic Urinary Stone Propulsion Device,2,GU,"Gastroenterology, Urology",GU,876.4690,N,N,Ineligible,1
QNB,Plasma Processing System For Converting Alpha To Pre-Beta High-Density Lipoprotein,f,,Unknown,GU,,N,N,Ineligible,6
QNC,Whole Exome Sequencing Constituent Device,2,MG,Medical Genetics,PA,866.6000,N,N,Ineligible,1
QNE,Endoscopic Pancreatic Debridement Device,2,GU,"Gastroenterology, Urology",GU,876.4330,N,N,Ineligible,1
QNF,Laser Activator For Polymerization,2,DE,Dental,DE,872.6070,N,N,Ineligible,1
QNH,"Immunohistochemistry Test, Dna Mismatch Repair (Mmr) Protein Assay",3,HE,Hematology,PA,864.1860,N,N,Ineligible,2
QNI,Resorbable Implant For Anterior Cruciate Ligament (Acl) Repair,2,OR,Orthopedic,OR,888.3044,Y,N,Ineligible,1
QNJ,"Mass Spectrometry, Microorganism Identification, Blood Culture",2,MI,Microbiology,MI,866.3378,N,N,Ineligible,1
QNK,Optoacoustic Imaging System,3,,Unknown,RA,,N,N,Ineligible,2
QNL,Medium-Term Adjunctive Predictive Cardiovascular Indicator,2,CV,Cardiovascular,CV,870.2210,N,N,Ineligible,1
QNM,Mountable Electromechanical Surgical System For Transluminal Approaches,2,SU,"General, Plastic Surgery",SU,878.4961,N,N,Ineligible,1
QNN,"Prosthesis, Total Talus Replacement, Metal",f,,Unknown,OR,,Y,N,Ineligible,6
QNO,Neuromuscular Tongue Muscle Stimulator For The Reduction Of Snoring And Obstructive Sleep Apnea,2,DE,Dental,DE,872.5575,N,N,Ineligible,1
QNP,Gastrointesinal Lesion Software Detection System,2,GU,"Gastroenterology, Urology",GU,876.1520,N,N,Ineligible,1
QNQ,Low Dead Space Piston Syringe,2,HO,General Hospital,HO,880.5860,N,N,Ineligible,1
QNR,"Blood Pump For Ecmo, Long-Term (> 6 Hours) Use",2,CV,Cardiovascular,CV,870.4100,N,Y,Ineligible,1
QNS,"Low Dead Space Needle, Single Lumen, Hypodermic",2,HO,General Hospital,HO,880.5570,N,N,Ineligible,1
QNU,Transcutaneous Electrical Nerve Stimulator For The Relief Of Congestion,2,EN,"Ear, Nose, Throat",EN,874.6000,N,N,Ineligible,1
QNV,Adjunctive Hemodynamic Indicator With Decision Point,2,CV,Cardiovascular,CV,870.2220,N,N,Ineligible,1
QNW,Reprocessed Bronchoscope,2,EN,"Ear, Nose, Throat",EN,874.4680,N,N,Ineligible,1
QNX,External Compression Device For Internal Jugular Vein Compression,2,NE,Neurology,PM,890.3050,N,N,Ineligible,1
QNY,Remote Or Wearable Patient Monitoring Device For Drug Induced Qt Prolongation Monitoring,N,,Unknown,CV,,N,N,Ineligible,8
QNZ,Powered Communication System For Emergency Use,N,,Unknown,CV,,N,N,Ineligible,8
QOA,Ppg Sensor Wearable For Hypercoagulation Detection And Covid-19 Screening,N,,Unknown,CV,,N,N,Ineligible,8
QOC,Temporary Non-Roller Type Left Or Right Heart Support Blood Pump,N,,Unknown,CV,,N,N,Ineligible,8
QOD,Extracorporeal Circuit And Accessories For Long Term Respiratory Cariodpulmonary Failure,N,,Unknown,CV,,N,N,Ineligible,8
QOF,Multi-Target Respiratory Specimen Nucleic Acid Test Including Sars-Cov-2 And Other Microbial Agents,2,MI,Microbiology,MI,866.3981,N,N,Ineligible,1
QOG,Injection Data Capture Device,2,HO,General Hospital,HO,880.5860,N,N,Ineligible,1
QOH,Extracorporeal System For Carbon Dioxide Removal,2,CV,Cardiovascular,CV,870.4150,N,N,Ineligible,1
QOI,Intravenous Catheter Force-Activated Separation Device.,2,HO,General Hospital,HO,880.5220,N,N,Ineligible,1
QOJ,"Apparatus, Suction, Operating-Room, Wall Vacuum Powered (Export Only)",N,,Unknown,SU,,N,N,Ineligible,3
QOK,Hardware And Software For Optical Camera-Based Measurement Of Heart Rate And Respiratory Rate,2,CV,Cardiovascular,CV,870.2786,N,N,Ineligible,1
QOL,Electroencephalography (Eeg)-Driven Upper Extremity Powered Exerciser,2,NE,Neurology,PM,890.5420,N,N,Ineligible,1
QON,Implanted Electrical Device Intended For Treatment Of Fecal Incontinence,3,GU,"Gastroenterology, Urology",GU,876.5270,Y,N,Ineligible,2
QOO,Ventilator Tubing And Accessories,N,,Unknown,EN,,N,N,Ineligible,8
QOP,Respiratory Humidifier For Emergency Use,N,,Unknown,EN,,N,N,Ineligible,8
QOQ,Non-Continuous Ventilator For Emergency Use,N,,Unknown,AN,,N,N,Ineligible,8
QOR,"Continuous Ventilator, Minimal Ventilatory Support",N,,Unknown,AN,,N,N,Ineligible,8
QOS,Continuous Ventilator,N,,Unknown,EN,,N,N,Ineligible,8
QOT,Emergency Ventilator,N,,Unknown,AN,,N,N,Ineligible,8
QOU,Emergency Resuscitator,N,,Unknown,AN,,N,N,Ineligible,8
QOV,Critical Care Ventilator,N,,Unknown,EN,,N,N,Ineligible,8
QOW,Ventilatory Assistance Helmet,N,,Unknown,AN,,N,N,Ineligible,8
QOX,Multi-Patient Circuit Connector,N,,Unknown,EN,,N,N,Ineligible,8
QOZ,Barrier Face Covering Within The Scope Of The Face Mask And Barrier Face Covering Enforcement Policy,N,,Unknown,HO,,N,N,Ineligible,7
QPB,"System, Suction, Lipoplasty For Removal",2,SU,"General, Plastic Surgery",SU,878.5040,N,N,Ineligible,1
QPC,"Gown, Non-Sterile, Non-Isolation, Intended To Provide Moderate Or High Barrier Protection",2,SU,"General, Plastic Surgery",HO,878.4040,N,N,Ineligible,1
QPD,Personal Lubricant Ring,2,OB,Obstetrics/Gynecology,OB,884.5300,N,N,Ineligible,1
QPE,Phototherapy Device For Reducing The Appearance Of Acute Post-Surgical Incisions,2,SU,"General, Plastic Surgery",SU,878.4880,N,N,Ineligible,1
QPF,Pediatric Autism Spectrum Disorder Diagnosis Aid,2,NE,Neurology,NE,882.1491,N,N,Ineligible,1
QPK,Eua Faceshields,N,,Unknown,HO,,N,N,Ineligible,7
QPL,"Electromagnetic Stimulator, Pain Relief",2,NE,Neurology,PM,882.5890,N,N,Ineligible,1
QPN,Software Algorithm Device To Assist Users In Digital Pathology,2,PA,Pathology,PA,864.3750,N,N,Ineligible,1
QPO,Device To Preserve And Stabilize Relative Abundances Of Microbial Nucleic Acids In Clinical Samples,2,MI,Microbiology,MI,866.2952,N,N,Ineligible,1
QPP,Implantable Post-Surgical Kinematic Measurement Knee Device,2,OR,Orthopedic,OR,888.3600,Y,N,Ineligible,1
QPQ,"Shoulder Spacer For Massive Irreparable Rotator Cuff Tear, Resorbable, Inflatable,  Non-Fixed",2,OR,Orthopedic,OR,888.3630,Y,N,Ineligible,1
QPR,Neurological Stimulation For Emergency Use,N,,Unknown,AN,,N,N,Ineligible,8
QPS,Immunoassay For Host Biomarkers Of Infection,2,MI,Microbiology,MI,866.3215,N,N,Ineligible,1
QPT,"Stimulator, Tibial, Electrical, Implantable, For Urinary Incontinence",3,,Unknown,GU,,Y,N,Ineligible,2
QPW,"Reagents And Transportation Supplies, Sodium Citrate Blood Specimen Collection Tube",N,,Unknown,HE,,N,N,Ineligible,8
QPX,"Negative Pressure Wound Therapy, Non-Powered Suction Pump, Chemical",2,SU,"General, Plastic Surgery",SU,878.4683,N,N,Ineligible,1
QPY,"Stimulator, Autonomic Nerve, Implanted For Stroke Rehabilitation",3,,Unknown,PM,,Y,N,Ineligible,2
QPZ,Contact Cooling For Skin Lesion Pain Relief,2,SU,"General, Plastic Surgery",SU,878.4340,N,N,Ineligible,1
QQB,Prognostic Test For Assessment Of Liver Related Disease Progression,2,CH,Clinical Chemistry,CH,862.1622,N,N,Ineligible,1
QQC,Brain Stimulation Programming Planning Software.,2,NE,Neurology,NE,882.5855,N,N,Ineligible,1
QQE,Image Management Software For Planning Of Otologic And Neurotologic Procedures,2,RA,Radiology,EN,892.2050,N,N,Ineligible,1
QQF,Skin Microneedling Manual/Automated Device (Export Only),N,,Unknown,SU,,N,N,Ineligible,3
QQG,Oropharyngeal Electrical Stimulator,2,EN,"Ear, Nose, Throat",EN,874.5950,N,N,Ineligible,1
QQH,Powered Insertion System For A Cochlear Implant Electrode Array,2,EN,"Ear, Nose, Throat",EN,874.4450,N,N,Ineligible,1
QQI,Interventional Cardiovascular Implant Simulation Software Device,2,CV,Cardiovascular,CV,870.1405,N,N,Ineligible,1
QQJ,"Applicator, Negative Pressure, External, Ocular",2,OP,Ophthalmic,OP,886.5000,N,N,Ineligible,1
QQK,Normothermic Machine Perfusion System For The Preservation Of Donor Livers Prior To Transplantation,3,,Unknown,GU,,N,Y,Ineligible,2
QQO,Cranial Measurement Software,1,SU,"General, Plastic Surgery",NE,878.4800,N,N,Ineligible,4
QQQ,"Guide And Positioner, Ophthalmic Drug Delivery Device",1,OP,Ophthalmic,OP,886.4300,N,N,Ineligible,3
QQR,Circumcision Device With Stapler,2,OB,Obstetrics/Gynecology,GU,884.4530,N,N,Ineligible,1
QQS,"Stapler, Skin",1,HO,General Hospital,SU,878.4740,N,N,Ineligible,4
QQT,"Immunohistochemistry Assay, Antibody, Ki-67",3,,Unknown,PA,,N,N,Ineligible,2
QQU,Digital Therapy Device For Amblyopia,2,OP,Ophthalmic,OP,886.5500,N,N,Ineligible,1
QQV,Automated System For Sample Preparation And Identification Of Microorganisms From Cultured Isolates By Mass Spectrometry,2,MI,Microbiology,MI,866.3378,N,N,Ineligible,1
QQX,Respiratory Specimen Nucleic Acid Sars-Cov-2 Test,2,MI,Microbiology,MI,866.3981,N,N,Ineligible,1
QQY,Culture Plate Imaging System For Qualitative Assessment Of Resistant Organisms,2,MI,Microbiology,MI,866.2190,N,N,Ineligible,1
QRA,Virtual Reality Behavioral Therapy Device For Pain Relief,2,NE,Neurology,PM,890.5800,N,N,Ineligible,1
QRB,"Stimulator, Spinal-Cord, Totally Implanted For Relief Of Pain Due To Diabetic Neuropathy",3,,Unknown,NE,,Y,N,Ineligible,2
QRC,Non-Implanted Electrical Stimulation Device For Management Of Premature Ejaculation,2,GU,"Gastroenterology, Urology",GU,876.5026,N,N,Ineligible,1
QRF,Multi-Analyte Test System With Algorithmic Analysis For Detection Of Prostate Cancer,3,,Unknown,IM,,N,N,Ineligible,2
QRG,Ultrasound Guided Nerve Block Assist,2,AN,Anesthesiology,AN,868.1980,N,N,Ineligible,1
QRH,"Catheter, Balloon, Urethral, Drug-Coated",3,,Unknown,GU,,N,N,Ineligible,2
QRI,Surgical Planning Software For Neurological Stereotaxic Instruments,2,NE,Neurology,NE,882.4560,N,N,Ineligible,1
QRJ,Laser-Powered Inferior Vena Cava Filter Retrieval Catheter,2,CV,Cardiovascular,CV,870.5125,N,N,Ineligible,1
QRK,Single Use Only Blood Lancet Without An Integral Sharps Injury Prevention Feature,2,SU,"General, Plastic Surgery",SU,878.4850,N,N,Ineligible,1
QRL,Multiple Use Blood Lancet For Single Patient Use Only,2,SU,"General, Plastic Surgery",SU,878.4850,N,N,Ineligible,1
QRM,Multiple Use Blood Lancet For Multiple Patient Use,3,SU,"General, Plastic Surgery",SU,878.4850,N,N,Ineligible,2
QRN,Radiation Therapy Marking Device,2,RA,Radiology,RA,892.5785,N,N,Ineligible,1
QRQ,Non-Irrigation Endosseous Dental Implant Drill Bits,1,DE,Dental,DE,872.3980,N,N,Ineligible,4
QRR,"Filler, Bone Void, Calcium Compound Containing Single Approved Aminoglycoside",2,OR,Orthopedic,OR,888.3046,Y,N,Ineligible,1
QRS,Device For Sleep Apnea Testing Based On Mandibular Movement,2,EN,"Ear, Nose, Throat",AN,868.2376,N,N,Ineligible,1
QRU,"Implant, Resorbable, For Articular Osteochondral Repair",3,,Unknown,OR,,Y,N,Ineligible,2
QRV,Setmelanotide Eligibility Gene Variant Detection System,2,CH,Clinical Chemistry,CH,862.1164,N,N,Ineligible,1
QRX,Continuous Glucose Monitor Informed Insulin Dose Calculator,2,CH,Clinical Chemistry,CH,862.1358,N,N,Ineligible,1
QRY,Dental Navigation System,2,DE,Dental,DE,872.4120,N,N,Ineligible,1
QRZ,External Condom For Anal Intercourse Or Vaginal Intercourse,2,OB,Obstetrics/Gynecology,OB,884.5305,N,N,Ineligible,1
QSA,Circulating Tumor Cell (Ctc) Enrichment Device,2,IM,Immunology,PA,866.6110,N,N,Ineligible,1
QSB,"Orthosis, Truncal, Pregnancy",1,PM,Physical Medicine,OB,890.3490,N,N,Ineligible,4
QSD,Posterior Cervical Screw Placement Guide,2,OR,Orthopedic,OR,888.3075,N,N,Ineligible,1
QSE,AlzheimerS Disease Pathology Assessment Test,2,IM,Immunology,IM,866.5840,N,N,Ineligible,1
QSF,Software Option For Anesthesia Gas Machine To Achieve And Maintain Targeted End Tidal Oxygen And Anesthetic Agents,3,,Unknown,AN,,N,Y,Ineligible,2
QSH,Coronavirus Marker Detection,N,,Unknown,MI,,N,N,Ineligible,8
QSK,"Hybrid Stent Graft, Thoracic Aortic Lesion Treatment",3,,Unknown,CV,,Y,Y,Ineligible,2
QSL,Brain Temperature Measurement System,2,NE,Neurology,NE,882.1565,N,N,Ineligible,1
QSM,"System, Surgical, Computer Controlled Instrument, Remanufactured",2,GU,"Gastroenterology, Urology",SU,876.1500,N,N,Ineligible,1
QSN,Orthopedic Infection Microbial Multiplex Nucleic Acid Detection System,2,MI,Microbiology,MI,866.3988,N,N,Ineligible,1
QSO,Medical Gowns With Chemotherapy Labeling Claims - Tested For Use With Chemotherapy Drugs,2,SU,"General, Plastic Surgery",HO,878.4040,N,N,Ineligible,1
QSQ,Transcutaneous Electrical Nerve Stimulator To Treat Fibromyalgia Symptoms,2,NE,Neurology,NE,882.5888,N,N,Ineligible,1
QSR,Sacroiliac Screw Placement Guide,2,OR,Orthopedic,OR,888.3040,N,N,Ineligible,1
QSS,Hiv Self-Tests,3,,Unknown,MI,,N,N,Ineligible,2
QST,Lab-Based Hiv Nat Diagnostic And/Or Supplemental Test,2,MI,Microbiology,MI,866.3957,N,N,Ineligible,1
QSU,Point Of Care Hiv Serology Diagnostic And/Or Supplemental Test,2,MI,Microbiology,MI,866.3956,N,N,Ineligible,1
QSV,Point Of Care Hiv Nat Diagnostic And/Or Supplemental Test,2,MI,Microbiology,MI,866.3957,N,N,Ineligible,1
QSW,Endoscopic Traction Device,2,GU,"Gastroenterology, Urology",GU,876.4410,N,N,Ineligible,1
QSX,Hemostatic Wound Dressing With Thrombin Or Other Biologics,U,,Unknown,SU,,N,N,Ineligible,1
QSY,Hemostatic Wound Dressing Without Thrombin Or Other Biologics,U,,Unknown,SU,,N,N,Ineligible,1
QSZ,Absorbable Synthetic Wound Dressing,U,,Unknown,SU,,N,N,Ineligible,1
QTA,Ngs Whole Genome Sequencing For Sars-Cov-2 Genetic Analysis,N,,Unknown,MI,,N,N,Ineligible,8
QTB,Nitric Oxide Generator And Delivery System,3,,Unknown,AN,,N,Y,Ineligible,2
QTC,Adult Portable Bed Rails For Medical Purposes,1,PM,Physical Medicine,PM,890.5050,N,N,Ineligible,4
QTD,Endoscopic Suturing Device For Altering Gastric Anatomy For Weight Loss,2,GU,"Gastroenterology, Urology",GU,876.5983,Y,N,Ineligible,1
QTE,Thymidine Kinase Activity,2,IM,Immunology,IM,866.6010,N,N,Ineligible,1
QTF,Reprocessed Atherectomy Catheter,2,CV,Cardiovascular,CV,870.4875,N,N,Ineligible,1
QTG,Infant Supine Sleep System,2,HO,General Hospital,HO,880.5690,N,N,Ineligible,1
QTH,Endoscopic Light-Projecting Measuring Device,2,GU,"Gastroenterology, Urology",GU,876.1530,N,N,Ineligible,1
QTI,Saline Vascular Access Flush With Integrated Alcohol Disinfectant Device,2,HO,General Hospital,HO,880.5200,N,N,Ineligible,1
QTK,Temporary Percutaneous Transluminal Cerebral Artery Dilatation Device,f,,Unknown,NE,,N,N,Ineligible,6
QTM,Assayed External Control Material For Microbiology Nucleic Acid Amplification (Nat) Assays For Blood Donor Screening.,2,MI,Microbiology,MI,866.3920,N,N,Ineligible,1
QTN,Orally Ingested Transient Device For Constipation,2,GU,"Gastroenterology, Urology",GU,876.5940,N,N,Ineligible,1
QTO,Digital Visual Acuity Test,1,OP,Ophthalmic,OP,886.1150,N,N,Ineligible,4
QTP,"Reagents, Monkeypox Virus Nucleic Acid.",N,,Unknown,MI,,N,N,Ineligible,8
QTQ,"Reagents, Non-Variola Orthopoxvirus Nucleic Acid.",N,,Unknown,MI,,N,N,Ineligible,8
QTT,Over The Counter Electrical Salivary Stimulatory System,2,DE,Dental,DE,872.5560,N,N,Ineligible,1
QTU,"Reagents, Non-Variola Orthopoxvirus Or Monkeypox Virus Singleplex Antigen Tests",N,,Unknown,MI,,N,N,Ineligible,7
QTV,Mattress And Bed Deck Cover (Medical Purposes),1,HO,General Hospital,HO,880.6190,N,N,Ineligible,4
QTW,Digital Amsler Grid,1,OP,Ophthalmic,OP,886.1330,N,N,Ineligible,4
QTY,Von Willebrand Factor Assay,2,HE,Hematology,HE,864.7293,N,N,Ineligible,1
QTZ,Radiological Image Processing Software For Ablation Therapy Planning And Evaluation,2,RA,Radiology,RA,892.2050,N,N,Ineligible,1
QUA,Intraoral Cooling Device,2,DE,Dental,DE,872.5590,N,N,Ineligible,1
QUB,Suction Lipoplasty System For Removal And Transfer,2,SU,"General, Plastic Surgery",SU,878.5040,N,N,Ineligible,1
QUD,Blood Detection Capsule,2,GU,"Gastroenterology, Urology",GU,876.1390,N,N,Ineligible,1
QUE,Spinal Muscular Atrophy Newborn Screening Test System,2,IM,Immunology,MG,866.5980,N,N,Ineligible,1
QUF,"Hearing Aid, Air-Conduction, Over The Counter",1,EN,"Ear, Nose, Throat",EN,874.3300,N,N,Ineligible,4
QUG,"Hearing Aid, Air-Conduction With Wireless Technology, Over The Counter",2,EN,"Ear, Nose, Throat",EN,874.3305,N,N,Ineligible,4
QUH,"Self-Fitting Air-Conduction Hearing Aid, Over The Counter",2,EN,"Ear, Nose, Throat",EN,874.3325,N,N,Ineligible,1
QUJ,Automated Cryopreservation Storage System,2,OB,Obstetrics/Gynecology,OB,884.6120,N,N,Ineligible,4
QUK,Human Leukocyte Antigen (Hla) Typing Companion Diagnostic Test,2,IM,Immunology,IM,866.5960,N,N,Ineligible,1
QUL,"Immunohistochemistry Assay, Antibody, Folr1",3,HE,Hematology,PA,864.1860,N,N,Ineligible,2
QUM,Human Immunodeficiency Virus (Hiv) Viral Load Monitoring Test,2,MI,Microbiology,CH,866.3958,N,N,Ineligible,1
QUN,Tether Accessory For Use In The Gastrointestinal Tract,2,GU,"Gastroenterology, Urology",GU,876.1305,N,N,Ineligible,1
QUO,Adjunctive Heart Failure Status Indicator,2,CV,Cardiovascular,CV,870.2200,N,N,Ineligible,1
QUQ,"Knife, Intraocular Pressure Lowering",2,SU,"General, Plastic Surgery",OP,878.4400,N,N,Ineligible,1
QUR,Prescription Spectacle Lenses To Reduce The Progression Of Myopia,2,OP,Ophthalmic,OP,886.5845,N,N,Ineligible,1
QUT,Deformability Cytometry For Sepsis Risk Assessment,2,MI,Microbiology,MI,866.3215,N,N,Ineligible,1
QUU,Simple In Vitro Diagnostic Device For The Detection Of Secreted Proteins From Bacillus Spp. In Human Clinical Samples,2,MI,Microbiology,MI,866.3046,N,N,Ineligible,1
QUV,Phase-Changing Fiducial Marker For Radiation Therapy,2,RA,Radiology,RA,892.5727,Y,N,Ineligible,1
QUW,"Mesh, Surgical, Non-Resorbable, Orthopedics, Reinforcement Of Ligament",2,SU,"General, Plastic Surgery",OR,878.3300,Y,N,Ineligible,1
QVA,Fludeoxyglucose F18-Guided Radiation Therapy System,2,RA,Radiology,RA,892.5060,N,N,Ineligible,1
QVB,Biological Sterilization Indicator With Indirect Growth Detection,2,HO,General Hospital,HO,880.2806,N,N,Ineligible,1
QVC,Ventilator Waveform Analysis Software,2,AN,Anesthesiology,AN,868.5896,N,N,Ineligible,1
QVD,Radiological Machine Learning Based Quantitative Imaging Software With Change Control Plan,2,RA,Radiology,RA,892.2055,N,N,Ineligible,1
QVE,Adjunctive Pain Measurement Device For Anesthesiology,2,AN,Anesthesiology,AN,868.2200,N,N,Ineligible,1
QVF,Simple Point-Of-Care Device To Directly Detect Sars-Cov-2 Viral Targets From Clinical Specimens In Near-Patient Settings,2,MI,Microbiology,MI,866.3982,N,N,Ineligible,1
QVG,"Embolization Agent, Vascular",3,,Unknown,CV,,Y,N,Ineligible,2
QVI,"Screw Sleeve Bone Fixation Device, Spine",2,OR,Orthopedic,OR,888.3043,Y,N,Ineligible,1
QVJ,Low Power Electrosurgical Devices For Skin Lesion Destruction,2,SU,"General, Plastic Surgery",SU,878.4400,N,N,Ineligible,1
QVL,Absorbable Gel For Intraoperative Use In Spine Surgery,2,OR,Orthopedic,OR,888.3047,Y,N,Ineligible,1
QVN,Combined Acoustic And Electrical External Stimulation Device For The Relief Of Tinnitus,2,EN,"Ear, Nose, Throat",EN,874.3410,N,N,Ineligible,1
QVO,Computerized Behavioral Therapy Device For Insomnia,2,NE,Neurology,NE,882.5801,N,N,Ineligible,1
QVP,Sars-Cov-2 Serology Test,2,MI,Microbiology,MI,866.3983,N,N,Ineligible,1
QVQ,Extravascular Support For An Arteriovenous Fistula For Vascular Access,2,CV,Cardiovascular,CV,870.4600,Y,N,Ineligible,1
QVR,Multiplex Nucleic Acid Detection System For Biothreat Agents,2,IM,Immunology,MI,866.4000,N,N,Ineligible,1
QVS,Breast Implant Suction Retrieval Device,2,SU,"General, Plastic Surgery",SU,878.4675,N,N,Ineligible,1
QVT,Monitor For Opioid Induced Impairment Of Oxygenation,2,AN,Anesthesiology,AN,868.2250,N,N,Ineligible,1
QVU,High Throughput Dna Sequencing For Hereditary Cancer Predisposition Assessment Test System.,2,PA,Pathology,PA,866.6095,N,N,Ineligible,1
QVV,Medial Knee Implanted Shock Absorber,2,OR,Orthopedic,OR,888.3610,Y,N,Ineligible,1
QVW,"Generator, Measurement, And/Or Delivery System For Hyperpolarized Mr Imaging Agents And Accessories, Cder Or Cber-Led",N,,Unknown,RA,,N,N,Ineligible,3
QVX,Skin Patch For Treatment Of Hyperhidrosis,2,SU,"General, Plastic Surgery",SU,878.4425,N,N,Ineligible,1
QVY,"Therapeutic Vibrational Mattress Pad, Adjunct Use In Neonatal Abstinence Syndrome Or Neonatal Opioid Withdrawal Syndrome",2,HO,General Hospital,HO,880.5151,N,N,Ineligible,1
QWA,Cardiovascular Delivery Catheter System Positioning And Stabilization Device,1,CV,Cardiovascular,CV,870.3955,N,N,Ineligible,4
QWB,Over-The-Counter Molecular Test To Detect Sars-Cov-2 From Clinical Specimens,2,MI,Microbiology,MI,866.3984,N,N,Ineligible,1
QWC,Pulmonary Stent,3,,Unknown,CV,,Y,N,Ineligible,2
QWD,"Stimulator, Nerve, For Restless Legs Syndrome",2,NE,Neurology,NE,882.5887,N,N,Ineligible,1
QWE,Hyperoxia Monitoring Device Adjunct To Pulse Oximetry,2,AN,Anesthesiology,AN,870.2720,N,N,Ineligible,1
QWF,"Tubing, Long Term Support Greater Than 6 Hours",2,CV,Cardiovascular,CV,870.4100,N,Y,Ineligible,1
QWH,Prognostic Test For Development Or Progression Of Preeclampsia,2,CH,Clinical Chemistry,TX,862.1602,N,N,Ineligible,1
QWI,Computerized Behavioral Therapy Device For The Treatment Of Fibromyalgia Symptoms,2,NE,Neurology,PM,882.5804,N,N,Ineligible,1
QWJ,"Mesh, Surgical, Polymeric, Resorbable, Orthopedics, Reinforcement Of Ligament",2,SU,"General, Plastic Surgery",OR,878.3300,Y,N,Ineligible,1
QWK,"Prosthesis, Posterior Spinal Elements",3,,Unknown,OR,,Y,N,Ineligible,2
QWL,Intraoperative Surgical Angle Measurement Tool,2,OR,Orthopedic,OR,888.4560,Y,N,Ineligible,1
QWM,"Stent Graft, Bypass, Superficial Femoral Artery",3,,Unknown,CV,,Y,N,Ineligible,2
QWN,"Stent Graft, Infrapopliteal, Venous Arterialization",3,,Unknown,CV,,Y,Y,Ineligible,2
QWO,Radiology Software For Referral Of Findings Related To Fibrotic Lung Disease.,2,RA,Radiology,RA,892.2085,N,N,Ineligible,1
QWP,Optical Neurosurgical Nerve Locator,2,EN,"Ear, Nose, Throat",NE,874.1820,N,N,Ineligible,1
QWQ,Assays To Detect Pre-Existing Antibodies To Adeno-Associated Virus (Aav) Viral Vectors,3,,Unknown,IM,,N,N,Ineligible,2
QWR,Simple Point-Of-Care Device To Detect Sar-Cov-2 Nucleic Acid Targets From Clinical Specimens In Near-Patient Settings,2,MI,Microbiology,MI,866.3982,N,N,Ineligible,1
QWS,Foam Or Gel Chemical Sterilant/High Level Disinfectant,2,HO,General Hospital,HO,880.6886,N,N,Ineligible,1
QWT,Prognostic Assessment Software Of Mild Cognitive Impairment,2,NE,Neurology,NE,882.1454,N,N,Ineligible,1
QWU,"Prosthesis, Eyelid Spacer/Graft, Polymer",2,OP,Ophthalmic,OP,886.3130,Y,N,Ineligible,4
QWW,Non-Medicated Topical Formulation For Treatment Of Erectile Dysfunction.,2,GU,"Gastroenterology, Urology",GU,876.5021,N,N,Eligible,1
QWX,Active Noise Attenuation System For Infant Incubators,2,HO,General Hospital,HO,880.5405,N,N,Ineligible,1
QWY,"Mechanical And Enzymatic Autologous Skin Processor For Cell Suspension, For Stable Vitiligo, With Applicator",3,,Unknown,HE,,N,N,Ineligible,2
QWZ,Prognostic Test For Assessment Of Chronic Kidney Disease Progression,2,CH,Clinical Chemistry,CH,862.1223,N,N,Ineligible,1
QXA,Lateral Flow Immunochromatography Assay For Host Biomarkers Of Respiratory Infection,2,MI,Microbiology,MI,866.3230,N,N,Ineligible,1
QXB,Drug Coated Prostatic Dilation Catheter For Benign Prostatic Hyperplasia,3,,Unknown,GU,,N,N,Ineligible,2
QXC,Diabetes Digital Therapeutic Device,2,HO,General Hospital,CH,880.5735,N,N,Ineligible,1
QXD,Spinal Imaging System For Neuraxial Procedures,2,AN,Anesthesiology,AN,868.1985,N,N,Ineligible,1
QXG,Cooperative Powered Surgical Assist Device For Ent Surgery,2,EN,"Ear, Nose, Throat",EN,874.4460,N,N,Ineligible,1
QXH,Gallbladder Drainage Stent And Delivery System,2,GU,"Gastroenterology, Urology",GU,876.5016,Y,N,Ineligible,1
QXJ,Whole Room Microbial Reduction Device,2,HO,General Hospital,HO,880.6510,N,N,Ineligible,1
QXL,"Cabinet, Emission Computed Tomography System",2,RA,Radiology,RA,892.1200,N,N,Ineligible,1
QXM,Implanted Tibial Electrical Urinary Continence Device,2,GU,"Gastroenterology, Urology",GU,876.5305,Y,N,Ineligible,1
QXN,Suction Anti-Choking Device As A Second-Line Treatment,2,EN,"Ear, Nose, Throat",EN,874.5400,N,Y,Ineligible,1
QXO,Cardiovascular Machine Learning-Based Notification Software,2,CV,Cardiovascular,CV,870.2380,N,N,Ineligible,1
QXQ,Respiratory Accessory Microbial Reduction Device.,2,HO,General Hospital,HO,880.6993,N,N,Ineligible,1
QXR,Vaginal Hydrogel Packing System,2,RA,Radiology,RA,892.5735,N,N,Ineligible,1
QXS,Chromogranin A,2,IM,Immunology,IM,866.6010,N,N,Ineligible,1
QXT,Infliximab Test System,2,TX,Clinical Toxicology,TX,862.3115,N,N,Ineligible,1
QXU,"Esophageal Protection Device For Use In Percutaneous Cardiac Catheter Ablation Procedures, Mechanical Deviation",2,CV,Cardiovascular,CV,870.5710,N,N,Ineligible,1
QXV,Temperature Regulation Device For Esophageal Protection During Cardiac Ablation,2,CV,Cardiovascular,CV,870.5720,N,N,Ineligible,1
QXW,Cryoablation Device For Local Treatment Of Low-Risk Breast Cancer,2,SU,"General, Plastic Surgery",SU,878.4355,N,N,Ineligible,1
QXX,Coronary Artery Disease Machine Learning-Based Notification Software,2,CV,Cardiovascular,CV,870.2380,N,N,Ineligible,1
QXY,"Oscillometric-Based, Over-The-Counter, Atrial Fibrillation Notification Feature",2,CV,Cardiovascular,CV,870.1135,N,N,Ineligible,1
QXZ,Adjunctive Epicardial Vascular Physiologic Status Indicator,2,CV,Cardiovascular,CV,870.2200,N,N,Ineligible,1
QYA,System For Detection Of Nucleic Acid From Non-Viral Microorganism(S) Causing Stis Using Specimens Collected At Home,2,MI,Microbiology,MI,866.3385,N,N,Ineligible,1
QYC,Container System For The Processing And Storage Of Red Blood Cell Components Under Reduced Oxygen Conditions,2,HE,Hematology,HE,864.9115,N,N,Ineligible,1
QYD,Adalimumab Assay,2,TX,Clinical Toxicology,TX,862.3115,N,N,Ineligible,1
QYE,Reduced Ejection Fraction Machine Learning-Based Notification Software,2,CV,Cardiovascular,CV,870.2380,N,N,Ineligible,1
QYF,Neonatal Icu Continuous Non-Invasive Blood Pressure Monitor (Includes Alarms),2,CV,Cardiovascular,CV,870.1130,N,N,Ineligible,1
QYI,"Ablation Catheter, Renal Denervation",3,,Unknown,CV,,N,N,Ineligible,2
QYJ,Dental Waterline Treatment Cartridge,1,DE,Dental,DE,872.6640,N,N,Ineligible,4
QYK,Semi-Automated Autologous Skin Graft Harvesting And Application Device,2,SU,"General, Plastic Surgery",SU,878.4795,N,N,Ineligible,1
QYM,Ophthalmic Needle,2,HO,General Hospital,HO,880.5570,N,N,Ineligible,1
QYN,Prescription Audiovisual Stimulator (Avs) For Temporary Pain Relief (Adjunctive Use),1,PM,Physical Medicine,NE,890.5775,N,N,Ineligible,4
QYO,Hematopoietic Cell Enrichment Kit ,2,IM,Immunology,MG,866.6120,N,N,Ineligible,1
QYQ,"Prosthesis, Total Talus Replacement With Soft Tissue Attachment Sites, Metal",f,,Unknown,OR,,Y,N,Ineligible,6
QYT,Over-The-Counter Covid-19 Antigen Test,2,MI,Microbiology,MI,866.3984,N,N,Ineligible,1
QYU,Infant Pulse Rate And Oxygen Saturation Monitor For Over-The-Counter Use,2,CV,Cardiovascular,CV,870.2705,N,N,Ineligible,1
QYV,Digital Cervical Cytology Slide Imaging System With Artificial Intelligence Algorithm,2,PA,Pathology,PA,864.3900,N,N,Ineligible,1
QYW,Hospital Cardiac Telemetry,2,CV,Cardiovascular,CV,870.1025,N,Y,Ineligible,1
QYX,Outpatient Cardiac Telemetry,2,CV,Cardiovascular,CV,870.1025,N,N,Ineligible,1
QYZ,At Home Intravaginal Insemination System,2,OB,Obstetrics/Gynecology,OB,884.6110,N,N,Ineligible,1
QZA,Body Temperature Sensing Software,2,HO,General Hospital,HO,880.2915,N,N,Ineligible,1
QZB,Software Controlled Endoscope And Instrument Holder,2,GU,"Gastroenterology, Urology",SU,876.1500,N,N,Ineligible,1
QZC,External Mechanical Stimulator For The Relief Of Congestion,2,EN,"Ear, Nose, Throat",EN,874.6010,N,N,Ineligible,1
QZF,Gastrointestinal Capsule Endoscopy Analysis Software Device,2,GU,"Gastroenterology, Urology",GU,876.1540,N,N,Ineligible,1
QZG,Menstrual Blood Collection Device,2,CH,Clinical Chemistry,CH,862.1675,N,N,Ineligible,1
QZH,Opioid Use Disorder Genetic Risk Variant Detection System And Collection Kit,3,,Unknown,TX,,N,N,Ineligible,2
QZI,Percutaneous Cardiac Ablation Catheter For Treatment Of Atrial Fibrillation With Irreversible Electroporation,3,,Unknown,CV,,N,N,Ineligible,2
QZJ,"Immunohistochemistry Assay, Antibody, Claudin 18",3,HE,Hematology,PA,864.1860,N,N,Ineligible,2
QZK,Endovascular System For Treatment Of Thoracoabdominal And Pararenal Aortic Lesions,3,,Unknown,CV,,Y,N,Ineligible,2
QZL,Post-Ablation Tissue Response Prediction Software,2,RA,Radiology,RA,892.2052,N,N,Ineligible,1
QZN,Multi-Photon Imaging,2,SU,"General, Plastic Surgery",SU,878.4580,N,N,Ineligible,1
QZO,Wearable Vibration Device For Orthopedic Use,2,OR,Orthopedic,OR,888.5895,N,N,Ineligible,1
QZP,"Camera, Ophthalmic, Non-Prescription",2,OP,Ophthalmic,OP,886.1120,N,N,Ineligible,1
QZS,Software-Aided Adjunctive Diagnostic Device For Use By Physicians On Lesions Suspicious For Skin Cancer,2,SU,"General, Plastic Surgery",SU,878.1830,N,N,Ineligible,1
QZT,Gowns And Other Apparel,N,,Unknown,HO,,N,N,Ineligible,8
QZU,"Temporary Embolization Assist Device, Peripheral",2,CV,Cardiovascular,CV,870.3325,N,N,Ineligible,1
QZV,Pediatric Extracorporeal Synthetic Semipermeable Membrane Cartridge For Acute Kidney Injury,3,,Unknown,HE,,N,Y,Ineligible,6
QZW,Over-The-Counter Device To Assess Risk Of Sleep Apnea,2,AN,Anesthesiology,AN,868.2378,N,N,Ineligible,1
QZX,Positive Blood Culture Processor For Inoculum Preparation Used For Antimicrobial Susceptibility Testing,2,MI,Microbiology,MI,866.1650,N,N,Ineligible,1
QZY,Spinal Fusion System With 12-Methacryloyloxydodecyl Pyridinium Bromide (C21h34brno2) Coating,2,OR,Orthopedic,OR,888.3071,Y,N,Ineligible,1
QZZ,Limb And Joint Salvage Device With Coating For Bacteria Reduction,2,OR,Orthopedic,OR,888.3900,Y,N,Ineligible,1
RAA,Laser Products (Pre-Standard),N,,Unknown,,,,,Ineligible,
RAB,Sunlamp Products (Pre-Standard),2,SU,"General, Plastic Surgery",SU,878.4635,N,N,Ineligible,1
RAC,Nondestructive Tests,N,,Unknown,,,,,Ineligible,
RAD,Gauging,N,,Unknown,,,,,Ineligible,
RAE,Ranging,N,,Unknown,,,,,Ineligible,
RAF,Cleaner,N,,Unknown,,,,,Ineligible,
RAG,Welder,N,,Unknown,,,,,Ineligible,
RAH,Jewelry Cleaner,N,,Unknown,,,,,Ineligible,
RAI,Motion Detector/Occupancy,N,,Unknown,,,,,Ineligible,
RAJ,Security System,N,,Unknown,,,,,Ineligible,
RAK,Pest Repeller,N,,Unknown,,,,,Ineligible,
RAL,Massager,N,,Unknown,,,,,Ineligible,
RAM,Humidifier,N,,Unknown,,,,,Ineligible,
RAN,Auto Focus Camera,N,,Unknown,,,,,Ineligible,
RAO,Intrusion Alarm/Security,N,,Unknown,,,,,Ineligible,
RAP,Scientific Use Ultrasound Products,N,,Unknown,,,,,Ineligible,
RAQ,Audio System/Radio,N,,Unknown,,,,,Ineligible,
RAR,Telephone Ringer,N,,Unknown,,,,,Ineligible,
RAS,Veterinary Diagnostic Ultrasonic Products,N,,Unknown,,,,,Ineligible,
RAT,Veterinary Therapy Ultrasonic Products,N,,Unknown,,,,,Ineligible,
RAU,Night Vision Scope,N,,Unknown,,,,,Ineligible,
RAV,High Voltage Tubes,N,,Unknown,,,,,Ineligible,
RAW,Cathode Ray Tubes,N,,Unknown,,,,,Ineligible,
RAX,High Voltage Vacuum Switches,N,,Unknown,,,,,Ineligible,
RAY,Oscilloscope (Exempted),N,,Unknown,,,,,Ineligible,
RAZ,"Television Receiver, Medical Imaging, Color",N,,Unknown,,,,,Ineligible,
RBA,"Television Receiver, Medical Imaging, Monochrome",N,,Unknown,,,,,Ineligible,
RBB,"Television Receiver, General Purpose, Color",N,,Unknown,,,,,Ineligible,
RBC,"Television Receiver, General Purpose, Monochrome",N,,Unknown,,,,,Ineligible,
RBD,"Video Monitor, Medical Imaging, Color",N,,Unknown,,,,,Ineligible,
RBE,"Video Monitor, General Purpose, Color",N,,Unknown,,,,,Ineligible,
RBF,"Video Monitor, Medical Imaging, Monochrome",N,,Unknown,,,,,Ineligible,
RBG,"Video Monitor, General Purpose, Monochrome",N,,Unknown,,,,,Ineligible,
RBH,Projector,N,,Unknown,,,,,Ineligible,
RBI,Tv View Finder (Exempted),N,,Unknown,,,,,Ineligible,
RBJ,Cold-Cathode Gas Discharge Tubes,N,,Unknown,,,,,Ineligible,
RBK,"Betatron, Non-Medical",N,,Unknown,,,,,Ineligible,
RBL,"Cyclotron,Non-Medical",N,,Unknown,,,,,Ineligible,
RBM,"Microtron, Non-Medical",N,,Unknown,,,,,Ineligible,
RBN,"Synchrotron, Non-Medical",N,,Unknown,,,,,Ineligible,
RBO,"Sterilizers, Non-Medical",N,,Unknown,,,,,Ineligible,
RBP,Industrial Accelerator,N,,Unknown,,,,,Ineligible,
RBQ,Security Accelerator,N,,Unknown,,,,,Ineligible,
RBR,Diagnostic X-Ray Equipment (Noncertified),N,,Unknown,,,,,Ineligible,
RBS,Industrial X-Ray,N,,Unknown,,,,,Ineligible,
RBT,Bottle Fill Checker,N,,Unknown,,,,,Ineligible,
RBU,X-Ray Thickness Gauge,N,,Unknown,,,,,Ineligible,
RBV,"Security X-Ray System, Open Beam, Small",N,,Unknown,,,,,Ineligible,
RBW,X-Ray Diffraction,N,,Unknown,,,,,Ineligible,
RBX,X-Ray Spectroscopy,N,,Unknown,,,,,Ineligible,
RBY,X-Ray Fluorescence,N,,Unknown,,,,,Ineligible,
RBZ,X-Ray Controls ? Combination,N,,Unknown,,,,,Ineligible,
RCA,X-Ray Controls - Fluoroscopic,N,,Unknown,,,,,Ineligible,
RCB,X-Ray Controls - Radiographic,N,,Unknown,,,,,Ineligible,
RCC,C-Arm Fluoroscopic X-Ray System,2,RA,Radiology,RA,892.1650,N,N,Ineligible,1
RCD,X-Ray Image Receptor,N,,Unknown,,,,,Ineligible,
RCE,"Cabinet X-Ray, Industrial",N,,Unknown,,,,,Ineligible,
RCF,Cabinet X-Ray Explosive Detection Systems,N,,Unknown,,,,,Ineligible,
RCG,"Cabinet X-Ray, Security (Includes Baggage X-Ray)",N,,Unknown,,,,,Ineligible,
RCH,"Cabinet X-Ray, Vehicle And Cargo",N,,Unknown,,,,,Ineligible,
RCI,Cephalometric Devices,N,,Unknown,,,,,Ineligible,
RCJ,Veterinary Diagnostic X-Ray System,N,,Unknown,,,,,Ineligible,
RCK,Veterinary X-Ray Therapy System,N,,Unknown,,,,,Ineligible,
RCL,Ion Beam Implanter,N,,Unknown,,,,,Ineligible,
RCM,"Microscope (Electron Beam), Non-Medical",N,,Unknown,,,,,Ineligible,
RCN,Personnel Security Backscatter X-Ray System,N,,Unknown,,,,,Ineligible,
RCO,Personnel Security Transmission X-Ray System,N,,Unknown,,,,,Ineligible,
RCP,"Vehicle And Cargo X-Ray System, Mobile",N,,Unknown,,,,,Ineligible,
RCQ,"Vehicle And Cargo X-Ray System, Stationary",N,,Unknown,,,,,Ineligible,
RCR,"Microwave Oven, Consumer",N,,Unknown,,,,,Ineligible,
RCS,"Microwave Oven, Commercial",N,,Unknown,,,,,Ineligible,
RCT,Tunnel/Conveyor,N,,Unknown,,,,,Ineligible,
RCU,Vending Machine,N,,Unknown,,,,,Ineligible,
RCV,Food Processing,N,,Unknown,,,,,Ineligible,
RCW,Materials Processing,N,,Unknown,,,,,Ineligible,
RCX,Clothes Dryer,N,,Unknown,,,,,Ineligible,
RCY,Medical Waste/Sterilizer,N,,Unknown,,,,,Ineligible,
RCZ,"Materials Processing, Laboratories",N,,Unknown,,,,,Ineligible,
RDA,"Dielectric Heaters, Induction Heaters, Rf Sealers",N,,Unknown,,,,,Ineligible,
RDB,Electric Blanket,N,,Unknown,,,,,Ineligible,
RDC,Shavers,N,,Unknown,,,,,Ineligible,
RDD,Hair Dryer,N,,Unknown,,,,,Ineligible,
RDE,Sewing Machine,N,,Unknown,,,,,Ineligible,
RDF,Motor,N,,Unknown,,,,,Ineligible,
RDG,"Veterinary, Microwave Medical Products",N,,Unknown,,,,,Ineligible,
RDH,Air Traffic Control,N,,Unknown,,,,,Ineligible,
RDI,Police Radar,N,,Unknown,,,,,Ineligible,
RDJ,Rf Identification,N,,Unknown,,,,,Ineligible,
RDK,Electronic Article Surveillance (Eas),N,,Unknown,,,,,Ineligible,
RDL,Stun Gun,N,,Unknown,,,,,Ineligible,
RDM,Anti-Theft Detector (Non-Eas),N,,Unknown,,,,,Ineligible,
RDN,Walkie-Talkie,N,,Unknown,,,,,Ineligible,
RDO,Microwave Lan,N,,Unknown,,,,,Ineligible,
RDP,Wireless (Cordless) Telephone,N,,Unknown,,,,,Ineligible,
RDQ,Cb Amateur Radio,N,,Unknown,,,,,Ineligible,
RDS,Weather Doppler,N,,Unknown,,,,,Ineligible,
RDT,Rf-Excited Lighting,N,,Unknown,,,,,Ineligible,
RDU,Pest Controller,N,,Unknown,,,,,Ineligible,
RDV,"Automotive Accessory, Automobile Or Transport Vehicle",N,,Unknown,,,,,Ineligible,
RDW,General Purpose Laser Products,N,,Unknown,,,,,Ineligible,
RDX,Mercury Vapor Lamp,N,,Unknown,,,,,Ineligible,
RDY,Metal Halide Lamp,N,,Unknown,,,,,Ineligible,
RDZ,Low-Power Laser Light Show Projector,N,,Unknown,,,,,Ineligible,
REA,High-Power Laser Light Show Projector,N,,Unknown,,,,,Ineligible,
REB,High-Power Laser Light Show,N,,Unknown,,,,,Ineligible,
REC,Laser Video Projector,N,,Unknown,,,,,Ineligible,
RED,Laser Advertising Display System,N,,Unknown,,,,,Ineligible,
REE,"Laser Visual Display - Display Retinal Image, Non-Medical",N,,Unknown,,,,,Ineligible,
REF,Suntan Bed,2,SU,"General, Plastic Surgery",SU,878.4635,N,N,Ineligible,1
REG,Suntan Lamp,2,SU,"General, Plastic Surgery",SU,878.4635,N,N,Ineligible,1
REH,Tabletop Sunlamp System,2,SU,"General, Plastic Surgery",SU,878.4635,N,N,Ineligible,1
REI,Laser Science Education Products,N,,Unknown,,,,,Ineligible,
REJ,Laser Children'S Toy/Novelty Product,N,,Unknown,,,,,Ineligible,
REK,Research Laser,N,,Unknown,,,,,Ineligible,
REL,Guide-Star Laser System,N,,Unknown,,,,,Ineligible,
REM,Spectroscopy Instrument,N,,Unknown,,,,,Ineligible,
REN,Particle-Size Measuring Instrument,N,,Unknown,,,,,Ineligible,
REO,Analytical Measuring And Detection Laser Product,N,,Unknown,,,,,Ineligible,
REP,Surveying Laser Product,N,,Unknown,,,,,Ineligible,
REQ,"Laser Rangefinders, Time-Of-Flight Speed Measurement Products",N,,Unknown,,,,,Ineligible,
RER,Alignment Laser Product,N,,Unknown,,,,,Ineligible,
RES,Laser Pointer,N,,Unknown,,,,,Ineligible,
RET,Laser Target Designator,N,,Unknown,,,,,Ineligible,
REU,"Laser Aiming Product, Visible",N,,Unknown,,,,,Ineligible,
REV,"Laser Aiming Product, Non-Visible",N,,Unknown,,,,,Ineligible,
REW,Ir Laser Illuminator With Alignment Aid/Night Vision System,N,,Unknown,,,,,Ineligible,
REX,Ir Laser Illuminator Only/Night Vision System,N,,Unknown,,,,,Ineligible,
REY,Collision-Avoidance Laser System,N,,Unknown,,,,,Ineligible,
REZ,Laser Traffic Signal,N,,Unknown,,,,,Ineligible,
RFA,Laser Automotive Lighting & Signals,N,,Unknown,,,,,Ineligible,
RFB,Ir Laser Intrusion Detection/Security System,N,,Unknown,,,,,Ineligible,
RFC,"Laser Distance, Detection, Ranging (Lidar)",N,,Unknown,,,,,Ineligible,
RFD,Laser Weapon (Military Or Police),N,,Unknown,,,,,Ineligible,
RFE,Laser Cutter,N,,Unknown,,,,,Ineligible,
RFF,Laser Welder,N,,Unknown,,,,,Ineligible,
RFG,"Microelectronic Mask Or Chip Processing, Checking, And/Or Repair",N,,Unknown,,,,,Ineligible,
RFI,Print Industry Plate Maker,N,,Unknown,,,,,Ineligible,
RFJ,Process Control,N,,Unknown,,,,,Ineligible,
RFK,Laser Vision,N,,Unknown,,,,,Ineligible,
RFL,Laser Micrometer,N,,Unknown,,,,,Ineligible,
RFM,Laser-Based Material Positioning System,N,,Unknown,,,,,Ineligible,
RFN,Fiber Optic Communication And Data Transfer,N,,Unknown,,,,,Ineligible,
RFO,Ir Free-Space Data Transmit/Control Laser,N,,Unknown,,,,,Ineligible,
RFP,Remote Controller,N,,Unknown,,,,,Ineligible,
RFQ,Interferometric Position Measuring Product,N,,Unknown,,,,,Ineligible,
RFR,"Product Incorporating Certified Class 1 Laser Data Measurement, Transmit, Control Product",N,,Unknown,,,,,Ineligible,
RFS,Reprographics,N,,Unknown,,,,,Ineligible,
RFT,Laser Printer,N,,Unknown,,,,,Ineligible,
RFU,Laser Fax Machine,N,,Unknown,,,,,Ineligible,
RFV,"Cd, Cd-Rom Player",N,,Unknown,,,,,Ineligible,
RFW,"Dvd, Dvd-Rom, Bluray, Hd Player",N,,Unknown,,,,,Ineligible,
RFX,"Cd-R, Cd-Rw Recorder",N,,Unknown,,,,,Ineligible,
RFY,"Dvd, Bluray, Or Hd Recorder",N,,Unknown,,,,,Ineligible,
RFZ,Upc Scanner Reader (Bar Code Reader),N,,Unknown,,,,,Ineligible,
RGA,Product Incorporating Certified Class 1 Data Utility/Peripheral Laser Product,N,,Unknown,,,,,Ineligible,
RGB,Veterinary Laser,N,,Unknown,,,,,Ineligible,
RGC,X-Ray Field Indicator Light (Laser),1,RA,Radiology,RA,892.5780,N,N,Ineligible,4
RGD,Counterfeit Detection,N,,Unknown,,,,,Ineligible,
RGE,Scientific Crystallography,N,,Unknown,,,,,Ineligible,
RGF,Forensics,N,,Unknown,,,,,Ineligible,
RGG,Forensics Laser,N,,Unknown,,,,,Ineligible,
RGH,Toilet Seat Sanitizer,N,,Unknown,,,,,Ineligible,
RGI,Hand Washing Sanitizer,N,,Unknown,,,,,Ineligible,
RGJ,Countertop Sanitizer,N,,Unknown,,,,,Ineligible,
RGK,Towel Cleaner,N,,Unknown,,,,,Ineligible,
RGM,Photochemical Curing And Adhesive,N,,Unknown,,,,,Ineligible,
RGN,Photochemical Curing And Adhesive Laser,N,,Unknown,,,,,Ineligible,
RGO,Uv Curing,N,,Unknown,,,,,Ineligible,
RGP,Black Light,N,,Unknown,,,,,Ineligible,
RGQ,Cosmetology Uv Lamp,N,,Unknown,,,,,Ineligible,
RGS,Water Purifier,N,,Unknown,,,,,Ineligible,
RGT,"Spectroscopy, Ultraviolet Fluorescence",N,,Unknown,,,,,Ineligible,
RGU,X-Ray Field Indicator Light Field (Non-Laser),N,,Unknown,,,,,Ineligible,
RGV,Veterinary Optical Product,N,,Unknown,,,,,Ineligible,
RGW,Uv/Ir Research,N,,Unknown,,,,,Ineligible,
RGX,Fluorescent Lamp,N,,Unknown,,,,,Ineligible,
RGY,Ir Intrusion Detector,N,,Unknown,,,,,Ineligible,
RGZ,Ir Security,N,,Unknown,,,,,Ineligible,
RHA,Ir Data Transmit/Control,N,,Unknown,,,,,Ineligible,
RHB,Tungsten Halogen Lamp,N,,Unknown,,,,,Ineligible,
RHC,"High Pressure Mercury, Metal Halide, And Mercury Xenon Lamp (Not For General Purpose Illumination)",N,,Unknown,,,,,Ineligible,
RHD,Ir Remote Controller,N,,Unknown,,,,,Ineligible,
RHF,Digital Display Monitor,N,,Unknown,,,,,Ineligible,
RHG,"Light, Spectrum, Broad (Non-Medical)",N,,Unknown,,,,,Ineligible,
RHH,Led Lamps Emitting Visible Light Intended To Be Used For Illumination Purposes,N,,Unknown,,,,,Ineligible,
RHI,"Mercury Vapor Lamp, Not Self-Extinguishing, R-Type",N,,Unknown,,,,,Ineligible,
RHJ,"Television, Less Than 25kv And Less Than 0.1 Mr/Hr",N,,Unknown,,,,,Ineligible,
RHK,"Laser Marker Or Engraver, Industrial Or Commercial",N,,Unknown,,,,,Ineligible,
RHL,Laser Therapy Product,N,,Unknown,,,,,Ineligible,
RHM,Image Digitizer,N,,Unknown,,,,,Ineligible,
RHN,Fiber Optic Instrument For Testing Optical Fibers,N,,Unknown,,,,,Ineligible,
RHO,Sound Amplification Product,N,,Unknown,,,,,Ineligible,
RHP,"Uv Lamp, Germicidal",N,,Unknown,,,,,Ineligible,
RHQ,Hologram Displaying Or Creating Laser Product.,N,,Unknown,,,,,Ineligible,
RHR,"Laser Holographic System For Experiments, Research, Or Prototype Development",N,,Unknown,,,,,Ineligible,
RHS,Laser Holographic System,N,,Unknown,,,,,Ineligible,
RHT,"Laser Mouse, Trackball, Or Similar",N,,Unknown,,,,,Ineligible,
RHU,Led For Signaling/Tracking/Triggering,N,,Unknown,,,,,Ineligible,
RHV,Metal Deposition Laser Product,N,,Unknown,,,,,Ineligible,
RHW,Uv Lamp For Home Or Business Uses,N,,Unknown,,,,,Ineligible,
RHX,Sodium Vapor Lamp,N,,Unknown,,,,,Ineligible,
RHY,Laser Sensing System,N,,Unknown,,,,,Ineligible,
RHZ,3d Laser Scanning System,N,,Unknown,,,,,Ineligible,
RIA,High Intensity Lamp,N,,Unknown,,,,,Ineligible,
RIB,Microscopy Laser Instrument Or Accessory Products,N,,Unknown,,,,,Ineligible,
RIC,Ultrasonic Cutter,N,,Unknown,,,,,Ineligible,
RID,Liquid Crystal Display (Lcd) ,N,,Unknown,,,,,Ineligible,
RIE,Visible Laser Illuminator,N,,Unknown,,,,,Ineligible,
RIF,Smart Meter,N,,Unknown,,,,,Ineligible,
RIG,Laser Illuminated Projector,N,,Unknown,,,,,Ineligible,
RIH,"Metal Halide Lamp, Other",N,,Unknown,,,,,Ineligible,
RII,"Scientific Optical Instrument, Noncoherent",N,,Unknown,,,,,Ineligible,
RIJ,Automotive Radar,N,,Unknown,,,,,Ineligible,
RIK,"Television Or Monitor, Non-Crt, Non-Medical, Video Display",N,,Unknown,,,,,Ineligible,
RIL,Laser Ignition Tool,N,,Unknown,,,,,Ineligible,
RIM,"Laser Marker, Cutter, Or Engraver, Tabletop, Consumer",N,,Unknown,,,,,Ineligible,
RIN,Laser Illuminated Lighting Instrument,N,,Unknown,,,,,Ineligible,
RIO,Led Toys And Entertainment Products,N,,Unknown,,,,,Ineligible,
RIP,Led Diodes Sold As Components To Be Installed In Finished Electronic Products,N,,Unknown,,,,,Ineligible,
RIQ,Low Emission Leds As Indicators Or Decorations,N,,Unknown,,,,,Ineligible,
SAB,Table Mounted Miniaturized Electromechanical Surgical System,2,SU,"General, Plastic Surgery",SU,878.4962,N,N,Ineligible,1
SAC,Adamts13 Activity Test System,2,HE,Hematology,HE,864.7297,N,N,Ineligible,1
SAD,Japanese Encephalitis Virus Immunological/Serology Test,N,,Unknown,MI,,N,N,Ineligible,3
SAF,"Integrated Continuous Glucose Monitor For Non-Intensive Glucose Monitoring, Over-The-Counter",2,CH,Clinical Chemistry,CH,862.1355,N,N,Ineligible,1
SAH,Magnetic Compression Anastomosis System,2,SU,"General, Plastic Surgery",SU,878.4816,N,N,Ineligible,1
SAI,Ankle Fusion Cage,2,OR,Orthopedic,OR,888.3020,Y,N,Ineligible,1
SAK,Software Device To Aid In The Prediction Or Diagnosis Of Sepsis,2,HO,General Hospital,GU,880.6316,N,N,Ineligible,1
SAL,"Device, Automated Cell Locating, Bone Marrow",2,HE,Hematology,HE,864.5261,N,N,Ineligible,1
SAM,Battery-Powered Instruments Charged Through Sterile Barriers,1,SU,"General, Plastic Surgery",OR,878.4820,N,N,Ineligible,1
SAN,Automated Antimicrobial Susceptibility Test System For Positive Blood Culture Samples,2,MI,Microbiology,MI,866.1650,N,N,Ineligible,1
SAO,Radiology Software For Opportunistic Evaluation Of Low Bone Mineral Density,2,RA,Radiology,RA,892.1171,N,N,Ineligible,1
SAP,Computerized Behavioral Therapy Device For Depressive Disorders.,2,NE,Neurology,NE,882.5801,N,N,Ineligible,1
SAQ,Electromechanical System For Open Microsurgery,2,SU,"General, Plastic Surgery",SU,878.4963,N,N,Ineligible,1
SAR,Adjunctive Hemodynamic Indicator With Decision Point For Military Use,2,CV,Cardiovascular,CV,870.2220,N,N,Ineligible,1
SAT,Pulmonary Hypertension Machine Learning-Based Notification Software,2,CV,Cardiovascular,CV,870.2380,N,N,Ineligible,1
SAW,Fluorescence Imaging For Breast Cancer Detection,3,,Unknown,SU,,N,N,Ineligible,2
SAX,Home Monitoring Ophthalmic Optical Coherence Tomography (Oct) Imaging Device,2,OP,Ophthalmic,OP,886.1600,N,N,Ineligible,1
SAZ,"Stimulator, Nerve Terminus, Totally Implanted For Chronic Intractable Post-Amputation Pain Of The Lower Limb",3,,Unknown,NE,,Y,N,Ineligible,2
SBA,Integrated Continuous Glucose Monitoring System With Sensor Containing Dexamethasone Acetate,2,CH,Clinical Chemistry,CH,862.1357,Y,N,Ineligible,1
SBB,"System, Colorectal Neoplasia, Rna Markers And Hemoglobin Detection",3,,Unknown,PA,,N,N,Ineligible,2
SBC,Dental Image Analyzer,2,DE,Dental,DE,872.1770,N,N,Ineligible,1
SBE,Digital Physical/Chemical Sterilization Process Sensor,2,HO,General Hospital,HO,880.2801,N,N,Ineligible,1
SBF,Orthopedic Augmented Reality,2,NE,Neurology,OR,882.4560,N,N,Ineligible,1
SBG,In Situ Polymerizing Peripheral Nerve Cap,2,NE,Neurology,NE,882.5260,Y,N,Ineligible,1
SBH,"Integrated Continuous Glucose Monitor For Non-Intensive Glucose Management, Over-The-Counter",2,CH,Clinical Chemistry,CH,862.1355,N,N,Ineligible,1
SBI,"Manual Refractor, 3d Display",1,OP,Ophthalmic,OP,886.1770,N,N,Ineligible,4
SBK,Artificial Chordae Tendineae Surgical Replacement System,2,CV,Cardiovascular,CV,870.3490,Y,Y,Ineligible,1
SBL,"Immunohistochemistry Assay, Antibody, Melanoma-Associated Antigen A4",3,HE,Hematology,PA,864.1860,N,N,Ineligible,2
SBN,Digital Therapy Device For Convergence Insufficiency,1,OP,Ophthalmic,OP,886.1290,N,N,Ineligible,4
SBO,Bed-Patient Activity Monitoring System,1,HO,General Hospital,HO,880.2400,N,N,Ineligible,4
SBP,Simple Point-Of-Care Nucleic Acid-Based Hepatitis C Virus Ribonucleic Acid Test,2,MI,Microbiology,MI,866.3171,N,N,Ineligible,1
SBQ,Atrial Fibrillation Risk Prediction Machine Learning-Based Notification Software,2,CV,Cardiovascular,CV,870.2380,N,N,Ineligible,1
SBS,Laryngeal Injection Set With Led Light,1,EN,"Ear, Nose, Throat",EN,874.4420,N,N,Ineligible,4
SBT,Device To Detect Microbial Colonization Directly From Clinical Specimens.,2,MI,Microbiology,MI,866.3967,N,N,Ineligible,1
SBX,Software For Endoscopy Procedure Metrics,2,GU,"Gastroenterology, Urology",GU,876.1500,N,N,Ineligible,1
SBY,High Throughput Sequencing Based Tumor Profiling Test Of Circulating Cell-Free Nucleic Acids,2,PA,Pathology,PA,866.6085,N,N,Ineligible,1
SBZ,Test For Detection Of Antibodies Associated With Syphilis Performed By Lay Users,2,MI,Microbiology,MI,866.3986,N,N,Ineligible,1
SCA,Multi-Analyte Respiratory Virus Antigen Detection Test,2,MI,Microbiology,MI,866.3987,N,N,Ineligible,1
SCB,Deflation Needle For Removal Of Intragastric Balloon,2,GU,"Gastroenterology, Urology",GU,876.1550,N,N,Ineligible,1
SCE,"Ivd Offered As Ldt, First Marketed Before May 6, 2024, Not Modified Beyond Scope Described In Preamble To Ldt Final Rule",N,,Unknown,CH,,N,N,Ineligible,7
SCF,"Ldt, Unmet Need Within An Integrated Healthcare System",N,,Unknown,CH,,N,N,Ineligible,7
SCG,Modified Version Of Another ManufacturerS Fda-Authorized Test Within Scope Described In Preamble To Ldt Final Rule,N,,Unknown,CH,,N,N,Ineligible,7
SCH,"Ldt, Approved By Nys Clep",N,,Unknown,CH,,N,N,Ineligible,7
SCI,"Ivd Offered As Ldt, Not An Ldt Or Under A Targeted Enforcement Discretion Policy Described In Preamble To Ldt Final Rule",N,,Unknown,CH,,N,N,Ineligible,7
SCJ,"Ldt, Not Under A Targeted Enforcement Discretion Policy Described In Preamble To Ldt Final Rule",N,,Unknown,CH,,N,N,Ineligible,7
SCK,"Ldt, Non-Molecular Antisera For Rare Rbc Antigens When There Is No Alternative Ivd",N,,Unknown,HE,,N,N,Ineligible,7
SCL,Allergen And Vaccine Delivery Needles,2,HO,General Hospital,HO,880.5570,N,N,Ineligible,1
SCN,Temporarily Implanted Peripheral Nerve Stimulation System For Sustained Pain Relief,2,NE,Neurology,NE,882.5870,Y,N,Ineligible,1
SCP,Computerized Behavioral Therapy Device For Anxiety Disorders,2,NE,Neurology,NE,882.5801,N,N,Ineligible,1
SCR,Air-Conduction Hearing Aid Software,2,EN,"Ear, Nose, Throat",EN,874.3335,N,N,Ineligible,1
SCS,Ultraviolet Radiation Disinfection Chamber Device,2,HO,General Hospital,HO,880.6511,N,N,Ineligible,1
SCT,Foley Catheters And Accessories With Additional Safety Features,2,GU,"Gastroenterology, Urology",GU,876.5130,N,N,Ineligible,1
SCU,Dna And Rna Oncology Controls,2,MI,Microbiology,MG,866.5910,N,N,Ineligible,4
SCV,Modular Electromechanical Surgical System,2,SU,"General, Plastic Surgery",SU,878.4964,N,N,Ineligible,1
SCW,Digital Prismatic Correction,1,OP,Ophthalmic,OP,886.1655,N,N,Ineligible,4
SCX,Immunoassay For Host Biomarkers Of Sepsis,2,MI,Microbiology,MI,866.3215,N,N,Ineligible,1
SCY,Sacroiliac Joint Guidewire Placement Device,2,OR,Orthopedic,OR,888.3040,N,N,Ineligible,1
SCZ,Percutaneous Catheter For Cutting Or Splitting Heart Valve Leaflets Concomitant To Transcatheter Valve Procedures,2,CV,Cardiovascular,CV,870.1254,N,N,Ineligible,1
SDA,Electrical Tumor Treatment Fields For Non-Small Cell Lung Cancer,3,,Unknown,AN,,N,Y,Ineligible,2
SDB,Tracheal Prosthesis With Cover Material Derived From Human Sources,2,AN,Anesthesiology,AN,868.3721,Y,N,Ineligible,1
SDC,Qualitative Cleaning Process Protein Indicator,2,HO,General Hospital,HO,880.6930,N,N,Ineligible,1
SDD,Electromechanical Surgical System Wherein The Surgeon Annd The User Interface Can Be In The Sterile Field,2,SU,"General, Plastic Surgery",SU,878.4965,N,N,Ineligible,1
SDE,Light Based Device For Dry Age-Related Macular Degeneration,2,OP,Ophthalmic,OP,886.5520,N,N,Ineligible,1
SDG,Brain Intraparenchymal Infusion Cannula,2,NE,Neurology,NE,882.4110,N,N,Ineligible,1
SDJ,Adjunctive Cardiac Amyloidosis Status Indicator,2,CV,Cardiovascular,CV,870.2200,N,N,Ineligible,1
SDK,Transdermal Test For Assessment Of Glomerular Filtration Rate,3,,Unknown,GU,,N,N,Ineligible,2
SDL,Transvenous Temporary Phrenic Nerve Stimulator,3,,Unknown,AN,,N,N,Ineligible,2
SDM,Nucleic Acid Test Used For Screening Of Cadaveric (Non-Heart-Beating) Donors Of Blood Or Blood Products Or Hct/Ps,U,,Unknown,MI,,N,N,Ineligible,3
SDN,Serology Test Used For Screening Of Cadaveric (Non-Heart-Beating) Donors Of Blood Or Blood Products Or Hct/Ps,U,,Unknown,MI,,N,N,Ineligible,3
SDO,Transcutaneous Electrical Spine Stimulator To Improve Skeletal Muscle Strength And Sensation,2,PM,Physical Medicine,PM,890.5851,N,N,Ineligible,1
SDP,Kappa And Lambda Immunoglobulin Light Chain In Situ Hybridization Mrna Probe Detection Kit,2,HE,Hematology,MG,864.1861,N,N,Ineligible,1
SDQ,Alfapump System,3,,Unknown,GU,,Y,Y,Ineligible,2
SDS,Compression-Based Airway Clearance Device,2,AN,Anesthesiology,AN,868.5665,N,N,Ineligible,1
SDT,Intra-Pulmonary Percussive Vibration (Ipv) Devices,2,AN,Anesthesiology,AN,868.5665,N,N,Ineligible,1
SDV,Clinical Electronic Thermometer,2,HO,General Hospital,HO,880.2910,N,N,Ineligible,4
SDW,Stationary Infrared Thermometer,2,HO,General Hospital,HO,880.2910,N,N,Ineligible,1
SDX,Neuromuscular Stimulator And Exercise Evaluation System,2,NE,Neurology,NE,882.1871,N,N,Ineligible,1
SDY,Loss Of Pulse Notification Software,2,CV,Cardiovascular,CV,870.2790,N,N,Ineligible,1
SDZ,Endovascular System For Treatment Of Ascending Aorta And Aortic Arch Lesions,3,,Unknown,CV,,Y,N,Ineligible,2
SEA,Test For Detection Of Microorganism(S) Causing Sexually Transmitted Infections Performed By Lay Users,2,MI,Microbiology,MI,866.3386,N,N,Ineligible,1
SEC,Wearable Fall Injury Prevention Device,2,PM,Physical Medicine,PM,890.3780,N,N,Ineligible,1
SEE,Computerized Behavioral Therapy Device For Migraine,2,NE,Neurology,NE,882.5806,N,N,Ineligible,1
SEF,Central Venous Catheter With Manual Insertion System,2,HO,General Hospital,HO,880.5200,N,N,Ineligible,1
SEG,Leadless Cardiac Resynchronization Therapy (Crt),3,,Unknown,CV,,Y,N,Ineligible,2
SEI,Qualitative And Quantitative Hepatitis B Virus Antibody Assays,2,MI,Microbiology,MI,866.3173,N,N,Ineligible,1
SEJ,Wound Dressings Containing Topical Analgesics,U,,Unknown,SU,,N,N,Ineligible,1
SEK,Wound Dressings With Hydrocortisone,U,,Unknown,SU,,N,N,Ineligible,1
SEL,Securement Wound Dressing For Reduction Of Infection,U,,Unknown,SU,,N,N,Ineligible,1
SEM,Sub-Scalp Implanted Electroencephalogram System For Remote Patient Monitoring,2,NE,Neurology,NE,882.1360,Y,N,Ineligible,1
SEN,Biofeedback For Adjunctive Treatment Of Symptoms Associated With Stress And Anxiety,2,NE,Neurology,NE,882.5050,N,N,Ineligible,1
SEP,Device For Home Collection And Transport Of Vaginal Specimens By Lay Users For Use In An Approved Hpv Molecular Assay,2,MI,Microbiology,MI,866.2920,N,N,Ineligible,1
SEQ,"Covered Stent Vascular Connector, Hemodialysis Access Circuit",3,,Unknown,CV,,Y,N,Ineligible,2
SER,"Immunohistochemistry Assay, Antibody, Met",3,HE,Hematology,PA,864.1860,N,N,Ineligible,2
SES,Non-Factor Replacement Product Test System,2,HE,Hematology,HE,864.7298,N,N,Ineligible,1
SET,Immunoassay Blood Test For Amyloid Pathology Assessment,2,IM,Immunology,IM,866.5840,N,N,Ineligible,1
SEU,Peripheral Temporary And Retrievable Stent System,2,CV,Cardiovascular,CV,870.5110,N,N,Ineligible,1
SEW,Automated Endoscope Channel Cleaner,2,HO,General Hospital,HO,880.6994,N,N,Ineligible,1
SEZ,Radiological Software Device To Predict Future Breast Cancer Risk,2,RA,Radiology,RA,892.8500,N,N,Ineligible,1
SFA,"Prosthesis, Finger, Semi-Constrained, Metal/Polymer",3,,Unknown,OR,,Y,N,Ineligible,2
SFC,Neurologic Disease Risk Assessment Molecular Test,2,IM,Immunology,IM,866.5850,N,N,Ineligible,1
SFD,In Situ Polymerizing Peripheral Nerve Repair Device,2,NE,Neurology,NE,882.5270,Y,N,Ineligible,1
SFE,Endoscopic Video Imaging System / Software Component For Real Time Video Augmentation,2,GU,"Gastroenterology, Urology",SU,876.1500,N,N,Ineligible,1
SFG,"Camera, Surgical, Measurement",1,SU,"General, Plastic Surgery",SU,878.4160,N,N,Ineligible,4
SFH,Pathology Software Algorithm Device Analyzing Digital Images For Prostate Cancer Prognosis,2,PA,Pathology,PA,864.3755,N,N,Ineligible,1
SFI,"Sensor, Glucose, Invasive, Component Of Automated Insulin Delivery System",3,,Unknown,CH,,N,N,Ineligible,2
SFJ,Vagus Nerve Stimulator For Rheumatoid Arthritis,3,,Unknown,NE,,Y,N,Ineligible,2
SFK,Respiratory Effort Belt For Polysomnography,2,NE,Neurology,AN,882.1400,N,N,Ineligible,1
SFL,"Nucleic Acid Based Assay, Microsatellite Instability",3,,Unknown,PA,,N,N,Ineligible,2
SFN,Non-Invasive Evoked Response Brain Stimulator,2,NE,Neurology,NE,882.1860,N,N,Ineligible,1
SFO,"Electrode Measurement, Drain Effluent Ph",2,CH,Clinical Chemistry,CH,862.1120,N,N,Ineligible,1
SFP,Ventilator-Compatible Nebulizer,2,AN,Anesthesiology,AN,868.5630,N,N,Ineligible,1
SFQ,"Electrosurgical, Cutting & Coagulation & Accessories, For Cardiac Electrophysiology Device Implantation And Revision",2,SU,"General, Plastic Surgery",CV,878.4400,N,N,Ineligible,1
SFR,Hypertension Machine Learning-Based Notification Software,2,CV,Cardiovascular,CV,870.2380,N,N,Ineligible,1
SFS,Revumenib Eligibility Detection System,2,HE,Hematology,PA,864.1885,N,N,Ineligible,1
SFU,Glucose Range Monitoring System,2,CH,Clinical Chemistry,CH,862.1359,N,N,Ineligible,1
SFV,"X-Ray, Computed Tomography, Cone-Beam",2,RA,Radiology,RA,892.1750,N,N,Ineligible,1
SFW,Cranial Electrotherapy Stimulator For Weight Management,1,GU,"Gastroenterology, Urology",GU,876.5984,N,N,Ineligible,4
SGA,Biothreat Microbial Agent Nucleic Acid Detection Test,2,IM,Immunology,MI,866.4000,N,N,Ineligible,1
SGB,Pain Assessment Software In Non-Communicative Adults,2,NE,Neurology,NE,882.1472,N,N,Ineligible,1
SGD,Kit D816v Mutation Detection System,f,,Unknown,PA,,N,N,Ineligible,6
SGE,Extracranial Positional System For A Transcranial Magnetic Stimulation System,2,NE,Neurology,NE,882.4560,N,N,Ineligible,1
SGF,Dural Arteriovenous Fistula Liquid Embolic,f,,Unknown,NE,,Y,N,Ineligible,6
SGG,"Mass Spectrometric, Immunoglobulins (G, A, M, D, E)",2,IM,Immunology,IM,866.5510,N,N,Ineligible,1
SGH,Ultrasound Imaging For Vascular Access For Hemodialysis,2,RA,Radiology,GU,892.1560,N,N,Ineligible,1
SGJ,Ultrasound Imaging System For Acquiring Images At Home By Lay Users,2,RA,Radiology,RA,892.1590,N,N,Ineligible,1
SGK,"Prosthesis, Spinous Process Tension Band Implant",3,,Unknown,OR,,Y,N,Ineligible,2
SGL,Manual Instruments Designed For Use With Non-Fusion Spinous Process Tension Band Implant,2,OR,Orthopedic,OR,888.4520,N,N,Ineligible,1
SGN,High Intensity Focused Ultrasound System For Peripheral Neural Tissue Ablation,2,NE,Neurology,NE,882.4420,N,N,Ineligible,1
SGO,Percutaneous Catheter For Electrosurgical Cutting Heart Valve Leaflets Concomitant To Transcatheter Valve Procedures,2,CV,Cardiovascular,CV,870.1254,N,N,Ineligible,1
SGQ,Intraoral Phototherapy Device,2,DE,Dental,DE,872.5595,N,N,Ineligible,1
SGR,"Noninvasive Positive Airway Pressure System, Facility Use",2,AN,Anesthesiology,AN,868.5895,N,N,Ineligible,1
SGS,Deep Brain Stimulation For The Treatment Of Dystonia,3,,Unknown,NE,,Y,N,Ineligible,2
SGT,Electromagnetic Stimulator For Healthy Muscle Stimulation,2,PM,Physical Medicine,PM,890.5850,N,N,Ineligible,1
SGU,Neurovascular Liquid Embolic Agent,3,,Unknown,NE,,Y,Y,Ineligible,2
SGV,"Agent, Absorbable Hemostatic, Collagen With Polymeric Additives",3,SU,"General, Plastic Surgery",SU,878.4490,Y,N,Ineligible,2
SGW,Device To Detect Antibodies To Hepatitis D Virus,2,IM,Immunology,MI,866.3176,N,N,Ineligible,1
SGX,Ultraviolet Light-Based Microbial Reduction Device For Luer-Activated Valves,2,HO,General Hospital,HO,880.6512,N,N,Ineligible,1
SGY,Hypothermic Machine Perfusion System And Accessories For Orthotopic Liver Transplant,2,GU,"Gastroenterology, Urology",GU,876.5881,N,Y,Ineligible,1
SGZ,Ultraviolet Lamp Products,2,SU,"General, Plastic Surgery",SU,878.4635,N,N,Ineligible,1
SHA,Solid Wound Dressing With Permanently Bound Antimicrobial Agent,2,SU,"General, Plastic Surgery",SU,878.4013,N,N,Ineligible,1
SHB,Creatinine Test System For At Home Prescription Use,2,CH,Clinical Chemistry,CH,862.1225,N,N,Ineligible,1
SHC,Low Electric Field Generator For Pancreatic Cancer Treatment,3,,Unknown,SU,,N,Y,Ineligible,2
SHE,Radiological Software System For Delivery Date Prediction,2,RA,Radiology,RA,892.8200,N,N,Ineligible,1
SHH,Oct Imaging System With Ai/Ml Software For Adjunctive Detection Of Breast Cancer,3,,Unknown,SU,,N,N,Ineligible,2
SHI,"Impression Material For Fabrication Of Patient-Matched Mouthguards, Over-The-Counter",2,DE,Dental,DE,872.3660,N,N,Ineligible,1
SHL,"Ear, Nose, And Throat Image Analyzer",2,EN,"Ear, Nose, Throat",EN,874.4775,N,N,Ineligible,1
SHM,Interim Reprocessing Cleaning And Intermediate-Level Disinfection Wipe,2,HO,General Hospital,HO,880.6891,N,N,Ineligible,1
SHN,Calibration Software For Radiology Displays,1,RA,Radiology,RA,892.1940,N,N,Ineligible,4
SHO,Parkinsonian Syndrome Diagnostic Aid,2,NE,Neurology,NE,882.2000,N,N,Ineligible,1
SHP,Cardiac Amyloidosis Machine Learning-Based Notification Software,2,CV,Cardiovascular,CV,870.2380,N,N,Ineligible,1
SHQ,"Dental Image Analyzer, In-Office",2,DE,Dental,DE,872.1770,N,N,Ineligible,1
SHR,Device For Open Surgical Explant Of Endovascular Prostheses,2,CV,Cardiovascular,CV,870.4520,N,N,Ineligible,1
SHU,"Appendiceal Scope And Accessories, Flexible",2,GU,"Gastroenterology, Urology",GU,876.1500,N,N,Ineligible,1
SHV,Reusable Intermittent Urinary Catheter System,2,GU,"Gastroenterology, Urology",GU,876.5120,N,N,Ineligible,1
SHW,Pathology Software Algorithm Device Analyzing Digital Images For Breast Cancer Prognosis,2,PA,Pathology,PA,864.3755,N,N,Ineligible,1
SHX,Transcranial Nerve Stimulation Device For The Treatment Of Post-Traumatic Stress Disorder Associated Symptoms,2,NE,Neurology,NE,882.5807,N,N,Ineligible,1
SHY,Software-Aided Adjunctive Diagnostic Device For Use By Healthcare Providers In Skin Wound Assessment.,2,SU,"General, Plastic Surgery",SU,878.1840,N,N,Ineligible,1
SIA,Over-The-Counter Molecular Multi-Analyte Respiratory Virus Detection Test,2,MI,Microbiology,MI,866.3984,N,N,Ineligible,1
SIB,Tempo Pilot Eckm: Early Cardio-Kidney-Metabolic,N,,Unknown,CH,,N,N,Ineligible,7
SIC,Tempo Pilot Ckm: Cardio-Kidney-Metabolic,N,,Unknown,CH,,N,N,Ineligible,7
SID,Tempo Pilot Msk: Musculoskeletal,N,,Unknown,CH,,N,N,Ineligible,7
SIE,Tempo Pilot Bh: Behavioral Health,N,,Unknown,CH,,N,N,Ineligible,7
SIF,Software Device System For Estimation Of Cardiac Pressures,2,CV,Cardiovascular,CV,870.1150,N,N,Ineligible,1
SIG,Transcranial Magnetic Stimulation System For Post Traumatic Stress Disorder (Ptsd),2,NE,Neurology,NE,882.5802,N,N,Ineligible,1
SIH,Device For Home Collection And Transport Of Specimens By Lay Users For Use In A Cleared Non-Viral Sti Molecular Assay,2,MI,Microbiology,MI,866.2920,N,N,Ineligible,1
SII,Aortic Stenosis Machine Learning-Based Notification Software,2,CV,Cardiovascular,CV,870.2380,N,N,Ineligible,1
SIJ,Valvular Regurgitation Machine Learning-Based Notification Software,2,CV,Cardiovascular,CV,870.2380,N,N,Ineligible,1
SIK,Cardiac Hypertrophy Machine Learning-Based Notification Software,2,CV,Cardiovascular,CV,870.2380,N,N,Ineligible,1
SIL,Wound Dressings Containing Oxygen,U,,Unknown,SU,,N,N,Ineligible,1
SIM,Gynecologic Power Morcellator And Containment System,2,OB,Obstetrics/Gynecology,OB,884.4075,N,N,Ineligible,1
SIN,Automated Intraoperative Spinal Rod Bending System,2,OR,Orthopedic,OR,888.3070,N,N,Ineligible,1
SIO,Test For Esophageal Varices,3,,Unknown,CH,,N,N,Ineligible,2
SIQ,Intra-Articular Orthopedic Stereotaxic Navigation Instrument,2,OR,Orthopedic,OR,888.4561,N,N,Ineligible,1
SIR,Integrated Operating Table-Electromechanical Surgical System,2,SU,"General, Plastic Surgery",SU,878.4966,N,N,Ineligible,1
SIT,Arthroscopic Or Orthopedic Endoscopic Intraoperative Augmented Reality Video See-Through Display System,2,OR,Orthopedic,OR,888.1150,N,N,Ineligible,1
SIU,Predictive Indicator For Long-Term Cardiovascular Outcomes,2,CV,Cardiovascular,CV,870.2215,N,N,Ineligible,1
SIW,Robotic Peripheral Venous Blood Collection System,2,HO,General Hospital,HO,880.6975,N,N,Ineligible,1
SIX,Digital Pathology Image Artifact Detection Software Device,2,PA,Pathology,PA,864.3700,N,N,Ineligible,1
SJA,Injectable For Thermal Treatment Of Musculoskeletal Pain,2,OR,Orthopedic,OR,888.3048,N,N,Ineligible,1
SJB,Powered Fecal Management System,2,GU,"Gastroenterology, Urology",GU,876.5230,N,N,Ineligible,1
SJD, Integrated Continuous Glucose Ketone Monitoring System,2,CH,Clinical Chemistry,CH,862.1354,N,N,Ineligible,1
SJH,Portable Dental Operative Unit,1,DE,Dental,DE,872.6640,N,N,Ineligible,1
